# Blender 3.4.1
# www.blender.org
mtllib space_ship_2.mtl
o Sphere
v 0.000000 2.449739 0.195090
v 0.000000 2.496741 0.000000
v 0.000000 2.449739 -0.195090
v -0.000000 2.165887 -0.876384
v 0.191342 2.403641 0.195090
v 0.195090 2.449739 0.000000
v 0.191342 2.403641 -0.195090
v 0.180240 2.267117 -0.382683
v 0.239075 2.124020 -0.876384
v 0.203317 1.744562 -0.876384
v 0.159745 1.305989 -0.876384
v 0.074658 0.968715 -0.923879
v 0.038060 0.518654 -0.980785
v 0.375330 2.267117 0.195090
v 0.382683 2.310540 0.000000
v 0.375330 2.267117 -0.195090
v 0.353553 2.138513 -0.382683
v 0.318190 1.929673 -0.555570
v 0.270598 1.648621 -0.707107
v 0.212608 1.306158 -0.831470
v 0.146447 0.915446 -0.923879
v 0.074658 0.491498 -0.980785
v 0.544895 2.045413 0.195090
v 0.555570 2.084493 0.000000
v 0.544895 2.045413 -0.195090
v 0.513280 1.929673 -0.382683
v 0.461940 1.741721 -0.555570
v 0.392847 1.488782 -0.707107
v 0.308658 1.180573 -0.831470
v 0.212608 0.828941 -0.923879
v 0.108386 0.447398 -0.980785
v 0.693520 1.747050 0.195090
v 0.707107 1.780285 0.000000
v 0.693520 1.747050 -0.195090
v 0.653281 1.648621 -0.382683
v 0.587938 1.488781 -0.555570
v 0.500000 1.273674 -0.707107
v 0.392847 1.011564 -0.831470
v 0.270598 0.712526 -0.923879
v 0.137950 0.388050 -0.980785
v 0.768178 1.306159 0.382683
v 0.761993 1.574986 0.195090
v 0.831469 1.409606 0.000000
v 0.815493 1.383493 -0.195090
v 0.768178 1.306159 -0.382683
v 0.691342 1.180573 -0.555570
v 0.587938 1.011564 -0.707107
v 0.461940 0.805626 -0.831470
v 0.318190 0.570673 -0.923879
v 0.162212 0.315734 -0.980785
v 0.804001 0.536213 0.555570
v 0.853553 0.915446 0.382683
v 0.906127 0.968715 0.195090
v 0.923879 0.986701 0.000000
v 0.906127 0.968715 -0.195090
v 0.853553 0.915446 -0.382683
v 0.768178 0.828941 -0.555570
v 0.653281 0.712526 -0.707107
v 0.513280 0.570673 -0.831470
v 0.353553 0.408835 -0.923879
v 0.180240 0.233230 -0.980785
v 0.815493 0.447398 0.555570
v 0.906127 0.491498 0.382683
v 0.961940 0.518654 0.195090
v 0.980785 0.527823 0.000000
v 0.961940 0.518654 -0.195090
v 0.906127 0.491498 -0.382683
v 0.815493 0.447398 -0.555570
v 0.693520 0.388050 -0.707107
v 0.544895 0.315734 -0.831470
v 0.375330 0.233230 -0.923879
v 0.191342 0.143707 -0.980785
v 0.831469 0.050606 0.555570
v 0.923879 0.050607 0.382683
v 0.980785 0.050606 0.195090
v 1.000000 0.050606 0.000000
v 0.980785 0.050606 -0.195090
v 0.923879 0.050607 -0.382683
v 0.831469 0.050606 -0.555570
v 0.707107 0.050607 -0.707107
v 0.555570 0.050606 -0.831470
v 0.382683 0.050606 -0.923879
v 0.195090 0.050607 -0.980785
v 0.815493 -0.271568 0.555570
v 0.906127 -0.301750 0.382683
v 0.961940 -0.320337 0.195090
v 0.980785 -0.326612 0.000000
v 0.961940 -0.320337 -0.195090
v 0.906127 -0.301750 -0.382683
v 0.815493 -0.271568 -0.555570
v 0.693520 -0.230950 -0.707107
v 0.544895 -0.181456 -0.831470
v 0.375330 -0.124989 -0.923880
v 0.191342 -0.063719 -0.980785
v 0.768178 -0.532700 0.555570
v 0.853553 -0.591904 0.382683
v 0.906127 -0.628363 0.195090
v 0.923879 -0.640673 0.000000
v 0.906127 -0.628363 -0.195090
v 0.853553 -0.591904 -0.382683
v 0.768178 -0.532700 -0.555570
v 0.653281 -0.453024 -0.707107
v 0.513280 -0.355939 -0.831470
v 0.353553 -0.245175 -0.923880
v 0.180240 -0.124989 -0.980785
v 0.691341 -0.773360 0.555570
v 0.768178 -0.859312 0.382683
v 0.815493 -0.912241 0.195090
v 0.831469 -0.930113 0.000000
v 0.815493 -0.912241 -0.195090
v 0.768178 -0.859312 -0.382683
v 0.691341 -0.773360 -0.555570
v 0.587938 -0.657689 -0.707107
v 0.461940 -0.516743 -0.831470
v 0.318190 -0.355939 -0.923880
v 0.162212 -0.181456 -0.980785
v 0.587938 -0.984301 0.555570
v 0.653281 -1.093697 0.382683
v 0.693520 -1.161062 0.195090
v 0.707106 -1.183809 0.000000
v 0.693520 -1.161062 -0.195090
v 0.653281 -1.093697 -0.382683
v 0.587938 -0.984301 -0.555570
v 0.500000 -0.837079 -0.707107
v 0.392847 -0.657689 -0.831470
v 0.270598 -0.453024 -0.923880
v 0.137950 -0.230950 -0.980785
v 0.464244 -1.278134 0.558342
v 0.515840 -1.278134 0.384592
v 0.547613 -1.278134 0.196064
v 0.558341 -1.278134 0.000000
v 0.547613 -1.278134 -0.196064
v 0.515840 -1.278134 -0.384592
v 0.464244 -1.278134 -0.558342
v 0.392847 -0.984301 -0.707107
v 0.308658 -0.773360 -0.831470
v 0.212607 -0.532700 -0.923880
v 0.108386 -0.271568 -0.980785
v 0.319777 -1.278134 0.603708
v 0.319777 -1.278134 -0.558342
v 0.270598 -1.093697 -0.707107
v 0.212607 -0.859312 -0.831470
v 0.146447 -0.591904 -0.923880
v 0.074658 -0.301750 -0.980785
v 0.163021 -1.278134 0.630911
v 0.163021 -1.278134 -0.558342
v 0.137950 -1.161062 -0.707107
v 0.108386 -0.912241 -0.831470
v 0.074658 -0.628362 -0.923880
v 0.038060 -0.320336 -0.980785
v -0.000000 -1.278134 0.630911
v -0.000000 -1.278134 -0.558342
v -0.000000 -1.183809 -0.707107
v -0.000000 -0.930112 -0.831470
v -0.000000 -0.640673 -0.923880
v -0.000000 -0.326612 -0.980785
v -0.163021 -1.278134 0.630911
v -0.163021 -1.278134 -0.558342
v -0.137950 -1.161062 -0.707107
v -0.108386 -0.912241 -0.831470
v -0.074658 -0.628362 -0.923880
v -0.038060 -0.320336 -0.980785
v -0.319777 -1.278134 0.603708
v -0.319777 -1.278134 -0.558342
v -0.270598 -1.093697 -0.707107
v -0.212608 -0.859312 -0.831470
v -0.146447 -0.591904 -0.923880
v -0.074658 -0.301750 -0.980785
v -0.464244 -1.278134 0.558342
v -0.515840 -1.278134 0.384592
v -0.547613 -1.278134 0.196064
v -0.558342 -1.278134 0.000000
v -0.547613 -1.278134 -0.196064
v -0.515840 -1.278134 -0.384592
v -0.464244 -1.278134 -0.558342
v -0.392847 -0.984301 -0.707107
v -0.308658 -0.773360 -0.831470
v -0.212608 -0.532700 -0.923880
v -0.108386 -0.271568 -0.980785
v -0.587938 -0.984301 0.555570
v -0.653281 -1.093697 0.382683
v -0.693520 -1.161062 0.195090
v -0.707106 -1.183808 0.000000
v -0.693520 -1.161062 -0.195090
v -0.653281 -1.093697 -0.382683
v -0.587938 -0.984301 -0.555570
v -0.500000 -0.837079 -0.707107
v -0.392847 -0.657688 -0.831470
v -0.270598 -0.453024 -0.923880
v -0.137950 -0.230950 -0.980785
v 0.000000 0.050607 -1.000000
v -0.691341 -0.773360 0.555570
v -0.768177 -0.859312 0.382683
v -0.815493 -0.912240 0.195090
v -0.831469 -0.930111 0.000000
v -0.815493 -0.912240 -0.195090
v -0.768177 -0.859312 -0.382683
v -0.691341 -0.773360 -0.555570
v -0.587938 -0.657689 -0.707107
v -0.461940 -0.516742 -0.831470
v -0.318190 -0.355939 -0.923880
v -0.162212 -0.181456 -0.980785
v -0.768177 -0.532700 0.555570
v -0.853553 -0.591904 0.382683
v -0.906127 -0.628362 0.195090
v -0.923879 -0.640672 0.000000
v -0.906127 -0.628362 -0.195090
v -0.853553 -0.591904 -0.382683
v -0.768177 -0.532700 -0.555570
v -0.653281 -0.453024 -0.707107
v -0.513280 -0.355938 -0.831470
v -0.353553 -0.245175 -0.923880
v -0.180240 -0.124989 -0.980785
v -0.815493 -0.271568 0.555570
v -0.906127 -0.301750 0.382683
v -0.961939 -0.320336 0.195090
v -0.980784 -0.326611 0.000000
v -0.961939 -0.320336 -0.195090
v -0.906127 -0.301750 -0.382683
v -0.815493 -0.271568 -0.555570
v -0.693520 -0.230950 -0.707107
v -0.544895 -0.181456 -0.831470
v -0.375330 -0.124989 -0.923880
v -0.191342 -0.063719 -0.980785
v -0.831469 0.050607 0.555570
v -0.923879 0.050607 0.382683
v -0.980785 0.050607 0.195090
v -0.999999 0.050608 0.000000
v -0.980785 0.050607 -0.195090
v -0.923879 0.050607 -0.382683
v -0.831469 0.050607 -0.555570
v -0.707107 0.050607 -0.707107
v -0.555570 0.050607 -0.831470
v -0.382683 0.050607 -0.923879
v -0.195090 0.050607 -0.980785
v -0.815493 0.447398 0.555570
v -0.906127 0.491498 0.382683
v -0.961939 0.518655 0.195090
v -0.980784 0.527824 0.000000
v -0.961939 0.518655 -0.195090
v -0.906127 0.491498 -0.382683
v -0.815493 0.447398 -0.555570
v -0.693520 0.388050 -0.707107
v -0.544895 0.315734 -0.831470
v -0.375330 0.233230 -0.923879
v -0.191342 0.143707 -0.980785
v -0.804001 0.536213 0.555570
v -0.853553 0.915446 0.382683
v -0.906127 0.968715 0.195090
v -0.923878 0.986702 0.000000
v -0.906127 0.968715 -0.195090
v -0.853553 0.915446 -0.382683
v -0.768177 0.828941 -0.555570
v -0.653281 0.712526 -0.707107
v -0.513279 0.570673 -0.831470
v -0.353553 0.408835 -0.923879
v -0.180240 0.233229 -0.980785
v -0.768177 1.306158 0.382683
v -0.761992 1.574986 0.195090
v -0.831468 1.409606 0.000000
v -0.815493 1.383493 -0.195090
v -0.768177 1.306158 -0.382683
v -0.691341 1.180573 -0.555570
v -0.587938 1.011564 -0.707107
v -0.461939 0.805626 -0.831470
v -0.318189 0.570673 -0.923879
v -0.162211 0.315734 -0.980785
v -0.693519 1.747049 0.195090
v -0.707106 1.780284 0.000000
v -0.693519 1.747049 -0.195090
v -0.653281 1.648620 -0.382683
v -0.587937 1.488781 -0.555570
v -0.500000 1.273674 -0.707107
v -0.392847 1.011564 -0.831470
v -0.270598 0.712526 -0.923879
v -0.137950 0.388050 -0.980785
v -0.544895 2.045412 0.195090
v -0.555569 2.084492 0.000000
v -0.544895 2.045412 -0.195090
v -0.513280 1.929672 -0.382683
v -0.461939 1.741721 -0.555570
v -0.392847 1.488781 -0.707107
v -0.308658 1.180573 -0.831470
v -0.212607 0.828941 -0.923879
v -0.108386 0.447398 -0.980785
v -0.375330 2.267115 0.195090
v -0.382683 2.310538 0.000000
v -0.375330 2.267115 -0.195090
v -0.353553 2.138512 -0.382683
v -0.318189 1.929672 -0.555570
v -0.270598 1.648621 -0.707107
v -0.212607 1.306157 -0.831470
v -0.146446 0.915446 -0.923879
v -0.074658 0.491497 -0.980785
v -0.191341 2.403640 0.195090
v -0.195090 2.449737 0.000000
v -0.191341 2.403640 -0.195090
v -0.180240 2.267115 -0.382683
v -0.239075 2.124018 -0.876384
v -0.203317 1.744562 -0.876384
v -0.159745 1.305988 -0.876384
v -0.074658 0.968715 -0.923879
v -0.038060 0.518654 -0.980785
v 0.000000 2.310539 -0.382683
v 0.000000 1.333962 -0.876384
v 0.000000 0.986701 -0.923879
v 0.000000 0.527823 -0.980785
v 0.411765 -1.321419 0.492449
v 0.493819 -1.321419 0.368174
v 0.524235 -1.321419 0.187693
v 0.534505 -1.321419 0.000000
v 0.524235 -1.321419 -0.187693
v 0.493819 -1.321419 -0.368174
v 0.444425 -1.321419 -0.534506
v 0.306125 -1.321419 -0.534506
v 0.306125 -1.321419 0.534506
v 0.156061 -1.321419 -0.534506
v 0.156061 -1.321419 0.534506
v -0.000000 -1.321419 -0.534506
v -0.000000 -1.321419 0.534506
v -0.493819 -1.321419 0.368174
v -0.406861 -1.355914 0.303341
v 0.128580 -1.355914 0.440383
v 0.431921 -1.355914 -0.154642
v -0.156061 -1.321419 0.534506
v 0.252219 -1.355914 -0.440383
v 0.440383 -1.355914 0.000000
v -0.411765 -1.321419 0.492449
v -0.366165 -1.355914 0.440383
v -0.444425 -1.321419 -0.534506
v -0.366165 -1.355914 -0.440383
v -0.306125 -1.321419 0.534506
v -0.252219 -1.355914 0.440383
v -0.156061 -1.321419 -0.534506
v 0.431921 -1.355914 0.154642
v 0.128580 -1.355914 -0.440383
v -0.493819 -1.321419 -0.368174
v -0.406861 -1.355914 -0.303341
v -0.000000 -1.355914 0.440383
v -0.128580 -1.355914 0.440383
v 0.406861 -1.355914 0.303341
v -0.000000 -1.355914 -0.440383
v -0.524235 -1.321419 -0.187693
v -0.431921 -1.355914 -0.154642
v -0.431921 -1.355914 0.154642
v -0.524235 -1.321419 0.187693
v -0.306125 -1.321419 -0.534506
v -0.534506 -1.321419 0.000000
v -0.440383 -1.355914 0.000000
v 0.366165 -1.355914 0.440383
v 0.252219 -1.355914 0.440383
v -0.252219 -1.355914 -0.440383
v -0.128580 -1.355914 -0.440383
v 0.366165 -1.355914 -0.440383
v 0.406861 -1.355914 -0.303341
v 0.280251 -1.355914 0.303341
v 0.297512 -1.355914 0.154642
v 0.303341 -1.355914 0.000000
v 0.297512 -1.355914 -0.154642
v 0.280251 -1.355914 -0.303341
v 0.142871 -1.355914 0.303341
v 0.151670 -1.355914 0.154642
v 0.154642 -1.355914 0.000000
v 0.151670 -1.355914 -0.154642
v 0.142871 -1.355914 -0.303341
v 0.000000 -1.355914 0.303341
v -0.000000 -1.355914 0.154642
v -0.000000 -1.355914 0.000000
v -0.000000 -1.355914 -0.154642
v 0.000000 -1.355914 -0.303341
v -0.142871 -1.355914 0.303341
v -0.151671 -1.355914 0.154642
v -0.154642 -1.355914 0.000000
v -0.151671 -1.355914 -0.154642
v -0.142871 -1.355914 -0.303341
v -0.280251 -1.355914 0.303341
v -0.297513 -1.355914 0.154642
v -0.303341 -1.355914 0.000000
v -0.297513 -1.355914 -0.154642
v -0.280251 -1.355914 -0.303341
v 0.035735 0.510092 0.958369
v 0.070098 0.932663 0.904939
v 0.101766 1.322106 0.818173
v 0.129524 1.663456 0.701407
v 0.152304 1.943595 0.559126
v 0.169231 2.151756 0.396800
v 0.179654 2.279942 0.220665
v 0.000000 1.980289 0.559126
v 0.000000 2.323225 0.220665
v 0.000000 1.346624 0.818173
v 0.070098 0.484595 0.958369
v 0.137501 0.882648 0.904939
v 0.199621 1.249495 0.818173
v 0.254070 1.571040 0.701407
v 0.298754 1.834924 0.559126
v 0.331958 2.031008 0.396800
v 0.352405 2.151756 0.220665
v 0.101766 0.443189 0.958369
v 0.199621 0.801427 0.904939
v 0.289805 1.131581 0.818173
v 0.368852 1.420963 0.701407
v 0.433724 1.658453 0.559126
v 0.481928 1.834925 0.396800
v 0.511612 1.943595 0.220665
v 0.129524 0.387466 0.958369
v 0.254070 0.692122 0.904939
v 0.368852 0.972895 0.818173
v 0.469459 1.218995 0.701407
v 0.552026 1.420963 0.559126
v 0.613378 1.571040 0.396800
v 0.651159 1.663456 0.220665
v 0.152304 0.319567 0.958369
v 0.298754 0.558934 0.904939
v 0.433724 0.779536 0.818173
v 0.552026 0.972895 0.701407
v 0.649113 1.131581 0.559126
v 0.721256 1.249495 0.396800
v 0.715449 1.501902 0.220665
v 0.000000 0.070634 0.976410
v 0.169231 0.242102 0.958369
v 0.331958 0.406981 0.904939
v 0.481928 0.558934 0.818173
v 0.613378 0.692122 0.701407
v 0.754892 0.526578 0.559126
v 0.801417 0.882648 0.396800
v 0.179654 0.158047 0.958369
v 0.352405 0.242102 0.904939
v 0.511612 0.319567 0.818173
v 0.651159 0.387466 0.701407
v 0.765682 0.443189 0.559126
v 0.183174 0.070634 0.958369
v 0.359309 0.070634 0.904939
v 0.521635 0.070634 0.818173
v 0.663916 0.070634 0.701407
v 0.780682 0.070633 0.559126
v 0.179654 -0.036709 0.958369
v 0.352405 -0.094236 0.904939
v 0.511612 -0.147254 0.818173
v 0.651159 -0.193725 0.701407
v 0.765682 -0.231862 0.559126
v 0.169231 -0.094236 0.958369
v 0.331958 -0.207081 0.904939
v 0.481928 -0.311079 0.818173
v 0.613378 -0.402234 0.701407
v 0.721256 -0.477044 0.559126
v 0.152303 -0.147254 0.958369
v 0.298754 -0.311079 0.904939
v 0.433724 -0.462062 0.818173
v 0.552026 -0.594398 0.701407
v 0.649113 -0.703004 0.559126
v 0.129523 -0.193725 0.958369
v 0.254070 -0.402235 0.904939
v 0.368852 -0.594398 0.818173
v 0.469459 -0.762831 0.701407
v 0.552026 -0.901061 0.559126
v 0.101766 -0.231862 0.958369
v 0.199621 -0.477044 0.904939
v 0.289805 -0.703004 0.818173
v 0.368852 -0.901061 0.701407
v 0.435887 -1.176946 0.561729
v 0.070098 -0.260201 0.958369
v 0.137501 -0.532632 0.904939
v 0.199621 -0.783706 0.818173
v 0.254070 -1.003774 0.701407
v 0.300244 -1.176946 0.604324
v 0.035735 -0.277651 0.958369
v 0.070098 -0.566863 0.904939
v 0.101766 -0.833402 0.818173
v 0.129524 -1.067025 0.701407
v 0.153063 -1.176946 0.629865
v -0.000000 -0.283544 0.958369
v -0.000000 -0.578421 0.904939
v -0.000000 -0.850182 0.818173
v -0.000000 -1.088382 0.701407
v -0.000000 -1.176946 0.629865
v -0.035735 -0.277651 0.958369
v -0.070098 -0.566863 0.904939
v -0.101766 -0.833402 0.818173
v -0.129524 -1.067025 0.701407
v -0.153063 -1.176946 0.629865
v -0.070098 -0.260201 0.958369
v -0.137501 -0.532632 0.904939
v -0.199621 -0.783706 0.818173
v -0.254070 -1.003774 0.701407
v -0.300244 -1.176946 0.604324
v -0.101766 -0.231862 0.958369
v -0.199621 -0.477044 0.904939
v -0.289805 -0.703004 0.818173
v -0.368852 -0.901061 0.701407
v -0.435887 -1.176946 0.561729
v -0.129523 -0.193725 0.958369
v -0.254070 -0.402234 0.904939
v -0.368852 -0.594398 0.818173
v -0.469459 -0.762831 0.701407
v -0.552026 -0.901060 0.559126
v -0.152303 -0.147254 0.958369
v -0.298754 -0.311079 0.904939
v -0.433724 -0.462061 0.818173
v -0.552026 -0.594398 0.701407
v -0.649113 -0.703004 0.559126
v -0.169231 -0.094236 0.958369
v -0.331958 -0.207081 0.904939
v -0.481928 -0.311079 0.818173
v -0.613378 -0.402234 0.701407
v -0.721256 -0.477043 0.559126
v -0.179654 -0.036709 0.958369
v -0.352404 -0.094236 0.904939
v -0.511612 -0.147254 0.818173
v -0.651159 -0.193725 0.701407
v -0.765681 -0.231862 0.559126
v -0.183174 0.070634 0.958369
v -0.359308 0.070634 0.904939
v -0.521635 0.070634 0.818173
v -0.663916 0.070634 0.701407
v -0.780682 0.070634 0.559126
v -0.179654 0.158047 0.958369
v -0.352404 0.242102 0.904939
v -0.511612 0.319567 0.818173
v -0.651159 0.387466 0.701407
v -0.765681 0.443189 0.559126
v -0.169230 0.242102 0.958369
v -0.331958 0.406981 0.904939
v -0.481928 0.558934 0.818173
v -0.613378 0.692122 0.701407
v -0.754892 0.526579 0.559126
v -0.801417 0.882647 0.396800
v -0.152303 0.319567 0.958369
v -0.298754 0.558934 0.904939
v -0.433723 0.779536 0.818173
v -0.552026 0.972895 0.701407
v -0.649113 1.131581 0.559126
v -0.721256 1.249495 0.396800
v -0.715448 1.501902 0.220665
v -0.129523 0.387465 0.958369
v -0.254069 0.692122 0.904939
v -0.368851 0.972895 0.818173
v -0.469459 1.218994 0.701407
v -0.552025 1.420963 0.559126
v -0.613378 1.571039 0.396800
v -0.651158 1.663456 0.220665
v -0.101766 0.443188 0.958369
v -0.199621 0.801427 0.904939
v -0.289805 1.131580 0.818173
v -0.368852 1.420963 0.701407
v -0.433723 1.658453 0.559126
v -0.481928 1.834924 0.396800
v -0.511612 1.943594 0.220665
v -0.070098 0.484594 0.958369
v -0.137501 0.882647 0.904939
v -0.199621 1.249494 0.818173
v -0.254069 1.571039 0.701407
v -0.298754 1.834923 0.559126
v -0.331958 2.031008 0.396800
v -0.352404 2.151755 0.220665
v -0.035735 0.510092 0.958369
v -0.070098 0.932663 0.904939
v -0.101766 1.322105 0.818173
v -0.129523 1.663456 0.701407
v -0.152303 1.943594 0.559126
v -0.169231 2.151755 0.396800
v -0.179654 2.279941 0.220665
v 0.000000 0.518701 0.958369
v 0.000000 0.949551 0.904939
v 0.000000 2.192527 0.396800
v 0.000000 1.694661 0.701407
v -0.180581 2.289751 0.218637
v 0.354223 2.160906 0.218637
v -0.654518 1.670085 0.218637
v 0.769632 0.443522 0.558844
v 0.438136 -1.184972 0.561460
v -0.719140 1.507699 0.218637
v -0.724977 -0.481457 0.558844
v 0.301793 -1.184972 0.604275
v 0.758787 0.527342 0.558844
v 0.724978 -0.481458 0.558844
v -0.438136 -1.184972 0.561460
v -0.301794 -1.184972 0.604275
v -0.769632 0.443523 0.558844
v 0.805552 0.885249 0.395680
v -0.758786 0.527343 0.558844
v -0.652462 -0.708584 0.558844
v -0.554874 -0.907662 0.558844
v 0.724978 1.253989 0.395680
v 0.719140 1.507699 0.218637
v 0.153853 -1.184972 0.629948
v 0.654518 1.670086 0.218637
v 0.514252 1.951670 0.218637
v 0.769632 -0.235011 0.558844
v 0.784710 0.069045 0.558844
v -0.724977 1.253989 0.395680
v -0.805552 0.885248 0.395680
v -0.784710 0.069046 0.558844
v -0.769632 -0.235011 0.558844
v -0.354222 2.160904 0.218637
v -0.514251 1.951669 0.218637
v -0.153853 -1.184972 0.629948
v -0.000000 -1.184972 0.629948
v 0.554874 -0.907662 0.558844
v 0.652463 -0.708584 0.558844
v 0.180581 2.289752 0.218637
v 0.000000 2.333259 0.218637
v -0.190592 2.395705 0.196731
v -0.759006 1.570298 0.196731
v 0.800851 0.535595 0.555798
v -0.462425 -1.271644 0.558559
v 0.850209 0.913342 0.383589
v -0.688633 -0.768847 0.555798
v 0.765168 1.302524 0.383589
v 0.690803 1.741687 0.196731
v 0.812298 -0.269021 0.555798
v -0.765167 1.302523 0.383589
v -0.828211 0.051892 0.555798
v -0.373859 2.259716 0.196731
v -0.162382 -1.271644 0.630844
v 0.585634 -0.978962 0.555798
v 0.190592 2.395706 0.196731
v 0.373860 2.259717 0.196731
v -0.690802 1.741687 0.196731
v 0.812298 0.447128 0.555798
v 0.462425 -1.271644 0.558559
v -0.765168 -0.529129 0.555798
v 0.318524 -1.271644 0.603748
v 0.765168 -0.529130 0.555798
v -0.318524 -1.271644 0.603748
v -0.812297 0.447128 0.555798
v -0.800851 0.535595 0.555798
v -0.585634 -0.978961 0.555798
v 0.759007 1.570298 0.196731
v 0.162382 -1.271644 0.630844
v 0.542760 2.038881 0.196731
v 0.828212 0.051891 0.555798
v -0.850209 0.913342 0.383589
v -0.812298 -0.269021 0.555798
v -0.542760 2.038881 0.196731
v -0.000000 -1.271644 0.630844
v 0.688633 -0.768847 0.555798
v 0.000000 2.441624 0.196731
v 0.000000 1.777632 -0.876384
v 0.000000 2.111795 -0.857133
v 0.035554 2.105943 -0.857133
v 0.069742 2.088611 -0.857133
v 0.101250 2.060465 -0.857133
v 0.128867 2.022588 -0.857133
v 0.151531 1.978135 -0.857133
v 0.168372 1.898504 -0.857133
v 0.178743 1.812100 -0.857133
v 0.182245 1.722243 -0.857133
v 0.178743 1.632386 -0.857133
v 0.168372 1.545982 -0.857133
v 0.151531 1.466352 -0.857133
v 0.128867 1.396555 -0.857133
v 0.101250 1.339274 -0.857133
v 0.069742 1.296711 -0.857133
v 0.035554 1.270501 -0.857133
v 0.000000 1.261651 -0.857133
v -0.035554 1.270501 -0.857133
v -0.069742 1.296711 -0.857133
v -0.101250 1.339274 -0.857133
v -0.128867 1.396555 -0.857133
v -0.151531 1.466352 -0.857133
v -0.168372 1.545982 -0.857133
v -0.178743 1.632386 -0.857133
v -0.182245 1.722243 -0.857133
v -0.178743 1.812100 -0.857133
v -0.168372 1.898504 -0.857133
v -0.151531 1.978135 -0.857133
v -0.128867 2.022588 -0.857133
v -0.101250 2.060465 -0.857133
v -0.069742 2.088611 -0.857133
v -0.035554 2.105943 -0.857133
v -0.000000 1.831009 -0.889190
v -0.000000 1.834674 -0.926397
v -0.000000 1.831009 -0.963603
v -0.000000 1.802533 -1.032351
v 0.036491 1.827415 -0.889190
v 0.037206 1.831009 -0.926397
v 0.036491 1.827415 -0.963603
v 0.034374 1.816771 -0.999379
v 0.030936 1.799486 -1.032351
v 0.026309 1.776224 -1.061251
v 0.020671 1.747879 -1.084969
v 0.014238 1.715541 -1.102593
v 0.007259 1.680452 -1.113446
v 0.071580 1.816771 -0.889190
v 0.072983 1.820156 -0.926397
v 0.071580 1.816771 -0.963603
v 0.067427 1.806744 -0.999379
v 0.060683 1.790462 -1.032351
v 0.051607 1.768550 -1.061251
v 0.040547 1.741850 -1.084969
v 0.027929 1.711388 -1.102593
v 0.014238 1.678334 -1.113446
v 0.103919 1.799486 -0.889190
v 0.105955 1.802533 -0.926397
v 0.103919 1.799486 -0.963603
v 0.097889 1.790462 -0.999379
v 0.088098 1.775808 -1.032351
v 0.074921 1.756088 -1.061251
v 0.058865 1.732058 -1.084969
v 0.040547 1.704643 -1.102593
v 0.020671 1.674896 -1.113446
v 0.132263 1.776224 -0.889190
v 0.134855 1.778815 -0.926397
v 0.132263 1.776224 -0.963603
v 0.124589 1.768550 -0.999379
v 0.112128 1.756088 -1.032351
v 0.095357 1.739317 -1.061251
v 0.074921 1.718882 -1.084969
v 0.051607 1.695567 -1.102593
v 0.026309 1.670269 -1.113446
v 0.155525 1.747879 -0.889190
v 0.158572 1.749915 -0.926397
v 0.155525 1.747879 -0.963603
v 0.146502 1.741850 -0.999379
v 0.131848 1.732058 -1.032351
v 0.112128 1.718882 -1.061251
v 0.088098 1.702826 -1.084969
v 0.060683 1.684507 -1.102593
v 0.030936 1.664631 -1.113446
v 0.172811 1.715541 -0.889190
v 0.176196 1.716943 -0.926397
v 0.172811 1.715541 -0.963603
v 0.162784 1.711388 -0.999379
v 0.146502 1.704643 -1.032351
v 0.124589 1.695567 -1.061251
v 0.097889 1.684507 -1.084969
v 0.067427 1.671890 -1.102593
v 0.034374 1.658199 -1.113446
v 0.183455 1.680452 -0.889190
v 0.187049 1.681167 -0.926397
v 0.183455 1.680452 -0.963603
v 0.172811 1.678334 -0.999379
v 0.155525 1.674896 -1.032351
v 0.132263 1.670269 -1.061251
v 0.103919 1.664631 -1.084969
v 0.071580 1.658199 -1.102593
v 0.036491 1.651219 -1.113446
v 0.187049 1.643960 -0.889190
v 0.190713 1.643960 -0.926397
v 0.187049 1.643960 -0.963603
v 0.176196 1.643960 -0.999379
v 0.158572 1.643960 -1.032351
v 0.134855 1.643960 -1.061251
v 0.105955 1.643960 -1.084969
v 0.072983 1.643960 -1.102593
v 0.037206 1.643960 -1.113446
v 0.183455 1.607469 -0.889190
v 0.187049 1.606754 -0.926397
v 0.183455 1.607469 -0.963603
v 0.172811 1.609586 -0.999379
v 0.155525 1.613024 -1.032351
v 0.132263 1.617652 -1.061251
v 0.103919 1.623290 -1.084969
v 0.071580 1.629722 -1.102593
v 0.036491 1.636702 -1.113446
v 0.172811 1.572380 -0.889190
v 0.176196 1.570978 -0.926397
v 0.172811 1.572380 -0.963603
v 0.162784 1.576533 -0.999379
v 0.146502 1.583277 -1.032351
v 0.124589 1.592354 -1.061251
v 0.097889 1.603413 -1.084969
v 0.067427 1.616031 -1.102593
v 0.034374 1.629722 -1.113446
v 0.155525 1.540042 -0.889190
v 0.158572 1.538006 -0.926397
v 0.155525 1.540042 -0.963603
v 0.146502 1.546071 -0.999379
v 0.131848 1.555862 -1.032351
v 0.112128 1.569039 -1.061251
v 0.088098 1.585095 -1.084969
v 0.060683 1.603413 -1.102593
v 0.030936 1.623290 -1.113446
v 0.132263 1.511697 -0.889190
v 0.134855 1.509106 -0.926397
v 0.132263 1.511697 -0.963603
v 0.124589 1.519371 -0.999379
v 0.112128 1.531833 -1.032351
v 0.095357 1.548604 -1.061251
v 0.074921 1.569039 -1.084969
v 0.051607 1.592354 -1.102593
v 0.026309 1.617652 -1.113446
v 0.103919 1.488435 -0.889190
v 0.105955 1.485388 -0.926397
v 0.103919 1.488435 -0.963603
v 0.097889 1.497459 -0.999379
v 0.088098 1.512112 -1.032351
v 0.074921 1.531833 -1.061251
v 0.058865 1.555862 -1.084969
v 0.040547 1.583277 -1.102593
v 0.020671 1.613024 -1.113446
v 0.071580 1.471150 -0.889190
v 0.072983 1.467764 -0.926397
v 0.071580 1.471150 -0.963603
v 0.067427 1.481176 -0.999379
v 0.060683 1.497459 -1.032351
v 0.051607 1.519371 -1.061251
v 0.040547 1.546071 -1.084969
v 0.027929 1.576533 -1.102593
v 0.014238 1.609586 -1.113446
v 0.036491 1.460506 -0.889190
v 0.037206 1.456912 -0.926397
v 0.036491 1.460506 -0.963603
v 0.034374 1.471150 -0.999379
v 0.030936 1.488435 -1.032351
v 0.026309 1.511697 -1.061251
v 0.020671 1.540042 -1.084969
v 0.014238 1.572380 -1.102593
v 0.007259 1.607469 -1.113446
v -0.000000 1.456912 -0.889190
v -0.000000 1.453247 -0.926397
v -0.000000 1.456912 -0.963603
v 0.000000 1.467764 -0.999379
v -0.000000 1.485388 -1.032351
v -0.000000 1.509106 -1.061251
v -0.000000 1.538006 -1.084969
v -0.000000 1.570978 -1.102593
v -0.000000 1.606754 -1.113446
v -0.036491 1.460506 -0.889190
v -0.037206 1.456912 -0.926397
v -0.036491 1.460506 -0.963603
v -0.034374 1.471150 -0.999379
v -0.030936 1.488435 -1.032351
v -0.026309 1.511697 -1.061251
v -0.020671 1.540042 -1.084969
v -0.014238 1.572380 -1.102593
v -0.007259 1.607469 -1.113446
v -0.071580 1.471150 -0.889190
v -0.072983 1.467764 -0.926397
v -0.071580 1.471150 -0.963603
v -0.067427 1.481176 -0.999379
v -0.060683 1.497459 -1.032351
v -0.051607 1.519371 -1.061251
v -0.040547 1.546071 -1.084969
v -0.027929 1.576533 -1.102593
v -0.014238 1.609586 -1.113446
v -0.103919 1.488435 -0.889190
v -0.105955 1.485388 -0.926397
v -0.103919 1.488435 -0.963603
v -0.097889 1.497459 -0.999379
v -0.088098 1.512112 -1.032351
v -0.074921 1.531833 -1.061251
v -0.058865 1.555862 -1.084969
v -0.040547 1.583277 -1.102593
v -0.020671 1.613024 -1.113446
v -0.132263 1.511697 -0.889190
v -0.134855 1.509106 -0.926397
v -0.132263 1.511697 -0.963603
v -0.124589 1.519371 -0.999379
v -0.112128 1.531833 -1.032351
v -0.095357 1.548604 -1.061251
v -0.074921 1.569039 -1.084969
v -0.051607 1.592354 -1.102593
v -0.026309 1.617652 -1.113446
v -0.000000 1.643960 -1.117110
v -0.155525 1.540042 -0.889190
v -0.158572 1.538006 -0.926397
v -0.155525 1.540042 -0.963603
v -0.146502 1.546071 -0.999379
v -0.131848 1.555862 -1.032351
v -0.112128 1.569039 -1.061251
v -0.088098 1.585095 -1.084969
v -0.060683 1.603413 -1.102593
v -0.030936 1.623290 -1.113446
v -0.172811 1.572380 -0.889190
v -0.176196 1.570978 -0.926397
v -0.172811 1.572380 -0.963603
v -0.162784 1.576533 -0.999379
v -0.146502 1.583277 -1.032351
v -0.124589 1.592354 -1.061251
v -0.097889 1.603413 -1.084969
v -0.067427 1.616031 -1.102593
v -0.034374 1.629722 -1.113446
v -0.183455 1.607469 -0.889190
v -0.187049 1.606754 -0.926397
v -0.183455 1.607469 -0.963603
v -0.172810 1.609586 -0.999379
v -0.155525 1.613024 -1.032351
v -0.132263 1.617652 -1.061251
v -0.103919 1.623290 -1.084969
v -0.071580 1.629722 -1.102593
v -0.036491 1.636702 -1.113446
v -0.187049 1.643960 -0.889190
v -0.190713 1.643960 -0.926397
v -0.187049 1.643960 -0.963603
v -0.176196 1.643960 -0.999379
v -0.158572 1.643960 -1.032351
v -0.134855 1.643960 -1.061251
v -0.105955 1.643960 -1.084969
v -0.072983 1.643960 -1.102593
v -0.037206 1.643960 -1.113446
v -0.183455 1.680452 -0.889190
v -0.187049 1.681167 -0.926397
v -0.183455 1.680452 -0.963603
v -0.172810 1.678334 -0.999379
v -0.155525 1.674896 -1.032351
v -0.132263 1.670269 -1.061251
v -0.103919 1.664631 -1.084969
v -0.071580 1.658199 -1.102593
v -0.036491 1.651219 -1.113446
v -0.172810 1.715541 -0.889190
v -0.176196 1.716943 -0.926397
v -0.172810 1.715541 -0.963603
v -0.162784 1.711388 -0.999379
v -0.146502 1.704643 -1.032351
v -0.124589 1.695567 -1.061251
v -0.097889 1.684507 -1.084969
v -0.067427 1.671890 -1.102593
v -0.034374 1.658199 -1.113446
v -0.155525 1.747879 -0.889190
v -0.158572 1.749915 -0.926397
v -0.155525 1.747879 -0.963603
v -0.146502 1.741850 -0.999379
v -0.131848 1.732058 -1.032351
v -0.112128 1.718882 -1.061251
v -0.088098 1.702825 -1.084969
v -0.060683 1.684507 -1.102593
v -0.030936 1.664631 -1.113446
v -0.132263 1.776224 -0.889190
v -0.134854 1.778815 -0.926397
v -0.132263 1.776224 -0.963603
v -0.124589 1.768550 -0.999379
v -0.112127 1.756088 -1.032351
v -0.095357 1.739317 -1.061251
v -0.074921 1.718882 -1.084969
v -0.051607 1.695567 -1.102593
v -0.026309 1.670269 -1.113446
v -0.103919 1.799485 -0.889190
v -0.105954 1.802533 -0.926397
v -0.103919 1.799485 -0.963603
v -0.097889 1.790462 -0.999379
v -0.088098 1.775808 -1.032351
v -0.074921 1.756088 -1.061251
v -0.058865 1.732058 -1.084969
v -0.040547 1.704643 -1.102593
v -0.020671 1.674896 -1.113446
v -0.071580 1.816771 -0.889190
v -0.072983 1.820156 -0.926397
v -0.071580 1.816771 -0.963603
v -0.067427 1.806744 -0.999379
v -0.060683 1.790462 -1.032351
v -0.051607 1.768550 -1.061251
v -0.040547 1.741850 -1.084969
v -0.027929 1.711388 -1.102593
v -0.014238 1.678334 -1.113446
v -0.036491 1.827415 -0.889190
v -0.037206 1.831009 -0.926397
v -0.036491 1.827415 -0.963603
v -0.034374 1.816771 -0.999379
v -0.030936 1.799485 -1.032351
v -0.026309 1.776224 -1.061251
v -0.020671 1.747879 -1.084969
v -0.014238 1.715541 -1.102593
v -0.007259 1.680452 -1.113446
v 0.000000 1.820156 -0.999379
v 0.000000 1.778815 -1.061251
v 0.000000 1.749915 -1.084969
v 0.000000 1.716943 -1.102593
v 0.000000 1.681167 -1.113446
v -0.268510 1.850980 -1.099638
v 0.268510 1.850980 -1.099638
v -0.268510 1.847420 -1.135785
v 0.268510 1.847420 -1.135785
v -0.268510 1.836876 -1.170544
v 0.268510 1.836876 -1.170544
v -0.268510 1.819754 -1.202577
v 0.268510 1.819754 -1.202577
v -0.268510 1.796711 -1.230655
v 0.268510 1.796711 -1.230655
v -0.268510 1.768633 -1.253698
v 0.268510 1.768633 -1.253698
v -0.268510 1.736600 -1.270820
v 0.268510 1.736600 -1.270820
v -0.268510 1.701841 -1.281364
v 0.268510 1.701841 -1.281364
v -0.268510 1.665694 -1.284924
v 0.268510 1.665694 -1.284924
v -0.268510 1.629546 -1.281364
v 0.268510 1.629546 -1.281364
v -0.268510 1.594787 -1.270820
v 0.268510 1.594787 -1.270820
v -0.268510 1.562754 -1.253698
v 0.268510 1.562754 -1.253698
v -0.268510 1.534676 -1.230655
v 0.268510 1.534676 -1.230655
v -0.268510 1.511633 -1.202577
v 0.268510 1.511633 -1.202577
v -0.268510 1.494511 -1.170544
v 0.268510 1.494511 -1.170544
v -0.268510 1.483967 -1.135785
v 0.268510 1.483967 -1.135785
v -0.268510 1.480407 -1.099638
v 0.268510 1.480407 -1.099638
v -0.268510 1.483967 -1.063490
v 0.268510 1.483967 -1.063490
v -0.268510 1.494511 -1.028731
v 0.268510 1.494511 -1.028731
v -0.268510 1.511633 -0.996698
v 0.268510 1.511633 -0.996698
v -0.268510 1.534676 -0.968620
v 0.268510 1.534676 -0.968620
v -0.268510 1.562754 -0.945577
v 0.268510 1.562754 -0.945577
v -0.268510 1.594787 -0.928455
v 0.268510 1.594787 -0.928455
v -0.268510 1.629546 -0.917911
v 0.268510 1.629546 -0.917911
v -0.268510 1.665694 -0.914351
v 0.268510 1.665694 -0.914351
v -0.268510 1.701841 -0.917911
v 0.268510 1.701841 -0.917911
v -0.268510 1.736600 -0.928455
v 0.268510 1.736600 -0.928455
v -0.268510 1.768633 -0.945577
v 0.268510 1.768633 -0.945577
v -0.268510 1.796711 -0.968620
v 0.268510 1.796711 -0.968620
v -0.268510 1.819754 -0.996698
v 0.268510 1.819754 -0.996698
v -0.268510 1.836876 -1.028731
v 0.268510 1.836876 -1.028731
v -0.268510 1.847420 -1.063490
v 0.268510 1.847420 -1.063490
v -0.138331 1.850980 -1.099638
v 0.138331 1.850980 -1.099638
v 0.138331 1.847420 -1.135785
v -0.138331 1.847420 -1.135785
v 0.138331 1.836876 -1.170544
v -0.138331 1.836876 -1.170544
v 0.138331 1.819754 -1.202577
v -0.138331 1.819754 -1.202577
v 0.138331 1.796711 -1.230655
v -0.138331 1.796711 -1.230655
v 0.138331 1.768633 -1.253698
v -0.138331 1.768633 -1.253698
v 0.138331 1.736600 -1.270820
v -0.138331 1.736600 -1.270820
v 0.138331 1.701841 -1.281364
v -0.138331 1.701841 -1.281364
v 0.138331 1.665694 -1.284924
v -0.138331 1.665694 -1.284924
v 0.138331 1.629546 -1.281364
v -0.138331 1.629546 -1.281364
v 0.138331 1.594787 -1.270820
v -0.138331 1.594787 -1.270820
v 0.138331 1.562754 -1.253698
v -0.138331 1.562754 -1.253698
v 0.138331 1.534676 -1.230655
v -0.138331 1.534676 -1.230655
v 0.138331 1.511633 -1.202577
v -0.138331 1.511633 -1.202577
v 0.138331 1.494511 -1.170544
v -0.138331 1.494511 -1.170544
v 0.138331 1.483967 -1.135785
v -0.138331 1.483967 -1.135785
v 0.138331 1.480407 -1.099638
v -0.138331 1.480407 -1.099638
v 0.138331 1.483967 -1.063490
v -0.138331 1.483967 -1.063490
v 0.138331 1.494511 -1.028731
v -0.138331 1.494511 -1.028731
v 0.138331 1.511633 -0.996698
v -0.138331 1.511633 -0.996698
v 0.138331 1.534676 -0.968620
v -0.138331 1.534676 -0.968620
v 0.138331 1.562754 -0.945577
v -0.138331 1.562754 -0.945577
v 0.138331 1.594787 -0.928455
v -0.138331 1.594787 -0.928455
v 0.138331 1.629546 -0.917911
v -0.138331 1.629546 -0.917911
v 0.138331 1.665694 -0.914351
v -0.138331 1.665694 -0.914351
v 0.138331 1.701841 -0.917911
v -0.138331 1.701841 -0.917911
v 0.138331 1.736600 -0.928455
v -0.138331 1.736600 -0.928455
v 0.138331 1.768633 -0.945577
v -0.138331 1.768633 -0.945577
v 0.138331 1.796711 -0.968620
v -0.138331 1.796711 -0.968620
v 0.138331 1.819754 -0.996698
v -0.138331 1.819754 -0.996698
v 0.138331 1.836876 -1.028731
v -0.138331 1.836876 -1.028731
v 0.138331 1.847420 -1.063490
v -0.138331 1.847420 -1.063490
v -0.138331 1.761574 -1.099638
v 0.138331 1.761574 -1.099638
v 0.138331 1.759732 -1.118343
v -0.138331 1.759732 -1.118343
v 0.138331 1.754276 -1.136330
v -0.138331 1.754276 -1.136330
v 0.138331 1.745415 -1.152906
v -0.138331 1.745415 -1.152906
v 0.138331 1.733491 -1.167436
v -0.138331 1.733491 -1.167436
v 0.138331 1.718962 -1.179360
v -0.138331 1.718962 -1.179360
v 0.138331 1.702385 -1.188220
v -0.138331 1.702385 -1.188220
v 0.138331 1.684399 -1.193676
v -0.138331 1.684399 -1.193676
v 0.138331 1.665694 -1.195518
v -0.138331 1.665694 -1.195518
v 0.138331 1.646988 -1.193676
v -0.138331 1.646988 -1.193676
v 0.138331 1.629001 -1.188220
v -0.138331 1.629001 -1.188220
v 0.138331 1.612425 -1.179360
v -0.138331 1.612425 -1.179360
v 0.138331 1.597895 -1.167436
v -0.138331 1.597895 -1.167436
v 0.138331 1.585971 -1.152906
v -0.138331 1.585971 -1.152906
v 0.138331 1.577111 -1.136330
v -0.138331 1.577111 -1.136330
v 0.138331 1.571655 -1.118343
v -0.138331 1.571655 -1.118343
v 0.138331 1.569813 -1.099638
v -0.138331 1.569813 -1.099638
v 0.138331 1.571655 -1.080932
v -0.138331 1.571655 -1.080932
v 0.138331 1.577111 -1.062945
v -0.138331 1.577111 -1.062945
v 0.138331 1.585971 -1.046369
v -0.138331 1.585971 -1.046369
v 0.138331 1.597895 -1.031839
v -0.138331 1.597895 -1.031839
v 0.138331 1.612425 -1.019915
v -0.138331 1.612425 -1.019915
v 0.138331 1.629001 -1.011055
v -0.138331 1.629001 -1.011055
v 0.138331 1.646988 -1.005599
v -0.138331 1.646988 -1.005599
v 0.138331 1.665694 -1.003757
v -0.138331 1.665694 -1.003757
v 0.138331 1.684399 -1.005599
v -0.138331 1.684399 -1.005599
v 0.138331 1.702385 -1.011055
v -0.138331 1.702385 -1.011055
v 0.138331 1.718962 -1.019915
v -0.138331 1.718962 -1.019915
v 0.138331 1.733491 -1.031839
v -0.138331 1.733491 -1.031839
v 0.138331 1.745415 -1.046369
v -0.138331 1.745415 -1.046369
v 0.138331 1.754276 -1.062945
v -0.138331 1.754276 -1.062945
v 0.138331 1.759732 -1.080932
v -0.138331 1.759732 -1.080932
v -0.138331 1.734889 -0.932585
v -0.138331 1.515350 -1.200094
v -0.138331 1.846510 -1.099638
v -0.138331 1.766150 -0.949294
v -0.138331 1.498641 -1.168833
v -0.138331 1.843036 -1.134913
v -0.138331 1.793550 -0.971781
v -0.138331 1.488351 -1.134913
v -0.138331 1.832746 -1.168833
v -0.138331 1.832746 -1.030442
v -0.138331 1.816037 -0.999181
v -0.138331 1.488351 -1.064362
v -0.138331 1.484877 -1.099638
v -0.138331 1.793550 -1.227494
v -0.138331 1.816037 -1.200094
v -0.138331 1.537837 -1.227494
v -0.138331 1.700969 -0.922295
v -0.138331 1.565237 -1.249981
v -0.138331 1.665694 -0.918821
v -0.138331 1.596498 -1.266690
v -0.138331 1.630418 -0.922295
v -0.138331 1.630418 -1.276980
v -0.138331 1.596498 -0.932585
v -0.138331 1.665694 -1.280454
v -0.138331 1.565237 -0.949294
v -0.138331 1.700969 -1.276980
v -0.138331 1.537837 -0.971781
v -0.138331 1.734889 -1.266690
v -0.138331 1.515350 -0.999181
v -0.138331 1.766150 -1.249981
v -0.138331 1.498641 -1.030442
v -0.138331 1.843036 -1.064362
v 0.138331 1.734889 -0.932585
v 0.138331 1.515350 -1.200094
v 0.138331 1.846510 -1.099638
v 0.138331 1.766150 -0.949294
v 0.138331 1.498641 -1.168833
v 0.138331 1.843036 -1.134913
v 0.138331 1.793550 -0.971781
v 0.138331 1.488351 -1.134913
v 0.138331 1.832746 -1.168833
v 0.138331 1.816037 -0.999181
v 0.138331 1.484877 -1.099638
v 0.138331 1.816037 -1.200094
v 0.138331 1.793550 -1.227494
v 0.138331 1.832746 -1.030442
v 0.138331 1.843036 -1.064362
v 0.138331 1.488351 -1.064362
v 0.138331 1.498641 -1.030442
v 0.138331 1.537837 -1.227494
v 0.138331 1.700969 -0.922295
v 0.138331 1.565237 -1.249981
v 0.138331 1.665694 -0.918821
v 0.138331 1.596498 -1.266690
v 0.138331 1.630418 -0.922295
v 0.138331 1.630418 -1.276980
v 0.138331 1.596498 -0.932585
v 0.138331 1.665694 -1.280454
v 0.138331 1.565237 -0.949294
v 0.138331 1.700969 -1.276980
v 0.138331 1.537837 -0.971781
v 0.138331 1.734889 -1.266690
v 0.138331 1.515350 -0.999181
v 0.138331 1.766150 -1.249981
v -0.138331 1.704011 -1.007132
v -0.138331 1.582440 -1.155265
v -0.138331 1.765821 -1.099638
v -0.138331 1.721321 -1.016384
v -0.138331 1.573187 -1.137955
v -0.138331 1.763897 -1.119171
v -0.138331 1.736494 -1.028836
v -0.138331 1.567490 -1.119171
v -0.138331 1.758199 -1.137955
v -0.138331 1.748947 -1.044009
v -0.138331 1.565566 -1.099638
v -0.138331 1.748947 -1.155265
v -0.138331 1.594893 -1.170438
v -0.138331 1.685227 -1.001434
v -0.138331 1.610066 -1.182891
v -0.138331 1.665694 -0.999510
v -0.138331 1.627376 -1.192143
v -0.138331 1.646159 -1.001434
v -0.138331 1.646159 -1.197841
v -0.138331 1.627376 -1.007132
v -0.138331 1.665694 -1.199765
v -0.138331 1.610066 -1.016384
v -0.138331 1.685227 -1.197841
v -0.138331 1.594893 -1.028836
v -0.138331 1.704011 -1.192143
v -0.138331 1.582440 -1.044009
v -0.138331 1.721321 -1.182891
v -0.138331 1.573187 -1.061320
v -0.138331 1.763897 -1.080104
v -0.138331 1.758199 -1.061320
v -0.138331 1.567490 -1.080104
v -0.138331 1.736494 -1.170438
v 0.138331 1.736494 -1.170438
v 0.138331 1.763897 -1.080104
v 0.138331 1.573187 -1.061320
v 0.138331 1.704011 -1.007132
v 0.138331 1.582440 -1.155265
v 0.138331 1.765821 -1.099638
v 0.138331 1.721321 -1.016384
v 0.138331 1.573187 -1.137955
v 0.138331 1.763897 -1.119171
v 0.138331 1.736494 -1.028836
v 0.138331 1.567490 -1.119171
v 0.138331 1.758199 -1.137955
v 0.138331 1.748947 -1.044009
v 0.138331 1.565566 -1.099638
v 0.138331 1.748947 -1.155265
v 0.138331 1.758199 -1.061320
v 0.138331 1.567490 -1.080104
v 0.138331 1.594893 -1.170438
v 0.138331 1.685227 -1.001434
v 0.138331 1.610066 -1.182891
v 0.138331 1.665694 -0.999510
v 0.138331 1.627376 -1.192143
v 0.138331 1.646159 -1.001434
v 0.138331 1.646159 -1.197841
v 0.138331 1.627376 -1.007132
v 0.138331 1.665694 -1.199765
v 0.138331 1.610066 -1.016384
v 0.138331 1.685227 -1.197841
v 0.138331 1.594893 -1.028836
v 0.138331 1.704011 -1.192143
v 0.138331 1.582440 -1.044009
v 0.138331 1.721321 -1.182891
v -0.262001 1.847420 -1.135785
v -0.262001 1.836876 -1.170544
v -0.262001 1.819754 -1.202577
v -0.262001 1.796711 -1.230655
v -0.262001 1.768633 -1.253698
v -0.262001 1.736600 -1.270820
v -0.262001 1.701841 -1.281364
v -0.262001 1.665694 -1.284924
v -0.262001 1.629546 -1.281364
v -0.262001 1.594787 -1.270820
v -0.262001 1.562754 -1.253698
v -0.262001 1.534676 -1.230655
v -0.262001 1.511633 -1.202577
v -0.262001 1.494511 -1.170544
v -0.262001 1.483967 -1.135785
v -0.262001 1.480407 -1.099638
v -0.262001 1.483967 -1.063490
v -0.262001 1.494511 -1.028731
v -0.262001 1.511633 -0.996698
v -0.262001 1.534676 -0.968620
v -0.262001 1.562754 -0.945577
v -0.262001 1.594787 -0.928455
v -0.262001 1.629546 -0.917911
v -0.262001 1.665694 -0.914351
v -0.262001 1.701841 -0.917911
v -0.262001 1.736600 -0.928455
v -0.262001 1.768633 -0.945577
v -0.262001 1.796711 -0.968620
v -0.262001 1.819754 -0.996698
v -0.262001 1.836876 -1.028731
v -0.262001 1.847420 -1.063490
v -0.262001 1.850980 -1.099638
v 0.262001 1.850980 -1.099638
v 0.262001 1.847420 -1.135785
v 0.262001 1.836876 -1.170544
v 0.262001 1.819754 -1.202577
v 0.262001 1.796711 -1.230655
v 0.262001 1.768633 -1.253698
v 0.262001 1.736600 -1.270820
v 0.262001 1.701841 -1.281364
v 0.262001 1.665694 -1.284924
v 0.262001 1.629546 -1.281364
v 0.262001 1.594787 -1.270820
v 0.262001 1.562754 -1.253698
v 0.262001 1.534676 -1.230655
v 0.262001 1.511633 -1.202577
v 0.262001 1.494511 -1.170544
v 0.262001 1.483967 -1.135785
v 0.262001 1.480407 -1.099638
v 0.262001 1.483967 -1.063490
v 0.262001 1.494511 -1.028731
v 0.262001 1.511633 -0.996698
v 0.262001 1.534676 -0.968620
v 0.262001 1.562754 -0.945577
v 0.262001 1.594787 -0.928455
v 0.262001 1.629546 -0.917911
v 0.262001 1.665694 -0.914351
v 0.262001 1.701841 -0.917911
v 0.262001 1.736600 -0.928455
v 0.262001 1.768633 -0.945577
v 0.262001 1.796711 -0.968620
v 0.262001 1.819754 -0.996698
v 0.262001 1.836876 -1.028731
v 0.262001 1.847420 -1.063490
v -0.268510 1.823737 -1.099638
v -0.268510 1.820700 -1.130470
v 0.268510 1.820700 -1.130470
v 0.268510 1.823737 -1.099638
v -0.268510 1.811707 -1.160118
v 0.268510 1.811707 -1.160118
v -0.268510 1.797102 -1.187442
v 0.268510 1.797102 -1.187442
v -0.268510 1.777447 -1.211391
v 0.268510 1.777447 -1.211391
v -0.268510 1.753498 -1.231046
v 0.268510 1.753498 -1.231046
v -0.268510 1.726174 -1.245651
v 0.268510 1.726174 -1.245651
v -0.268510 1.696526 -1.254644
v 0.268510 1.696526 -1.254644
v -0.268510 1.665694 -1.257681
v 0.268510 1.665694 -1.257681
v -0.268510 1.634861 -1.254644
v 0.268510 1.634861 -1.254644
v -0.268510 1.605213 -1.245651
v 0.268510 1.605213 -1.245651
v -0.268510 1.577889 -1.231046
v 0.268510 1.577889 -1.231046
v -0.268510 1.553940 -1.211391
v 0.268510 1.553940 -1.211391
v -0.268510 1.534285 -1.187442
v 0.268510 1.534285 -1.187442
v -0.268510 1.519680 -1.160118
v 0.268510 1.519680 -1.160118
v -0.268510 1.510687 -1.130470
v 0.268510 1.510687 -1.130470
v -0.268510 1.507650 -1.099638
v 0.268510 1.507650 -1.099638
v -0.268510 1.510687 -1.068805
v 0.268510 1.510687 -1.068805
v -0.268510 1.519680 -1.039157
v 0.268510 1.519680 -1.039157
v -0.268510 1.534285 -1.011833
v 0.268510 1.534285 -1.011833
v -0.268510 1.553940 -0.987884
v 0.268510 1.553940 -0.987884
v -0.268510 1.577889 -0.968229
v 0.268510 1.577889 -0.968229
v -0.268510 1.605213 -0.953624
v 0.268510 1.605213 -0.953624
v -0.268510 1.634861 -0.944631
v 0.268510 1.634861 -0.944631
v -0.268510 1.665694 -0.941594
v 0.268510 1.665694 -0.941594
v -0.268510 1.696526 -0.944631
v 0.268510 1.696526 -0.944631
v -0.268510 1.726174 -0.953624
v 0.268510 1.726174 -0.953624
v -0.268510 1.753498 -0.968229
v 0.268510 1.753498 -0.968229
v -0.268510 1.777447 -0.987884
v 0.268510 1.777447 -0.987884
v -0.268510 1.797102 -1.011833
v 0.268510 1.797102 -1.011833
v -0.268510 1.811707 -1.039157
v 0.268510 1.811707 -1.039157
v -0.268510 1.820700 -1.068805
v 0.268510 1.820700 -1.068805
v -0.239595 1.822918 -1.099638
v -0.239595 1.819897 -1.130310
v 0.239595 1.819897 -1.130310
v 0.239595 1.822918 -1.099638
v -0.239595 1.810950 -1.159805
v 0.239595 1.810950 -1.159805
v -0.239595 1.796421 -1.186987
v 0.239595 1.796421 -1.186987
v -0.239595 1.776868 -1.210812
v 0.239595 1.776868 -1.210812
v -0.239595 1.753043 -1.230365
v 0.239595 1.753043 -1.230365
v -0.239595 1.725861 -1.244894
v 0.239595 1.725861 -1.244894
v -0.239595 1.696366 -1.253841
v 0.239595 1.696366 -1.253841
v -0.239595 1.665694 -1.256862
v 0.239595 1.665694 -1.256862
v -0.239595 1.635020 -1.253841
v 0.239595 1.635020 -1.253841
v -0.239595 1.605526 -1.244894
v 0.239595 1.605526 -1.244894
v -0.239595 1.578344 -1.230365
v 0.239595 1.578344 -1.230365
v -0.239595 1.554519 -1.210812
v 0.239595 1.554519 -1.210812
v -0.239595 1.534966 -1.186987
v 0.239595 1.534966 -1.186987
v -0.239595 1.520437 -1.159805
v 0.239595 1.520437 -1.159805
v -0.239595 1.511490 -1.130310
v 0.239595 1.511490 -1.130310
v -0.239595 1.508469 -1.099638
v 0.239595 1.508469 -1.099638
v -0.239595 1.511490 -1.068964
v 0.239595 1.511490 -1.068964
v -0.239595 1.520437 -1.039470
v 0.239595 1.520437 -1.039470
v -0.239595 1.534966 -1.012288
v 0.239595 1.534966 -1.012288
v -0.239595 1.554519 -0.988463
v 0.239595 1.554519 -0.988463
v -0.239595 1.578344 -0.968910
v 0.239595 1.578344 -0.968910
v -0.239595 1.605526 -0.954381
v 0.239595 1.605526 -0.954381
v -0.239595 1.635020 -0.945434
v 0.239595 1.635020 -0.945434
v -0.239595 1.665694 -0.942413
v 0.239595 1.665694 -0.942413
v -0.239595 1.696366 -0.945434
v 0.239595 1.696366 -0.945434
v -0.239595 1.725861 -0.954381
v 0.239595 1.725861 -0.954381
v -0.239595 1.753043 -0.968910
v 0.239595 1.753043 -0.968910
v -0.239595 1.776868 -0.988463
v 0.239595 1.776868 -0.988463
v -0.239595 1.796421 -1.012288
v 0.239595 1.796421 -1.012288
v -0.239595 1.810950 -1.039470
v 0.239595 1.810950 -1.039470
v -0.239595 1.819897 -1.068964
v 0.239595 1.819897 -1.068964
v -0.239595 1.816918 -1.099638
v -0.239595 1.814013 -1.129140
v 0.239595 1.814013 -1.129140
v 0.239595 1.816918 -1.099638
v -0.239595 1.805407 -1.157509
v 0.239595 1.805407 -1.157509
v -0.239595 1.791433 -1.183654
v 0.239595 1.791433 -1.183654
v -0.239595 1.772626 -1.206570
v 0.239595 1.772626 -1.206570
v -0.239595 1.749710 -1.225376
v 0.239595 1.749710 -1.225376
v -0.239595 1.723565 -1.239351
v 0.239595 1.723565 -1.239351
v -0.239595 1.695196 -1.247957
v 0.239595 1.695196 -1.247957
v -0.239595 1.665694 -1.250863
v 0.239595 1.665694 -1.250862
v -0.239595 1.636191 -1.247957
v 0.239595 1.636191 -1.247957
v -0.239595 1.607822 -1.239351
v 0.239595 1.607822 -1.239351
v -0.239595 1.581677 -1.225376
v 0.239595 1.581677 -1.225376
v -0.239595 1.558761 -1.206570
v 0.239595 1.558761 -1.206570
v -0.239595 1.539954 -1.183654
v 0.239595 1.539954 -1.183654
v -0.239595 1.525980 -1.157509
v 0.239595 1.525980 -1.157509
v -0.239595 1.517374 -1.129140
v 0.239595 1.517374 -1.129140
v -0.239595 1.514468 -1.099638
v 0.239595 1.514468 -1.099638
v -0.239595 1.517374 -1.070135
v 0.239595 1.517374 -1.070135
v -0.239595 1.525980 -1.041766
v 0.239595 1.525980 -1.041766
v -0.239595 1.539954 -1.015621
v 0.239595 1.539954 -1.015621
v -0.239595 1.558761 -0.992705
v 0.239595 1.558761 -0.992705
v -0.239595 1.581677 -0.973898
v 0.239595 1.581677 -0.973898
v -0.239595 1.607822 -0.959924
v 0.239595 1.607822 -0.959924
v -0.239595 1.636191 -0.951318
v 0.239595 1.636191 -0.951318
v -0.239595 1.665694 -0.948412
v 0.239595 1.665694 -0.948412
v -0.239595 1.695196 -0.951318
v 0.239595 1.695196 -0.951318
v -0.239595 1.723565 -0.959924
v 0.239595 1.723565 -0.959924
v -0.239595 1.749710 -0.973898
v 0.239595 1.749710 -0.973898
v -0.239595 1.772626 -0.992705
v 0.239595 1.772626 -0.992705
v -0.239595 1.791433 -1.015621
v 0.239595 1.791433 -1.015621
v -0.239595 1.805407 -1.041766
v 0.239595 1.805407 -1.041766
v -0.239595 1.814013 -1.070135
v 0.239595 1.814013 -1.070135
v -0.000000 2.906665 -1.090518
v -0.000000 1.590300 -1.090518
v 0.014181 2.906665 -1.091915
v 0.014181 1.590300 -1.091915
v 0.027816 2.906665 -1.096051
v 0.027816 1.590300 -1.096051
v 0.040383 2.906665 -1.102769
v 0.040383 1.590300 -1.102769
v 0.051398 2.906665 -1.111808
v 0.051398 1.590300 -1.111808
v 0.060437 2.906665 -1.122823
v 0.060437 1.590300 -1.122823
v 0.067154 2.906665 -1.135390
v 0.067154 1.590300 -1.135390
v 0.071291 2.906665 -1.149025
v 0.071291 1.590300 -1.149025
v 0.072687 2.906665 -1.163206
v 0.072687 1.590300 -1.163206
v 0.071291 2.906665 -1.177387
v 0.071291 1.590300 -1.177387
v 0.067154 2.906665 -1.191022
v 0.067154 1.590300 -1.191022
v 0.060437 2.906665 -1.203589
v 0.060437 1.590300 -1.203589
v 0.051398 2.906665 -1.214604
v 0.051398 1.590300 -1.214604
v 0.040383 2.906665 -1.223643
v 0.040383 1.590300 -1.223643
v 0.027816 2.906665 -1.230360
v 0.027816 1.590300 -1.230360
v 0.014181 2.906665 -1.234497
v 0.014181 1.590300 -1.234497
v -0.000000 2.906665 -1.235893
v -0.000000 1.590300 -1.235893
v -0.014181 2.906665 -1.234497
v -0.014181 1.590300 -1.234497
v -0.027816 2.906665 -1.230360
v -0.027816 1.590300 -1.230360
v -0.040383 2.906665 -1.223643
v -0.040383 1.590300 -1.223643
v -0.051398 2.906665 -1.214604
v -0.051398 1.590300 -1.214604
v -0.060437 2.906665 -1.203589
v -0.060437 1.590300 -1.203589
v -0.067154 2.906665 -1.191022
v -0.067154 1.590300 -1.191022
v -0.071291 2.906665 -1.177387
v -0.071291 1.590300 -1.177387
v -0.072687 2.906665 -1.163206
v -0.072687 1.590300 -1.163206
v -0.071291 2.906665 -1.149025
v -0.071291 1.590300 -1.149025
v -0.067154 2.906665 -1.135390
v -0.067154 1.590300 -1.135390
v -0.060437 2.906665 -1.122823
v -0.060437 1.590300 -1.122823
v -0.051398 2.906665 -1.111808
v -0.051398 1.590300 -1.111808
v -0.040383 2.906665 -1.102769
v -0.040383 1.590300 -1.102769
v -0.027816 2.906665 -1.096051
v -0.027816 1.590300 -1.096051
v -0.014181 2.906665 -1.091915
v -0.014181 1.590300 -1.091915
v -0.000000 2.654396 -1.090518
v 0.014181 2.654396 -1.091915
v 0.027816 2.654396 -1.096051
v 0.040383 2.654396 -1.102769
v 0.051398 2.654396 -1.111808
v 0.060437 2.654396 -1.122823
v 0.067154 2.654396 -1.135390
v 0.071291 2.654396 -1.149025
v 0.072687 2.654396 -1.163206
v 0.071291 2.654396 -1.177387
v 0.067154 2.654396 -1.191022
v 0.060437 2.654396 -1.203589
v 0.051398 2.654396 -1.214604
v 0.040383 2.654396 -1.223643
v 0.027816 2.654396 -1.230360
v 0.014181 2.654396 -1.234497
v -0.000000 2.654396 -1.235893
v -0.014181 2.654396 -1.234497
v -0.027816 2.654396 -1.230360
v -0.040383 2.654396 -1.223643
v -0.051398 2.654396 -1.214604
v -0.060437 2.654396 -1.203589
v -0.067154 2.654396 -1.191022
v -0.071291 2.654396 -1.177387
v -0.072687 2.654396 -1.163206
v -0.071291 2.654396 -1.149025
v -0.067154 2.654396 -1.135390
v -0.060437 2.654396 -1.122823
v -0.051398 2.654396 -1.111808
v -0.040383 2.654396 -1.102769
v -0.027816 2.654396 -1.096051
v -0.014181 2.654396 -1.091915
v -0.000000 1.879010 -1.090518
v 0.014181 1.879010 -1.091915
v 0.027816 1.879010 -1.096051
v 0.040383 1.879010 -1.102769
v 0.051398 1.879010 -1.111808
v 0.060437 1.879010 -1.122823
v 0.067154 1.879010 -1.135390
v 0.071291 1.879010 -1.149025
v 0.072687 1.879010 -1.163206
v 0.071291 1.879010 -1.177387
v 0.067154 1.879010 -1.191022
v 0.060437 1.879010 -1.203589
v 0.051398 1.879010 -1.214604
v 0.040383 1.879010 -1.223643
v 0.027816 1.879010 -1.230360
v 0.014181 1.879010 -1.234497
v -0.000000 1.879010 -1.235893
v -0.014181 1.879010 -1.234497
v -0.027816 1.879010 -1.230360
v -0.040383 1.879010 -1.223643
v -0.051398 1.879010 -1.214604
v -0.060437 1.879010 -1.203589
v -0.067154 1.879010 -1.191022
v -0.071291 1.879010 -1.177387
v -0.072687 1.879010 -1.163206
v -0.071291 1.879010 -1.149025
v -0.067154 1.879010 -1.135390
v -0.060437 1.879010 -1.122823
v -0.051398 1.879010 -1.111808
v -0.040383 1.879010 -1.102769
v -0.027816 1.879010 -1.096051
v -0.014181 1.879010 -1.091915
v 0.007031 1.879010 -1.127857
v 0.007031 2.654396 -1.127857
v 0.013792 1.879010 -1.129908
v 0.013792 2.654396 -1.129908
v 0.020023 1.879010 -1.133239
v 0.020023 2.654396 -1.133239
v 0.025485 1.879010 -1.137721
v 0.025485 2.654396 -1.137721
v 0.029967 1.879010 -1.143183
v 0.029967 2.654396 -1.143183
v 0.033298 1.879010 -1.149414
v 0.033298 2.654396 -1.149414
v 0.035349 1.879010 -1.156175
v 0.035349 2.654396 -1.156175
v 0.036041 1.879010 -1.163206
v 0.036041 2.654396 -1.163206
v 0.035349 1.879010 -1.170237
v 0.035349 2.654396 -1.170237
v 0.033298 1.879010 -1.176998
v 0.033298 2.654396 -1.176998
v 0.029967 1.879010 -1.183230
v 0.029967 2.654396 -1.183229
v 0.025485 1.879010 -1.188691
v 0.025485 2.654396 -1.188691
v 0.020023 1.879010 -1.193173
v 0.020023 2.654396 -1.193173
v 0.013792 1.879010 -1.196504
v 0.013792 2.654396 -1.196504
v 0.007031 1.879010 -1.198555
v 0.007031 2.654396 -1.198555
v -0.000000 1.879010 -1.199247
v -0.000000 2.654396 -1.199247
v -0.007031 1.879010 -1.198555
v -0.007031 2.654396 -1.198555
v -0.013792 1.879010 -1.196504
v -0.013792 2.654396 -1.196504
v -0.020023 1.879010 -1.193173
v -0.020023 2.654396 -1.193173
v -0.025485 1.879010 -1.188691
v -0.025485 2.654396 -1.188691
v -0.029967 1.879010 -1.183230
v -0.029967 2.654396 -1.183229
v -0.033298 1.879010 -1.176998
v -0.033298 2.654396 -1.176998
v -0.035349 1.879010 -1.170237
v -0.035349 2.654396 -1.170237
v -0.036041 1.879010 -1.163206
v -0.036041 2.654396 -1.163206
v -0.035349 1.879010 -1.156175
v -0.035349 2.654396 -1.156175
v -0.033298 1.879010 -1.149414
v -0.033298 2.654396 -1.149414
v -0.029967 1.879010 -1.143183
v -0.029967 2.654396 -1.143183
v -0.025485 1.879010 -1.137721
v -0.025485 2.654396 -1.137721
v -0.020023 1.879010 -1.133239
v -0.020023 2.654396 -1.133239
v -0.013792 1.879010 -1.129908
v -0.013792 2.654396 -1.129908
v -0.007031 1.879010 -1.127857
v -0.007031 2.654396 -1.127857
v -0.000000 2.654396 -1.127165
v -0.000000 1.879010 -1.127165
v 0.014181 2.682426 -1.091915
v 0.014181 2.710456 -1.091915
v 0.014181 2.738486 -1.091915
v 0.014181 2.766516 -1.091915
v 0.014181 2.794546 -1.091915
v 0.014181 2.822576 -1.091915
v 0.014181 2.850605 -1.091915
v 0.014181 2.878635 -1.091915
v 0.027816 2.682426 -1.096051
v 0.027816 2.710456 -1.096051
v 0.027816 2.738486 -1.096051
v 0.027816 2.766516 -1.096051
v 0.027816 2.794546 -1.096051
v 0.027816 2.822576 -1.096051
v 0.027816 2.850605 -1.096051
v 0.027816 2.878635 -1.096051
v 0.040383 2.682426 -1.102769
v 0.040383 2.710456 -1.102769
v 0.040383 2.738486 -1.102769
v 0.040383 2.766516 -1.102769
v 0.040383 2.794546 -1.102769
v 0.040383 2.822576 -1.102769
v 0.040383 2.850605 -1.102769
v 0.040383 2.878635 -1.102769
v 0.051398 2.682426 -1.111808
v 0.051398 2.710456 -1.111808
v 0.051398 2.738486 -1.111808
v 0.051398 2.766516 -1.111808
v 0.051398 2.794546 -1.111808
v 0.051398 2.822576 -1.111808
v 0.051398 2.850605 -1.111808
v 0.051398 2.878635 -1.111808
v 0.060437 2.682426 -1.122823
v 0.060437 2.710456 -1.122823
v 0.060437 2.738486 -1.122823
v 0.060437 2.766516 -1.122823
v 0.060437 2.794546 -1.122823
v 0.060437 2.822576 -1.122823
v 0.060437 2.850605 -1.122823
v 0.060437 2.878635 -1.122823
v 0.067154 2.682426 -1.135390
v 0.067154 2.710456 -1.135390
v 0.067154 2.738486 -1.135390
v 0.067154 2.766516 -1.135390
v 0.067154 2.794546 -1.135390
v 0.067154 2.822576 -1.135390
v 0.067154 2.850605 -1.135390
v 0.067154 2.878635 -1.135390
v 0.071291 2.682426 -1.149025
v 0.071291 2.710456 -1.149025
v 0.071291 2.738486 -1.149025
v 0.071291 2.766516 -1.149025
v 0.071291 2.794546 -1.149025
v 0.071291 2.822576 -1.149025
v 0.071291 2.850605 -1.149025
v 0.071291 2.878635 -1.149025
v 0.072687 2.682426 -1.163206
v 0.072687 2.710456 -1.163206
v 0.072687 2.738486 -1.163206
v 0.072687 2.766516 -1.163206
v 0.072687 2.794546 -1.163206
v 0.072687 2.822576 -1.163206
v 0.072687 2.850605 -1.163206
v 0.072687 2.878635 -1.163206
v 0.071291 2.682426 -1.177387
v 0.071291 2.710456 -1.177387
v 0.071291 2.738486 -1.177387
v 0.071291 2.766516 -1.177387
v 0.071291 2.794546 -1.177387
v 0.071291 2.822576 -1.177387
v 0.071291 2.850605 -1.177387
v 0.071291 2.878635 -1.177387
v 0.067154 2.682426 -1.191022
v 0.067154 2.710456 -1.191022
v 0.067154 2.738486 -1.191022
v 0.067154 2.766516 -1.191022
v 0.067154 2.794546 -1.191022
v 0.067154 2.822576 -1.191022
v 0.067154 2.850605 -1.191022
v 0.067154 2.878635 -1.191022
v 0.060437 2.682426 -1.203589
v 0.060437 2.710456 -1.203589
v 0.060437 2.738486 -1.203589
v 0.060437 2.766516 -1.203589
v 0.060437 2.794546 -1.203589
v 0.060437 2.822576 -1.203589
v 0.060437 2.850605 -1.203589
v 0.060437 2.878635 -1.203589
v 0.051398 2.682426 -1.214604
v 0.051398 2.710456 -1.214604
v 0.051398 2.738486 -1.214604
v 0.051398 2.766516 -1.214604
v 0.051398 2.794546 -1.214604
v 0.051398 2.822576 -1.214604
v 0.051398 2.850605 -1.214604
v 0.051398 2.878635 -1.214604
v 0.040383 2.682426 -1.223643
v 0.040383 2.710456 -1.223643
v 0.040383 2.738486 -1.223643
v 0.040383 2.766516 -1.223643
v 0.040383 2.794546 -1.223643
v 0.040383 2.822576 -1.223643
v 0.040383 2.850605 -1.223643
v 0.040383 2.878635 -1.223643
v 0.027816 2.682426 -1.230360
v 0.027816 2.710456 -1.230360
v 0.027816 2.738486 -1.230360
v 0.027816 2.766516 -1.230360
v 0.027816 2.794546 -1.230360
v 0.027816 2.822576 -1.230360
v 0.027816 2.850605 -1.230360
v 0.027816 2.878635 -1.230360
v 0.014181 2.682426 -1.234497
v 0.014181 2.710456 -1.234497
v 0.014181 2.738486 -1.234497
v 0.014181 2.766516 -1.234497
v 0.014181 2.794546 -1.234497
v 0.014181 2.822576 -1.234497
v 0.014181 2.850605 -1.234497
v 0.014181 2.878635 -1.234497
v -0.000000 2.682426 -1.235893
v -0.000000 2.710456 -1.235893
v -0.000000 2.738486 -1.235893
v -0.000000 2.766516 -1.235893
v -0.000000 2.794546 -1.235893
v -0.000000 2.822576 -1.235893
v -0.000000 2.850605 -1.235893
v -0.000000 2.878635 -1.235893
v -0.014181 2.682426 -1.234497
v -0.014181 2.710456 -1.234497
v -0.014181 2.738486 -1.234497
v -0.014181 2.766516 -1.234497
v -0.014181 2.794546 -1.234497
v -0.014181 2.822576 -1.234497
v -0.014181 2.850605 -1.234497
v -0.014181 2.878635 -1.234497
v -0.027816 2.682426 -1.230360
v -0.027816 2.710456 -1.230360
v -0.027816 2.738486 -1.230360
v -0.027816 2.766516 -1.230360
v -0.027816 2.794546 -1.230360
v -0.027816 2.822576 -1.230360
v -0.027816 2.850605 -1.230360
v -0.027816 2.878635 -1.230360
v -0.040383 2.682426 -1.223643
v -0.040383 2.710456 -1.223643
v -0.040383 2.738486 -1.223643
v -0.040383 2.766516 -1.223643
v -0.040383 2.794546 -1.223643
v -0.040383 2.822576 -1.223643
v -0.040383 2.850605 -1.223643
v -0.040383 2.878635 -1.223643
v -0.051398 2.682426 -1.214604
v -0.051398 2.710456 -1.214604
v -0.051398 2.738486 -1.214604
v -0.051398 2.766516 -1.214604
v -0.051398 2.794546 -1.214604
v -0.051398 2.822576 -1.214604
v -0.051398 2.850605 -1.214604
v -0.051398 2.878635 -1.214604
v -0.060437 2.682426 -1.203589
v -0.060437 2.710456 -1.203589
v -0.060437 2.738486 -1.203589
v -0.060437 2.766516 -1.203589
v -0.060437 2.794546 -1.203589
v -0.060437 2.822576 -1.203589
v -0.060437 2.850605 -1.203589
v -0.060437 2.878635 -1.203589
v -0.067154 2.682426 -1.191022
v -0.067154 2.710456 -1.191022
v -0.067154 2.738486 -1.191022
v -0.067154 2.766516 -1.191022
v -0.067154 2.794546 -1.191022
v -0.067154 2.822576 -1.191022
v -0.067154 2.850605 -1.191022
v -0.067154 2.878635 -1.191022
v -0.071291 2.682426 -1.177387
v -0.071291 2.710456 -1.177387
v -0.071291 2.738486 -1.177387
v -0.071291 2.766516 -1.177387
v -0.071291 2.794546 -1.177387
v -0.071291 2.822576 -1.177387
v -0.071291 2.850605 -1.177387
v -0.071291 2.878635 -1.177387
v -0.072687 2.682426 -1.163206
v -0.072687 2.710456 -1.163206
v -0.072687 2.738486 -1.163206
v -0.072687 2.766516 -1.163206
v -0.072687 2.794546 -1.163206
v -0.072687 2.822576 -1.163206
v -0.072687 2.850605 -1.163206
v -0.072687 2.878635 -1.163206
v -0.071291 2.682426 -1.149025
v -0.071291 2.710456 -1.149025
v -0.071291 2.738486 -1.149025
v -0.071291 2.766516 -1.149025
v -0.071291 2.794546 -1.149025
v -0.071291 2.822576 -1.149025
v -0.071291 2.850605 -1.149025
v -0.071291 2.878635 -1.149025
v -0.067154 2.682426 -1.135390
v -0.067154 2.710456 -1.135390
v -0.067154 2.738486 -1.135390
v -0.067154 2.766516 -1.135390
v -0.067154 2.794546 -1.135390
v -0.067154 2.822576 -1.135390
v -0.067154 2.850605 -1.135390
v -0.067154 2.878635 -1.135390
v -0.060437 2.682426 -1.122823
v -0.060437 2.710456 -1.122823
v -0.060437 2.738486 -1.122823
v -0.060437 2.766516 -1.122823
v -0.060437 2.794546 -1.122823
v -0.060437 2.822576 -1.122823
v -0.060437 2.850605 -1.122823
v -0.060437 2.878635 -1.122823
v -0.051398 2.682426 -1.111808
v -0.051398 2.710456 -1.111808
v -0.051398 2.738486 -1.111808
v -0.051398 2.766516 -1.111808
v -0.051398 2.794546 -1.111808
v -0.051398 2.822576 -1.111808
v -0.051398 2.850605 -1.111808
v -0.051398 2.878635 -1.111808
v -0.040383 2.682426 -1.102769
v -0.040383 2.710456 -1.102769
v -0.040383 2.738486 -1.102769
v -0.040383 2.766516 -1.102769
v -0.040383 2.794546 -1.102769
v -0.040383 2.822576 -1.102769
v -0.040383 2.850605 -1.102769
v -0.040383 2.878635 -1.102769
v -0.027816 2.682426 -1.096051
v -0.027816 2.710456 -1.096051
v -0.027816 2.738486 -1.096051
v -0.027816 2.766516 -1.096051
v -0.027816 2.794546 -1.096051
v -0.027816 2.822576 -1.096051
v -0.027816 2.850605 -1.096051
v -0.027816 2.878635 -1.096051
v -0.014181 2.682426 -1.091915
v -0.014181 2.710456 -1.091915
v -0.014181 2.738486 -1.091915
v -0.014181 2.766516 -1.091915
v -0.014181 2.794546 -1.091915
v -0.014181 2.822576 -1.091915
v -0.014181 2.850605 -1.091915
v -0.014181 2.878635 -1.091915
v -0.000000 2.878635 -1.090518
v -0.000000 2.850605 -1.090518
v -0.000000 2.822576 -1.090518
v -0.000000 2.794546 -1.090518
v -0.000000 2.766516 -1.090518
v -0.000000 2.738486 -1.090518
v -0.000000 2.710456 -1.090518
v -0.000000 2.682426 -1.090518
v 0.011158 2.682426 -1.107110
v 0.011158 2.710456 -1.107110
v 0.011158 2.738486 -1.107110
v 0.011158 2.766516 -1.107110
v 0.011158 2.794546 -1.107110
v 0.011158 2.822576 -1.107110
v 0.011158 2.850605 -1.107110
v 0.011158 2.878635 -1.107110
v 0.021888 2.682426 -1.110365
v 0.021888 2.710456 -1.110365
v 0.021888 2.738486 -1.110365
v 0.021888 2.766516 -1.110365
v 0.021888 2.794546 -1.110365
v 0.021888 2.822576 -1.110365
v 0.021888 2.850605 -1.110365
v 0.021888 2.878635 -1.110365
v 0.031776 2.682426 -1.115650
v 0.031776 2.710456 -1.115650
v 0.031776 2.738486 -1.115650
v 0.031776 2.766516 -1.115650
v 0.031776 2.794546 -1.115650
v 0.031776 2.822576 -1.115650
v 0.031776 2.850605 -1.115650
v 0.031776 2.878635 -1.115650
v 0.040443 2.682426 -1.122763
v 0.040443 2.710456 -1.122763
v 0.040443 2.738486 -1.122763
v 0.040443 2.766516 -1.122763
v 0.040443 2.794546 -1.122763
v 0.040443 2.822576 -1.122763
v 0.040443 2.850605 -1.122763
v 0.040443 2.878635 -1.122763
v 0.047556 2.682426 -1.131430
v 0.047556 2.710456 -1.131430
v 0.047556 2.738486 -1.131430
v 0.047556 2.766516 -1.131430
v 0.047556 2.794546 -1.131430
v 0.047556 2.822576 -1.131430
v 0.047556 2.850605 -1.131430
v 0.047556 2.878635 -1.131430
v 0.052841 2.682426 -1.141319
v 0.052841 2.710456 -1.141319
v 0.052841 2.738486 -1.141319
v 0.052841 2.766516 -1.141319
v 0.052841 2.794546 -1.141319
v 0.052841 2.822576 -1.141319
v 0.052841 2.850605 -1.141319
v 0.052841 2.878635 -1.141319
v 0.056096 2.682426 -1.152048
v 0.056096 2.710456 -1.152048
v 0.056096 2.738486 -1.152048
v 0.056096 2.766516 -1.152048
v 0.056096 2.794546 -1.152048
v 0.056096 2.822576 -1.152048
v 0.056096 2.850605 -1.152048
v 0.056096 2.878635 -1.152048
v 0.057195 2.682426 -1.163206
v 0.057195 2.710456 -1.163206
v 0.057195 2.738486 -1.163206
v 0.057195 2.766516 -1.163206
v 0.057195 2.794546 -1.163206
v 0.057195 2.822576 -1.163206
v 0.057195 2.850605 -1.163206
v 0.057195 2.878635 -1.163206
v 0.056096 2.682426 -1.174364
v 0.056096 2.710456 -1.174364
v 0.056096 2.738486 -1.174364
v 0.056096 2.766516 -1.174364
v 0.056096 2.794546 -1.174364
v 0.056096 2.822576 -1.174364
v 0.056096 2.850605 -1.174364
v 0.056096 2.878635 -1.174364
v 0.052841 2.682426 -1.185094
v 0.052841 2.710456 -1.185094
v 0.052841 2.738486 -1.185094
v 0.052841 2.766516 -1.185094
v 0.052841 2.794546 -1.185094
v 0.052841 2.822576 -1.185094
v 0.052841 2.850605 -1.185094
v 0.052841 2.878635 -1.185094
v 0.047556 2.682426 -1.194982
v 0.047556 2.710456 -1.194982
v 0.047556 2.738486 -1.194982
v 0.047556 2.766516 -1.194982
v 0.047556 2.794546 -1.194982
v 0.047556 2.822576 -1.194982
v 0.047556 2.850605 -1.194982
v 0.047556 2.878635 -1.194982
v 0.040443 2.682426 -1.203649
v 0.040443 2.710456 -1.203649
v 0.040443 2.738486 -1.203649
v 0.040443 2.766516 -1.203649
v 0.040443 2.794546 -1.203649
v 0.040443 2.822576 -1.203649
v 0.040443 2.850605 -1.203649
v 0.040443 2.878635 -1.203649
v 0.031776 2.682426 -1.210762
v 0.031776 2.710456 -1.210762
v 0.031776 2.738486 -1.210762
v 0.031776 2.766516 -1.210762
v 0.031776 2.794546 -1.210762
v 0.031776 2.822576 -1.210762
v 0.031776 2.850605 -1.210762
v 0.031776 2.878635 -1.210762
v 0.021888 2.682426 -1.216047
v 0.021888 2.710456 -1.216047
v 0.021888 2.738486 -1.216047
v 0.021888 2.766516 -1.216047
v 0.021888 2.794546 -1.216047
v 0.021888 2.822576 -1.216047
v 0.021888 2.850605 -1.216047
v 0.021888 2.878635 -1.216047
v 0.011158 2.682426 -1.219302
v 0.011158 2.710456 -1.219302
v 0.011158 2.738486 -1.219302
v 0.011158 2.766516 -1.219302
v 0.011158 2.794546 -1.219302
v 0.011158 2.822576 -1.219302
v 0.011158 2.850605 -1.219302
v 0.011158 2.878635 -1.219302
v -0.000000 2.682426 -1.220401
v -0.000000 2.710456 -1.220401
v -0.000000 2.738486 -1.220401
v -0.000000 2.766516 -1.220401
v -0.000000 2.794546 -1.220401
v -0.000000 2.822576 -1.220401
v -0.000000 2.850605 -1.220401
v -0.000000 2.878635 -1.220401
v -0.011158 2.682426 -1.219302
v -0.011158 2.710456 -1.219302
v -0.011158 2.738486 -1.219302
v -0.011158 2.766516 -1.219302
v -0.011158 2.794546 -1.219302
v -0.011158 2.822576 -1.219302
v -0.011158 2.850605 -1.219302
v -0.011158 2.878635 -1.219302
v -0.021888 2.682426 -1.216047
v -0.021888 2.710456 -1.216047
v -0.021888 2.738486 -1.216047
v -0.021888 2.766516 -1.216047
v -0.021888 2.794546 -1.216047
v -0.021888 2.822576 -1.216047
v -0.021888 2.850605 -1.216047
v -0.021888 2.878635 -1.216047
v -0.031776 2.682426 -1.210762
v -0.031776 2.710456 -1.210762
v -0.031776 2.738486 -1.210762
v -0.031776 2.766516 -1.210762
v -0.031776 2.794546 -1.210762
v -0.031776 2.822576 -1.210762
v -0.031776 2.850605 -1.210762
v -0.031776 2.878635 -1.210762
v -0.040443 2.682426 -1.203649
v -0.040443 2.710456 -1.203649
v -0.040443 2.738486 -1.203649
v -0.040443 2.766516 -1.203649
v -0.040443 2.794546 -1.203649
v -0.040443 2.822576 -1.203649
v -0.040443 2.850605 -1.203649
v -0.040443 2.878635 -1.203649
v -0.047556 2.682426 -1.194982
v -0.047556 2.710456 -1.194982
v -0.047556 2.738486 -1.194982
v -0.047556 2.766516 -1.194982
v -0.047556 2.794546 -1.194982
v -0.047556 2.822576 -1.194982
v -0.047556 2.850605 -1.194982
v -0.047556 2.878635 -1.194982
v -0.052841 2.682426 -1.185094
v -0.052841 2.710456 -1.185094
v -0.052841 2.738486 -1.185094
v -0.052841 2.766516 -1.185094
v -0.052841 2.794546 -1.185094
v -0.052841 2.822576 -1.185094
v -0.052841 2.850605 -1.185094
v -0.052841 2.878635 -1.185094
v -0.056096 2.682426 -1.174364
v -0.056096 2.710456 -1.174364
v -0.056096 2.738486 -1.174364
v -0.056096 2.766516 -1.174364
v -0.056096 2.794546 -1.174364
v -0.056096 2.822576 -1.174364
v -0.056096 2.850605 -1.174364
v -0.056096 2.878635 -1.174364
v -0.057195 2.682426 -1.163206
v -0.057195 2.710456 -1.163206
v -0.057195 2.738486 -1.163206
v -0.057195 2.766516 -1.163206
v -0.057195 2.794546 -1.163206
v -0.057195 2.822576 -1.163206
v -0.057195 2.850605 -1.163206
v -0.057195 2.878635 -1.163206
v -0.056096 2.682426 -1.152048
v -0.056096 2.710456 -1.152048
v -0.056096 2.738486 -1.152048
v -0.056096 2.766516 -1.152048
v -0.056096 2.794546 -1.152048
v -0.056096 2.822576 -1.152048
v -0.056096 2.850605 -1.152048
v -0.056096 2.878635 -1.152048
v -0.052841 2.682426 -1.141319
v -0.052841 2.710456 -1.141319
v -0.052841 2.738486 -1.141319
v -0.052841 2.766516 -1.141319
v -0.052841 2.794546 -1.141319
v -0.052841 2.822576 -1.141319
v -0.052841 2.850605 -1.141319
v -0.052841 2.878635 -1.141319
v -0.047556 2.682426 -1.131430
v -0.047556 2.710456 -1.131430
v -0.047556 2.738486 -1.131430
v -0.047556 2.766516 -1.131430
v -0.047556 2.794546 -1.131430
v -0.047556 2.822576 -1.131430
v -0.047556 2.850605 -1.131430
v -0.047556 2.878635 -1.131430
v -0.040443 2.682426 -1.122763
v -0.040443 2.710456 -1.122763
v -0.040443 2.738486 -1.122763
v -0.040443 2.766516 -1.122763
v -0.040443 2.794546 -1.122763
v -0.040443 2.822576 -1.122763
v -0.040443 2.850605 -1.122763
v -0.040443 2.878635 -1.122763
v -0.031776 2.682426 -1.115650
v -0.031776 2.710456 -1.115650
v -0.031776 2.738486 -1.115650
v -0.031776 2.766516 -1.115650
v -0.031776 2.794546 -1.115650
v -0.031776 2.822576 -1.115650
v -0.031776 2.850605 -1.115650
v -0.031776 2.878635 -1.115650
v -0.021888 2.682426 -1.110365
v -0.021888 2.710456 -1.110365
v -0.021888 2.738486 -1.110365
v -0.021888 2.766516 -1.110365
v -0.021888 2.794546 -1.110365
v -0.021888 2.822576 -1.110365
v -0.021888 2.850605 -1.110365
v -0.021888 2.878635 -1.110365
v -0.011158 2.682426 -1.107110
v -0.011158 2.710456 -1.107110
v -0.011158 2.738486 -1.107110
v -0.011158 2.766516 -1.107110
v -0.011158 2.794546 -1.107110
v -0.011158 2.822576 -1.107110
v -0.011158 2.850605 -1.107110
v -0.011158 2.878635 -1.107110
v -0.000000 2.878635 -1.106011
v -0.000000 2.850605 -1.106011
v -0.000000 2.822576 -1.106011
v -0.000000 2.794546 -1.106011
v -0.000000 2.766516 -1.106011
v -0.000000 2.738486 -1.106011
v -0.000000 2.710456 -1.106011
v -0.000000 2.682426 -1.106011
v -0.000000 2.906665 -1.124651
v 0.007522 2.906665 -1.125392
v 0.014754 2.906665 -1.127586
v 0.021420 2.906665 -1.131149
v 0.027263 2.906665 -1.135943
v 0.032057 2.906665 -1.141786
v 0.035620 2.906665 -1.148451
v 0.037814 2.906665 -1.155684
v 0.038555 2.906665 -1.163206
v 0.037814 2.906665 -1.170728
v 0.035620 2.906665 -1.177960
v 0.032057 2.906665 -1.184626
v 0.027263 2.906665 -1.190468
v 0.021420 2.906665 -1.195263
v 0.014754 2.906665 -1.198826
v 0.007522 2.906665 -1.201020
v -0.000000 2.906665 -1.201761
v -0.007522 2.906665 -1.201020
v -0.014754 2.906665 -1.198826
v -0.021420 2.906665 -1.195263
v -0.027263 2.906665 -1.190468
v -0.032057 2.906665 -1.184626
v -0.035620 2.906665 -1.177960
v -0.037814 2.906665 -1.170728
v -0.038555 2.906665 -1.163206
v -0.037814 2.906665 -1.155684
v -0.035620 2.906665 -1.148451
v -0.032057 2.906665 -1.141786
v -0.027263 2.906665 -1.135943
v -0.021420 2.906665 -1.131149
v -0.014754 2.906665 -1.127586
v -0.007522 2.906665 -1.125392
v 0.000000 2.800854 -1.124651
v 0.007522 2.800854 -1.125392
v 0.014754 2.800854 -1.127586
v 0.021420 2.800854 -1.131149
v 0.027263 2.800854 -1.135943
v 0.032057 2.800854 -1.141786
v 0.035620 2.800854 -1.148451
v 0.037814 2.800854 -1.155684
v 0.038555 2.800854 -1.163206
v 0.037814 2.800854 -1.170728
v 0.035620 2.800854 -1.177960
v 0.032057 2.800854 -1.184626
v 0.027263 2.800854 -1.190468
v 0.021420 2.800854 -1.195263
v 0.014754 2.800854 -1.198826
v 0.007522 2.800854 -1.201020
v 0.000000 2.800854 -1.201761
v -0.007522 2.800854 -1.201020
v -0.014754 2.800854 -1.198826
v -0.021420 2.800854 -1.195263
v -0.027263 2.800854 -1.190468
v -0.032057 2.800854 -1.184626
v -0.035620 2.800854 -1.177960
v -0.037814 2.800854 -1.170728
v -0.038555 2.800854 -1.163206
v -0.037814 2.800854 -1.155684
v -0.035620 2.800854 -1.148451
v -0.032057 2.800854 -1.141786
v -0.027263 2.800854 -1.135943
v -0.021420 2.800854 -1.131149
v -0.014754 2.800854 -1.127586
v -0.007522 2.800854 -1.125392
v -0.037913 2.906665 -1.147502
v -0.040248 2.906665 -1.155200
v 0.029017 2.906665 -1.134189
v 0.022799 2.906665 -1.129085
v 0.022799 2.906665 -1.197326
v 0.029017 2.906665 -1.192223
v -0.037913 2.906665 -1.178910
v -0.034121 2.906665 -1.186005
v -0.008006 2.906665 -1.122958
v -0.015704 2.906665 -1.125293
v 0.040248 2.906665 -1.171212
v 0.041036 2.906665 -1.163206
v -0.015704 2.906665 -1.201119
v -0.008006 2.906665 -1.203454
v -0.034121 2.906665 -1.140407
v 0.034121 2.906665 -1.140407
v 0.015704 2.906665 -1.201119
v -0.040248 2.906665 -1.171212
v 0.008006 2.906665 -1.122958
v -0.000000 2.906665 -1.122169
v 0.037913 2.906665 -1.178910
v -0.022799 2.906665 -1.197326
v -0.029017 2.906665 -1.134189
v 0.037913 2.906665 -1.147502
v 0.008006 2.906665 -1.203454
v -0.041036 2.906665 -1.163206
v 0.015704 2.906665 -1.125293
v 0.034121 2.906665 -1.186005
v -0.029017 2.906665 -1.192223
v -0.022799 2.906665 -1.129085
v 0.040248 2.906665 -1.155200
v -0.000000 2.906665 -1.204242
v -0.069295 2.906665 -1.149422
v 0.039253 2.906665 -1.104460
v 0.049959 2.906665 -1.213165
v -0.058746 2.906665 -1.202459
v -0.027038 2.906665 -1.097931
v 0.070653 2.906665 -1.163206
v -0.013784 2.906665 -1.232501
v -0.000000 2.906665 -1.092553
v -0.065275 2.906665 -1.136168
v 0.049959 2.906665 -1.113247
v 0.039253 2.906665 -1.221951
v -0.065275 2.906665 -1.190244
v -0.013784 2.906665 -1.093911
v 0.069295 2.906665 -1.176990
v -0.027038 2.906665 -1.228481
v -0.058746 2.906665 -1.123953
v 0.058746 2.906665 -1.123953
v 0.027038 2.906665 -1.228481
v -0.069295 2.906665 -1.176990
v 0.013784 2.906665 -1.093911
v 0.065275 2.906665 -1.190244
v -0.039253 2.906665 -1.221951
v -0.049959 2.906665 -1.113247
v 0.065275 2.906665 -1.136168
v 0.013784 2.906665 -1.232501
v -0.070653 2.906665 -1.163206
v 0.027038 2.906665 -1.097931
v 0.058746 2.906665 -1.202459
v -0.049959 2.906665 -1.213165
v -0.039253 2.906665 -1.104460
v 0.069295 2.906665 -1.149422
v -0.000000 2.906665 -1.233859
v 0.014181 2.849204 -1.091915
v 0.027816 2.849204 -1.096051
v 0.040383 2.849204 -1.102769
v 0.051398 2.849204 -1.111808
v 0.060437 2.849204 -1.122823
v 0.067154 2.849204 -1.135390
v 0.071291 2.849204 -1.149025
v 0.072687 2.849204 -1.163206
v 0.071291 2.849204 -1.177387
v 0.067154 2.849204 -1.191022
v 0.060437 2.849204 -1.203589
v 0.051398 2.849204 -1.214604
v 0.040383 2.849204 -1.223643
v 0.027816 2.849204 -1.230360
v 0.014181 2.849204 -1.234497
v -0.000000 2.849204 -1.235893
v -0.014181 2.849204 -1.234497
v -0.027816 2.849204 -1.230360
v -0.040383 2.849204 -1.223643
v -0.051398 2.849204 -1.214604
v -0.060437 2.849204 -1.203589
v -0.067154 2.849204 -1.191022
v -0.071291 2.849204 -1.177387
v -0.072687 2.849204 -1.163206
v -0.071291 2.849204 -1.149025
v -0.067154 2.849204 -1.135390
v -0.060437 2.849204 -1.122823
v -0.051398 2.849204 -1.111808
v -0.040383 2.849204 -1.102769
v -0.027816 2.849204 -1.096051
v -0.014181 2.849204 -1.091915
v -0.000000 2.849204 -1.090518
v 0.014181 2.793144 -1.091915
v 0.027816 2.793144 -1.096051
v 0.040383 2.793144 -1.102769
v 0.051398 2.793144 -1.111808
v 0.060437 2.793144 -1.122823
v 0.067154 2.793144 -1.135390
v 0.071291 2.793144 -1.149025
v 0.072687 2.793144 -1.163206
v 0.071291 2.793144 -1.177387
v 0.067154 2.793144 -1.191022
v 0.060437 2.793144 -1.203589
v 0.051398 2.793144 -1.214604
v 0.040383 2.793144 -1.223643
v 0.027816 2.793144 -1.230360
v 0.014181 2.793144 -1.234497
v -0.000000 2.793144 -1.235893
v -0.014181 2.793144 -1.234497
v -0.027816 2.793144 -1.230360
v -0.040383 2.793144 -1.223643
v -0.051398 2.793144 -1.214604
v -0.060437 2.793144 -1.203589
v -0.067154 2.793144 -1.191022
v -0.071291 2.793144 -1.177387
v -0.072687 2.793144 -1.163206
v -0.071291 2.793144 -1.149025
v -0.067154 2.793144 -1.135390
v -0.060437 2.793144 -1.122823
v -0.051398 2.793144 -1.111808
v -0.040383 2.793144 -1.102769
v -0.027816 2.793144 -1.096051
v -0.014181 2.793144 -1.091915
v -0.000000 2.793144 -1.090518
v 0.014181 2.737084 -1.091915
v 0.027816 2.737084 -1.096051
v 0.040383 2.737084 -1.102769
v 0.051398 2.737084 -1.111808
v 0.060437 2.737084 -1.122823
v 0.067154 2.737084 -1.135390
v 0.071291 2.737084 -1.149025
v 0.072687 2.737084 -1.163206
v 0.071291 2.737084 -1.177387
v 0.067154 2.737084 -1.191022
v 0.060437 2.737084 -1.203589
v 0.051398 2.737084 -1.214604
v 0.040383 2.737084 -1.223643
v 0.027816 2.737084 -1.230360
v 0.014181 2.737084 -1.234497
v -0.000000 2.737084 -1.235893
v -0.014181 2.737084 -1.234497
v -0.027816 2.737084 -1.230360
v -0.040383 2.737084 -1.223643
v -0.051398 2.737084 -1.214604
v -0.060437 2.737084 -1.203589
v -0.067154 2.737084 -1.191022
v -0.071291 2.737084 -1.177387
v -0.072687 2.737084 -1.163206
v -0.071291 2.737084 -1.149025
v -0.067154 2.737084 -1.135390
v -0.060437 2.737084 -1.122823
v -0.051398 2.737084 -1.111808
v -0.040383 2.737084 -1.102769
v -0.027816 2.737084 -1.096051
v -0.014181 2.737084 -1.091915
v -0.000000 2.737084 -1.090518
v -0.000000 2.681025 -1.090518
v 0.014181 2.681025 -1.091915
v 0.027816 2.681025 -1.096051
v 0.040383 2.681025 -1.102769
v 0.051398 2.681025 -1.111808
v 0.060437 2.681025 -1.122823
v 0.067154 2.681025 -1.135390
v 0.071291 2.681025 -1.149025
v 0.072687 2.681025 -1.163206
v 0.071291 2.681025 -1.177387
v 0.067154 2.681025 -1.191022
v 0.060437 2.681025 -1.203589
v 0.051398 2.681025 -1.214604
v 0.040383 2.681025 -1.223643
v 0.027816 2.681025 -1.230360
v 0.014181 2.681025 -1.234497
v -0.000000 2.681025 -1.235893
v -0.014181 2.681025 -1.234497
v -0.027816 2.681025 -1.230360
v -0.040383 2.681025 -1.223643
v -0.051398 2.681025 -1.214604
v -0.060437 2.681025 -1.203589
v -0.067154 2.681025 -1.191022
v -0.071291 2.681025 -1.177387
v -0.072687 2.681025 -1.163206
v -0.071291 2.681025 -1.149025
v -0.067154 2.681025 -1.135390
v -0.060437 2.681025 -1.122823
v -0.051398 2.681025 -1.111808
v -0.040383 2.681025 -1.102769
v -0.027816 2.681025 -1.096051
v -0.014181 2.681025 -1.091915
v -0.000000 2.823907 -1.090518
v 0.014181 2.823907 -1.091915
v 0.027816 2.823907 -1.096051
v 0.040383 2.823907 -1.102769
v 0.051398 2.823907 -1.111808
v 0.060437 2.823907 -1.122823
v 0.067154 2.823907 -1.135390
v 0.071291 2.823907 -1.149025
v 0.072687 2.823907 -1.163206
v 0.071291 2.823907 -1.177387
v 0.067154 2.823907 -1.191022
v 0.060437 2.823907 -1.203589
v 0.051398 2.823907 -1.214604
v 0.040383 2.823907 -1.223643
v 0.027816 2.823907 -1.230360
v 0.014181 2.823907 -1.234497
v -0.000000 2.823907 -1.235893
v -0.014181 2.823907 -1.234497
v -0.027816 2.823907 -1.230360
v -0.040383 2.823907 -1.223643
v -0.051398 2.823907 -1.214604
v -0.060437 2.823907 -1.203589
v -0.067154 2.823907 -1.191022
v -0.071291 2.823907 -1.177387
v -0.072687 2.823907 -1.163206
v -0.071291 2.823907 -1.149025
v -0.067154 2.823907 -1.135390
v -0.060437 2.823907 -1.122823
v -0.051398 2.823907 -1.111808
v -0.040383 2.823907 -1.102769
v -0.027816 2.823907 -1.096051
v -0.014181 2.823907 -1.091915
v -0.000000 2.767847 -1.090518
v 0.014181 2.767847 -1.091915
v 0.027816 2.767847 -1.096051
v 0.040383 2.767847 -1.102769
v 0.051398 2.767847 -1.111808
v 0.060437 2.767847 -1.122823
v 0.067154 2.767847 -1.135390
v 0.071291 2.767847 -1.149025
v 0.072687 2.767847 -1.163206
v 0.071291 2.767847 -1.177387
v 0.067154 2.767847 -1.191022
v 0.060437 2.767847 -1.203589
v 0.051398 2.767847 -1.214604
v 0.040383 2.767847 -1.223643
v 0.027816 2.767847 -1.230360
v 0.014181 2.767847 -1.234497
v -0.000000 2.767847 -1.235893
v -0.014181 2.767847 -1.234497
v -0.027816 2.767847 -1.230360
v -0.040383 2.767847 -1.223643
v -0.051398 2.767847 -1.214604
v -0.060437 2.767847 -1.203589
v -0.067154 2.767847 -1.191022
v -0.071291 2.767847 -1.177387
v -0.072687 2.767847 -1.163206
v -0.071291 2.767847 -1.149025
v -0.067154 2.767847 -1.135390
v -0.060437 2.767847 -1.122823
v -0.051398 2.767847 -1.111808
v -0.040383 2.767847 -1.102769
v -0.027816 2.767847 -1.096051
v -0.014181 2.767847 -1.091915
v -0.000000 2.711788 -1.090518
v 0.014181 2.711788 -1.091915
v 0.027816 2.711788 -1.096051
v 0.040383 2.711788 -1.102769
v 0.051398 2.711788 -1.111808
v 0.060437 2.711788 -1.122823
v 0.067154 2.711788 -1.135390
v 0.071291 2.711788 -1.149025
v 0.072687 2.711788 -1.163206
v 0.071291 2.711788 -1.177387
v 0.067154 2.711788 -1.191022
v 0.060437 2.711788 -1.203589
v 0.051398 2.711788 -1.214604
v 0.040383 2.711788 -1.223643
v 0.027816 2.711788 -1.230360
v 0.014181 2.711788 -1.234497
v -0.000000 2.711788 -1.235893
v -0.014181 2.711788 -1.234497
v -0.027816 2.711788 -1.230360
v -0.040383 2.711788 -1.223643
v -0.051398 2.711788 -1.214604
v -0.060437 2.711788 -1.203589
v -0.067154 2.711788 -1.191022
v -0.071291 2.711788 -1.177387
v -0.072687 2.711788 -1.163206
v -0.071291 2.711788 -1.149025
v -0.067154 2.711788 -1.135390
v -0.060437 2.711788 -1.122823
v -0.051398 2.711788 -1.111808
v -0.040383 2.711788 -1.102769
v -0.027816 2.711788 -1.096051
v -0.014181 2.711788 -1.091915
v -0.000000 2.655728 -1.090518
v 0.014181 2.655728 -1.091915
v 0.027816 2.655728 -1.096051
v 0.040383 2.655728 -1.102769
v 0.051398 2.655728 -1.111808
v 0.060437 2.655728 -1.122823
v 0.067154 2.655728 -1.135390
v 0.071291 2.655728 -1.149025
v 0.072687 2.655728 -1.163206
v 0.071291 2.655728 -1.177387
v 0.067154 2.655728 -1.191022
v 0.060437 2.655728 -1.203589
v 0.051398 2.655728 -1.214604
v 0.040383 2.655728 -1.223643
v 0.027816 2.655728 -1.230360
v 0.014181 2.655728 -1.234497
v -0.000000 2.655728 -1.235893
v -0.014181 2.655728 -1.234497
v -0.027816 2.655728 -1.230360
v -0.040383 2.655728 -1.223643
v -0.051398 2.655728 -1.214604
v -0.060437 2.655728 -1.203589
v -0.067154 2.655728 -1.191022
v -0.071291 2.655728 -1.177387
v -0.072687 2.655728 -1.163206
v -0.071291 2.655728 -1.149025
v -0.067154 2.655728 -1.135390
v -0.060437 2.655728 -1.122823
v -0.051398 2.655728 -1.111808
v -0.040383 2.655728 -1.102769
v -0.027816 2.655728 -1.096051
v -0.014181 2.655728 -1.091915
v 0.014181 2.905263 -1.091915
v 0.027816 2.905263 -1.096051
v 0.040383 2.905263 -1.102769
v 0.051398 2.905263 -1.111808
v 0.060437 2.905263 -1.122823
v 0.067154 2.905263 -1.135390
v 0.071291 2.905263 -1.149025
v 0.072687 2.905263 -1.163206
v 0.071291 2.905263 -1.177387
v 0.067154 2.905263 -1.191022
v 0.060437 2.905263 -1.203589
v 0.051398 2.905263 -1.214604
v 0.040383 2.905263 -1.223643
v 0.027816 2.905263 -1.230360
v 0.014181 2.905263 -1.234497
v -0.000000 2.905263 -1.235893
v -0.014181 2.905263 -1.234497
v -0.027816 2.905263 -1.230360
v -0.040383 2.905263 -1.223643
v -0.051398 2.905263 -1.214604
v -0.060437 2.905263 -1.203589
v -0.067154 2.905263 -1.191022
v -0.071291 2.905263 -1.177387
v -0.072687 2.905263 -1.163206
v -0.071291 2.905263 -1.149025
v -0.067154 2.905263 -1.135390
v -0.060437 2.905263 -1.122823
v -0.051398 2.905263 -1.111808
v -0.040383 2.905263 -1.102769
v -0.027816 2.905263 -1.096051
v -0.014181 2.905263 -1.091915
v -0.000000 2.905263 -1.090518
v -0.000000 2.879966 -1.090518
v 0.014181 2.879966 -1.091915
v 0.027816 2.879966 -1.096051
v 0.040383 2.879966 -1.102769
v 0.051398 2.879966 -1.111808
v 0.060437 2.879966 -1.122823
v 0.067154 2.879966 -1.135390
v 0.071291 2.879966 -1.149025
v 0.072687 2.879966 -1.163206
v 0.071291 2.879966 -1.177387
v 0.067154 2.879966 -1.191022
v 0.060437 2.879966 -1.203589
v 0.051398 2.879966 -1.214604
v 0.040383 2.879966 -1.223643
v 0.027816 2.879966 -1.230360
v 0.014181 2.879966 -1.234497
v -0.000000 2.879966 -1.235893
v -0.014181 2.879966 -1.234497
v -0.027816 2.879966 -1.230360
v -0.040383 2.879966 -1.223643
v -0.051398 2.879966 -1.214604
v -0.060437 2.879966 -1.203589
v -0.067154 2.879966 -1.191022
v -0.071291 2.879966 -1.177387
v -0.072687 2.879966 -1.163206
v -0.071291 2.879966 -1.149025
v -0.067154 2.879966 -1.135390
v -0.060437 2.879966 -1.122823
v -0.051398 2.879966 -1.111808
v -0.040383 2.879966 -1.102769
v -0.027816 2.879966 -1.096051
v -0.014181 2.879966 -1.091915
v -0.000000 2.096446 -0.900450
v 0.000000 2.163742 -0.818375
v 0.038364 2.090131 -0.900450
v 0.040167 2.156134 -0.818375
v 0.075255 2.071429 -0.900450
v 0.078791 2.133603 -0.818375
v 0.109253 2.041059 -0.900450
v 0.114386 2.097014 -0.818375
v 0.139053 2.000187 -0.900450
v 0.145586 2.047773 -0.818375
v 0.163509 1.933444 -0.900450
v 0.171191 1.989984 -0.818375
v 0.181681 1.847519 -0.900450
v 0.190218 1.886465 -0.818375
v 0.192872 1.754285 -0.900450
v 0.201934 1.774140 -0.818375
v 0.196650 1.657325 -0.900450
v 0.205890 1.657325 -0.818375
v 0.192872 1.560365 -0.900450
v 0.201934 1.540511 -0.818375
v 0.181681 1.467132 -0.900450
v 0.190218 1.428186 -0.818375
v 0.163509 1.381207 -0.900450
v 0.171191 1.324666 -0.818375
v 0.139053 1.305893 -0.900450
v 0.145586 1.233931 -0.818375
v 0.109253 1.244085 -0.900450
v 0.114386 1.159466 -0.818375
v 0.075255 1.198157 -0.900450
v 0.078791 1.104134 -0.818375
v 0.038364 1.169875 -0.900450
v 0.040167 1.070060 -0.818375
v -0.000000 1.160325 -0.900450
v 0.000000 1.058555 -0.818375
v -0.038365 1.169875 -0.900450
v -0.040167 1.070060 -0.818375
v -0.075255 1.198157 -0.900450
v -0.078791 1.104134 -0.818375
v -0.109253 1.244085 -0.900450
v -0.114386 1.159466 -0.818375
v -0.139053 1.305893 -0.900450
v -0.145586 1.233931 -0.818375
v -0.163509 1.381207 -0.900450
v -0.171191 1.324666 -0.818375
v -0.181681 1.467132 -0.900450
v -0.190218 1.428186 -0.818375
v -0.192872 1.560365 -0.900450
v -0.201934 1.540511 -0.818375
v -0.196650 1.657325 -0.900450
v -0.205890 1.657325 -0.818375
v -0.192872 1.754285 -0.900450
v -0.201934 1.774140 -0.818375
v -0.181681 1.847519 -0.900450
v -0.190218 1.886465 -0.818375
v -0.163509 1.933444 -0.900450
v -0.171191 1.989984 -0.818375
v -0.139053 2.000187 -0.900450
v -0.145586 2.047773 -0.818375
v -0.109253 2.041059 -0.900450
v -0.114386 2.097014 -0.818375
v -0.075255 2.071429 -0.900450
v -0.078791 2.133603 -0.818375
v -0.038365 2.090131 -0.900450
v -0.040167 2.156134 -0.818375
vn -0.0000 -0.0000 -1.0000
vn -0.0000 0.0623 -0.9981
vn -0.3488 0.0550 -0.9356
vn -0.5492 -0.0251 -0.8353
vn -0.0000 0.1291 -0.9916
vn 0.3488 0.0550 -0.9356
vn 0.1296 0.1205 -0.9842
vn -0.0000 0.0852 -0.9964
vn 0.0414 0.0833 -0.9957
vn -0.0000 1.0000 -0.0000
vn -0.0000 0.6061 0.7954
vn 0.2739 0.5703 0.7744
vn 0.4315 0.9021 -0.0000
vn -0.0000 -0.0037 -1.0000
vn -0.0000 0.9031 -0.4294
vn 0.3959 0.8262 -0.4009
vn -0.0000 0.8917 -0.4527
vn 0.4843 0.7634 -0.4274
vn -0.0000 0.4741 -0.8805
vn 0.5936 0.3314 -0.7333
vn 0.5492 -0.0251 -0.8353
vn 0.7801 0.3599 -0.5117
vn 0.7467 0.1365 -0.6510
vn 0.5428 0.1272 -0.8301
vn 0.2123 0.1329 -0.9681
vn 0.0804 0.0777 -0.9937
vn 0.4858 0.4855 0.7268
vn 0.7062 0.7080 -0.0000
vn 0.6638 0.6645 -0.3432
vn 0.6985 0.5449 -0.4639
vn 0.1153 0.0691 -0.9909
vn 0.8498 0.5272 -0.0000
vn 0.8135 0.5041 -0.2901
vn 0.7197 0.4447 -0.5333
vn 0.5977 0.3679 -0.7123
vn 0.4697 0.2879 -0.8346
vn 0.3457 0.2109 -0.9144
vn 0.2279 0.1382 -0.9638
vn 0.6258 0.3873 0.6770
vn 0.5654 0.2316 -0.7916
vn 0.4257 0.1736 -0.8881
vn 0.2848 0.1155 -0.9516
vn 0.1449 0.0580 -0.9877
vn 0.7062 0.3030 0.6398
vn 0.9222 0.3866 -0.0085
vn 0.8946 0.3699 -0.2508
vn 0.8138 0.3357 -0.4744
vn 0.6985 0.2872 -0.6554
vn 0.9648 0.2629 0.0023
vn 0.9395 0.2593 -0.2240
vn 0.8698 0.2396 -0.4314
vn 0.7639 0.2099 -0.6103
vn 0.6327 0.1732 -0.7548
vn 0.4855 0.1323 -0.8641
vn 0.3293 0.0892 -0.9400
vn 0.1684 0.0450 -0.9847
vn 0.7774 0.3262 0.5377
vn 0.6766 0.1148 -0.7274
vn 0.5267 0.0890 -0.8454
vn 0.3610 0.0606 -0.9306
vn 0.4137 0.3692 0.8322
vn 0.7242 0.1881 0.6635
vn 0.9633 0.1701 0.2077
vn 0.1854 0.0307 -0.9822
vn 0.9852 0.1712 0.0060
vn 0.9644 0.1649 -0.2068
vn 0.9023 0.1541 -0.4028
vn 0.8041 0.1369 -0.5785
vn 0.9770 0.0802 -0.1973
vn 0.9192 0.0754 -0.3865
vn 0.8259 0.0675 -0.5598
vn 0.7012 0.0572 -0.7106
vn 0.5506 0.0447 -0.8336
vn 0.4375 0.1949 0.8779
vn 0.5538 0.0445 0.8315
vn 0.9190 0.0755 0.3869
vn 0.3800 0.0307 -0.9245
vn 0.9770 0.0802 0.1973
vn 0.1957 0.0156 -0.9805
vn 0.9966 0.0819 -0.0000
vn 0.5596 -0.0030 0.8287
vn 0.9246 -0.0046 0.3808
vn 0.5591 -0.0016 -0.8291
vn 0.3868 -0.0004 -0.9222
vn 0.9810 -0.0051 0.1941
vn 0.1990 0.0003 -0.9800
vn 1.0000 -0.0052 -0.0000
vn 0.9810 -0.0051 -0.1941
vn 0.9246 -0.0046 -0.3808
vn 0.8331 -0.0038 -0.5531
vn 0.7097 -0.0028 -0.7045
vn 0.9742 -0.1117 -0.1961
vn 0.9172 -0.1050 -0.3844
vn 0.8250 -0.0941 -0.5572
vn 0.7016 -0.0795 -0.7081
vn 0.5521 -0.0619 -0.8315
vn 0.5563 -0.0638 0.8285
vn 0.9172 -0.1050 0.3844
vn 0.3824 -0.0421 -0.9230
vn 0.9742 -0.1117 0.1961
vn 0.1977 -0.0214 -0.9800
vn 0.9935 -0.1140 -0.0000
vn 0.5250 -0.1299 -0.8412
vn 0.3609 -0.0893 -0.9283
vn 0.8910 -0.2205 0.3969
vn 0.9504 -0.2352 0.2034
vn 0.1835 -0.0456 -0.9820
vn 0.9707 -0.2402 -0.0000
vn 0.9504 -0.2352 -0.2034
vn 0.8910 -0.2205 -0.3969
vn 0.7964 -0.1970 -0.5718
vn 0.6722 -0.1663 -0.7214
vn 0.5267 -0.1306 0.8399
vn 0.8439 -0.3368 -0.4176
vn 0.7462 -0.2978 -0.5953
vn 0.6224 -0.2484 -0.7422
vn 0.4806 -0.1918 -0.8557
vn 0.4814 -0.1924 0.8552
vn 0.8439 -0.3368 0.4176
vn 0.3274 -0.1307 -0.9358
vn 0.9069 -0.3620 0.2156
vn 0.1646 -0.0659 -0.9842
vn 0.9288 -0.3707 -0.0000
vn 0.9069 -0.3620 -0.2156
vn 0.2812 -0.1679 -0.9448
vn 0.1397 -0.0836 -0.9867
vn 0.7894 -0.5793 0.2031
vn 0.7840 -0.6207 -0.0000
vn 0.7894 -0.5793 -0.2031
vn 0.7922 -0.4716 -0.3874
vn 0.7067 -0.3599 -0.6092
vn 0.5546 -0.3006 -0.7759
vn 0.4174 -0.2493 -0.8738
vn 0.4472 -0.2244 0.8658
vn 0.7922 -0.4716 0.3874
vn 0.5472 -0.4825 -0.6839
vn 0.4100 -0.3684 -0.8343
vn 0.3352 -0.2997 -0.8932
vn 0.4682 -0.4156 0.7798
vn 0.7532 -0.5913 0.2882
vn 0.2231 -0.1994 -0.9542
vn 0.7781 -0.6123 0.1403
vn 0.1096 -0.0982 -0.9891
vn 0.7599 -0.6500 -0.0000
vn 0.7781 -0.6123 -0.1403
vn 0.8074 -0.5201 -0.2785
vn 0.0754 -0.1090 -0.9912
vn 0.0894 -0.5228 -0.8477
vn 0.2293 -0.4884 -0.8420
vn 0.2354 -0.3395 -0.9107
vn 0.1550 -0.2235 -0.9623
vn 0.0541 -0.6083 -0.7919
vn 0.1301 -0.5891 -0.7975
vn 0.1216 -0.3653 -0.9229
vn 0.0795 -0.2386 -0.9679
vn 0.0384 -0.1156 -0.9925
vn -0.0000 -0.1179 -0.9930
vn -0.0000 -0.6454 -0.7639
vn -0.0000 -0.6296 -0.7770
vn -0.0000 -0.3742 -0.9274
vn -0.0000 -0.2438 -0.9698
vn -0.1301 -0.5891 -0.7975
vn -0.1216 -0.3653 -0.9229
vn -0.0795 -0.2386 -0.9679
vn -0.0384 -0.1156 -0.9925
vn -0.0541 -0.6083 -0.7919
vn -0.0894 -0.5228 -0.8477
vn -0.2293 -0.4884 -0.8420
vn -0.2354 -0.3395 -0.9107
vn -0.1550 -0.2235 -0.9623
vn -0.0754 -0.1090 -0.9912
vn -0.4100 -0.3684 -0.8343
vn -0.3352 -0.2997 -0.8932
vn -0.2231 -0.1994 -0.9542
vn -0.1096 -0.0982 -0.9891
vn -0.5472 -0.4825 -0.6839
vn -0.8074 -0.5201 -0.2785
vn -0.7781 -0.6123 -0.1403
vn -0.7894 -0.5793 -0.2031
vn -0.7922 -0.4716 -0.3874
vn -0.7067 -0.3599 -0.6092
vn -0.5546 -0.3006 -0.7759
vn -0.4174 -0.2493 -0.8738
vn -0.7532 -0.5913 0.2882
vn -0.4682 -0.4156 0.7798
vn -0.4472 -0.2244 0.8658
vn -0.7922 -0.4716 0.3874
vn -0.2812 -0.1679 -0.9448
vn -0.7781 -0.6123 0.1403
vn -0.7894 -0.5793 0.2031
vn -0.1397 -0.0836 -0.9867
vn -0.7599 -0.6500 -0.0000
vn -0.7840 -0.6207 -0.0000
vn -0.4806 -0.1918 -0.8557
vn -0.3274 -0.1307 -0.9358
vn -0.8439 -0.3368 0.4176
vn -0.9069 -0.3620 0.2156
vn -0.1646 -0.0659 -0.9842
vn -0.9288 -0.3707 -0.0000
vn -0.9069 -0.3620 -0.2156
vn -0.8439 -0.3368 -0.4176
vn -0.7462 -0.2978 -0.5953
vn -0.6224 -0.2484 -0.7422
vn -0.4814 -0.1924 0.8552
vn -0.8910 -0.2205 -0.3969
vn -0.7964 -0.1970 -0.5718
vn -0.6722 -0.1663 -0.7214
vn -0.5250 -0.1299 -0.8412
vn -0.5267 -0.1306 0.8399
vn -0.8910 -0.2205 0.3969
vn -0.3609 -0.0893 -0.9283
vn -0.9504 -0.2352 0.2034
vn -0.1835 -0.0456 -0.9820
vn -0.9707 -0.2402 -0.0000
vn -0.9504 -0.2352 -0.2034
vn -0.9172 -0.1050 0.3844
vn -0.9742 -0.1117 0.1961
vn -0.3824 -0.0421 -0.9230
vn -0.1977 -0.0214 -0.9800
vn -0.9935 -0.1140 -0.0000
vn -0.9742 -0.1117 -0.1961
vn -0.9172 -0.1050 -0.3844
vn -0.8250 -0.0941 -0.5572
vn -0.7016 -0.0795 -0.7081
vn -0.5521 -0.0619 -0.8315
vn -0.5563 -0.0638 0.8285
vn -0.9246 -0.0046 -0.3808
vn -0.8331 -0.0038 -0.5531
vn -0.7097 -0.0028 -0.7045
vn -0.5591 -0.0016 -0.8291
vn -0.5596 -0.0030 0.8287
vn -0.9246 -0.0046 0.3808
vn -0.3868 -0.0004 -0.9222
vn -0.9810 -0.0051 0.1941
vn -0.1990 0.0003 -0.9800
vn -1.0000 -0.0052 -0.0000
vn -0.9810 -0.0051 -0.1941
vn -0.3800 0.0307 -0.9245
vn -0.1957 0.0156 -0.9805
vn -0.9770 0.0802 0.1973
vn -0.9966 0.0819 -0.0000
vn -0.9770 0.0802 -0.1973
vn -0.9192 0.0754 -0.3865
vn -0.8259 0.0675 -0.5598
vn -0.7012 0.0572 -0.7106
vn -0.5506 0.0447 -0.8336
vn -0.5538 0.0445 0.8315
vn -0.9190 0.0755 0.3869
vn -0.8041 0.1369 -0.5785
vn -0.6766 0.1148 -0.7274
vn -0.5267 0.0890 -0.8454
vn -0.4375 0.1949 0.8779
vn -0.7242 0.1881 0.6635
vn -0.3610 0.0606 -0.9306
vn -0.9633 0.1701 0.2076
vn -0.1854 0.0307 -0.9822
vn -0.9852 0.1712 0.0060
vn -0.9644 0.1649 -0.2068
vn -0.9023 0.1541 -0.4028
vn -0.7774 0.3262 0.5377
vn -0.9648 0.2629 0.0023
vn -0.1684 0.0450 -0.9847
vn -0.9395 0.2593 -0.2240
vn -0.8698 0.2396 -0.4314
vn -0.7639 0.2099 -0.6103
vn -0.6327 0.1732 -0.7548
vn -0.4855 0.1323 -0.8641
vn 0.1805 0.1786 0.9672
vn 0.0937 0.1931 0.9767
vn 0.2115 0.4395 0.8730
vn 0.3914 0.3901 0.8334
vn -0.3293 0.0892 -0.9400
vn -0.4137 0.3692 0.8322
vn -0.6985 0.2872 -0.6554
vn -0.5654 0.2316 -0.7916
vn 0.0707 0.0060 0.9975
vn 0.0309 0.2036 0.9786
vn 0.5255 0.1601 0.8356
vn 0.4390 0.0373 0.8977
vn -0.4257 0.1736 -0.8881
vn -0.0000 0.1981 0.9802
vn -0.0937 0.1931 0.9767
vn -0.2115 0.4395 0.8730
vn -0.0000 0.4582 0.8889
vn -0.2848 0.1155 -0.9516
vn -0.0085 0.3351 0.9421
vn 0.3031 0.1350 0.9434
vn 0.6094 0.2631 0.7479
vn 0.3393 0.4253 0.8391
vn -0.1449 0.0580 -0.9877
vn -0.7062 0.3030 0.6398
vn -0.9222 0.3866 -0.0085
vn -0.3031 0.1350 0.9434
vn 0.0085 0.3351 0.9421
vn -0.3393 0.4253 0.8391
vn -0.6094 0.2631 0.7479
vn -0.8946 0.3699 -0.2508
vn 0.0586 -0.0144 0.9982
vn 0.0654 -0.0073 0.9978
vn 0.4290 -0.0484 0.9020
vn 0.4066 -0.1002 0.9081
vn -0.8138 0.3357 -0.4744
vn -0.2355 0.0396 0.9711
vn -0.0858 0.0187 0.9961
vn -0.1072 -0.2364 0.9657
vn -0.2503 -0.1804 0.9512
vn -0.0586 -0.0144 0.9982
vn -0.0506 -0.0201 0.9985
vn -0.3686 -0.1468 0.9179
vn -0.4066 -0.1002 0.9081
vn -0.1153 0.0691 -0.9909
vn -0.8498 0.5272 -0.0000
vn -0.8135 0.5041 -0.2901
vn -0.0707 0.0060 0.9975
vn -0.0697 -0.0003 0.9976
vn -0.4439 -0.0016 0.8961
vn -0.4390 0.0373 0.8977
vn -0.7197 0.4447 -0.5333
vn -0.1805 0.1786 0.9672
vn -0.3914 0.3901 0.8334
vn -0.5977 0.3679 -0.7123
vn 0.2549 0.1564 0.9542
vn 0.5260 0.3246 0.7861
vn -0.4697 0.2879 -0.8346
vn 0.1814 0.0179 0.9832
vn 0.0537 -0.0195 0.9984
vn 0.3498 -0.1725 0.9208
vn 0.2781 -0.1049 0.9548
vn -0.3457 0.2109 -0.9144
vn -0.0537 -0.0195 0.9984
vn -0.1814 0.0179 0.9832
vn -0.2781 -0.1049 0.9548
vn -0.3498 -0.1725 0.9208
vn -0.2279 0.1382 -0.9638
vn -0.2549 0.1564 0.9542
vn -0.5260 0.3246 0.7861
vn -0.6258 0.3873 0.6770
vn 0.0697 -0.0003 0.9976
vn 0.4439 -0.0016 0.8961
vn -0.7467 0.1365 -0.6510
vn -0.5428 0.1272 -0.8301
vn 0.2355 0.0396 0.9711
vn 0.2503 -0.1804 0.9512
vn -0.2123 0.1329 -0.9681
vn 0.0580 0.2863 0.9564
vn -0.5780 0.2566 0.7746
vn -0.0804 0.0777 -0.9937
vn -0.4858 0.4855 0.7268
vn -0.7062 0.7080 -0.0000
vn -0.0654 -0.0073 0.9978
vn -0.4290 -0.0484 0.9020
vn -0.6638 0.6645 -0.3432
vn 0.0858 0.0187 0.9961
vn 0.1072 -0.2364 0.9657
vn -0.6985 0.5449 -0.4639
vn 0.1189 0.2270 0.9666
vn 0.4313 0.2401 0.8697
vn -0.7801 0.3599 -0.5117
vn 0.0506 -0.0201 0.9985
vn 0.3686 -0.1468 0.9179
vn -0.0309 0.2036 0.9786
vn -0.5255 0.1601 0.8356
vn -0.3959 0.8262 -0.4009
vn -0.4843 0.7634 -0.4274
vn -0.0580 0.2863 0.9564
vn 0.5780 0.2566 0.7746
vn -0.5936 0.3314 -0.7333
vn -0.1189 0.2270 0.9666
vn -0.4313 0.2401 0.8697
vn -0.1296 0.1205 -0.9842
vn -0.0000 0.0103 0.9999
vn -0.0000 -0.2632 0.9647
vn -0.0414 0.0833 -0.9957
vn -0.2739 0.5703 0.7744
vn -0.4315 0.9021 -0.0000
vn -0.6191 -0.7662 0.1721
vn -0.3283 -0.8819 0.3382
vn 0.6924 -0.7176 -0.0749
vn 0.6688 -0.7280 -0.1506
vn 0.2238 -0.3638 0.9042
vn 0.0786 -0.9015 0.4255
vn 0.3283 -0.8819 0.3382
vn 0.7001 -0.7141 -0.0000
vn -0.2238 -0.3638 0.9042
vn -0.0786 -0.9015 0.4255
vn -0.4015 -0.7213 -0.5643
vn -0.6688 -0.7280 -0.1506
vn -0.0781 -0.3849 0.9196
vn -0.0099 -0.9208 0.3899
vn 0.0781 -0.3849 0.9196
vn -0.0000 -0.4104 0.9119
vn -0.0000 -0.9261 0.3774
vn 0.0099 -0.9208 0.3899
vn 0.6924 -0.7176 0.0749
vn -0.6924 -0.7176 -0.0749
vn 0.6191 -0.7662 0.1721
vn -0.0000 -0.7213 -0.6926
vn -0.7001 -0.7141 -0.0000
vn 0.4015 -0.7213 -0.5643
vn -0.6924 -0.7176 0.0749
vn -0.1814 -0.9832 0.0186
vn -0.1805 -0.9822 0.0513
vn -0.0000 -0.9840 -0.1782
vn -0.1089 -0.9810 -0.1606
vn 0.1814 -0.9832 -0.0186
vn 0.1730 -0.9842 -0.0371
vn -0.1476 -0.9684 0.2013
vn -0.0000 -0.9840 0.1782
vn 0.0130 -0.9825 0.1860
vn 0.1842 -0.9829 -0.0000
vn 0.1089 -0.9810 -0.1606
vn 0.1814 -0.9832 0.0186
vn -0.0130 -0.9825 0.1860
vn -0.1730 -0.9842 -0.0371
vn 0.1805 -0.9822 0.0513
vn -0.1814 -0.9832 -0.0186
vn 0.1476 -0.9684 0.2013
vn -0.1842 -0.9829 -0.0000
vn -0.0000 -1.0000 -0.0000
vn -0.0000 0.7103 0.7039
vn -0.0000 0.5300 0.8480
vn 0.2449 0.5063 0.8268
vn 0.3205 0.6660 0.6736
vn -0.0000 0.0852 0.9964
vn -0.0000 -0.0037 1.0000
vn 0.0414 0.0833 0.9957
vn -0.0000 0.1718 0.9851
vn 0.0824 0.1678 0.9824
vn -0.0000 0.2693 0.9631
vn 0.1280 0.2620 0.9565
vn -0.0000 0.3854 0.9227
vn 0.1810 0.3725 0.9102
vn 0.3413 0.3373 0.8774
vn 0.4489 0.4457 0.7745
vn 0.5636 0.5622 0.6052
vn 0.0804 0.0777 0.9937
vn 0.1597 0.1561 0.9747
vn 0.2455 0.2415 0.9388
vn 0.1153 0.0691 0.9909
vn 0.2279 0.1382 0.9638
vn 0.3457 0.2109 0.9144
vn 0.4697 0.2879 0.8346
vn 0.5977 0.3679 0.7123
vn 0.7197 0.4447 0.5333
vn 0.5654 0.2316 0.7916
vn 0.6985 0.2872 0.6554
vn 0.8070 0.3386 0.4838
vn 0.1449 0.0580 0.9877
vn 0.2848 0.1155 0.9516
vn 0.4257 0.1736 0.8881
vn 0.1684 0.0450 0.9847
vn 0.3293 0.0892 0.9400
vn 0.4855 0.1323 0.8641
vn 0.6450 0.1691 0.7453
vn 0.7676 0.1993 0.6091
vn 0.1854 0.0307 0.9822
vn 0.3610 0.0606 0.9306
vn 0.5267 0.0890 0.8454
vn 0.6859 0.1182 0.7180
vn 0.1957 0.0156 0.9805
vn 0.3800 0.0307 0.9245
vn 0.5506 0.0447 0.8336
vn 0.7014 0.0574 0.7104
vn 0.1990 0.0003 0.9800
vn 0.3868 -0.0004 0.9222
vn 0.5591 -0.0016 0.8291
vn 0.7097 -0.0028 0.7045
vn 0.3824 -0.0421 0.9230
vn 0.5521 -0.0619 0.8315
vn 0.7016 -0.0795 0.7081
vn 0.1977 -0.0214 0.9800
vn 0.1835 -0.0456 0.9820
vn 0.3609 -0.0893 0.9283
vn 0.5250 -0.1299 0.8412
vn 0.6722 -0.1663 0.7214
vn 0.4806 -0.1918 0.8557
vn 0.6224 -0.2484 0.7422
vn 0.1646 -0.0659 0.9842
vn 0.3274 -0.1307 0.9358
vn 0.1397 -0.0836 0.9867
vn 0.2812 -0.1679 0.9448
vn 0.4174 -0.2493 0.8738
vn 0.5546 -0.3006 0.7759
vn 0.3352 -0.2997 0.8932
vn 0.4303 -0.3448 0.8343
vn 0.1096 -0.0982 0.9891
vn 0.2231 -0.1994 0.9542
vn 0.0754 -0.1090 0.9912
vn 0.1550 -0.2235 0.9623
vn 0.2354 -0.3395 0.9107
vn 0.2615 -0.4118 0.8729
vn 0.1292 -0.4800 0.8677
vn 0.0384 -0.1156 0.9925
vn 0.0795 -0.2386 0.9679
vn 0.1216 -0.3653 0.9229
vn -0.0000 -0.1179 0.9930
vn -0.0000 -0.2438 0.9698
vn -0.0000 -0.3742 0.9274
vn -0.0000 -0.5125 0.8587
vn -0.1292 -0.4800 0.8677
vn -0.0384 -0.1156 0.9925
vn -0.0795 -0.2386 0.9679
vn -0.1216 -0.3653 0.9229
vn -0.0754 -0.1090 0.9912
vn -0.1550 -0.2235 0.9623
vn -0.2354 -0.3395 0.9107
vn -0.2615 -0.4118 0.8729
vn -0.1096 -0.0982 0.9891
vn -0.2231 -0.1994 0.9542
vn -0.3352 -0.2997 0.8932
vn -0.4303 -0.3448 0.8343
vn -0.2812 -0.1679 0.9448
vn -0.4174 -0.2493 0.8738
vn -0.5546 -0.3005 0.7759
vn -0.1397 -0.0836 0.9867
vn -0.1646 -0.0659 0.9842
vn -0.3274 -0.1307 0.9358
vn -0.4806 -0.1918 0.8557
vn -0.6224 -0.2484 0.7422
vn -0.3609 -0.0893 0.9283
vn -0.5250 -0.1299 0.8412
vn -0.6722 -0.1663 0.7214
vn -0.1835 -0.0456 0.9820
vn -0.1977 -0.0214 0.9800
vn -0.3824 -0.0421 0.9230
vn -0.5521 -0.0619 0.8315
vn -0.7016 -0.0795 0.7081
vn -0.5591 -0.0016 0.8291
vn -0.7097 -0.0028 0.7045
vn -0.1990 0.0003 0.9800
vn -0.3868 -0.0004 0.9222
vn -0.1957 0.0156 0.9805
vn -0.3800 0.0307 0.9245
vn -0.5506 0.0447 0.8336
vn -0.7014 0.0574 0.7104
vn -0.5267 0.0890 0.8454
vn -0.6859 0.1182 0.7180
vn -0.1854 0.0307 0.9822
vn -0.3610 0.0606 0.9306
vn -0.1684 0.0450 0.9847
vn -0.3293 0.0892 0.9400
vn -0.4855 0.1323 0.8641
vn -0.6450 0.1691 0.7453
vn -0.7676 0.1993 0.6091
vn -0.5654 0.2316 0.7916
vn -0.6985 0.2872 0.6554
vn -0.8070 0.3386 0.4838
vn -0.1449 0.0580 0.9877
vn -0.2848 0.1155 0.9516
vn -0.4257 0.1736 0.8881
vn -0.1153 0.0691 0.9909
vn -0.2279 0.1382 0.9638
vn -0.3457 0.2109 0.9144
vn -0.4697 0.2879 0.8346
vn -0.5977 0.3679 0.7123
vn -0.7197 0.4447 0.5333
vn -0.4489 0.4457 0.7745
vn -0.5636 0.5622 0.6052
vn -0.0804 0.0777 0.9937
vn -0.1597 0.1561 0.9747
vn -0.2455 0.2415 0.9388
vn -0.3413 0.3373 0.8774
vn -0.0414 0.0833 0.9957
vn -0.0824 0.1678 0.9824
vn -0.1280 0.2620 0.9565
vn -0.1810 0.3725 0.9102
vn -0.2449 0.5063 0.8268
vn -0.3205 0.6660 0.6736
vn -0.0000 -0.0000 1.0000
vn -0.0000 0.8302 -0.5574
vn -0.0000 0.9233 -0.3841
vn 0.1819 0.9052 -0.3841
vn 0.1634 0.8140 -0.5574
vn -0.0000 0.7052 -0.7090
vn 0.1386 0.6915 -0.7089
vn -0.0000 0.5533 -0.8330
vn 0.1084 0.5427 -0.8329
vn -0.0000 0.3810 -0.9246
vn 0.0741 0.3739 -0.9245
vn -0.0000 0.1955 -0.9807
vn 0.0372 0.1921 -0.9807
vn -0.0000 0.5044 0.8635
vn 0.0995 0.4993 0.8607
vn 0.1970 0.9804 -0.0000
vn -0.0000 0.9806 -0.1959
vn 0.1932 0.9614 -0.1958
vn 0.3863 0.9224 -0.0000
vn 0.3788 0.9046 -0.1958
vn 0.3565 0.8518 -0.3840
vn 0.3204 0.7661 -0.5572
vn 0.2718 0.6511 -0.7087
vn 0.2127 0.5114 -0.8326
vn 0.1456 0.3529 -0.9243
vn 0.0735 0.1819 -0.9806
vn 0.2008 0.4834 0.8521
vn 0.3944 0.5856 -0.7082
vn 0.3089 0.4607 -0.8321
vn 0.2119 0.3187 -0.9239
vn 0.1077 0.1652 -0.9804
vn 0.3048 0.4546 0.8369
vn 0.5602 0.8284 -0.0000
vn 0.5493 0.8124 -0.1957
vn 0.5171 0.7651 -0.3837
vn 0.4647 0.6885 -0.5568
vn 0.6982 0.6888 -0.1954
vn 0.6573 0.6490 -0.3832
vn 0.5909 0.5845 -0.5561
vn 0.5018 0.4978 -0.7074
vn 0.3937 0.3925 -0.8313
vn 0.2709 0.2725 -0.9232
vn 0.1386 0.1421 -0.9801
vn 0.4113 0.4095 0.8143
vn 0.7120 0.7022 -0.0000
vn 0.4640 0.3093 -0.8301
vn 0.3205 0.2155 -0.9224
vn 0.1652 0.1132 -0.9797
vn 0.5167 0.3433 0.7843
vn 0.8356 0.5493 -0.0000
vn 0.8195 0.5389 -0.1949
vn 0.7717 0.5082 -0.3823
vn 0.6943 0.4583 -0.5549
vn 0.5903 0.3912 -0.7061
vn 0.8562 0.3488 -0.3811
vn 0.7711 0.3151 -0.5533
vn 0.6566 0.2696 -0.7044
vn 0.5173 0.2138 -0.8286
vn 0.3585 0.1496 -0.9215
vn 0.1862 0.0792 -0.9793
vn 0.6119 0.2515 0.7499
vn 0.9265 0.3764 -0.0000
vn 0.9087 0.3694 -0.1943
vn 0.3829 0.0768 -0.9206
vn 0.2000 0.0409 -0.9790
vn 0.6809 0.1341 0.7200
vn 0.9816 0.1909 -0.0000
vn 0.9630 0.1875 -0.1935
vn 0.9080 0.1772 -0.3797
vn 0.8185 0.1604 -0.5517
vn 0.6980 0.1376 -0.7028
vn 0.5510 0.1094 -0.8273
vn 0.9253 -0.0000 -0.3791
vn 0.8346 -0.0000 -0.5509
vn 0.7121 -0.0000 -0.7021
vn 0.5625 -0.0000 -0.8268
vn 0.3913 -0.0000 -0.9203
vn 0.2049 -0.0000 -0.9788
vn 0.7065 -0.0000 0.7077
vn 1.0000 -0.0000 -0.0000
vn 0.9812 -0.0000 -0.1932
vn 0.3829 -0.0768 -0.9206
vn 0.2000 -0.0409 -0.9790
vn 0.6809 -0.1341 0.7200
vn 0.9816 -0.1909 -0.0000
vn 0.9630 -0.1875 -0.1935
vn 0.9080 -0.1772 -0.3797
vn 0.8185 -0.1604 -0.5517
vn 0.6980 -0.1376 -0.7028
vn 0.5510 -0.1094 -0.8273
vn 0.7711 -0.3151 -0.5533
vn 0.6566 -0.2696 -0.7044
vn 0.5173 -0.2138 -0.8286
vn 0.3585 -0.1496 -0.9215
vn 0.1862 -0.0792 -0.9793
vn 0.6119 -0.2515 0.7499
vn 0.9265 -0.3764 -0.0000
vn 0.9087 -0.3694 -0.1943
vn 0.8562 -0.3488 -0.3811
vn 0.5167 -0.3433 0.7843
vn 0.8356 -0.5493 -0.0000
vn 0.1652 -0.1132 -0.9797
vn 0.8195 -0.5389 -0.1949
vn 0.7717 -0.5082 -0.3823
vn 0.6943 -0.4583 -0.5549
vn 0.5903 -0.3912 -0.7061
vn 0.4640 -0.3093 -0.8301
vn 0.3205 -0.2155 -0.9224
vn 0.5909 -0.5845 -0.5561
vn 0.5018 -0.4978 -0.7074
vn 0.3937 -0.3925 -0.8313
vn 0.2709 -0.2725 -0.9232
vn 0.1386 -0.1421 -0.9801
vn 0.4113 -0.4095 0.8143
vn 0.7120 -0.7022 -0.0000
vn 0.6982 -0.6888 -0.1954
vn 0.6573 -0.6490 -0.3832
vn 0.1077 -0.1652 -0.9804
vn 0.5602 -0.8284 -0.0000
vn 0.5493 -0.8124 -0.1957
vn 0.5171 -0.7651 -0.3837
vn 0.4647 -0.6885 -0.5568
vn 0.3944 -0.5856 -0.7082
vn 0.3089 -0.4607 -0.8321
vn 0.2119 -0.3187 -0.9239
vn 0.3048 -0.4546 0.8369
vn 0.2718 -0.6511 -0.7087
vn 0.2127 -0.5114 -0.8326
vn 0.1456 -0.3529 -0.9243
vn 0.0735 -0.1819 -0.9806
vn 0.2008 -0.4834 0.8521
vn 0.3863 -0.9224 -0.0000
vn 0.3788 -0.9046 -0.1958
vn 0.3565 -0.8518 -0.3840
vn 0.3204 -0.7661 -0.5572
vn 0.1932 -0.9614 -0.1958
vn 0.1819 -0.9052 -0.3841
vn 0.1634 -0.8140 -0.5574
vn 0.1386 -0.6915 -0.7089
vn 0.1084 -0.5427 -0.8329
vn 0.0741 -0.3739 -0.9245
vn 0.0373 -0.1921 -0.9807
vn 0.0995 -0.4993 0.8607
vn 0.1970 -0.9804 -0.0000
vn -0.0000 -0.5533 -0.8330
vn -0.0000 -0.3810 -0.9246
vn -0.0000 -0.1955 -0.9807
vn -0.0000 -0.5044 0.8635
vn -0.0000 -0.9806 -0.1959
vn -0.0000 -0.9233 -0.3841
vn -0.0000 -0.8302 -0.5574
vn -0.0000 -0.7052 -0.7090
vn -0.1932 -0.9614 -0.1958
vn -0.1819 -0.9052 -0.3841
vn -0.1634 -0.8140 -0.5574
vn -0.1386 -0.6915 -0.7089
vn -0.1084 -0.5427 -0.8329
vn -0.0741 -0.3739 -0.9245
vn -0.0373 -0.1921 -0.9807
vn -0.0995 -0.4993 0.8607
vn -0.1970 -0.9804 -0.0000
vn -0.2127 -0.5114 -0.8326
vn -0.1456 -0.3529 -0.9243
vn -0.0735 -0.1819 -0.9806
vn -0.2008 -0.4834 0.8521
vn -0.3863 -0.9224 -0.0000
vn -0.3788 -0.9046 -0.1958
vn -0.3565 -0.8518 -0.3840
vn -0.3204 -0.7661 -0.5572
vn -0.2718 -0.6511 -0.7087
vn -0.5171 -0.7651 -0.3837
vn -0.4647 -0.6885 -0.5568
vn -0.3944 -0.5856 -0.7082
vn -0.3089 -0.4607 -0.8321
vn -0.2119 -0.3187 -0.9239
vn -0.1077 -0.1652 -0.9804
vn -0.3048 -0.4546 0.8369
vn -0.5602 -0.8283 -0.0000
vn -0.5493 -0.8124 -0.1957
vn -0.2709 -0.2725 -0.9232
vn -0.1386 -0.1421 -0.9801
vn -0.4113 -0.4095 0.8143
vn -0.7120 -0.7022 -0.0000
vn -0.6982 -0.6888 -0.1954
vn -0.6573 -0.6490 -0.3832
vn -0.5909 -0.5845 -0.5561
vn -0.5018 -0.4978 -0.7074
vn -0.3937 -0.3925 -0.8313
vn -0.7717 -0.5082 -0.3823
vn -0.6943 -0.4583 -0.5549
vn -0.5903 -0.3912 -0.7061
vn -0.4640 -0.3093 -0.8301
vn -0.3205 -0.2155 -0.9224
vn -0.1652 -0.1132 -0.9797
vn -0.5167 -0.3433 0.7843
vn -0.8356 -0.5493 -0.0000
vn -0.8195 -0.5389 -0.1949
vn -0.3585 -0.1496 -0.9215
vn -0.1862 -0.0792 -0.9793
vn -0.6119 -0.2515 0.7499
vn -0.9265 -0.3764 -0.0000
vn -0.9087 -0.3694 -0.1943
vn -0.8562 -0.3488 -0.3811
vn -0.7711 -0.3151 -0.5533
vn -0.6566 -0.2696 -0.7044
vn -0.5173 -0.2138 -0.8286
vn -0.8185 -0.1604 -0.5517
vn -0.6980 -0.1376 -0.7028
vn -0.5510 -0.1094 -0.8273
vn -0.3829 -0.0768 -0.9206
vn -0.2000 -0.0409 -0.9790
vn -0.6809 -0.1341 0.7200
vn -0.9816 -0.1909 -0.0000
vn -0.9630 -0.1875 -0.1935
vn -0.9080 -0.1772 -0.3797
vn -0.2049 -0.0000 -0.9788
vn -1.0000 -0.0000 -0.0000
vn -0.9812 -0.0000 -0.1932
vn -0.9253 -0.0000 -0.3791
vn -0.8346 -0.0000 -0.5509
vn -0.7121 -0.0000 -0.7021
vn -0.5625 -0.0000 -0.8268
vn -0.3913 -0.0000 -0.9203
vn -0.7065 -0.0000 0.7077
vn -0.6980 0.1376 -0.7028
vn -0.5510 0.1094 -0.8273
vn -0.3829 0.0768 -0.9206
vn -0.2000 0.0409 -0.9790
vn -0.6809 0.1341 0.7200
vn -0.9816 0.1909 -0.0000
vn -0.9630 0.1875 -0.1935
vn -0.9080 0.1772 -0.3797
vn -0.8185 0.1604 -0.5517
vn -0.9265 0.3764 -0.0000
vn -0.9087 0.3694 -0.1943
vn -0.8562 0.3488 -0.3811
vn -0.7711 0.3151 -0.5533
vn -0.6566 0.2696 -0.7044
vn -0.5173 0.2138 -0.8286
vn -0.3585 0.1496 -0.9215
vn -0.1862 0.0792 -0.9793
vn -0.6119 0.2515 0.7499
vn -0.5903 0.3912 -0.7061
vn -0.4640 0.3093 -0.8301
vn -0.3205 0.2155 -0.9224
vn -0.1652 0.1132 -0.9797
vn -0.5167 0.3433 0.7843
vn -0.8356 0.5493 -0.0000
vn -0.8195 0.5389 -0.1949
vn -0.7717 0.5082 -0.3823
vn -0.6943 0.4583 -0.5549
vn -0.6982 0.6888 -0.1954
vn -0.6573 0.6490 -0.3832
vn -0.5909 0.5845 -0.5561
vn -0.5018 0.4978 -0.7074
vn -0.3937 0.3925 -0.8313
vn -0.2709 0.2725 -0.9232
vn -0.1386 0.1421 -0.9801
vn -0.4113 0.4095 0.8143
vn -0.7120 0.7022 -0.0000
vn -0.3089 0.4607 -0.8321
vn -0.2119 0.3187 -0.9239
vn -0.1077 0.1652 -0.9804
vn -0.3048 0.4546 0.8369
vn -0.5602 0.8284 -0.0000
vn -0.5493 0.8124 -0.1957
vn -0.5171 0.7651 -0.3837
vn -0.4647 0.6885 -0.5568
vn -0.3944 0.5856 -0.7082
vn -0.3788 0.9046 -0.1958
vn -0.3565 0.8518 -0.3840
vn -0.3204 0.7661 -0.5572
vn -0.2718 0.6511 -0.7087
vn -0.2127 0.5114 -0.8326
vn -0.1456 0.3529 -0.9243
vn -0.0735 0.1819 -0.9806
vn -0.2008 0.4834 0.8521
vn -0.3863 0.9224 -0.0000
vn -0.1084 0.5427 -0.8329
vn -0.0741 0.3739 -0.9245
vn -0.0372 0.1921 -0.9807
vn -0.0996 0.4993 0.8607
vn -0.1970 0.9804 -0.0000
vn -0.1932 0.9614 -0.1958
vn -0.1819 0.9052 -0.3841
vn -0.1634 0.8140 -0.5574
vn -0.1386 0.6915 -0.7089
vn 0.8501 0.5266 -0.0000
vn 0.8469 0.5214 -0.1044
vn -0.0000 0.9805 -0.1963
vn 0.8370 0.5050 -0.2106
vn -0.0000 0.9229 -0.3849
vn 0.8196 0.4752 -0.3200
vn -0.0000 0.8295 -0.5585
vn 0.7937 0.4281 -0.4321
vn -0.0000 0.7039 -0.7103
vn 0.7593 0.3587 -0.5429
vn -0.0000 0.5513 -0.8343
vn 0.7200 0.2625 -0.6424
vn -0.0000 0.3782 -0.9257
vn 0.6861 0.1397 -0.7140
vn -0.0000 0.1921 -0.9814
vn 0.6723 -0.0000 -0.7403
vn 0.6861 -0.1397 -0.7140
vn -0.0000 -0.1921 -0.9814
vn 0.7200 -0.2625 -0.6424
vn -0.0000 -0.3782 -0.9257
vn 0.7593 -0.3587 -0.5429
vn -0.0000 -0.5513 -0.8343
vn 0.7937 -0.4281 -0.4321
vn -0.0000 -0.7039 -0.7103
vn 0.8196 -0.4752 -0.3200
vn -0.0000 -0.8295 -0.5585
vn 0.8370 -0.5050 -0.2106
vn -0.0000 -0.9229 -0.3849
vn 0.8469 -0.5214 -0.1044
vn -0.0000 -0.9805 -0.1963
vn 0.8501 -0.5266 -0.0000
vn 0.8469 -0.5214 0.1044
vn -0.0000 -0.9805 0.1963
vn 0.8370 -0.5050 0.2106
vn -0.0000 -0.9229 0.3849
vn 0.8196 -0.4752 0.3200
vn -0.0000 -0.8295 0.5585
vn 0.7937 -0.4281 0.4321
vn -0.0000 -0.7039 0.7103
vn 0.7593 -0.3587 0.5429
vn -0.0000 -0.5513 0.8343
vn 0.7200 -0.2625 0.6424
vn -0.0000 -0.3782 0.9257
vn 0.6861 -0.1398 0.7140
vn -0.0000 -0.1921 0.9814
vn 0.6723 -0.0000 0.7403
vn 0.6861 0.1397 0.7140
vn -0.0000 0.1921 0.9814
vn 0.7200 0.2625 0.6424
vn -0.0000 0.3782 0.9257
vn 0.7593 0.3587 0.5429
vn -0.0000 0.5513 0.8343
vn 0.7937 0.4281 0.4321
vn -0.0000 0.7039 0.7103
vn 0.8196 0.4752 0.3200
vn -0.0000 0.8295 0.5585
vn 0.8370 0.5050 0.2106
vn -0.0000 0.9229 0.3849
vn 0.8481 0.4393 0.2962
vn 0.8608 0.4697 0.1961
vn 0.8469 0.5214 0.1044
vn -0.0000 0.9805 0.1963
vn -0.7200 -0.2625 0.6424
vn -0.6861 -0.1398 0.7140
vn -0.7625 0.1241 -0.6350
vn -0.7822 0.2353 -0.5768
vn 0.7456 -0.0000 0.6664
vn 0.7537 0.1262 0.6449
vn 0.8005 -0.3304 -0.5001
vn 0.8245 -0.3982 -0.4019
vn -0.7746 0.2392 0.5855
vn -0.7537 0.1262 0.6449
vn -0.8436 -0.4454 -0.2999
vn -0.8245 -0.3982 -0.4019
vn 0.7746 0.2392 0.5855
vn 0.8436 -0.4454 -0.2999
vn -0.8005 0.3304 0.5001
vn -0.8568 -0.4759 -0.1985
vn -0.8645 0.4929 -0.0987
vn -0.8670 0.4983 -0.0000
vn 0.8005 0.3304 0.5001
vn 0.8568 -0.4759 -0.1985
vn 0.8670 0.4983 -0.0000
vn 0.8645 0.4929 -0.0987
vn -0.8245 0.3982 0.4019
vn -0.8645 -0.4929 -0.0987
vn -0.8568 0.4759 -0.1985
vn 0.8245 0.3982 0.4019
vn 0.8645 -0.4929 -0.0987
vn 0.8568 0.4759 -0.1985
vn -0.8436 0.4454 0.2999
vn -0.8670 -0.4983 -0.0000
vn -0.8436 0.4454 -0.2999
vn 0.8436 0.4454 0.2999
vn 0.6861 -0.1398 -0.7140
vn 0.8670 -0.4983 -0.0000
vn 0.8436 0.4454 -0.2999
vn -0.8568 0.4759 0.1985
vn -0.8645 -0.4929 0.0987
vn -0.8245 0.3982 -0.4019
vn 0.8568 0.4759 0.1985
vn 0.8645 -0.4929 0.0987
vn 0.8245 0.3982 -0.4019
vn -0.8645 0.4929 0.0987
vn -0.8568 -0.4759 0.1985
vn 0.8645 0.4929 0.0987
vn -0.7456 -0.0000 0.6664
vn 0.7537 -0.1262 0.6449
vn -0.7537 -0.1262 0.6449
vn 0.7746 -0.2392 0.5855
vn -0.7746 -0.2392 0.5855
vn 0.8005 -0.3304 0.5001
vn -0.8005 -0.3304 0.5001
vn 0.8245 -0.3982 0.4019
vn -0.8246 -0.3982 0.4019
vn 0.8436 -0.4454 0.2999
vn -0.8436 -0.4454 0.2999
vn 0.8568 -0.4759 0.1985
vn -0.8005 -0.3304 -0.5001
vn 0.7746 -0.2392 -0.5855
vn -0.7746 -0.2392 -0.5855
vn 0.7537 -0.1262 -0.6449
vn -0.7537 -0.1262 -0.6449
vn 0.7456 -0.0000 -0.6664
vn -0.7456 -0.0000 -0.6664
vn 0.7537 0.1262 -0.6449
vn -0.7537 0.1262 -0.6449
vn 0.7746 0.2392 -0.5855
vn -0.7746 0.2392 -0.5855
vn 0.8005 0.3304 -0.5001
vn -0.8005 0.3304 -0.5001
vn -0.7937 0.4281 -0.4321
vn -0.7593 0.3587 -0.5429
vn -0.8469 0.5214 0.1044
vn -0.8501 0.5266 -0.0000
vn -0.8370 -0.5050 0.2106
vn -0.8196 -0.4752 0.3200
vn -0.7200 0.2625 -0.6424
vn -0.7937 -0.4281 0.4321
vn -0.6861 0.1397 -0.7140
vn -0.7593 -0.3587 0.5429
vn -0.6723 -0.0000 -0.7403
vn -0.6861 -0.1397 -0.7140
vn -0.7200 -0.2625 -0.6424
vn -0.6723 -0.0000 0.7403
vn -0.7593 -0.3587 -0.5429
vn -0.6861 0.1397 0.7140
vn -0.7937 -0.4281 -0.4321
vn -0.8469 -0.5214 0.1044
vn -0.8370 0.5050 0.2106
vn -0.8196 0.4752 -0.3200
vn -0.8501 -0.5266 -0.0000
vn -0.8196 0.4752 0.3200
vn -0.8370 0.5050 -0.2106
vn -0.8469 -0.5214 -0.1044
vn -0.7937 0.4281 0.4321
vn -0.8469 0.5214 -0.1044
vn -0.8370 -0.5050 -0.2106
vn -0.7593 0.3587 0.5429
vn -0.8196 -0.4752 -0.3200
vn -0.7200 0.2625 0.6424
vn -0.6861 0.1398 -0.7140
vn -0.6861 -0.1398 -0.7140
vn -0.6861 0.1398 0.7140
vn 0.8298 0.3925 -0.3966
vn 0.8481 0.4393 -0.2962
vn 0.8247 0.4693 -0.3156
vn 0.7998 0.4228 -0.4261
vn -0.7822 -0.2353 0.5768
vn -0.7625 -0.1241 0.6350
vn -0.6960 -0.1382 0.7046
vn -0.7288 -0.2594 0.6337
vn -0.8706 -0.4920 -0.0000
vn -0.8682 -0.4866 -0.0975
vn 0.7822 0.2353 -0.5768
vn 0.7625 0.1241 -0.6350
vn -0.8068 -0.3254 0.4931
vn 0.8682 -0.4866 -0.0975
vn 0.8706 -0.4920 -0.0000
vn -0.8682 0.4866 0.0975
vn -0.8608 0.4697 0.1961
vn 0.8068 -0.3254 0.4931
vn 0.7822 -0.2353 0.5768
vn -0.7549 -0.0000 -0.6559
vn 0.8682 0.4866 0.0975
vn 0.7549 -0.0000 -0.6559
vn -0.8706 0.4920 -0.0000
vn 0.7625 -0.1241 0.6350
vn -0.7625 -0.1241 -0.6350
vn 0.8706 0.4920 -0.0000
vn 0.7625 -0.1241 -0.6350
vn -0.7549 -0.0000 0.6559
vn -0.8682 0.4866 -0.0975
vn 0.7549 -0.0000 0.6559
vn -0.7822 -0.2353 -0.5768
vn 0.8682 0.4866 -0.0975
vn 0.7822 -0.2353 -0.5768
vn -0.7625 0.1241 0.6350
vn -0.8608 0.4697 -0.1961
vn 0.7625 0.1241 0.6350
vn -0.8682 -0.4866 0.0975
vn -0.8068 -0.3254 -0.4931
vn 0.8608 0.4697 -0.1961
vn 0.8682 -0.4866 0.0975
vn 0.8068 -0.3254 -0.4931
vn -0.7822 0.2353 0.5768
vn -0.8481 0.4393 -0.2962
vn 0.7822 0.2353 0.5768
vn -0.8298 -0.3925 -0.3966
vn -0.8608 -0.4697 0.1961
vn 0.8298 -0.3925 -0.3966
vn -0.8068 0.3254 0.4931
vn 0.8608 -0.4697 0.1961
vn -0.8298 0.3925 -0.3966
vn 0.8068 0.3254 0.4931
vn -0.8481 -0.4393 -0.2962
vn -0.8481 -0.4393 0.2962
vn 0.8481 -0.4393 -0.2962
vn -0.8298 0.3925 0.3966
vn 0.8481 -0.4393 0.2962
vn -0.8068 0.3254 -0.4931
vn 0.8298 0.3925 0.3966
vn -0.8608 -0.4697 -0.1961
vn 0.8068 0.3254 -0.4931
vn -0.8298 -0.3925 0.3966
vn 0.8608 -0.4697 -0.1961
vn -0.8481 0.4393 0.2962
vn 0.8298 -0.3925 0.3966
vn -0.7998 -0.4228 0.4261
vn -0.7667 -0.3543 0.5354
vn -0.8510 0.5150 -0.1030
vn -0.8415 0.4988 -0.2078
vn 0.7288 -0.2594 0.6337
vn 0.6960 -0.1382 0.7046
vn -0.7667 0.3543 -0.5354
vn -0.7998 0.4228 -0.4261
vn -0.6826 -0.0000 0.7308
vn 0.7667 0.3543 -0.5354
vn 0.6826 -0.0000 0.7308
vn -0.7288 0.2594 -0.6337
vn -0.6960 0.1382 0.7046
vn 0.7288 0.2594 -0.6337
vn 0.6960 0.1382 0.7046
vn -0.6960 0.1382 -0.7046
vn -0.7288 0.2594 0.6337
vn 0.6960 0.1382 -0.7046
vn 0.7288 0.2594 0.6337
vn -0.6826 -0.0000 -0.7308
vn -0.7667 0.3543 0.5354
vn 0.6826 -0.0000 -0.7308
vn 0.7667 0.3543 0.5354
vn -0.6960 -0.1382 -0.7046
vn -0.7998 0.4228 0.4261
vn 0.6960 -0.1382 -0.7046
vn 0.7998 0.4228 0.4261
vn -0.7288 -0.2594 -0.6337
vn -0.8247 0.4693 0.3156
vn 0.7288 -0.2594 -0.6337
vn 0.8247 0.4693 0.3156
vn -0.7667 -0.3543 -0.5354
vn -0.8415 0.4987 0.2078
vn -0.8510 -0.5150 0.1030
vn -0.8541 -0.5202 -0.0000
vn 0.7667 -0.3543 -0.5354
vn 0.8415 0.4987 0.2078
vn 0.8541 -0.5202 -0.0000
vn 0.8510 -0.5150 0.1030
vn -0.7998 -0.4228 -0.4261
vn -0.8510 0.5150 0.1030
vn -0.8415 -0.4988 0.2078
vn 0.7998 -0.4228 -0.4261
vn 0.8510 0.5150 0.1030
vn 0.8415 -0.4988 0.2078
vn -0.8247 -0.4693 -0.3156
vn -0.8541 0.5202 -0.0000
vn -0.8247 -0.4693 0.3156
vn 0.8247 -0.4693 -0.3156
vn 0.8541 0.5202 -0.0000
vn 0.8247 -0.4693 0.3156
vn -0.8415 -0.4988 -0.2078
vn 0.8415 -0.4988 -0.2078
vn 0.8510 0.5150 -0.1030
vn 0.7998 -0.4228 0.4261
vn -0.8510 -0.5150 -0.1030
vn 0.8510 -0.5150 -0.1030
vn 0.8415 0.4988 -0.2078
vn 0.7667 -0.3543 0.5354
vn -0.8247 0.4693 -0.3156
vn -0.0000 0.4904 0.8715
vn -0.0000 -0.4904 0.8715
vn 0.1700 -0.4904 0.8548
vn 0.1700 0.4904 0.8548
vn 0.3335 -0.4904 0.8052
vn 0.3335 0.4904 0.8052
vn 0.4842 -0.4904 0.7246
vn 0.4842 0.4904 0.7246
vn 0.6162 -0.4904 0.6162
vn 0.6162 0.4904 0.6162
vn 0.7246 -0.4904 0.4842
vn 0.7246 0.4904 0.4842
vn 0.8052 -0.4904 0.3335
vn 0.8052 0.4904 0.3335
vn 0.8548 -0.4904 0.1700
vn 0.8548 0.4904 0.1700
vn 0.8715 -0.4904 -0.0000
vn 0.8715 0.4904 -0.0000
vn 0.8548 -0.4904 -0.1700
vn 0.8548 0.4904 -0.1700
vn 0.8052 -0.4904 -0.3335
vn 0.8052 0.4904 -0.3335
vn 0.7246 -0.4904 -0.4842
vn 0.7246 0.4904 -0.4842
vn 0.6162 -0.4904 -0.6162
vn 0.6162 0.4904 -0.6162
vn 0.4842 -0.4904 -0.7246
vn 0.4842 0.4904 -0.7246
vn 0.3335 -0.4904 -0.8052
vn 0.3335 0.4904 -0.8052
vn 0.1700 -0.4904 -0.8548
vn 0.1700 0.4904 -0.8548
vn -0.0000 -0.4904 -0.8715
vn -0.0000 0.4904 -0.8715
vn -0.1700 -0.4904 -0.8548
vn -0.1700 0.4904 -0.8548
vn -0.3335 -0.4904 -0.8052
vn -0.3335 0.4904 -0.8052
vn -0.4842 -0.4904 -0.7246
vn -0.4842 0.4904 -0.7246
vn -0.6162 -0.4904 -0.6162
vn -0.6162 0.4904 -0.6162
vn -0.7246 -0.4904 -0.4842
vn -0.7246 0.4904 -0.4842
vn -0.8052 -0.4904 -0.3335
vn -0.8052 0.4904 -0.3335
vn -0.8548 -0.4904 -0.1700
vn -0.8548 0.4904 -0.1700
vn -0.8715 -0.4904 -0.0000
vn -0.8715 0.4904 -0.0000
vn -0.8548 -0.4904 0.1700
vn -0.8548 0.4904 0.1700
vn -0.8052 -0.4904 0.3335
vn -0.8052 0.4904 0.3335
vn -0.7246 -0.4904 0.4842
vn -0.7246 0.4904 0.4842
vn -0.6162 -0.4904 0.6162
vn -0.6162 0.4904 0.6162
vn -0.4842 -0.4904 0.7246
vn -0.4842 0.4904 0.7246
vn -0.3335 -0.4904 0.8052
vn -0.3335 0.4904 0.8052
vn -0.1700 -0.4904 0.8548
vn -0.1700 0.4904 0.8548
vn 0.7790 0.5377 -0.3227
vn 0.8269 0.5377 -0.1645
vn -0.1951 -0.0000 0.9808
vn -0.3827 -0.0000 0.9239
vn -0.5556 -0.0000 0.8315
vn -0.7071 -0.0000 0.7071
vn -0.6163 -0.4904 0.6162
vn -0.8315 -0.0000 0.5556
vn -0.9239 -0.0000 0.3827
vn -0.9808 -0.0000 0.1951
vn -0.9808 -0.0000 -0.1951
vn -0.9239 -0.0000 -0.3827
vn -0.8315 -0.0000 -0.5556
vn -0.7071 -0.0000 -0.7071
vn -0.6163 -0.4904 -0.6162
vn -0.5556 -0.0000 -0.8315
vn -0.3827 -0.0000 -0.9239
vn -0.1951 -0.0000 -0.9808
vn 0.1951 -0.0000 -0.9808
vn 0.3827 -0.0000 -0.9239
vn 0.5556 -0.0000 -0.8315
vn 0.7071 -0.0000 -0.7071
vn 0.6162 -0.4904 -0.6163
vn 0.8315 -0.0000 -0.5556
vn 0.9239 -0.0000 -0.3827
vn 0.9808 -0.0000 -0.1951
vn 0.9808 -0.0000 0.1951
vn 0.9239 -0.0000 0.3827
vn 0.8315 -0.0000 0.5556
vn 0.7071 -0.0000 0.7071
vn 0.6162 -0.4904 0.6163
vn 0.5556 -0.0000 0.8315
vn 0.3827 -0.0000 0.9239
vn 0.1951 -0.0000 0.9808
vn -0.7790 -0.5377 0.3227
vn -0.7010 -0.5377 0.4684
vn -0.0000 -0.5377 0.8431
vn 0.1645 -0.5377 0.8269
vn 0.4684 0.5377 -0.7010
vn 0.5962 0.5377 -0.5962
vn -0.5962 -0.5377 0.5962
vn 0.3226 -0.5377 0.7790
vn 0.3227 0.5377 -0.7790
vn -0.4684 -0.5377 0.7010
vn 0.4684 -0.5377 0.7010
vn 0.1645 0.5377 -0.8269
vn -0.3226 -0.5377 0.7790
vn 0.5962 -0.5377 0.5962
vn -0.0000 0.5377 -0.8431
vn -0.1645 -0.5377 0.8269
vn 0.7010 -0.5377 0.4684
vn -0.1645 0.5377 -0.8269
vn 0.7790 -0.5377 0.3227
vn -0.3227 0.5377 -0.7790
vn 0.8269 -0.5377 0.1645
vn -0.4684 0.5377 -0.7010
vn 0.8431 -0.5377 -0.0000
vn -0.5962 0.5377 -0.5962
vn 0.8269 -0.5377 -0.1645
vn -0.7010 0.5377 -0.4684
vn 0.7790 -0.5377 -0.3227
vn -0.7790 0.5377 -0.3227
vn 0.7010 -0.5377 -0.4684
vn -0.8269 0.5377 -0.1645
vn 0.5962 -0.5377 -0.5962
vn -0.8431 0.5377 -0.0000
vn 0.4684 -0.5377 -0.7010
vn -0.8269 0.5377 0.1645
vn -0.1645 0.5377 0.8269
vn -0.0000 0.5377 0.8431
vn -0.3226 0.5377 0.7790
vn -0.4684 0.5377 0.7010
vn -0.5962 0.5377 0.5962
vn -0.7010 0.5377 0.4684
vn -0.7790 0.5377 0.3227
vn -0.8269 -0.5377 0.1645
vn -0.8431 -0.5377 -0.0000
vn -0.8269 -0.5377 -0.1645
vn -0.7790 -0.5377 -0.3227
vn -0.7011 -0.5377 -0.4684
vn -0.5962 -0.5377 -0.5962
vn -0.4684 -0.5377 -0.7010
vn -0.3227 -0.5377 -0.7790
vn -0.1645 -0.5377 -0.8269
vn -0.0000 -0.5377 -0.8431
vn 0.1645 -0.5377 -0.8269
vn 0.3227 -0.5377 -0.7790
vn 0.7010 0.5377 -0.4684
vn 0.8431 0.5377 -0.0000
vn 0.8269 0.5377 0.1645
vn 0.7790 0.5377 0.3227
vn 0.7010 0.5377 0.4684
vn 0.5962 0.5377 0.5962
vn 0.4684 0.5377 0.7010
vn 0.3226 0.5377 0.7790
vn 0.1645 0.5377 0.8269
vn 0.4841 -0.4904 0.7246
vn 0.6163 -0.4904 0.6162
vn -0.7010 -0.5377 -0.4684
vn -0.7011 0.5377 -0.4684
vn -0.6162 0.4904 -0.6163
vn -0.6162 -0.4904 -0.6163
vn 0.6163 -0.4904 -0.6162
vn -0.4841 -0.4904 -0.7246
vn 0.6162 0.4904 0.6163
vn -0.3227 0.5377 0.7790
vn -0.3227 -0.5377 0.7790
vn -0.6162 -0.4904 0.6163
vn 0.4684 0.5377 0.7011
vn -0.4684 0.5377 0.7011
vn 0.4684 -0.5377 0.7011
vn 0.3227 0.5377 0.7790
vn 0.3227 -0.5377 0.7790
vn 0.4684 -0.5377 -0.7011
vn 0.6162 0.4904 -0.6163
vn -0.6162 0.4904 0.6163
vn -0.7790 0.5377 -0.3226
vn -0.7010 0.5377 0.4685
vn 0.4841 0.4904 0.7247
vn 0.4842 0.4904 -0.7247
vn -0.0000 0.3688 -0.9295
vn -0.0000 0.7755 -0.6313
vn 0.2623 0.7510 -0.6059
vn 0.1327 0.3627 -0.9224
vn 0.4964 0.6824 -0.5366
vn 0.2621 0.3439 -0.9017
vn 0.6834 0.5823 -0.4404
vn 0.3833 0.3117 -0.8694
vn 0.8251 0.4459 -0.3469
vn 0.5116 0.2593 -0.8192
vn 0.9212 0.2871 -0.2626
vn 0.5998 0.1630 -0.7834
vn 0.9715 0.1550 -0.1792
vn 0.6480 0.0950 -0.7557
vn 0.9885 0.0757 -0.1311
vn 0.6722 0.0473 -0.7388
vn 0.9934 -0.0000 -0.1151
vn 0.6801 -0.0000 -0.7332
vn 0.9885 -0.0757 -0.1311
vn 0.6722 -0.0473 -0.7388
vn 0.9715 -0.1550 -0.1792
vn 0.6480 -0.0950 -0.7557
vn 0.9352 -0.2412 -0.2592
vn 0.6048 -0.1430 -0.7834
vn 0.8668 -0.3356 -0.3688
vn 0.5390 -0.1906 -0.8204
vn 0.7486 -0.4356 -0.4998
vn 0.4462 -0.2359 -0.8632
vn 0.5630 -0.5312 -0.6331
vn 0.3231 -0.2753 -0.9054
vn 0.3056 -0.6033 -0.7367
vn 0.1710 -0.3032 -0.9374
vn -0.0000 -0.6305 -0.7762
vn -0.0000 -0.3135 -0.9496
vn -0.3056 -0.6033 -0.7367
vn -0.1710 -0.3032 -0.9374
vn -0.5630 -0.5312 -0.6331
vn -0.3231 -0.2753 -0.9054
vn -0.7486 -0.4356 -0.4998
vn -0.4462 -0.2359 -0.8632
vn -0.8668 -0.3356 -0.3688
vn -0.5390 -0.1906 -0.8204
vn -0.9352 -0.2412 -0.2592
vn -0.6048 -0.1430 -0.7834
vn -0.9715 -0.1550 -0.1792
vn -0.6480 -0.0950 -0.7557
vn -0.9885 -0.0757 -0.1311
vn -0.6722 -0.0473 -0.7388
vn -0.9934 -0.0000 -0.1151
vn -0.6801 -0.0000 -0.7332
vn -0.9885 0.0757 -0.1311
vn -0.6722 0.0473 -0.7388
vn -0.9715 0.1550 -0.1792
vn -0.6480 0.0950 -0.7557
vn -0.9212 0.2871 -0.2626
vn -0.5998 0.1630 -0.7834
vn -0.8251 0.4459 -0.3469
vn -0.5116 0.2593 -0.8192
vn -0.6834 0.5823 -0.4404
vn -0.3833 0.3117 -0.8694
vn -0.4964 0.6824 -0.5366
vn -0.2621 0.3439 -0.9017
vn -0.2623 0.7510 -0.6059
vn -0.1327 0.3627 -0.9224
vt 0.520412 0.690291
vt 0.485417 0.690677
vt 0.457965 0.690951
vt 0.389541 0.691443
vt 0.517691 0.727616
vt 0.483397 0.720657
vt 0.455447 0.716003
vt 0.430282 0.711542
vt 0.387847 0.703403
vt 0.375614 0.705614
vt 0.353528 0.705975
vt 0.334466 0.698322
vt 0.310598 0.694975
vt 0.507852 0.766039
vt 0.474788 0.751939
vt 0.447180 0.741838
vt 0.422327 0.733383
vt 0.398253 0.726407
vt 0.375859 0.720861
vt 0.354394 0.712223
vt 0.331669 0.704749
vt 0.309202 0.698068
vt 0.488739 0.806236
vt 0.458200 0.784235
vt 0.432273 0.767858
vt 0.409138 0.754435
vt 0.387452 0.742930
vt 0.366924 0.732272
vt 0.347067 0.721105
vt 0.326910 0.710600
vt 0.306931 0.700899
vt 0.457421 0.847302
vt 0.431461 0.815823
vt 0.409472 0.792191
vt 0.389842 0.773377
vt 0.371568 0.757283
vt 0.354225 0.742663
vt 0.337393 0.728735
vt 0.320598 0.715598
vt 0.303892 0.703341
vt 0.408647 0.915521
vt 0.436015 0.865975
vt 0.393236 0.839763
vt 0.378728 0.811266
vt 0.364801 0.788251
vt 0.351415 0.768560
vt 0.338456 0.750954
vt 0.325729 0.734708
vt 0.313010 0.719525
vt 0.300219 0.705292
vt 0.289346 0.975358
vt 0.352596 0.934420
vt 0.352276 0.887639
vt 0.348559 0.851376
vt 0.342665 0.822131
vt 0.335682 0.797298
vt 0.328215 0.775686
vt 0.320510 0.756365
vt 0.312618 0.738681
vt 0.304493 0.722209
vt 0.296074 0.706677
vt 0.275741 0.972621
vt 0.290236 0.925619
vt 0.299383 0.886342
vt 0.303877 0.852930
vt 0.305330 0.824414
vt 0.305078 0.799781
vt 0.303691 0.778045
vt 0.301518 0.758453
vt 0.298743 0.740434
vt 0.295446 0.723546
vt 0.291636 0.707445
vt 0.214958 0.949793
vt 0.235829 0.907823
vt 0.250901 0.873448
vt 0.261832 0.844506
vt 0.269773 0.818451
vt 0.275481 0.795855
vt 0.279650 0.775658
vt 0.282688 0.757184
vt 0.284852 0.739938
vt 0.286295 0.723519
vt 0.287096 0.707582
vt 0.171770 0.923385
vt 0.198215 0.886447
vt 0.217738 0.856359
vt 0.232634 0.830816
vt 0.244395 0.808744
vt 0.253802 0.788853
vt 0.261473 0.770696
vt 0.267845 0.753800
vt 0.273210 0.737785
vt 0.277763 0.722315
vt 0.281633 0.707080
vt 0.140052 0.897049
vt 0.170120 0.864564
vt 0.192835 0.838454
vt 0.210635 0.816479
vt 0.225171 0.797204
vt 0.237319 0.779842
vt 0.247697 0.763834
vt 0.256763 0.748754
vt 0.264825 0.734299
vt 0.272098 0.720177
vt 0.278751 0.706098
vt 0.112616 0.867256
vt 0.146078 0.839770
vt 0.171662 0.817771
vt 0.191753 0.799532
vt 0.208658 0.783226
vt 0.223047 0.768529
vt 0.235656 0.754916
vt 0.246986 0.741936
vt 0.257359 0.729402
vt 0.267003 0.717044
vt 0.276130 0.704590
vt 0.089545 0.834863
vt 0.126238 0.812271
vt 0.153975 0.795106
vt 0.176618 0.780193
vt 0.194997 0.767257
vt 0.211171 0.755298
vt 0.225573 0.744315
vt 0.238717 0.733627
vt 0.251008 0.723305
vt 0.262631 0.713055
vt 0.273860 0.702620
vt 0.077366 0.788006
vt 0.110737 0.783746
vt 0.140991 0.774538
vt 0.166098 0.763190
vt 0.186560 0.751840
vt 0.202696 0.740879
vt 0.214239 0.730755
vt 0.232143 0.724115
vt 0.245932 0.716237
vt 0.259108 0.708365
vt 0.272016 0.700266
vt 0.054346 0.765481
vt 0.212706 0.719335
vt 0.227490 0.713707
vt 0.242271 0.708476
vt 0.256532 0.703146
vt 0.270656 0.697616
vt 0.037538 0.731520
vt 0.211214 0.705909
vt 0.224802 0.702756
vt 0.240064 0.700243
vt 0.254963 0.697570
vt 0.269822 0.694765
vt 0.031965 0.690420
vt 0.210646 0.691616
vt 0.224036 0.691659
vt 0.239342 0.691782
vt 0.254437 0.691817
vt 0.269541 0.691811
vt 0.038077 0.649366
vt 0.211335 0.677343
vt 0.224867 0.680592
vt 0.240092 0.683325
vt 0.254964 0.686066
vt 0.269819 0.688859
vt 0.055391 0.615561
vt 0.212944 0.663974
vt 0.227626 0.669704
vt 0.242321 0.675094
vt 0.256531 0.680494
vt 0.270648 0.686007
vt 0.078811 0.593316
vt 0.112286 0.598279
vt 0.142258 0.608045
vt 0.167022 0.619654
vt 0.187285 0.631295
vt 0.203208 0.642432
vt 0.214580 0.652622
vt 0.232351 0.659396
vt 0.246005 0.667350
vt 0.259100 0.675278
vt 0.272002 0.683356
vt 0.091794 0.546695
vt 0.128543 0.570403
vt 0.155588 0.587913
vt 0.177640 0.602645
vt 0.195905 0.616114
vt 0.211795 0.628262
vt 0.225965 0.639262
vt 0.238971 0.650002
vt 0.251053 0.660340
vt 0.262605 0.670591
vt 0.273840 0.680999
vt 0.287334 0.691787
vt 0.116034 0.515395
vt 0.148428 0.543506
vt 0.173244 0.565457
vt 0.193225 0.584016
vt 0.209550 0.600393
vt 0.223591 0.615206
vt 0.235973 0.628698
vt 0.247131 0.641743
vt 0.257361 0.654256
vt 0.266955 0.666594
vt 0.276102 0.679022
vt 0.144134 0.487187
vt 0.172521 0.519412
vt 0.194481 0.545295
vt 0.212007 0.567616
vt 0.225936 0.586654
vt 0.237715 0.603914
vt 0.247947 0.619938
vt 0.256812 0.634927
vt 0.264776 0.649339
vt 0.272028 0.663440
vt 0.278716 0.677504
vt 0.175815 0.462643
vt 0.200314 0.498280
vt 0.219271 0.528395
vt 0.233544 0.553506
vt 0.244881 0.575235
vt 0.254012 0.594917
vt 0.261534 0.612991
vt 0.267802 0.629814
vt 0.273119 0.645798
vt 0.277676 0.661265
vt 0.281595 0.676507
vt 0.217762 0.437658
vt 0.237400 0.478168
vt 0.251805 0.511884
vt 0.262327 0.540247
vt 0.269987 0.565827
vt 0.275526 0.588112
vt 0.279605 0.608125
vt 0.282596 0.626478
vt 0.284745 0.643658
vt 0.286205 0.660054
vt 0.287051 0.675990
vt 0.276321 0.415872
vt 0.290302 0.461186
vt 0.299197 0.499381
vt 0.303605 0.532025
vt 0.305052 0.560003
vt 0.304821 0.584277
vt 0.303469 0.605780
vt 0.301334 0.625224
vt 0.298600 0.643159
vt 0.295347 0.660013
vt 0.291589 0.676114
vt 0.289429 0.413215
vt 0.350825 0.452374
vt 0.350856 0.497889
vt 0.347466 0.533355
vt 0.341851 0.562123
vt 0.335091 0.586646
vt 0.327797 0.608062
vt 0.320223 0.627260
vt 0.312431 0.644877
vt 0.304382 0.661326
vt 0.296025 0.676869
vt 0.405568 0.470044
vt 0.433117 0.518017
vt 0.391484 0.544337
vt 0.377506 0.572549
vt 0.363958 0.595403
vt 0.350847 0.615004
vt 0.338089 0.632559
vt 0.325509 0.648786
vt 0.312892 0.663977
vt 0.300172 0.678239
vt 0.454483 0.535951
vt 0.429481 0.567392
vt 0.408113 0.591033
vt 0.388908 0.609890
vt 0.370943 0.626035
vt 0.353827 0.640704
vt 0.337162 0.654679
vt 0.320483 0.667865
vt 0.303848 0.680176
vt 0.486232 0.575774
vt 0.456466 0.598137
vt 0.431057 0.614799
vt 0.408289 0.628448
vt 0.386874 0.640140
vt 0.366552 0.650944
vt 0.346855 0.662223
vt 0.326808 0.672825
vt 0.306894 0.682604
vt 0.506082 0.615142
vt 0.473552 0.629847
vt 0.446297 0.640396
vt 0.421701 0.649197
vt 0.397814 0.656464
vt 0.375561 0.662229
vt 0.354231 0.671031
vt 0.331593 0.678643
vt 0.309175 0.685425
vt 0.516785 0.653109
vt 0.482766 0.660800
vt 0.454991 0.665982
vt 0.429963 0.670854
vt 0.387710 0.679516
vt 0.375476 0.677440
vt 0.353415 0.677275
vt 0.334425 0.685047
vt 0.310584 0.688511
vt 0.432626 0.691167
vt 0.353998 0.691619
vt 0.335376 0.691681
vt 0.311071 0.691742
vt 0.084692 0.772943
vt 0.111574 0.777163
vt 0.140006 0.769208
vt 0.164165 0.759110
vt 0.184033 0.748818
vt 0.199826 0.738741
vt 0.211299 0.729506
vt 0.209570 0.718579
vt 0.068546 0.756450
vt 0.208081 0.705533
vt 0.060051 0.725195
vt 0.207544 0.691602
vt 0.056953 0.690593
vt 0.112991 0.604871
vt 0.116907 0.623149
vt 0.079194 0.716364
vt 0.176664 0.740314
vt 0.060533 0.656018
vt 0.200315 0.715161
vt 0.159556 0.747688
vt 0.085943 0.608577
vt 0.091791 0.621026
vt 0.211642 0.653835
vt 0.202545 0.657928
vt 0.069495 0.624841
vt 0.084669 0.641427
vt 0.208205 0.677691
vt 0.139040 0.754315
vt 0.199064 0.703695
vt 0.200326 0.644523
vt 0.191326 0.650447
vt 0.077854 0.690743
vt 0.079563 0.665136
vt 0.115848 0.758936
vt 0.198737 0.691560
vt 0.184724 0.634270
vt 0.177265 0.642641
vt 0.139967 0.628142
vt 0.141185 0.613326
vt 0.209812 0.664697
vt 0.165041 0.623696
vt 0.160296 0.635037
vt 0.090731 0.760624
vt 0.083943 0.740131
vt 0.200551 0.668012
vt 0.199186 0.679439
vt 0.202208 0.725299
vt 0.190864 0.732676
vt 0.109344 0.738686
vt 0.132968 0.735378
vt 0.154129 0.730777
vt 0.172349 0.725558
vt 0.187682 0.720231
vt 0.104810 0.715639
vt 0.128793 0.713964
vt 0.150442 0.711635
vt 0.169485 0.708960
vt 0.185658 0.706266
vt 0.103357 0.690929
vt 0.127391 0.691106
vt 0.149030 0.691260
vt 0.168558 0.691388
vt 0.185053 0.691487
vt 0.105175 0.666246
vt 0.129121 0.668278
vt 0.150714 0.670913
vt 0.169702 0.673838
vt 0.185824 0.676726
vt 0.110064 0.643275
vt 0.133610 0.646946
vt 0.154654 0.651844
vt 0.172770 0.657304
vt 0.188006 0.662813
vt 0.498249 0.934922
vt 0.496716 0.923024
vt 0.495260 0.911565
vt 0.493883 0.900612
vt 0.492558 0.890119
vt 0.491218 0.879885
vt 0.533997 0.732355
vt 0.489716 0.869480
vt 0.500017 0.889205
vt 0.537843 0.690074
vt 0.500011 0.868499
vt 0.499990 0.910939
vt 0.496654 0.935610
vt 0.493576 0.924349
vt 0.490642 0.913439
vt 0.487853 0.902933
vt 0.485149 0.892790
vt 0.482385 0.882833
vt 0.522114 0.775061
vt 0.479260 0.872690
vt 0.495174 0.936737
vt 0.490635 0.926525
vt 0.486259 0.916536
vt 0.482031 0.906797
vt 0.477873 0.897274
vt 0.473608 0.887846
vt 0.500445 0.818540
vt 0.468844 0.878279
vt 0.493866 0.938263
vt 0.488001 0.929493
vt 0.482255 0.920807
vt 0.476591 0.912198
vt 0.470888 0.903623
vt 0.465068 0.895002
vt 0.466690 0.861993
vt 0.458779 0.886251
vt 0.492782 0.940132
vt 0.485783 0.933164
vt 0.478795 0.926157
vt 0.471814 0.919076
vt 0.464476 0.911908
vt 0.413096 0.929777
vt 0.456794 0.904452
vt 0.442447 0.880863
vt 0.453864 0.891027
vt 0.499833 0.947109
vt 0.491967 0.942276
vt 0.484088 0.937413
vt 0.476073 0.932454
vt 0.467789 0.927314
vt 0.290004 0.989581
vt 0.455938 0.930926
vt 0.354184 0.948936
vt 0.450295 0.916341
vt 0.491456 0.944612
vt 0.483011 0.942078
vt 0.474315 0.939463
vt 0.465152 0.936705
vt 0.273927 0.987053
vt 0.455232 0.933756
vt 0.491271 0.947048
vt 0.482620 0.946965
vt 0.473683 0.946860
vt 0.464234 0.946749
vt 0.211651 0.964116
vt 0.453956 0.946676
vt 0.491407 0.950043
vt 0.482893 0.951676
vt 0.474102 0.953351
vt 0.464850 0.955125
vt 0.166592 0.937360
vt 0.454976 0.957079
vt 0.491885 0.951655
vt 0.483853 0.954908
vt 0.475554 0.958237
vt 0.466818 0.961711
vt 0.132395 0.910343
vt 0.457445 0.965419
vt 0.492667 0.953143
vt 0.485417 0.957894
vt 0.477909 0.962759
vt 0.469973 0.967819
vt 0.102741 0.879337
vt 0.461399 0.973204
vt 0.493724 0.954450
vt 0.487532 0.960523
vt 0.481090 0.966761
vt 0.474232 0.973249
vt 0.077813 0.845478
vt 0.466735 0.980177
vt 0.495016 0.955526
vt 0.490121 0.962694
vt 0.484994 0.970089
vt 0.479456 0.977925
vt 0.064943 0.795945
vt 0.473929 0.989231
vt 0.496493 0.956329
vt 0.493088 0.964320
vt 0.489500 0.972596
vt 0.485613 0.981401
vt 0.039337 0.770505
vt 0.482030 0.988910
vt 0.498099 0.956828
vt 0.496321 0.965335
vt 0.494424 0.974165
vt 0.492357 0.983579
vt 0.021380 0.733645
vt 0.490593 0.988880
vt 0.499772 0.957004
vt 0.499692 0.965697
vt 0.499571 0.974732
vt 0.499400 0.984326
vt 0.015606 0.690316
vt 0.499335 0.989327
vt 0.501446 0.956849
vt 0.503069 0.965390
vt 0.504727 0.974277
vt 0.506469 0.983762
vt 0.021920 0.647022
vt 0.508092 0.989112
vt 0.503058 0.956369
vt 0.506319 0.964427
vt 0.509689 0.972813
vt 0.513280 0.981765
vt 0.040408 0.610302
vt 0.516655 0.989373
vt 0.504545 0.955584
vt 0.509315 0.962847
vt 0.514254 0.970403
vt 0.519553 0.978459
vt 0.066482 0.585139
vt 0.524735 0.989918
vt 0.505850 0.954524
vt 0.511942 0.960713
vt 0.518250 0.967144
vt 0.524945 0.973941
vt 0.080419 0.535759
vt 0.532159 0.981093
vt 0.506923 0.953229
vt 0.514101 0.958111
vt 0.521529 0.963186
vt 0.529371 0.968563
vt 0.106736 0.503062
vt 0.537780 0.974336
vt 0.507722 0.951751
vt 0.515710 0.955139
vt 0.523980 0.958675
vt 0.532716 0.962456
vt 0.137154 0.473965
vt 0.542117 0.966598
vt 0.508217 0.950145
vt 0.516709 0.951910
vt 0.525511 0.953771
vt 0.534843 0.955800
vt 0.171118 0.449011
vt 0.544962 0.958098
vt 0.508395 0.947152
vt 0.517062 0.947192
vt 0.526059 0.947234
vt 0.535645 0.947288
vt 0.214698 0.423869
vt 0.546185 0.947381
vt 0.508243 0.944711
vt 0.516743 0.942281
vt 0.525535 0.939763
vt 0.534843 0.937079
vt 0.274571 0.401996
vt 0.544952 0.934146
vt 0.507761 0.942366
vt 0.515721 0.937583
vt 0.523839 0.932679
vt 0.532242 0.927555
vt 0.290011 0.399520
vt 0.544248 0.931264
vt 0.352228 0.438290
vt 0.549945 0.916518
vt 0.506970 0.940209
vt 0.514064 0.933299
vt 0.521150 0.926319
vt 0.528219 0.919232
vt 0.535635 0.912037
vt 0.409689 0.456112
vt 0.543376 0.904529
vt 0.439144 0.503323
vt 0.546301 0.891030
vt 0.505905 0.938325
vt 0.511873 0.929595
vt 0.517708 0.920919
vt 0.523441 0.912296
vt 0.529195 0.903693
vt 0.535048 0.895033
vt 0.463296 0.521328
vt 0.541357 0.886238
vt 0.504612 0.936784
vt 0.509257 0.926598
vt 0.513714 0.916611
vt 0.517996 0.906857
vt 0.522188 0.897309
vt 0.526472 0.887851
vt 0.497515 0.563362
vt 0.531243 0.878250
vt 0.503143 0.935642
vt 0.506328 0.924395
vt 0.509335 0.913484
vt 0.512169 0.902967
vt 0.514897 0.892807
vt 0.517670 0.882829
vt 0.520010 0.605853
vt 0.520792 0.872662
vt 0.501553 0.934938
vt 0.503193 0.923047
vt 0.504720 0.911587
vt 0.506136 0.900627
vt 0.507479 0.890125
vt 0.508822 0.879881
vt 0.532906 0.647986
vt 0.510314 0.869464
vt 0.499902 0.934695
vt 0.499956 0.922585
vt 0.500017 0.878881
vt 0.500009 0.899827
vt 0.531537 0.648451
vt 0.520911 0.774272
vt 0.462551 0.522539
vt 0.274117 0.985848
vt 0.065983 0.795272
vt 0.438715 0.504583
vt 0.137719 0.475077
vt 0.040611 0.770085
vt 0.289898 0.988369
vt 0.133020 0.909224
vt 0.067511 0.585832
vt 0.041680 0.610740
vt 0.274753 0.403153
vt 0.354074 0.947739
vt 0.289915 0.400687
vt 0.107497 0.504104
vt 0.081363 0.536662
vt 0.412717 0.928584
vt 0.441984 0.879584
vt 0.022739 0.733463
vt 0.465906 0.860777
vt 0.499465 0.817488
vt 0.167008 0.936184
vt 0.211914 0.962931
vt 0.409337 0.457277
vt 0.352134 0.439451
vt 0.214940 0.425009
vt 0.171492 0.450153
vt 0.518837 0.606664
vt 0.496572 0.564423
vt 0.023279 0.647222
vt 0.016981 0.690325
vt 0.078782 0.844605
vt 0.103555 0.878318
vt 0.532611 0.731924
vt 0.536376 0.690093
vt 0.517742 0.652804
vt 0.433496 0.517054
vt 0.289434 0.976221
vt 0.078084 0.592829
vt 0.352689 0.935338
vt 0.115463 0.514647
vt 0.408966 0.916371
vt 0.457994 0.848128
vt 0.171448 0.924245
vt 0.405867 0.469211
vt 0.217572 0.436805
vt 0.506922 0.614586
vt 0.037102 0.649218
vt 0.088833 0.835498
vt 0.518659 0.727899
vt 0.508712 0.766579
vt 0.455030 0.535128
vt 0.275579 0.973484
vt 0.076632 0.788480
vt 0.143700 0.486382
vt 0.053444 0.765782
vt 0.139578 0.897856
vt 0.054492 0.615246
vt 0.276166 0.415040
vt 0.289511 0.412383
vt 0.091101 0.546041
vt 0.436420 0.866951
vt 0.036563 0.731654
vt 0.489452 0.806980
vt 0.214754 0.950677
vt 0.350906 0.451482
vt 0.175522 0.461804
vt 0.486920 0.575023
vt 0.030965 0.690414
vt 0.112010 0.867990
vt 0.521440 0.690279
vt 0.375054 0.691524
vt 0.094328 0.477945
vt 0.098226 0.478145
vt 0.102061 0.477577
vt 0.105622 0.476258
vt 0.108812 0.474233
vt 0.111482 0.471716
vt 0.113661 0.466806
vt 0.115165 0.461344
vt 0.115932 0.455559
vt 0.115932 0.449667
vt 0.115165 0.443868
vt 0.113661 0.438421
vt 0.111482 0.433512
vt 0.108690 0.429338
vt 0.105437 0.426054
vt 0.101786 0.423799
vt 0.097949 0.422648
vt 0.094022 0.422648
vt 0.090155 0.423799
vt 0.086534 0.426054
vt 0.083250 0.429338
vt 0.080489 0.433512
vt 0.078311 0.438421
vt 0.076807 0.443868
vt 0.076039 0.449667
vt 0.076039 0.455559
vt 0.076807 0.461344
vt 0.078311 0.466806
vt 0.080581 0.470059
vt 0.083465 0.472974
vt 0.086780 0.475306
vt 0.090463 0.476994
vt 0.196453 0.025520
vt 0.182191 0.387675
vt 0.200549 0.037241
vt 0.203640 0.046235
vt 0.208492 0.060380
vt 0.209367 0.022865
vt 0.179508 0.381198
vt 0.210721 0.034795
vt 0.211880 0.044279
vt 0.212870 0.052217
vt 0.213751 0.059102
vt 0.214555 0.065233
vt 0.215315 0.070850
vt 0.216039 0.076115
vt 0.216758 0.081177
vt 0.222208 0.022877
vt 0.175613 0.375369
vt 0.221115 0.034598
vt 0.220309 0.044058
vt 0.219674 0.052005
vt 0.219157 0.058907
vt 0.218725 0.065071
vt 0.218357 0.070722
vt 0.218033 0.076028
vt 0.217746 0.081132
vt 0.234590 0.025389
vt 0.170656 0.370411
vt 0.231230 0.036507
vt 0.228559 0.045539
vt 0.226358 0.053158
vt 0.224482 0.059794
vt 0.222839 0.065737
vt 0.221363 0.071197
vt 0.220005 0.076333
vt 0.218724 0.081281
vt 0.246101 0.030228
vt 0.164826 0.366516
vt 0.240673 0.040359
vt 0.236298 0.048617
vt 0.232649 0.055607
vt 0.229509 0.061715
vt 0.226732 0.067201
vt 0.224215 0.072253
vt 0.221877 0.077019
vt 0.219654 0.081618
vt 0.256343 0.037159
vt 0.158349 0.363833
vt 0.249100 0.045952
vt 0.243230 0.053135
vt 0.238304 0.059234
vt 0.234042 0.064580
vt 0.230252 0.069397
vt 0.226799 0.073848
vt 0.223577 0.078057
vt 0.220500 0.082130
vt 0.264963 0.045882
vt 0.151473 0.362466
vt 0.256215 0.053034
vt 0.249104 0.058889
vt 0.243114 0.063878
vt 0.237910 0.068266
vt 0.233265 0.072234
vt 0.229017 0.075914
vt 0.225039 0.079407
vt 0.221228 0.082798
vt 0.271665 0.056035
vt 0.144463 0.362466
vt 0.261774 0.061308
vt 0.253715 0.065639
vt 0.246905 0.069345
vt 0.240970 0.072621
vt 0.235658 0.075596
vt 0.230784 0.078369
vt 0.226208 0.081014
vt 0.221812 0.083594
vt 0.276228 0.067203
vt 0.137587 0.363833
vt 0.265598 0.070436
vt 0.256911 0.073111
vt 0.249549 0.075417
vt 0.243117 0.077470
vt 0.237345 0.079351
vt 0.232036 0.081117
vt 0.227040 0.082817
vt 0.222230 0.084488
vt 0.278523 0.078935
vt 0.131109 0.366516
vt 0.267584 0.080061
vt 0.258600 0.081015
vt 0.250964 0.081858
vt 0.244279 0.082627
vt 0.238268 0.083351
vt 0.232728 0.084051
vt 0.227504 0.084745
vt 0.222464 0.085446
vt 0.278523 0.090754
vt 0.125280 0.370411
vt 0.267717 0.089822
vt 0.258747 0.089060
vt 0.251113 0.088428
vt 0.244422 0.087897
vt 0.238397 0.087446
vt 0.232836 0.087059
vt 0.227584 0.086724
vt 0.222507 0.086431
vt 0.276335 0.102177
vt 0.120323 0.375369
vt 0.266082 0.099404
vt 0.257370 0.096963
vt 0.250001 0.094888
vt 0.243547 0.093084
vt 0.237733 0.091481
vt 0.232360 0.090027
vt 0.227277 0.088680
vt 0.222358 0.087405
vt 0.272501 0.113278
vt 0.116428 0.381198
vt 0.262557 0.108496
vt 0.254495 0.104450
vt 0.247670 0.101007
vt 0.241691 0.097999
vt 0.236302 0.095307
vt 0.231317 0.092842
vt 0.226597 0.090536
vt 0.222022 0.088331
vt 0.266373 0.123798
vt 0.113745 0.387675
vt 0.257286 0.116774
vt 0.250219 0.111258
vt 0.244202 0.106565
vt 0.238923 0.102461
vt 0.234160 0.098781
vt 0.229751 0.095401
vt 0.225569 0.092225
vt 0.221513 0.089173
vt 0.257752 0.132428
vt 0.112377 0.394551
vt 0.250580 0.123937
vt 0.244716 0.117117
vt 0.239729 0.111345
vt 0.235348 0.106302
vt 0.231389 0.101773
vt 0.227719 0.097606
vt 0.224234 0.093681
vt 0.220849 0.089900
vt 0.247892 0.139020
vt 0.112377 0.401562
vt 0.242626 0.129564
vt 0.238209 0.121777
vt 0.234430 0.115165
vt 0.231104 0.109377
vt 0.228094 0.104173
vt 0.225300 0.099375
vt 0.222643 0.094850
vt 0.220057 0.090484
vt 0.237248 0.143512
vt 0.113745 0.408438
vt 0.233854 0.133590
vt 0.230961 0.125099
vt 0.228508 0.117893
vt 0.226351 0.111577
vt 0.224399 0.105890
vt 0.222584 0.100643
vt 0.220854 0.095688
vt 0.219167 0.090902
vt 0.226120 0.146439
vt 0.116428 0.414915
vt 0.224479 0.135824
vt 0.223221 0.126979
vt 0.222174 0.119438
vt 0.221263 0.112823
vt 0.220441 0.106863
vt 0.219674 0.101361
vt 0.218937 0.096163
vt 0.218212 0.091139
vt 0.214436 0.147243
vt 0.120323 0.420744
vt 0.214808 0.136336
vt 0.215238 0.127369
vt 0.215648 0.119746
vt 0.216023 0.113069
vt 0.216365 0.107054
vt 0.216677 0.101502
vt 0.216963 0.096257
vt 0.217229 0.091186
vt 0.202658 0.145786
vt 0.125280 0.425701
vt 0.205136 0.135009
vt 0.207288 0.126226
vt 0.209164 0.118794
vt 0.210820 0.112300
vt 0.212323 0.106453
vt 0.213707 0.101059
vt 0.215008 0.095965
vt 0.216256 0.091041
vt 0.191236 0.142048
vt 0.131109 0.429596
vt 0.195817 0.131814
vt 0.199667 0.123554
vt 0.202967 0.116596
vt 0.205848 0.110537
vt 0.208466 0.105077
vt 0.210877 0.100047
vt 0.213145 0.095299
vt 0.215328 0.090709
vt 0.217484 0.086166
vt 0.180591 0.136082
vt 0.137587 0.432279
vt 0.187237 0.126794
vt 0.192683 0.119419
vt 0.197306 0.113218
vt 0.201288 0.107841
vt 0.204944 0.102973
vt 0.208294 0.098502
vt 0.211446 0.094282
vt 0.214484 0.090203
vt 0.171102 0.127942
vt 0.144463 0.433647
vt 0.179841 0.120049
vt 0.186624 0.113958
vt 0.192368 0.108805
vt 0.197402 0.104243
vt 0.201901 0.100216
vt 0.206059 0.096481
vt 0.209977 0.092952
vt 0.213753 0.089541
vt 0.164035 0.117675
vt 0.151473 0.433647
vt 0.173872 0.112040
vt 0.181760 0.107408
vt 0.188419 0.103477
vt 0.194216 0.100018
vt 0.199444 0.096918
vt 0.204258 0.094061
vt 0.208794 0.091360
vt 0.213166 0.088749
vt 0.159262 0.106593
vt 0.158349 0.432279
vt 0.169695 0.103058
vt 0.178294 0.100065
vt 0.185597 0.097501
vt 0.191901 0.095233
vt 0.197672 0.093201
vt 0.202963 0.091334
vt 0.207943 0.089567
vt 0.212743 0.087858
vt 0.156719 0.095130
vt 0.164826 0.429596
vt 0.167275 0.093549
vt 0.176304 0.092219
vt 0.183959 0.091105
vt 0.190627 0.090063
vt 0.196665 0.089203
vt 0.202223 0.088403
vt 0.207458 0.087641
vt 0.212503 0.086901
vt 0.155813 0.083453
vt 0.170656 0.425701
vt 0.166758 0.083754
vt 0.175855 0.084134
vt 0.183593 0.084497
vt 0.190364 0.084751
vt 0.196458 0.085081
vt 0.202070 0.085380
vt 0.207358 0.085655
vt 0.212454 0.085914
vt 0.157134 0.071573
vt 0.175613 0.420744
vt 0.168029 0.073958
vt 0.176951 0.076065
vt 0.184511 0.077915
vt 0.191132 0.079479
vt 0.197058 0.080992
vt 0.202511 0.082382
vt 0.207649 0.083686
vt 0.212599 0.084937
vt 0.160764 0.059975
vt 0.179508 0.414915
vt 0.171161 0.064477
vt 0.179592 0.068301
vt 0.186697 0.071605
vt 0.192916 0.074442
vt 0.198447 0.077091
vt 0.203530 0.079524
vt 0.208319 0.081811
vt 0.212932 0.084006
vt 0.166666 0.049132
vt 0.182191 0.408438
vt 0.176130 0.055679
vt 0.183729 0.061140
vt 0.190093 0.065809
vt 0.195663 0.069838
vt 0.200578 0.073531
vt 0.205092 0.076916
vt 0.209344 0.080101
vt 0.213441 0.083158
vt 0.174710 0.039498
vt 0.183558 0.401562
vt 0.182825 0.047941
vt 0.189250 0.054884
vt 0.194592 0.060766
vt 0.199279 0.065859
vt 0.203372 0.070456
vt 0.207137 0.074660
vt 0.210685 0.078623
vt 0.214105 0.082425
vt 0.184705 0.031495
vt 0.183558 0.394551
vt 0.191062 0.041648
vt 0.195976 0.049823
vt 0.200038 0.056683
vt 0.203625 0.062695
vt 0.206721 0.067993
vt 0.209588 0.072844
vt 0.212292 0.077438
vt 0.214901 0.081837
vt 0.206231 0.053801
vt 0.210496 0.066219
vt 0.212361 0.071579
vt 0.214100 0.076591
vt 0.215797 0.081415
vt 0.243996 0.224969
vt 0.246088 0.301069
vt 0.241901 0.225385
vt 0.243813 0.300840
vt 0.239829 0.225583
vt 0.241537 0.300837
vt 0.237767 0.225539
vt 0.239247 0.301013
vt 0.235708 0.225238
vt 0.236978 0.301424
vt 0.233644 0.224661
vt 0.234737 0.302107
vt 0.231566 0.223804
vt 0.232516 0.303086
vt 0.229461 0.222691
vt 0.230285 0.304385
vt 0.227327 0.221368
vt 0.228063 0.306053
vt 0.225209 0.219769
vt 0.225850 0.308145
vt 0.223159 0.217803
vt 0.223613 0.310710
vt 0.221215 0.215404
vt 0.221249 0.313845
vt 0.219419 0.212503
vt 0.218863 0.317679
vt 0.217877 0.208984
vt 0.216507 0.322432
vt 0.216768 0.204693
vt 0.214156 0.328466
vt 0.216415 0.199386
vt 0.211730 0.336399
vt 0.217470 0.192555
vt 0.209275 0.347129
vt 0.220693 0.183231
vt 0.206891 0.362067
vt 0.228180 0.168474
vt 0.249026 0.172152
vt 0.204212 0.382927
vt 0.283337 0.381133
vt 0.256106 0.183659
vt 0.279661 0.359002
vt 0.259429 0.192465
vt 0.276576 0.344338
vt 0.260662 0.199223
vt 0.273599 0.333943
vt 0.260755 0.204560
vt 0.270718 0.326244
vt 0.260142 0.208856
vt 0.267988 0.320405
vt 0.259039 0.212364
vt 0.265321 0.315842
vt 0.257607 0.215252
vt 0.262676 0.312214
vt 0.255947 0.217639
vt 0.260117 0.309291
vt 0.254136 0.219609
vt 0.257678 0.306886
vt 0.252237 0.221224
vt 0.255306 0.304966
vt 0.250254 0.222525
vt 0.252967 0.303482
vt 0.248193 0.223549
vt 0.250655 0.302368
vt 0.246085 0.224345
vt 0.248366 0.301569
vt 0.245170 0.230708
vt 0.247059 0.294765
vt 0.244192 0.294549
vt 0.242547 0.231094
vt 0.241350 0.294549
vt 0.239928 0.231263
vt 0.238513 0.294757
vt 0.237306 0.231212
vt 0.235666 0.295181
vt 0.234666 0.230936
vt 0.232792 0.295833
vt 0.231996 0.230428
vt 0.229868 0.296735
vt 0.229281 0.229679
vt 0.226868 0.297912
vt 0.226507 0.228677
vt 0.223761 0.299396
vt 0.223663 0.227397
vt 0.220510 0.301227
vt 0.220741 0.225797
vt 0.217060 0.303455
vt 0.217732 0.223820
vt 0.213339 0.306144
vt 0.214622 0.221391
vt 0.209257 0.309378
vt 0.211389 0.218407
vt 0.204676 0.313272
vt 0.207993 0.214728
vt 0.199368 0.317983
vt 0.204363 0.210140
vt 0.192945 0.323722
vt 0.200343 0.204316
vt 0.184741 0.330757
vt 0.195589 0.196720
vt 0.173545 0.339388
vt 0.189309 0.186487
vt 0.328184 0.344387
vt 0.156923 0.349630
vt 0.179812 0.172714
vt 0.296229 0.171106
vt 0.311906 0.335470
vt 0.286902 0.186001
vt 0.300341 0.327441
vt 0.281123 0.196279
vt 0.291736 0.320767
vt 0.276819 0.203769
vt 0.284946 0.315303
vt 0.273229 0.209499
vt 0.279320 0.310840
vt 0.270012 0.214034
vt 0.274468 0.307185
vt 0.266999 0.217700
vt 0.270155 0.304191
vt 0.264106 0.220700
vt 0.266240 0.301741
vt 0.261291 0.223167
vt 0.262626 0.299744
vt 0.258531 0.225198
vt 0.259241 0.298135
vt 0.255811 0.226861
vt 0.256031 0.296868
vt 0.253121 0.228207
vt 0.252953 0.295903
vt 0.250453 0.229279
vt 0.249971 0.295210
vt 0.247803 0.230106
vt 0.246717 0.242807
vt 0.248369 0.281605
vt 0.244748 0.281570
vt 0.243327 0.243131
vt 0.241171 0.281652
vt 0.239949 0.243309
vt 0.237603 0.281851
vt 0.236557 0.243342
vt 0.234010 0.282171
vt 0.233122 0.243229
vt 0.230355 0.282618
vt 0.229616 0.242964
vt 0.226603 0.283203
vt 0.226006 0.242538
vt 0.222714 0.283937
vt 0.222261 0.241939
vt 0.218646 0.284835
vt 0.218344 0.241148
vt 0.214353 0.285913
vt 0.214216 0.240141
vt 0.209786 0.287186
vt 0.209833 0.238888
vt 0.204888 0.288668
vt 0.205144 0.237354
vt 0.199599 0.290364
vt 0.200094 0.235501
vt 0.193852 0.292263
vt 0.194617 0.233296
vt 0.187578 0.294322
vt 0.188643 0.230718
vt 0.180704 0.296433
vt 0.182092 0.227785
vt 0.173174 0.298376
vt 0.174884 0.224594
vt 0.164989 0.299753
vt 0.166934 0.221403
vt 0.156278 0.299963
vt 0.328828 0.293429
vt 0.315191 0.214625
vt 0.158274 0.218830
vt 0.320116 0.293596
vt 0.307198 0.217371
vt 0.311710 0.292731
vt 0.300073 0.220822
vt 0.303873 0.291372
vt 0.293686 0.224345
vt 0.296649 0.289844
vt 0.287902 0.227627
vt 0.290028 0.288332
vt 0.282607 0.230546
vt 0.283965 0.286933
vt 0.277713 0.233077
vt 0.278401 0.285695
vt 0.273150 0.235236
vt 0.273272 0.284631
vt 0.268864 0.237057
vt 0.268513 0.283744
vt 0.264808 0.238579
vt 0.264066 0.283024
vt 0.260942 0.239837
vt 0.259876 0.282460
vt 0.257231 0.240864
vt 0.255892 0.282043
vt 0.253642 0.241687
vt 0.252071 0.281761
vt 0.250147 0.242329
vt 0.261573 0.223520
vt 0.207480 0.215174
vt 0.245232 0.231041
vt 0.258763 0.225545
vt 0.203721 0.210627
vt 0.242582 0.231425
vt 0.256000 0.227203
vt 0.199524 0.204872
vt 0.239936 0.231595
vt 0.250572 0.229615
vt 0.253273 0.228546
vt 0.187883 0.187456
vt 0.194517 0.197411
vt 0.234617 0.231273
vt 0.237286 0.231545
vt 0.210973 0.218829
vt 0.264448 0.221061
vt 0.214284 0.221794
vt 0.267414 0.218074
vt 0.217456 0.224208
vt 0.270520 0.214428
vt 0.220517 0.226173
vt 0.273861 0.209928
vt 0.223483 0.227762
vt 0.277622 0.204264
vt 0.226364 0.229033
vt 0.282181 0.196902
vt 0.229171 0.230027
vt 0.288339 0.186889
vt 0.231917 0.230769
vt 0.178092 0.174192
vt 0.298044 0.172586
vt 0.247893 0.230440
vt 0.266516 0.301265
vt 0.204146 0.312653
vt 0.247100 0.294399
vt 0.262850 0.299301
vt 0.198729 0.317253
vt 0.244205 0.294188
vt 0.259421 0.297718
vt 0.192173 0.322817
vt 0.241336 0.294189
vt 0.256170 0.296470
vt 0.183807 0.329570
vt 0.238473 0.294398
vt 0.235598 0.294819
vt 0.253056 0.295520
vt 0.250042 0.294837
vt 0.172451 0.337739
vt 0.329121 0.342087
vt 0.155870 0.347293
vt 0.208816 0.308834
vt 0.270492 0.303671
vt 0.212971 0.305654
vt 0.274878 0.306608
vt 0.216754 0.303004
vt 0.279820 0.310181
vt 0.220256 0.300805
vt 0.285553 0.314526
vt 0.223554 0.298995
vt 0.292470 0.319809
vt 0.226701 0.297526
vt 0.301220 0.326196
vt 0.229738 0.296360
vt 0.312912 0.333765
vt 0.232694 0.295466
vt 0.268502 0.236158
vt 0.195157 0.232065
vt 0.246633 0.242070
vt 0.264507 0.237724
vt 0.189265 0.229370
vt 0.243276 0.242400
vt 0.260695 0.239018
vt 0.182787 0.226300
vt 0.239931 0.242577
vt 0.257032 0.240075
vt 0.175617 0.222948
vt 0.236571 0.242604
vt 0.200552 0.234370
vt 0.272717 0.234283
vt 0.205527 0.236306
vt 0.277202 0.232058
vt 0.210149 0.237911
vt 0.282012 0.229448
vt 0.214473 0.239224
vt 0.287222 0.226431
vt 0.218550 0.240281
vt 0.292934 0.223027
vt 0.222421 0.241112
vt 0.299293 0.219346
vt 0.226125 0.241744
vt 0.306496 0.215692
vt 0.229698 0.242195
vt 0.158637 0.216728
vt 0.314783 0.212737
vt 0.250028 0.241581
vt 0.253485 0.240922
vt 0.167620 0.219549
vt 0.233169 0.242478
vt 0.234090 0.282955
vt 0.252015 0.282575
vt 0.329121 0.295434
vt 0.156082 0.301910
vt 0.273043 0.285699
vt 0.194290 0.293565
vt 0.248342 0.282398
vt 0.268324 0.284738
vt 0.188042 0.295751
vt 0.244747 0.282349
vt 0.263914 0.283956
vt 0.181159 0.298006
vt 0.241197 0.282426
vt 0.259758 0.283344
vt 0.173553 0.300110
vt 0.237656 0.282627
vt 0.255807 0.282887
vt 0.165170 0.301645
vt 0.199995 0.291557
vt 0.278132 0.286850
vt 0.205237 0.289769
vt 0.283657 0.288190
vt 0.210088 0.288209
vt 0.289687 0.289705
vt 0.214610 0.286870
vt 0.296291 0.291348
vt 0.218861 0.285738
vt 0.303528 0.293015
vt 0.222891 0.284797
vt 0.311432 0.294517
vt 0.226745 0.284029
vt 0.320007 0.295531
vt 0.230465 0.283420
vt 0.241939 0.225649
vt 0.239837 0.225845
vt 0.237744 0.225800
vt 0.235652 0.225499
vt 0.233553 0.224923
vt 0.231442 0.224068
vt 0.229307 0.222959
vt 0.227143 0.221636
vt 0.224985 0.220032
vt 0.222885 0.218056
vt 0.220881 0.215641
vt 0.219016 0.212715
vt 0.217388 0.209155
vt 0.216166 0.204792
vt 0.215662 0.199357
vt 0.216489 0.192320
vt 0.219334 0.182660
vt 0.226159 0.167492
vt 0.250633 0.171166
vt 0.257357 0.183067
vt 0.260393 0.192213
vt 0.261416 0.199160
vt 0.261357 0.204606
vt 0.260631 0.208974
vt 0.259441 0.212530
vt 0.257938 0.215451
vt 0.256221 0.217861
vt 0.254361 0.219845
vt 0.252420 0.221471
vt 0.250399 0.222782
vt 0.248306 0.223813
vt 0.246174 0.224611
vt 0.244060 0.225233
vt 0.246135 0.300781
vt 0.243829 0.300553
vt 0.241527 0.300548
vt 0.239211 0.300725
vt 0.236910 0.301138
vt 0.234634 0.301824
vt 0.232374 0.302804
vt 0.230100 0.304102
vt 0.227828 0.305771
vt 0.225560 0.307861
vt 0.223258 0.310418
vt 0.220816 0.313542
vt 0.218331 0.317375
vt 0.215841 0.322128
vt 0.213302 0.328157
vt 0.210599 0.336077
vt 0.207735 0.346798
vt 0.204745 0.361714
vt 0.286263 0.380569
vt 0.201400 0.382496
vt 0.281774 0.358575
vt 0.278069 0.343947
vt 0.274693 0.333570
vt 0.271545 0.325891
vt 0.268628 0.320065
vt 0.265829 0.315507
vt 0.263084 0.311887
vt 0.260450 0.308976
vt 0.257948 0.306582
vt 0.255519 0.304669
vt 0.253131 0.303188
vt 0.250776 0.302077
vt 0.248448 0.301280
vt 0.243584 0.223348
vt 0.241650 0.223776
vt 0.243717 0.302614
vt 0.245796 0.302807
vt 0.239764 0.224006
vt 0.241601 0.302663
vt 0.237904 0.223971
vt 0.239467 0.302777
vt 0.236053 0.223681
vt 0.237402 0.303147
vt 0.234217 0.223095
vt 0.235393 0.303808
vt 0.232377 0.222195
vt 0.233432 0.304786
vt 0.230497 0.221015
vt 0.231458 0.306058
vt 0.228498 0.219735
vt 0.229555 0.307705
vt 0.226596 0.218217
vt 0.227735 0.309809
vt 0.224851 0.216340
vt 0.225983 0.312422
vt 0.223273 0.214051
vt 0.224020 0.315552
vt 0.221860 0.211328
vt 0.222251 0.319315
vt 0.220798 0.208095
vt 0.220787 0.323944
vt 0.220278 0.204269
vt 0.219700 0.329797
vt 0.220674 0.199816
vt 0.218987 0.337531
vt 0.223191 0.194765
vt 0.219154 0.347855
vt 0.228228 0.188801
vt 0.221266 0.361874
vt 0.237927 0.182004
vt 0.240261 0.183467
vt 0.226835 0.381861
vt 0.261975 0.377990
vt 0.249267 0.188601
vt 0.265853 0.359284
vt 0.253827 0.194705
vt 0.267049 0.345576
vt 0.256138 0.200048
vt 0.266662 0.335528
vt 0.257119 0.204576
vt 0.265369 0.327887
vt 0.257206 0.208351
vt 0.263878 0.322168
vt 0.256616 0.211498
vt 0.262132 0.317678
vt 0.255597 0.214143
vt 0.260049 0.314073
vt 0.254274 0.216363
vt 0.257889 0.311146
vt 0.252735 0.218217
vt 0.255921 0.308662
vt 0.251105 0.219760
vt 0.253947 0.306712
vt 0.249359 0.220993
vt 0.251927 0.305226
vt 0.247490 0.221940
vt 0.249874 0.304121
vt 0.245510 0.222662
vt 0.247841 0.303302
vt 0.243219 0.222134
vt 0.241419 0.222578
vt 0.243683 0.303916
vt 0.245590 0.304063
vt 0.239704 0.222861
vt 0.241649 0.304081
vt 0.238010 0.222832
vt 0.239618 0.304066
vt 0.236331 0.222570
vt 0.237724 0.304388
vt 0.234690 0.221989
vt 0.235912 0.305014
vt 0.233054 0.221061
vt 0.234169 0.306000
vt 0.231338 0.219713
vt 0.232372 0.307213
vt 0.229349 0.218574
vt 0.230724 0.308798
vt 0.227629 0.217130
vt 0.229237 0.310861
vt 0.226137 0.215349
vt 0.227944 0.313529
vt 0.224852 0.213163
vt 0.226145 0.316595
vt 0.223667 0.210606
vt 0.224829 0.320180
vt 0.222925 0.207652
vt 0.224030 0.324529
vt 0.222733 0.204245
vt 0.223878 0.329974
vt 0.223307 0.200551
vt 0.224216 0.337430
vt 0.226441 0.197343
vt 0.226263 0.346709
vt 0.231526 0.194048
vt 0.231272 0.358689
vt 0.238905 0.192131
vt 0.238739 0.192022
vt 0.241242 0.373474
vt 0.247448 0.373188
vt 0.246188 0.192700
vt 0.256042 0.356786
vt 0.250462 0.196943
vt 0.260018 0.344778
vt 0.253179 0.201186
vt 0.261438 0.335665
vt 0.254632 0.205007
vt 0.261238 0.328357
vt 0.255158 0.208279
vt 0.260686 0.322983
vt 0.254860 0.211058
vt 0.259565 0.318736
vt 0.254116 0.213471
vt 0.258012 0.315293
vt 0.253025 0.215522
vt 0.256004 0.312393
vt 0.251656 0.217256
vt 0.254511 0.309837
vt 0.250241 0.218743
vt 0.252878 0.307906
vt 0.248689 0.219903
vt 0.251119 0.306458
vt 0.246973 0.220762
vt 0.249240 0.305392
vt 0.245035 0.221339
vt 0.247432 0.304546
vt 0.243098 0.221784
vt 0.241344 0.222227
vt 0.243686 0.304302
vt 0.245529 0.304432
vt 0.239678 0.222527
vt 0.241664 0.304506
vt 0.238039 0.222498
vt 0.239650 0.304448
vt 0.236414 0.222244
vt 0.237818 0.304753
vt 0.234838 0.221669
vt 0.236072 0.305364
vt 0.233277 0.220736
vt 0.234393 0.306351
vt 0.231607 0.219323
vt 0.232648 0.307549
vt 0.229602 0.218210
vt 0.231083 0.309102
vt 0.227944 0.216815
vt 0.229701 0.311131
vt 0.226526 0.215077
vt 0.228545 0.313830
vt 0.225326 0.212923
vt 0.226792 0.316890
vt 0.224205 0.210418
vt 0.225605 0.320380
vt 0.223548 0.207563
vt 0.224986 0.324608
vt 0.223432 0.204281
vt 0.225115 0.329903
vt 0.223990 0.200872
vt 0.225811 0.337171
vt 0.227085 0.198148
vt 0.228260 0.346018
vt 0.232050 0.195286
vt 0.233826 0.357252
vt 0.238964 0.193815
vt 0.244193 0.370804
vt 0.245658 0.193856
vt 0.253430 0.355598
vt 0.249622 0.197635
vt 0.258029 0.344249
vt 0.252392 0.201599
vt 0.259884 0.335545
vt 0.253943 0.205205
vt 0.260015 0.328380
vt 0.254573 0.208307
vt 0.259749 0.323134
vt 0.254349 0.210957
vt 0.258820 0.318993
vt 0.253677 0.213293
vt 0.257395 0.315637
vt 0.252652 0.215283
vt 0.255432 0.312734
vt 0.251332 0.216981
vt 0.254074 0.310141
vt 0.249979 0.218453
vt 0.252547 0.308237
vt 0.248490 0.219583
vt 0.250872 0.306814
vt 0.246832 0.220408
vt 0.249045 0.305759
vt 0.244890 0.220942
vt 0.247302 0.304904
vt 0.081138 0.364871
vt 0.050430 0.354493
vt 0.071911 0.044554
vt 0.051130 0.352161
vt 0.070901 0.046536
vt 0.051983 0.350222
vt 0.070076 0.048341
vt 0.052933 0.348587
vt 0.069364 0.049434
vt 0.053950 0.347189
vt 0.068822 0.050359
vt 0.055017 0.345983
vt 0.068465 0.051349
vt 0.056124 0.344942
vt 0.068230 0.052181
vt 0.057264 0.344048
vt 0.068152 0.053032
vt 0.058431 0.343290
vt 0.068159 0.053738
vt 0.059621 0.342661
vt 0.068248 0.054324
vt 0.060828 0.342155
vt 0.068408 0.054796
vt 0.062049 0.341769
vt 0.068914 0.055411
vt 0.063280 0.341500
vt 0.069448 0.055914
vt 0.064516 0.341347
vt 0.070061 0.056302
vt 0.065756 0.341308
vt 0.070689 0.056588
vt 0.066995 0.341383
vt 0.071354 0.056745
vt 0.068230 0.341575
vt 0.072024 0.056804
vt 0.069455 0.341887
vt 0.072692 0.056759
vt 0.070666 0.342319
vt 0.073353 0.056610
vt 0.071860 0.342874
vt 0.073867 0.056310
vt 0.073032 0.343555
vt 0.074363 0.055901
vt 0.074178 0.344370
vt 0.074770 0.055404
vt 0.075295 0.345328
vt 0.075142 0.054791
vt 0.076377 0.346446
vt 0.075389 0.054114
vt 0.077415 0.347749
vt 0.075562 0.053324
vt 0.078395 0.349278
vt 0.075651 0.052417
vt 0.079252 0.351072
vt 0.075663 0.051369
vt 0.080008 0.352470
vt 0.075422 0.050502
vt 0.080701 0.354181
vt 0.075058 0.049475
vt 0.081244 0.356225
vt 0.074518 0.048453
vt 0.081570 0.358637
vt 0.073809 0.047259
vt 0.081585 0.361489
vt 0.072960 0.045660
vt 0.017921 0.294652
vt 0.130099 0.296748
vt 0.022490 0.295426
vt 0.026685 0.295695
vt 0.030559 0.295649
vt 0.034209 0.295548
vt 0.037706 0.295425
vt 0.041090 0.295298
vt 0.044388 0.295177
vt 0.047619 0.295069
vt 0.050799 0.294977
vt 0.053938 0.294904
vt 0.057049 0.294852
vt 0.060145 0.294819
vt 0.063237 0.294801
vt 0.066338 0.294782
vt 0.069434 0.294930
vt 0.072517 0.295074
vt 0.075598 0.295230
vt 0.078685 0.295405
vt 0.081791 0.295601
vt 0.084925 0.295818
vt 0.088096 0.296054
vt 0.091314 0.296305
vt 0.094589 0.296569
vt 0.097932 0.296839
vt 0.101356 0.297109
vt 0.104876 0.297371
vt 0.108516 0.297611
vt 0.112305 0.297811
vt 0.116291 0.297939
vt 0.120542 0.297931
vt 0.125149 0.297650
vt 0.100114 0.053356
vt 0.043847 0.054183
vt 0.046170 0.056523
vt 0.048265 0.058497
vt 0.050207 0.060171
vt 0.052047 0.061599
vt 0.053818 0.062824
vt 0.055544 0.063880
vt 0.057239 0.064788
vt 0.058912 0.065569
vt 0.060572 0.066234
vt 0.062224 0.066795
vt 0.063873 0.067260
vt 0.065518 0.067634
vt 0.067163 0.067920
vt 0.068808 0.068122
vt 0.070454 0.068241
vt 0.072104 0.068278
vt 0.073760 0.068237
vt 0.075423 0.068120
vt 0.077081 0.067844
vt 0.078732 0.067490
vt 0.080380 0.067052
vt 0.082027 0.066525
vt 0.083677 0.065901
vt 0.085333 0.065172
vt 0.086999 0.064329
vt 0.088683 0.063357
vt 0.090390 0.062239
vt 0.092135 0.060948
vt 0.093937 0.059447
vt 0.095826 0.057690
vt 0.097854 0.055718
vt 0.040707 0.065354
vt 0.024886 0.283497
vt 0.043343 0.066254
vt 0.028094 0.283926
vt 0.045829 0.067164
vt 0.031396 0.284230
vt 0.048190 0.068048
vt 0.034701 0.284463
vt 0.050449 0.068886
vt 0.037992 0.284639
vt 0.052624 0.069664
vt 0.041260 0.284771
vt 0.054733 0.070374
vt 0.044501 0.284871
vt 0.056787 0.071011
vt 0.047715 0.284947
vt 0.058800 0.071573
vt 0.050903 0.285007
vt 0.060779 0.072059
vt 0.054067 0.285056
vt 0.062732 0.072467
vt 0.057209 0.285097
vt 0.064665 0.072799
vt 0.060332 0.285135
vt 0.066583 0.073054
vt 0.063437 0.285173
vt 0.068489 0.073232
vt 0.066527 0.285212
vt 0.070387 0.073333
vt 0.069614 0.285317
vt 0.072277 0.073358
vt 0.072714 0.285425
vt 0.074161 0.073308
vt 0.075828 0.285534
vt 0.076040 0.073180
vt 0.078960 0.285643
vt 0.077922 0.072946
vt 0.082111 0.285749
vt 0.079822 0.072633
vt 0.085286 0.285851
vt 0.081742 0.072243
vt 0.088487 0.285944
vt 0.083686 0.071775
vt 0.091718 0.286026
vt 0.085659 0.071229
vt 0.094982 0.286089
vt 0.087668 0.070605
vt 0.098282 0.286127
vt 0.089722 0.069906
vt 0.101619 0.286133
vt 0.091831 0.069132
vt 0.104992 0.286095
vt 0.094011 0.068288
vt 0.108398 0.286003
vt 0.096280 0.067383
vt 0.111830 0.285841
vt 0.098658 0.066428
vt 0.115274 0.285596
vt 0.101173 0.065447
vt 0.118705 0.285249
vt 0.103856 0.064583
vt 0.122083 0.284791
vt 0.125345 0.284221
vt 0.021783 0.283018
vt 0.106697 0.063801
vt 0.037892 0.064515
vt 0.022676 0.299902
vt 0.025366 0.314627
vt 0.026596 0.318501
vt 0.031714 0.330538
vt 0.033379 0.333610
vt 0.039734 0.342864
vt 0.041709 0.345100
vt 0.048964 0.351042
vt 0.026866 0.299626
vt 0.029166 0.313654
vt 0.030197 0.317289
vt 0.034762 0.329069
vt 0.036224 0.331995
vt 0.041989 0.341089
vt 0.043720 0.343218
vt 0.050192 0.349105
vt 0.030725 0.299407
vt 0.032721 0.312791
vt 0.033618 0.316295
vt 0.037651 0.327754
vt 0.038959 0.330609
vt 0.044121 0.339510
vt 0.045669 0.341596
vt 0.051380 0.347440
vt 0.034370 0.299185
vt 0.036120 0.312045
vt 0.036904 0.315440
vt 0.040448 0.326595
vt 0.041612 0.329389
vt 0.046196 0.338115
vt 0.047571 0.340171
vt 0.052587 0.346002
vt 0.037864 0.298963
vt 0.039402 0.311400
vt 0.040083 0.314697
vt 0.043178 0.325576
vt 0.044203 0.328314
vt 0.048234 0.336887
vt 0.049445 0.338920
vt 0.053824 0.344755
vt 0.041244 0.298753
vt 0.042587 0.310842
vt 0.043174 0.314054
vt 0.045849 0.324688
vt 0.046741 0.327375
vt 0.050246 0.335816
vt 0.051299 0.337829
vt 0.055088 0.343678
vt 0.044534 0.298561
vt 0.045689 0.310363
vt 0.046189 0.313504
vt 0.048470 0.323924
vt 0.049234 0.326565
vt 0.052236 0.334893
vt 0.053139 0.336889
vt 0.056377 0.342754
vt 0.047751 0.298392
vt 0.048724 0.309960
vt 0.049141 0.313040
vt 0.051046 0.323277
vt 0.051688 0.325880
vt 0.054208 0.334110
vt 0.054968 0.336094
vt 0.057684 0.341972
vt 0.050912 0.298250
vt 0.051701 0.309628
vt 0.052039 0.312658
vt 0.053584 0.322743
vt 0.054109 0.325313
vt 0.056165 0.333462
vt 0.056789 0.335435
vt 0.059008 0.341325
vt 0.054028 0.298137
vt 0.054632 0.309367
vt 0.054893 0.312357
vt 0.056091 0.322318
vt 0.056501 0.324860
vt 0.058109 0.332944
vt 0.058601 0.334909
vt 0.060343 0.340806
vt 0.057112 0.298054
vt 0.057527 0.309174
vt 0.057713 0.312133
vt 0.058571 0.321997
vt 0.058871 0.324519
vt 0.060044 0.332551
vt 0.060408 0.334509
vt 0.061688 0.340411
vt 0.060174 0.298004
vt 0.060395 0.309049
vt 0.060506 0.311986
vt 0.061032 0.321780
vt 0.061224 0.324286
vt 0.061971 0.332280
vt 0.062210 0.334233
vt 0.063039 0.340137
vt 0.063226 0.297989
vt 0.063245 0.308991
vt 0.063281 0.311915
vt 0.063479 0.321663
vt 0.063565 0.324160
vt 0.063892 0.332129
vt 0.064008 0.334078
vt 0.064394 0.339980
vt 0.066274 0.298019
vt 0.066084 0.309001
vt 0.066047 0.311918
vt 0.065919 0.321646
vt 0.065899 0.324139
vt 0.065810 0.332096
vt 0.065804 0.334044
vt 0.065750 0.339942
vt 0.069321 0.298111
vt 0.068923 0.309077
vt 0.068812 0.311999
vt 0.068360 0.321726
vt 0.068234 0.324225
vt 0.067729 0.332180
vt 0.067600 0.334131
vt 0.067107 0.340019
vt 0.072367 0.298257
vt 0.071775 0.309211
vt 0.071586 0.312163
vt 0.070812 0.321898
vt 0.070575 0.324422
vt 0.069656 0.332376
vt 0.069397 0.334343
vt 0.068465 0.340209
vt 0.075417 0.298412
vt 0.074637 0.309438
vt 0.074375 0.312385
vt 0.073273 0.322197
vt 0.072928 0.324717
vt 0.071581 0.332718
vt 0.071197 0.334674
vt 0.069812 0.340540
vt 0.078474 0.298607
vt 0.077510 0.309721
vt 0.077175 0.312690
vt 0.075742 0.322588
vt 0.075287 0.325125
vt 0.073505 0.333174
vt 0.072993 0.335134
vt 0.071145 0.340986
vt 0.081551 0.298835
vt 0.080407 0.310067
vt 0.079999 0.313071
vt 0.078230 0.323080
vt 0.077662 0.325644
vt 0.075432 0.333754
vt 0.074787 0.335723
vt 0.072462 0.341557
vt 0.084659 0.299092
vt 0.083340 0.310478
vt 0.082858 0.313526
vt 0.080746 0.323679
vt 0.080062 0.326276
vt 0.077367 0.334464
vt 0.076584 0.336444
vt 0.073762 0.342258
vt 0.087809 0.299378
vt 0.086319 0.310954
vt 0.085764 0.314057
vt 0.083298 0.324386
vt 0.082493 0.327025
vt 0.079311 0.335310
vt 0.078383 0.337304
vt 0.075042 0.343097
vt 0.091011 0.299689
vt 0.089357 0.311496
vt 0.088727 0.314665
vt 0.085896 0.325208
vt 0.084964 0.327897
vt 0.081269 0.336299
vt 0.080187 0.338310
vt 0.076295 0.344082
vt 0.094275 0.300022
vt 0.092465 0.312103
vt 0.091758 0.315351
vt 0.088547 0.326148
vt 0.087482 0.328896
vt 0.083244 0.337439
vt 0.081996 0.339470
vt 0.077520 0.345223
vt 0.097615 0.300372
vt 0.095657 0.312778
vt 0.094871 0.316118
vt 0.091263 0.327213
vt 0.090057 0.330031
vt 0.085239 0.338739
vt 0.083812 0.340793
vt 0.078708 0.346532
vt 0.101044 0.300734
vt 0.098947 0.313521
vt 0.098081 0.316968
vt 0.094055 0.328411
vt 0.092699 0.331309
vt 0.087258 0.340210
vt 0.085636 0.342290
vt 0.079856 0.348011
vt 0.104581 0.301099
vt 0.102353 0.314332
vt 0.101402 0.317904
vt 0.096935 0.329749
vt 0.095419 0.332740
vt 0.089307 0.341868
vt 0.087472 0.343974
vt 0.080952 0.349640
vt 0.108245 0.301457
vt 0.105893 0.315216
vt 0.104854 0.318931
vt 0.099917 0.331238
vt 0.098232 0.334334
vt 0.091392 0.343729
vt 0.089324 0.345863
vt 0.081975 0.351380
vt 0.112065 0.301794
vt 0.109590 0.316176
vt 0.108456 0.320054
vt 0.103019 0.332888
vt 0.101153 0.336104
vt 0.093525 0.345817
vt 0.091201 0.347984
vt 0.082899 0.353323
vt 0.116082 0.302092
vt 0.113473 0.317222
vt 0.112237 0.321284
vt 0.106262 0.334715
vt 0.104208 0.338067
vt 0.095722 0.348162
vt 0.093120 0.350374
vt 0.083708 0.355548
vt 0.120364 0.302344
vt 0.117595 0.318365
vt 0.116241 0.322644
vt 0.109692 0.336738
vt 0.107431 0.340252
vt 0.098023 0.350807
vt 0.095104 0.353089
vt 0.084394 0.358137
vt 0.125036 0.302615
vt 0.122069 0.319588
vt 0.120534 0.324223
vt 0.113415 0.338957
vt 0.110868 0.342752
vt 0.100534 0.353795
vt 0.097163 0.356247
vt 0.085012 0.361207
vt 0.085875 0.364846
vt 0.047485 0.353219
vt 0.099114 0.360061
vt 0.039723 0.347397
vt 0.103556 0.357014
vt 0.037142 0.344706
vt 0.114410 0.345867
vt 0.030486 0.335650
vt 0.117670 0.341164
vt 0.028302 0.331980
vt 0.125093 0.326374
vt 0.022848 0.320184
vt 0.127084 0.320630
vt 0.021157 0.315510
vt 0.018060 0.300593
vt 0.130214 0.303276
vt 0.023582 0.304904
vt 0.024523 0.309914
vt 0.028447 0.322607
vt 0.030175 0.326693
vt 0.035614 0.336778
vt 0.037757 0.339926
vt 0.044201 0.347240
vt 0.046666 0.349268
vt 0.027441 0.304321
vt 0.028262 0.309215
vt 0.031655 0.321335
vt 0.033245 0.325426
vt 0.038102 0.335179
vt 0.040103 0.338341
vt 0.045856 0.345422
vt 0.048115 0.347476
vt 0.031177 0.303848
vt 0.031891 0.308561
vt 0.034843 0.320226
vt 0.036266 0.324243
vt 0.040596 0.333741
vt 0.042410 0.336863
vt 0.047536 0.343792
vt 0.049552 0.345845
vt 0.034766 0.303438
vt 0.035390 0.307977
vt 0.037962 0.319257
vt 0.039218 0.323180
vt 0.043056 0.332459
vt 0.044674 0.335528
vt 0.049213 0.342349
vt 0.050991 0.344400
vt 0.038224 0.303072
vt 0.038770 0.307462
vt 0.041004 0.318411
vt 0.042101 0.322241
vt 0.045472 0.331327
vt 0.046898 0.334344
vt 0.050884 0.341081
vt 0.052438 0.343133
vt 0.041571 0.302748
vt 0.042047 0.307013
vt 0.043971 0.317678
vt 0.044920 0.321423
vt 0.047847 0.330337
vt 0.049088 0.333308
vt 0.052549 0.339978
vt 0.053894 0.342034
vt 0.044827 0.302463
vt 0.045235 0.306625
vt 0.046872 0.317050
vt 0.047681 0.320720
vt 0.050185 0.329482
vt 0.051249 0.332413
vt 0.054211 0.339031
vt 0.055361 0.341091
vt 0.048008 0.302220
vt 0.048352 0.306297
vt 0.049715 0.316520
vt 0.050392 0.320126
vt 0.052490 0.328758
vt 0.053384 0.331655
vt 0.055871 0.338229
vt 0.056836 0.340294
vt 0.051130 0.302018
vt 0.051408 0.306027
vt 0.052510 0.316084
vt 0.053059 0.319636
vt 0.054767 0.328159
vt 0.055498 0.331027
vt 0.057530 0.337566
vt 0.058318 0.339635
vt 0.054205 0.301859
vt 0.054418 0.305815
vt 0.055265 0.315739
vt 0.055690 0.319247
vt 0.057022 0.327681
vt 0.057594 0.330525
vt 0.059187 0.337035
vt 0.059807 0.339107
vt 0.057244 0.301743
vt 0.057390 0.305659
vt 0.057987 0.315482
vt 0.058292 0.318955
vt 0.059257 0.327319
vt 0.059675 0.330145
vt 0.060843 0.336633
vt 0.061299 0.338706
vt 0.060258 0.301673
vt 0.060336 0.305561
vt 0.060684 0.315311
vt 0.060872 0.318759
vt 0.061478 0.327072
vt 0.061746 0.329885
vt 0.062498 0.336355
vt 0.062794 0.338429
vt 0.063255 0.301650
vt 0.063262 0.305521
vt 0.063363 0.315225
vt 0.063436 0.318656
vt 0.063689 0.326938
vt 0.063808 0.329740
vt 0.064150 0.336200
vt 0.064291 0.338272
vt 0.066241 0.301679
vt 0.066176 0.305539
vt 0.066032 0.315223
vt 0.065990 0.318645
vt 0.065892 0.326914
vt 0.065864 0.329711
vt 0.065801 0.336165
vt 0.065786 0.338235
vt 0.069219 0.301763
vt 0.069083 0.305614
vt 0.068695 0.315307
vt 0.068538 0.318723
vt 0.068091 0.327003
vt 0.067916 0.329796
vt 0.067448 0.336253
vt 0.067277 0.338317
vt 0.072188 0.301902
vt 0.071983 0.305742
vt 0.071354 0.315477
vt 0.071082 0.318889
vt 0.070286 0.327205
vt 0.069962 0.329991
vt 0.069089 0.336463
vt 0.068760 0.338514
vt 0.075166 0.302071
vt 0.074893 0.305946
vt 0.074025 0.315718
vt 0.073636 0.319165
vt 0.072489 0.327510
vt 0.072012 0.330320
vt 0.070728 0.336791
vt 0.070236 0.338847
vt 0.078169 0.302289
vt 0.077830 0.306200
vt 0.076722 0.316048
vt 0.076215 0.319531
vt 0.074707 0.327934
vt 0.074075 0.330765
vt 0.072367 0.337249
vt 0.071711 0.339303
vt 0.081200 0.302551
vt 0.080798 0.306506
vt 0.079449 0.316464
vt 0.078823 0.319989
vt 0.076943 0.328477
vt 0.076152 0.331330
vt 0.074004 0.337837
vt 0.073179 0.339886
vt 0.084267 0.302855
vt 0.083803 0.306866
vt 0.082211 0.316968
vt 0.081464 0.320544
vt 0.079200 0.329140
vt 0.078244 0.332023
vt 0.075637 0.338560
vt 0.074636 0.340603
vt 0.087379 0.303199
vt 0.086856 0.307278
vt 0.085018 0.317559
vt 0.084146 0.321199
vt 0.081483 0.329929
vt 0.080354 0.332846
vt 0.077266 0.339424
vt 0.076080 0.341459
vt 0.090547 0.303581
vt 0.089967 0.307742
vt 0.087880 0.318240
vt 0.086879 0.321956
vt 0.083798 0.330849
vt 0.082488 0.333808
vt 0.078889 0.340435
vt 0.077509 0.342463
vt 0.093783 0.303998
vt 0.093148 0.308258
vt 0.090808 0.319014
vt 0.089673 0.322821
vt 0.086151 0.331906
vt 0.084649 0.334915
vt 0.080506 0.341602
vt 0.078918 0.343622
vt 0.097100 0.304447
vt 0.096413 0.308823
vt 0.093814 0.319884
vt 0.092538 0.323797
vt 0.088551 0.333109
vt 0.086843 0.336177
vt 0.082115 0.342932
vt 0.080305 0.344946
vt 0.100512 0.304926
vt 0.099777 0.309438
vt 0.096911 0.320854
vt 0.095488 0.324891
vt 0.091007 0.334467
vt 0.089078 0.337605
vt 0.083715 0.344437
vt 0.081664 0.346439
vt 0.104039 0.305428
vt 0.103257 0.310101
vt 0.100115 0.321930
vt 0.098535 0.326109
vt 0.093527 0.335992
vt 0.091361 0.339211
vt 0.085305 0.346127
vt 0.082987 0.348105
vt 0.107701 0.305950
vt 0.106874 0.310811
vt 0.103440 0.323118
vt 0.101695 0.327459
vt 0.096125 0.337695
vt 0.093702 0.341010
vt 0.086883 0.348021
vt 0.084266 0.349953
vt 0.111521 0.306486
vt 0.110649 0.311566
vt 0.106903 0.324424
vt 0.104982 0.328948
vt 0.098812 0.339591
vt 0.096114 0.343018
vt 0.088451 0.350149
vt 0.085493 0.352024
vt 0.115524 0.307036
vt 0.114603 0.312366
vt 0.110516 0.325861
vt 0.108413 0.330579
vt 0.101600 0.341695
vt 0.098611 0.345248
vt 0.090009 0.352546
vt 0.086667 0.354365
vt 0.119727 0.307611
vt 0.118753 0.313202
vt 0.114279 0.327442
vt 0.111995 0.332344
vt 0.104490 0.344023
vt 0.101211 0.347703
vt 0.091552 0.355248
vt 0.087791 0.357015
vt 0.124104 0.308257
vt 0.123078 0.314035
vt 0.118143 0.329196
vt 0.115715 0.334190
vt 0.107441 0.346585
vt 0.103927 0.350336
vt 0.093048 0.358271
vt 0.088895 0.359978
vt 0.090036 0.363142
vt 0.045201 0.351121
vt 0.094381 0.361553
vt 0.042670 0.349209
vt 0.106730 0.352974
vt 0.035436 0.341468
vt 0.110253 0.349331
vt 0.033272 0.338522
vt 0.119470 0.335952
vt 0.027166 0.327899
vt 0.121877 0.331137
vt 0.025387 0.324065
vt 0.127443 0.314748
vt 0.020793 0.310568
vt 0.128491 0.309081
vt 0.019748 0.305703
vt 0.056502 0.354487
vt 0.073393 0.360844
vt 0.056613 0.353258
vt 0.056870 0.352034
vt 0.057257 0.350873
vt 0.057756 0.349800
vt 0.058346 0.348827
vt 0.059013 0.347959
vt 0.059741 0.347197
vt 0.060522 0.346539
vt 0.061344 0.345986
vt 0.062198 0.345537
vt 0.063076 0.345192
vt 0.063972 0.344951
vt 0.064880 0.344813
vt 0.065792 0.344778
vt 0.066702 0.344847
vt 0.067604 0.345020
vt 0.068493 0.345299
vt 0.069361 0.345683
vt 0.070202 0.346174
vt 0.071008 0.346773
vt 0.071771 0.347481
vt 0.072484 0.348299
vt 0.073137 0.349227
vt 0.073721 0.350258
vt 0.074225 0.351385
vt 0.074637 0.352589
vt 0.074901 0.353844
vt 0.075003 0.355165
vt 0.074924 0.356558
vt 0.074641 0.358005
vt 0.074135 0.359464
vt 0.064895 0.355054
vt 0.064491 0.354204
vt 0.064120 0.353541
vt 0.063858 0.352952
vt 0.063686 0.352373
vt 0.063601 0.351875
vt 0.063605 0.351381
vt 0.063672 0.350969
vt 0.063893 0.350477
vt 0.064156 0.350052
vt 0.064453 0.349695
vt 0.064769 0.349408
vt 0.065164 0.349194
vt 0.065568 0.349040
vt 0.065986 0.348956
vt 0.066402 0.348930
vt 0.066797 0.349027
vt 0.067182 0.349183
vt 0.067551 0.349397
vt 0.067903 0.349663
vt 0.068144 0.349982
vt 0.068353 0.350356
vt 0.068502 0.350773
vt 0.068602 0.351238
vt 0.068594 0.351641
vt 0.068507 0.352084
vt 0.068328 0.352552
vt 0.068047 0.353033
vt 0.067705 0.353400
vt 0.067222 0.353770
vt 0.066629 0.354082
vt 0.065869 0.354373
vt 0.075062 0.352502
vt 0.074594 0.351246
vt 0.057407 0.349595
vt 0.056867 0.350703
vt 0.064848 0.344511
vt 0.063909 0.344650
vt 0.072748 0.348067
vt 0.072000 0.347231
vt 0.074687 0.359722
vt 0.075186 0.358144
vt 0.061182 0.345699
vt 0.060326 0.346260
vt 0.069488 0.345398
vt 0.068587 0.345007
vt 0.075355 0.353789
vt 0.058038 0.348596
vt 0.065791 0.344477
vt 0.073437 0.349018
vt 0.056157 0.353205
vt 0.073918 0.361338
vt 0.056053 0.354556
vt 0.062070 0.345244
vt 0.070362 0.345898
vt 0.075491 0.355155
vt 0.058744 0.347708
vt 0.066733 0.344547
vt 0.074055 0.350080
vt 0.056441 0.351912
vt 0.062981 0.344894
vt 0.071201 0.346508
vt 0.075444 0.356612
vt 0.059510 0.346930
vt 0.067667 0.344724
vt 0.078217 0.349469
vt 0.053144 0.348736
vt 0.063316 0.341691
vt 0.074066 0.344545
vt 0.081189 0.358683
vt 0.058539 0.343473
vt 0.069410 0.342075
vt 0.050989 0.354548
vt 0.080323 0.364584
vt 0.079016 0.351380
vt 0.054140 0.347347
vt 0.064536 0.341537
vt 0.075166 0.345499
vt 0.081104 0.361469
vt 0.059710 0.342847
vt 0.070604 0.342505
vt 0.079708 0.352632
vt 0.055186 0.346150
vt 0.065760 0.341498
vt 0.076233 0.346613
vt 0.051441 0.352285
vt 0.060899 0.342343
vt 0.071781 0.343056
vt 0.080375 0.354290
vt 0.056272 0.345115
vt 0.066982 0.341573
vt 0.077258 0.347917
vt 0.052223 0.350362
vt 0.062103 0.341959
vt 0.072936 0.343734
vt 0.080898 0.356302
vt 0.057392 0.344226
vt 0.068201 0.341765
vt 0.041613 0.345002
vt 0.043636 0.343121
vt 0.045587 0.341491
vt 0.047496 0.340063
vt 0.049378 0.338811
vt 0.051240 0.337720
vt 0.053088 0.336781
vt 0.054925 0.335986
vt 0.056752 0.335328
vt 0.058572 0.334801
vt 0.060385 0.334402
vt 0.062193 0.334126
vt 0.063998 0.333972
vt 0.065800 0.333937
vt 0.067602 0.334024
vt 0.069407 0.334233
vt 0.071212 0.334566
vt 0.073014 0.335025
vt 0.074815 0.335612
vt 0.076619 0.336332
vt 0.078426 0.337190
vt 0.080238 0.338194
vt 0.082056 0.339351
vt 0.083883 0.340671
vt 0.085720 0.342165
vt 0.087569 0.343848
vt 0.089436 0.345738
vt 0.091328 0.347862
vt 0.093258 0.350258
vt 0.095247 0.352984
vt 0.097331 0.356138
vt 0.099600 0.359823
vt 0.039447 0.347191
vt 0.033297 0.333475
vt 0.036151 0.331859
vt 0.038888 0.330465
vt 0.041547 0.329242
vt 0.044145 0.328168
vt 0.046690 0.327231
vt 0.049190 0.326424
vt 0.051650 0.325740
vt 0.054077 0.325174
vt 0.056476 0.324723
vt 0.058852 0.324383
vt 0.061211 0.324150
vt 0.063557 0.324024
vt 0.065897 0.324004
vt 0.068237 0.324089
vt 0.070585 0.324282
vt 0.072943 0.324579
vt 0.075308 0.324986
vt 0.077690 0.325503
vt 0.080097 0.326133
vt 0.082535 0.326879
vt 0.085013 0.327748
vt 0.087539 0.328744
vt 0.090122 0.329875
vt 0.092772 0.331149
vt 0.095502 0.332575
vt 0.098325 0.334165
vt 0.101256 0.335932
vt 0.104319 0.337896
vt 0.107546 0.340088
vt 0.110994 0.342583
vt 0.114764 0.345467
vt 0.030244 0.335366
vt 0.026530 0.318329
vt 0.030141 0.317120
vt 0.033566 0.316119
vt 0.036857 0.315263
vt 0.040042 0.314523
vt 0.043139 0.313884
vt 0.046159 0.313336
vt 0.049116 0.312875
vt 0.052018 0.312496
vt 0.054877 0.312196
vt 0.057701 0.311974
vt 0.060498 0.311827
vt 0.063278 0.311757
vt 0.066047 0.311761
vt 0.068816 0.311841
vt 0.071596 0.311999
vt 0.074388 0.312226
vt 0.077192 0.312529
vt 0.080020 0.312907
vt 0.082884 0.313359
vt 0.085794 0.313887
vt 0.088761 0.314492
vt 0.091798 0.315174
vt 0.094916 0.315936
vt 0.098130 0.316781
vt 0.101457 0.317711
vt 0.104914 0.318732
vt 0.108523 0.319849
vt 0.112309 0.321077
vt 0.116316 0.322444
vt 0.120616 0.324016
vt 0.125336 0.325876
vt 0.022630 0.319808
vt 0.017943 0.300022
vt 0.130287 0.302637
vt 0.022637 0.299698
vt 0.026832 0.299458
vt 0.030702 0.299231
vt 0.034356 0.299003
vt 0.037854 0.298780
vt 0.041235 0.298570
vt 0.044525 0.298380
vt 0.047743 0.298213
vt 0.050904 0.298074
vt 0.054021 0.297963
vt 0.057107 0.297883
vt 0.060172 0.297833
vt 0.063227 0.297816
vt 0.066277 0.297842
vt 0.069325 0.297940
vt 0.072374 0.298082
vt 0.075427 0.298242
vt 0.078486 0.298434
vt 0.081566 0.298659
vt 0.084675 0.298914
vt 0.087826 0.299196
vt 0.091029 0.299503
vt 0.094293 0.299832
vt 0.097633 0.300179
vt 0.101062 0.300537
vt 0.104597 0.300899
vt 0.108262 0.301255
vt 0.112086 0.301591
vt 0.116110 0.301891
vt 0.120401 0.302147
vt 0.125070 0.302382
vt 0.103150 0.357336
vt 0.037371 0.344951
vt 0.039817 0.342964
vt 0.042063 0.341194
vt 0.044195 0.339621
vt 0.046265 0.338227
vt 0.048297 0.336998
vt 0.050301 0.335926
vt 0.052284 0.335002
vt 0.054249 0.334219
vt 0.056199 0.333571
vt 0.058138 0.333052
vt 0.060066 0.332659
vt 0.061987 0.332388
vt 0.063902 0.332236
vt 0.065814 0.332203
vt 0.067727 0.332287
vt 0.069647 0.332489
vt 0.071567 0.332826
vt 0.073484 0.333284
vt 0.075405 0.333865
vt 0.077333 0.334578
vt 0.079270 0.335426
vt 0.081220 0.336417
vt 0.083186 0.337559
vt 0.085170 0.338862
vt 0.087178 0.340336
vt 0.089215 0.341995
vt 0.091288 0.343857
vt 0.093409 0.345945
vt 0.095598 0.348288
vt 0.097896 0.350927
vt 0.100384 0.353917
vt 0.117408 0.341605
vt 0.028491 0.332298
vt 0.031783 0.330671
vt 0.034823 0.329208
vt 0.037712 0.327901
vt 0.040506 0.326742
vt 0.043231 0.325721
vt 0.045896 0.324831
vt 0.048510 0.324064
vt 0.051080 0.323416
vt 0.053613 0.322880
vt 0.056113 0.322453
vt 0.058588 0.322132
vt 0.061044 0.321914
vt 0.063486 0.321797
vt 0.065921 0.321779
vt 0.068356 0.321860
vt 0.070803 0.322038
vt 0.073258 0.322332
vt 0.075722 0.322725
vt 0.078204 0.323220
vt 0.080714 0.323820
vt 0.083260 0.324531
vt 0.085851 0.325355
vt 0.088496 0.326299
vt 0.091204 0.327368
vt 0.093988 0.328570
vt 0.096860 0.329913
vt 0.099834 0.331406
vt 0.102929 0.333061
vt 0.106168 0.334889
vt 0.109597 0.336906
vt 0.113307 0.339130
vt 0.126937 0.321153
vt 0.021306 0.315919
vt 0.025420 0.314798
vt 0.029207 0.313820
vt 0.032761 0.312964
vt 0.036158 0.312218
vt 0.039436 0.311569
vt 0.042616 0.311007
vt 0.045715 0.310526
vt 0.048745 0.310120
vt 0.051719 0.309787
vt 0.054646 0.309523
vt 0.057538 0.309329
vt 0.060402 0.309203
vt 0.063248 0.309145
vt 0.066083 0.309154
vt 0.068919 0.309230
vt 0.071766 0.309371
vt 0.074625 0.309593
vt 0.077494 0.309878
vt 0.080387 0.310226
vt 0.083317 0.310640
vt 0.086293 0.311119
vt 0.089327 0.311664
vt 0.092431 0.312275
vt 0.095619 0.312955
vt 0.098906 0.313702
vt 0.102307 0.314520
vt 0.105843 0.315409
vt 0.109536 0.316375
vt 0.113419 0.317423
vt 0.117542 0.318561
vt 0.122006 0.319794
vt 0.017870 0.295296
vt 0.130215 0.297431
vt 0.022543 0.295619
vt 0.026715 0.295817
vt 0.030564 0.295805
vt 0.034209 0.295717
vt 0.037706 0.295599
vt 0.041092 0.295474
vt 0.044392 0.295352
vt 0.047625 0.295242
vt 0.050805 0.295147
vt 0.053944 0.295071
vt 0.057054 0.295016
vt 0.060146 0.294980
vt 0.063234 0.294963
vt 0.066335 0.294971
vt 0.069432 0.295091
vt 0.072511 0.295236
vt 0.075588 0.295394
vt 0.078673 0.295571
vt 0.081777 0.295770
vt 0.084910 0.295990
vt 0.088080 0.296230
vt 0.091299 0.296485
vt 0.094574 0.296752
vt 0.097919 0.297026
vt 0.101345 0.297300
vt 0.104869 0.297563
vt 0.108512 0.297802
vt 0.112301 0.297996
vt 0.116279 0.298112
vt 0.120511 0.298095
vt 0.125102 0.297868
vt 0.051017 0.352107
vt 0.051908 0.350165
vt 0.052862 0.348529
vt 0.053881 0.347128
vt 0.054952 0.345918
vt 0.056066 0.344873
vt 0.057213 0.343976
vt 0.058388 0.343216
vt 0.059585 0.342586
vt 0.060799 0.342080
vt 0.062026 0.341694
vt 0.063263 0.341425
vt 0.064505 0.341271
vt 0.065750 0.341232
vt 0.066995 0.341308
vt 0.068235 0.341500
vt 0.069466 0.341813
vt 0.070683 0.342246
vt 0.071881 0.342801
vt 0.073058 0.343483
vt 0.074209 0.344299
vt 0.075328 0.345260
vt 0.076408 0.346378
vt 0.077442 0.347675
vt 0.078420 0.349173
vt 0.079340 0.350846
vt 0.080161 0.352376
vt 0.080851 0.354129
vt 0.081382 0.356186
vt 0.081707 0.358605
vt 0.081775 0.361488
vt 0.081669 0.364998
vt 0.050096 0.354427
vt 0.085346 0.364871
vt 0.047779 0.353355
vt 0.049064 0.351101
vt 0.050269 0.349170
vt 0.051452 0.347509
vt 0.052655 0.346071
vt 0.053886 0.344826
vt 0.055144 0.343751
vt 0.056426 0.342828
vt 0.057726 0.342048
vt 0.059043 0.341402
vt 0.060372 0.340884
vt 0.061710 0.340489
vt 0.063056 0.340214
vt 0.064405 0.340058
vt 0.065756 0.340019
vt 0.067107 0.340095
vt 0.068459 0.340290
vt 0.069801 0.340616
vt 0.071128 0.341063
vt 0.072441 0.341633
vt 0.073736 0.342335
vt 0.075011 0.343173
vt 0.076262 0.344159
vt 0.077483 0.345304
vt 0.078666 0.346623
vt 0.079800 0.348122
vt 0.080865 0.349773
vt 0.081854 0.351484
vt 0.082765 0.353400
vt 0.083570 0.355610
vt 0.084255 0.358187
vt 0.084838 0.361235
vt 0.035249 0.455996
vt 0.017397 0.422325
vt 0.035400 0.455835
vt 0.022432 0.417494
vt 0.035551 0.455705
vt 0.027835 0.414295
vt 0.035703 0.455618
vt 0.033217 0.412729
vt 0.035854 0.455564
vt 0.038296 0.412577
vt 0.036005 0.455597
vt 0.042684 0.413550
vt 0.036178 0.455683
vt 0.048410 0.416629
vt 0.036308 0.455824
vt 0.053597 0.421373
vt 0.036437 0.456007
vt 0.058007 0.427587
vt 0.036545 0.456223
vt 0.061465 0.434990
vt 0.036632 0.456472
vt 0.063842 0.443267
vt 0.036675 0.456732
vt 0.065052 0.452063
vt 0.036675 0.457013
vt 0.065052 0.461032
vt 0.036654 0.457282
vt 0.063842 0.469785
vt 0.036589 0.457531
vt 0.061508 0.477977
vt 0.036480 0.457769
vt 0.058093 0.485270
vt 0.036350 0.457963
vt 0.053814 0.491376
vt 0.036200 0.458125
vt 0.048799 0.496055
vt 0.036048 0.458234
vt 0.043288 0.499114
vt 0.035854 0.458299
vt 0.037475 0.500432
vt 0.035681 0.458299
vt 0.031639 0.499967
vt 0.035486 0.458255
vt 0.025977 0.497752
vt 0.035314 0.458147
vt 0.020725 0.493872
vt 0.035184 0.457996
vt 0.016122 0.488502
vt 0.035054 0.457812
vt 0.012361 0.481856
vt 0.034946 0.457585
vt 0.009551 0.474205
vt 0.034881 0.457337
vt 0.007844 0.465874
vt 0.034838 0.457077
vt 0.007303 0.457175
vt 0.034838 0.456829
vt 0.007477 0.450853
vt 0.034903 0.456612
vt 0.008471 0.443656
vt 0.034990 0.456386
vt 0.010394 0.436211
vt 0.035097 0.456181
vt 0.013377 0.428916
s 1
usemtl Material.002
f 638/674/1 305/305/2 301/301/3 300/300/4
f 306/306/5 305/305/2 11/11/6 12/12/7
f 307/307/8 306/306/5 12/12/7 13/13/9
f 2/2/10 1/1/11 5/5/12 6/6/13
f 191/191/14 307/307/8 13/13/9
f 3/3/15 2/2/10 6/6/13 7/7/16
f 304/304/17 3/3/15 7/7/16 8/8/18
f 4/4/19 304/304/17 8/8/18 9/9/20
f 10/10/21 9/9/20 18/18/22 19/19/23
f 11/11/6 10/10/21 19/19/23 20/20/24
f 12/12/7 11/11/6 20/20/24 21/21/25
f 13/13/9 12/12/7 21/21/25 22/22/26
f 6/6/13 5/5/12 14/14/27 15/15/28
f 191/191/14 13/13/9 22/22/26
f 7/7/16 6/6/13 15/15/28 16/16/29
f 8/8/18 7/7/16 16/16/29 17/17/30
f 9/9/20 8/8/18 17/17/30 18/18/22
f 191/191/14 22/22/26 31/31/31
f 16/16/29 15/15/28 24/24/32 25/25/33
f 17/17/30 16/16/29 25/25/33 26/26/34
f 18/18/22 17/17/30 26/26/34 27/27/35
f 19/19/23 18/18/22 27/27/35 28/28/36
f 20/20/24 19/19/23 28/28/36 29/29/37
f 21/21/25 20/20/24 29/29/37 30/30/38
f 22/22/26 21/21/25 30/30/38 31/31/31
f 15/15/28 14/14/27 23/23/39 24/24/32
f 29/29/37 28/28/36 37/37/40 38/38/41
f 30/30/38 29/29/37 38/38/41 39/39/42
f 31/31/31 30/30/38 39/39/42 40/40/43
f 24/24/32 23/23/39 32/32/44 33/33/45
f 191/191/14 31/31/31 40/40/43
f 25/25/33 24/24/32 33/33/45 34/34/46
f 26/26/34 25/25/33 34/34/46 35/35/47
f 27/27/35 26/26/34 35/35/47 36/36/48
f 28/28/36 27/27/35 36/36/48 37/37/40
f 34/34/46 33/33/45 43/43/49 44/44/50
f 35/35/47 34/34/46 44/44/50 45/45/51
f 36/36/48 35/35/47 45/45/51 46/46/52
f 37/37/40 36/36/48 46/46/52 47/47/53
f 38/38/41 37/37/40 47/47/53 48/48/54
f 39/39/42 38/38/41 48/48/54 49/49/55
f 40/40/43 39/39/42 49/49/55 50/50/56
f 33/33/45 32/32/44 42/42/57 43/43/49
f 191/191/14 40/40/43 50/50/56
f 48/48/54 47/47/53 58/58/58 59/59/59
f 49/49/55 48/48/54 59/59/59 60/60/60
f 42/42/57 41/41/61 52/52/62 53/53/63
f 50/50/56 49/49/55 60/60/60 61/61/64
f 43/43/49 42/42/57 53/53/63 54/54/65
f 191/191/14 50/50/56 61/61/64
f 44/44/50 43/43/49 54/54/65 55/55/66
f 45/45/51 44/44/50 55/55/66 56/56/67
f 46/46/52 45/45/51 56/56/67 57/57/68
f 47/47/53 46/46/52 57/57/68 58/58/58
f 56/56/67 55/55/66 66/66/69 67/67/70
f 57/57/68 56/56/67 67/67/70 68/68/71
f 58/58/58 57/57/68 68/68/71 69/69/72
f 59/59/59 58/58/58 69/69/72 70/70/73
f 52/52/62 51/51/74 62/62/75 63/63/76
f 60/60/60 59/59/59 70/70/73 71/71/77
f 53/53/63 52/52/62 63/63/76 64/64/78
f 61/61/64 60/60/60 71/71/77 72/72/79
f 54/54/65 53/53/63 64/64/78 65/65/80
f 191/191/14 61/61/64 72/72/79
f 55/55/66 54/54/65 65/65/80 66/66/69
f 63/63/76 62/62/75 73/73/81 74/74/82
f 71/71/77 70/70/73 81/81/83 82/82/84
f 64/64/78 63/63/76 74/74/82 75/75/85
f 72/72/79 71/71/77 82/82/84 83/83/86
f 65/65/80 64/64/78 75/75/85 76/76/87
f 191/191/14 72/72/79 83/83/86
f 66/66/69 65/65/80 76/76/87 77/77/88
f 67/67/70 66/66/69 77/77/88 78/78/89
f 68/68/71 67/67/70 78/78/89 79/79/90
f 69/69/72 68/68/71 79/79/90 80/80/91
f 70/70/73 69/69/72 80/80/91 81/81/83
f 78/78/89 77/77/88 88/88/92 89/89/93
f 79/79/90 78/78/89 89/89/93 90/90/94
f 80/80/91 79/79/90 90/90/94 91/91/95
f 81/81/83 80/80/91 91/91/95 92/92/96
f 74/74/82 73/73/81 84/84/97 85/85/98
f 82/82/84 81/81/83 92/92/96 93/93/99
f 75/75/85 74/74/82 85/85/98 86/86/100
f 83/83/86 82/82/84 93/93/99 94/94/101
f 76/76/87 75/75/85 86/86/100 87/87/102
f 191/191/14 83/83/86 94/94/101
f 77/77/88 76/76/87 87/87/102 88/88/92
f 93/93/99 92/92/96 103/103/103 104/104/104
f 86/86/100 85/85/98 96/96/105 97/97/106
f 94/94/101 93/93/99 104/104/104 105/105/107
f 87/87/102 86/86/100 97/97/106 98/98/108
f 191/191/14 94/94/101 105/105/107
f 88/88/92 87/87/102 98/98/108 99/99/109
f 89/89/93 88/88/92 99/99/109 100/100/110
f 90/90/94 89/89/93 100/100/110 101/101/111
f 91/91/95 90/90/94 101/101/111 102/102/112
f 92/92/96 91/91/95 102/102/112 103/103/103
f 85/85/98 84/84/97 95/95/113 96/96/105
f 101/101/111 100/100/110 111/111/114 112/112/115
f 102/102/112 101/101/111 112/112/115 113/113/116
f 103/103/103 102/102/112 113/113/116 114/114/117
f 96/96/105 95/95/113 106/106/118 107/107/119
f 104/104/104 103/103/103 114/114/117 115/115/120
f 97/97/106 96/96/105 107/107/119 108/108/121
f 105/105/107 104/104/104 115/115/120 116/116/122
f 98/98/108 97/97/106 108/108/121 109/109/123
f 191/191/14 105/105/107 116/116/122
f 99/99/109 98/98/108 109/109/123 110/110/124
f 100/100/110 99/99/109 110/110/124 111/111/114
f 116/116/122 115/115/120 126/126/125 127/127/126
f 109/109/123 108/108/121 119/119/127 120/120/128
f 191/191/14 116/116/122 127/127/126
f 110/110/124 109/109/123 120/120/128 121/121/129
f 111/111/114 110/110/124 121/121/129 122/122/130
f 112/112/115 111/111/114 122/122/130 123/123/131
f 113/113/116 112/112/115 123/123/131 124/124/132
f 114/114/117 113/113/116 124/124/132 125/125/133
f 107/107/119 106/106/118 117/117/134 118/118/135
f 115/115/120 114/114/117 125/125/133 126/126/125
f 108/108/121 107/107/119 118/118/135 119/119/127
f 124/124/132 123/123/131 134/134/136 135/135/137
f 125/125/133 124/124/132 135/135/137 136/136/138
f 118/118/135 117/117/134 128/128/139 129/129/140
f 126/126/125 125/125/133 136/136/138 137/137/141
f 119/119/127 118/118/135 129/129/140 130/130/142
f 127/127/126 126/126/125 137/137/141 138/138/143
f 120/120/128 119/119/127 130/130/142 131/131/144
f 191/191/14 127/127/126 138/138/143
f 121/121/129 120/120/128 131/131/144 132/132/145
f 122/122/130 121/121/129 132/132/145 133/133/146
f 123/123/131 122/122/130 133/133/146 134/134/136
f 191/191/14 138/138/143 144/144/147
f 135/135/137 134/134/136 140/140/148 141/141/149
f 136/136/138 135/135/137 141/141/149 142/142/150
f 137/137/141 136/136/138 142/142/150 143/143/151
f 138/138/143 137/137/141 143/143/151 144/144/147
f 141/141/149 140/140/148 146/146/152 147/147/153
f 142/142/150 141/141/149 147/147/153 148/148/154
f 143/143/151 142/142/150 148/148/154 149/149/155
f 144/144/147 143/143/151 149/149/155 150/150/156
f 191/191/14 144/144/147 150/150/156
f 191/191/14 150/150/156 156/156/157
f 147/147/153 146/146/152 152/152/158 153/153/159
f 148/148/154 147/147/153 153/153/159 154/154/160
f 149/149/155 148/148/154 154/154/160 155/155/161
f 150/150/156 149/149/155 155/155/161 156/156/157
f 154/154/160 153/153/159 159/159/162 160/160/163
f 155/155/161 154/154/160 160/160/163 161/161/164
f 156/156/157 155/155/161 161/161/164 162/162/165
f 191/191/14 156/156/157 162/162/165
f 153/153/159 152/152/158 158/158/166 159/159/162
f 159/159/162 158/158/166 164/164/167 165/165/168
f 160/160/163 159/159/162 165/165/168 166/166/169
f 161/161/164 160/160/163 166/166/169 167/167/170
f 162/162/165 161/161/164 167/167/170 168/168/171
f 191/191/14 162/162/165 168/168/171
f 166/166/169 165/165/168 176/176/172 177/177/173
f 167/167/170 166/166/169 177/177/173 178/178/174
f 168/168/171 167/167/170 178/178/174 179/179/175
f 191/191/14 168/168/171 179/179/175
f 165/165/168 164/164/167 175/175/176 176/176/172
f 174/174/177 173/173/178 184/184/179 185/185/180
f 175/175/176 174/174/177 185/185/180 186/186/181
f 176/176/172 175/175/176 186/186/181 187/187/182
f 177/177/173 176/176/172 187/187/182 188/188/183
f 170/170/184 169/169/185 180/180/186 181/181/187
f 178/178/174 177/177/173 188/188/183 189/189/188
f 171/171/189 170/170/184 181/181/187 182/182/190
f 179/179/175 178/178/174 189/189/188 190/190/191
f 172/172/192 171/171/189 182/182/190 183/183/193
f 191/191/14 179/179/175 190/190/191
f 173/173/178 172/172/192 183/183/193 184/184/179
f 189/189/188 188/188/183 200/200/194 201/201/195
f 182/182/190 181/181/187 193/193/196 194/194/197
f 190/190/191 189/189/188 201/201/195 202/202/198
f 183/183/193 182/182/190 194/194/197 195/195/199
f 191/191/14 190/190/191 202/202/198
f 184/184/179 183/183/193 195/195/199 196/196/200
f 185/185/180 184/184/179 196/196/200 197/197/201
f 186/186/181 185/185/180 197/197/201 198/198/202
f 187/187/182 186/186/181 198/198/202 199/199/203
f 188/188/183 187/187/182 199/199/203 200/200/194
f 181/181/187 180/180/186 192/192/204 193/193/196
f 198/198/202 197/197/201 208/208/205 209/209/206
f 199/199/203 198/198/202 209/209/206 210/210/207
f 200/200/194 199/199/203 210/210/207 211/211/208
f 193/193/196 192/192/204 203/203/209 204/204/210
f 201/201/195 200/200/194 211/211/208 212/212/211
f 194/194/197 193/193/196 204/204/210 205/205/212
f 202/202/198 201/201/195 212/212/211 213/213/213
f 195/195/199 194/194/197 205/205/212 206/206/214
f 191/191/14 202/202/198 213/213/213
f 196/196/200 195/195/199 206/206/214 207/207/215
f 197/197/201 196/196/200 207/207/215 208/208/205
f 205/205/212 204/204/210 215/215/216 216/216/217
f 213/213/213 212/212/211 223/223/218 224/224/219
f 206/206/214 205/205/212 216/216/217 217/217/220
f 191/191/14 213/213/213 224/224/219
f 207/207/215 206/206/214 217/217/220 218/218/221
f 208/208/205 207/207/215 218/218/221 219/219/222
f 209/209/206 208/208/205 219/219/222 220/220/223
f 210/210/207 209/209/206 220/220/223 221/221/224
f 211/211/208 210/210/207 221/221/224 222/222/225
f 204/204/210 203/203/209 214/214/226 215/215/216
f 212/212/211 211/211/208 222/222/225 223/223/218
f 220/220/223 219/219/222 230/230/227 231/231/228
f 221/221/224 220/220/223 231/231/228 232/232/229
f 222/222/225 221/221/224 232/232/229 233/233/230
f 215/215/216 214/214/226 225/225/231 226/226/232
f 223/223/218 222/222/225 233/233/230 234/234/233
f 216/216/217 215/215/216 226/226/232 227/227/234
f 224/224/219 223/223/218 234/234/233 235/235/235
f 217/217/220 216/216/217 227/227/234 228/228/236
f 191/191/14 224/224/219 235/235/235
f 218/218/221 217/217/220 228/228/236 229/229/237
f 219/219/222 218/218/221 229/229/237 230/230/227
f 235/235/235 234/234/233 245/245/238 246/246/239
f 228/228/236 227/227/234 238/238/240 239/239/241
f 191/191/14 235/235/235 246/246/239
f 229/229/237 228/228/236 239/239/241 240/240/242
f 230/230/227 229/229/237 240/240/242 241/241/243
f 231/231/228 230/230/227 241/241/243 242/242/244
f 232/232/229 231/231/228 242/242/244 243/243/245
f 233/233/230 232/232/229 243/243/245 244/244/246
f 226/226/232 225/225/231 236/236/247 237/237/248
f 234/234/233 233/233/230 244/244/246 245/245/238
f 227/227/234 226/226/232 237/237/248 238/238/240
f 243/243/245 242/242/244 253/253/249 254/254/250
f 244/244/246 243/243/245 254/254/250 255/255/251
f 237/237/248 236/236/247 247/247/252 248/248/253
f 245/245/238 244/244/246 255/255/251 256/256/254
f 238/238/240 237/237/248 248/248/253 249/249/255
f 246/246/239 245/245/238 256/256/254 257/257/256
f 239/239/241 238/238/240 249/249/255 250/250/257
f 191/191/14 246/246/239 257/257/256
f 240/240/242 239/239/241 250/250/257 251/251/258
f 241/241/243 240/240/242 251/251/258 252/252/259
f 242/242/244 241/241/243 252/252/259 253/253/249
f 250/250/257 249/249/255 259/259/260 260/260/261
f 191/191/14 257/257/256 267/267/262
f 251/251/258 250/250/257 260/260/261 261/261/263
f 252/252/259 251/251/258 261/261/263 262/262/264
f 253/253/249 252/252/259 262/262/264 263/263/265
f 254/254/250 253/253/249 263/263/265 264/264/266
f 255/255/251 254/254/250 264/264/266 265/265/267
f 567/603/268 600/636/269 387/387/270 397/399/271
f 256/256/254 255/255/251 265/265/267 266/266/272
f 249/249/255 248/248/253 258/258/273 259/259/260
f 257/257/256 256/256/254 266/266/272 267/267/262
f 264/264/266 263/263/265 272/272/274 273/273/275
f 569/605/276 574/610/277 424/431/278 430/439/279
f 265/265/267 264/264/266 273/273/275 274/274/280
f 601/637/281 566/602/282 561/596/283 389/390/284
f 266/266/272 265/265/267 274/274/280 275/275/285
f 584/620/286 586/622/287 411/415/288 418/424/289
f 267/267/262 266/266/272 275/275/285 276/276/290
f 260/260/261 259/259/260 268/268/291 269/269/292
f 568/604/293 571/607/294 533/564/295 540/572/296
f 191/191/14 267/267/262 276/276/290
f 261/261/263 260/260/261 269/269/292 270/270/297
f 575/611/298 588/624/299 440/451/300 445/457/301
f 262/262/264 261/261/263 270/270/297 271/271/302
f 577/613/303 596/632/304 480/499/305 485/505/306
f 263/263/265 262/262/264 271/271/302 272/272/274
f 572/608/307 581/617/308 500/523/309 505/529/310
f 191/191/14 276/276/290 285/285/311
f 270/270/297 269/269/292 278/278/312 279/279/313
f 578/614/314 592/628/315 515/541/316 520/547/317
f 271/271/302 270/270/297 279/279/313 280/280/318
f 566/602/282 594/630/319 554/588/320 561/596/283
f 272/272/274 271/271/302 280/280/318 281/281/321
f 587/623/322 567/603/268 397/399/271 404/407/323
f 273/273/275 272/272/274 281/281/321 282/282/324
f 570/606/325 598/634/326 455/469/327 460/475/328
f 274/274/280 273/273/275 282/282/324 283/283/329
f 582/618/330 576/612/331 490/511/332 495/517/333
f 275/275/285 274/274/280 283/283/329 284/284/334
f 595/631/335 568/604/293 540/572/296 547/580/336
f 276/276/290 275/275/285 284/284/334 285/285/311
f 269/269/292 268/268/291 277/277/337 278/278/312
f 589/625/338 569/605/276 430/439/279 435/445/339
f 283/283/329 282/282/324 291/291/340 292/292/341
f 573/609/342 570/606/325 460/475/328 465/481/343
f 284/284/334 283/283/329 292/292/341 293/293/344
f 571/607/294 590/626/345 532/562/346 533/564/295
f 285/285/311 284/284/334 293/293/344 294/294/347
f 278/278/312 277/277/337 286/286/348 287/287/349
f 593/629/350 572/608/307 505/529/310 510/535/351
f 191/191/14 285/285/311 294/294/347
f 279/279/313 278/278/312 287/287/349 288/288/352
f 585/621/353 573/609/342 465/481/343 470/487/354
f 280/280/318 279/279/313 288/288/352 289/289/355
f 574/610/277 579/615/356 425/433/357 424/431/278
f 281/281/321 280/280/318 289/289/355 290/290/358
f 599/635/359 575/611/298 445/457/301 450/463/360
f 282/282/324 281/281/321 290/290/358 291/291/340
f 576/612/331 577/613/303 485/505/306 490/511/332
f 580/616/361 578/614/314 520/547/317 525/553/362
f 289/289/355 288/288/352 297/297/363 298/298/364
f 579/615/356 583/619/365 417/422/366 425/433/357
f 290/290/358 289/289/355 298/298/364 299/299/367
f 591/627/368 580/616/361 525/553/362 526/555/369
f 291/291/340 290/290/358 299/299/367 300/300/4
f 581/617/308 582/618/330 495/517/333 500/523/309
f 292/292/341 291/291/340 300/300/4 301/301/3
f 583/619/365 584/620/286 418/424/289 417/422/366
f 293/293/344 292/292/341 301/301/3 302/302/370
f 597/633/371 585/621/353 470/487/354 475/493/372
f 294/294/347 293/293/344 302/302/370 303/303/373
f 287/287/349 286/286/348 295/295/374 296/296/375
f 586/622/287 587/623/322 404/407/323 411/415/288
f 191/191/14 294/294/347 303/303/373
f 288/288/352 287/287/349 296/296/375 297/297/363
f 588/624/299 589/625/338 435/445/339 440/451/300
f 302/302/370 301/301/3 305/305/2 306/306/5
f 590/626/345 591/627/368 526/555/369 532/562/346
f 303/303/373 302/302/370 306/306/5 307/307/8
f 296/296/375 295/295/374 1/1/11 2/2/10
f 592/628/315 593/629/350 510/535/351 515/541/316
f 191/191/14 303/303/373 307/307/8
f 297/297/363 296/296/375 2/2/10 3/3/15
f 594/630/319 595/631/335 547/580/336 554/588/320
f 298/298/364 297/297/363 3/3/15 304/304/17
f 596/632/304 597/633/371 475/493/372 480/499/305
f 299/299/367 298/298/364 304/304/17 4/4/19
f 598/634/326 599/635/359 450/463/360 455/469/327
f 300/300/4 299/299/367 4/4/19 638/674/1
f 600/636/269 601/637/281 389/390/284 387/387/270
f 169/169/185 170/170/184 321/321/376 328/328/377
f 133/133/146 132/132/145 312/312/378 313/313/379
f 128/128/139 139/139/380 316/316/381 308/308/382
f 132/132/145 131/131/144 311/311/383 312/312/378
f 163/163/384 169/169/185 328/328/377 332/332/385
f 174/174/177 175/175/176 330/330/386 337/337/387
f 157/157/388 163/163/384 332/332/385 325/325/389
f 145/145/390 151/151/391 320/320/392 318/318/393
f 131/131/144 130/130/142 310/310/394 311/311/383
f 173/173/178 174/174/177 337/337/387 343/343/395
f 151/151/391 157/157/388 325/325/389 320/320/392
f 139/139/380 145/145/390 318/318/393 316/316/381
f 130/130/142 129/129/140 309/309/396 310/310/394
f 158/158/166 152/152/158 319/319/397 334/334/397
f 172/172/192 173/173/178 343/343/395 348/348/398
f 146/146/152 140/140/148 315/315/397 317/317/397
f 140/140/148 134/134/136 314/314/399 315/315/397
f 129/129/140 128/128/139 308/308/382 309/309/396
f 171/171/189 172/172/192 348/348/398 346/346/400
f 164/164/167 158/158/166 334/334/397 347/347/397
f 152/152/158 146/146/152 317/317/397 319/319/397
f 170/170/184 171/171/189 346/346/400 321/321/376
f 175/175/176 164/164/167 347/347/397 330/330/386
f 134/134/136 133/133/146 313/313/379 314/314/399
f 321/321/376 346/346/400 345/345/401 322/322/402
f 330/330/386 347/347/397 352/352/403 331/331/404
f 313/313/379 312/312/378 324/324/405 355/355/406
f 328/328/377 321/321/376 322/322/402 329/329/407
f 318/318/393 320/320/392 339/339/408 323/323/408
f 316/316/381 318/318/393 323/323/408 351/351/409
f 312/312/378 311/311/383 327/327/410 324/324/405
f 315/315/397 314/314/399 354/354/411 326/326/403
f 317/317/397 315/315/397 326/326/403 336/336/403
f 311/311/383 310/310/394 335/335/412 327/327/410
f 332/332/385 328/328/377 329/329/407 333/333/413
f 337/337/387 330/330/386 331/331/404 338/338/414
f 325/325/389 332/332/385 333/333/413 340/340/408
f 310/310/394 309/309/396 341/341/415 335/335/412
f 319/319/397 317/317/397 336/336/403 342/342/403
f 343/343/395 337/337/387 338/338/414 344/344/416
f 320/320/392 325/325/389 340/340/408 339/339/408
f 309/309/396 308/308/382 350/350/417 341/341/415
f 334/334/397 319/319/397 342/342/403 353/353/403
f 348/348/398 343/343/395 344/344/416 349/349/418
f 346/346/400 348/348/398 349/349/418 345/345/401
f 308/308/382 316/316/381 351/351/409 350/350/417
f 347/347/397 334/334/397 353/353/403 352/352/403
f 314/314/399 313/313/379 355/355/406 354/354/411
f 327/327/410 335/335/412 357/357/419 358/358/419
f 324/324/405 327/327/410 358/358/419 359/359/419
f 355/355/406 324/324/405 359/359/419 360/360/419
f 354/354/411 355/355/406 360/360/419 326/326/403
f 341/341/415 350/350/417 351/351/409 356/356/419
f 335/335/412 341/341/415 356/356/419 357/357/419
f 356/356/419 351/351/409 323/323/408 361/361/419
f 357/357/419 356/356/419 361/361/419 362/362/419
f 358/358/419 357/357/419 362/362/419 363/363/419
f 359/359/419 358/358/419 363/363/419 364/364/419
f 360/360/419 359/359/419 364/364/419 365/365/419
f 326/326/403 360/360/419 365/365/419 336/336/403
f 364/364/419 363/363/419 368/368/419 369/369/419
f 365/365/419 364/364/419 369/369/419 370/370/419
f 336/336/403 365/365/419 370/370/419 342/342/403
f 361/361/419 323/323/408 339/339/408 366/366/419
f 362/362/419 361/361/419 366/366/419 367/367/419
f 363/363/419 362/362/419 367/367/419 368/368/419
f 366/366/419 339/339/408 340/340/408 371/371/419
f 367/367/419 366/366/419 371/371/419 372/372/419
f 368/368/419 367/367/419 372/372/419 373/373/419
f 369/369/419 368/368/419 373/373/419 374/374/419
f 370/370/419 369/369/419 374/374/419 375/375/419
f 342/342/403 370/370/419 375/375/419 353/353/403
f 374/374/419 373/373/419 378/378/419 379/379/419
f 375/375/419 374/374/419 379/379/419 380/380/419
f 353/353/403 375/375/419 380/380/419 352/352/403
f 371/371/419 340/340/408 333/333/413 376/376/419
f 372/372/419 371/371/419 376/376/419 377/377/419
f 373/373/419 372/372/419 377/377/419 378/378/419
f 376/376/419 333/333/413 329/329/407 322/322/402
f 377/377/419 376/376/419 322/322/402 345/345/401
f 378/378/419 377/377/419 345/345/401 349/349/418
f 379/379/419 378/378/419 349/349/418 344/344/416
f 380/380/419 379/379/419 344/344/416 338/338/414
f 352/352/403 380/380/419 338/338/414 331/331/404
f 564/600/420 388/389/421 385/385/422 386/386/423
f 389/391/284 564/600/420 386/386/423 387/388/270
f 562/598/424 419/426/425 381/381/426
f 563/599/427 562/598/424 381/381/426 382/382/428
f 390/392/429 563/599/427 382/382/428 383/383/430
f 565/601/431 390/392/429 383/383/430 384/384/432
f 388/389/421 565/601/431 384/384/432 385/385/422
f 385/385/422 384/384/432 394/396/433 395/397/434
f 386/386/423 385/385/422 395/397/434 396/398/435
f 387/388/270 386/386/423 396/398/435 397/400/271
f 381/381/426 419/426/425 391/393/436
f 382/382/428 381/381/426 391/393/436 392/394/437
f 383/383/430 382/382/428 392/394/437 393/395/438
f 384/384/432 383/383/430 393/395/438 394/396/433
f 391/393/436 419/426/425 398/401/439
f 392/394/437 391/393/436 398/401/439 399/402/440
f 393/395/438 392/394/437 399/402/440 400/403/441
f 394/396/433 393/395/438 400/403/441 401/404/442
f 395/397/434 394/396/433 401/404/442 402/405/443
f 396/398/435 395/397/434 402/405/443 403/406/444
f 397/400/271 396/398/435 403/406/444 404/408/323
f 402/405/443 401/404/442 408/412/445 409/413/446
f 403/406/444 402/405/443 409/413/446 410/414/447
f 404/408/323 403/406/444 410/414/447 411/416/288
f 398/401/439 419/426/425 405/409/448
f 399/402/440 398/401/439 405/409/448 406/410/449
f 400/403/441 399/402/440 406/410/449 407/411/450
f 401/404/442 400/403/441 407/411/450 408/412/445
f 406/410/449 405/409/448 412/417/451 413/418/452
f 407/411/450 406/410/449 413/418/452 414/419/453
f 408/412/445 407/411/450 414/419/453 415/420/454
f 409/413/446 408/412/445 415/420/454 416/421/455
f 410/414/447 409/413/446 416/421/455 417/423/366
f 411/416/288 410/414/447 417/423/366 418/425/289
f 405/409/448 419/426/425 412/417/451
f 417/423/366 416/421/455 424/432/278 425/434/357
f 412/417/451 419/426/425 420/427/456
f 413/418/452 412/417/451 420/427/456 421/428/457
f 414/419/453 413/418/452 421/428/457 422/429/458
f 415/420/454 414/419/453 422/429/458 423/430/459
f 416/421/455 415/420/454 423/430/459 424/432/278
f 421/428/457 420/427/456 426/435/460 427/436/461
f 422/429/458 421/428/457 427/436/461 428/437/462
f 423/430/459 422/429/458 428/437/462 429/438/463
f 424/432/278 423/430/459 429/438/463 430/440/279
f 420/427/456 419/426/425 426/435/460
f 426/435/460 419/426/425 431/441/464
f 427/436/461 426/435/460 431/441/464 432/442/465
f 428/437/462 427/436/461 432/442/465 433/443/466
f 429/438/463 428/437/462 433/443/466 434/444/467
f 430/440/279 429/438/463 434/444/467 435/446/339
f 433/443/466 432/442/465 437/448/468 438/449/469
f 434/444/467 433/443/466 438/449/469 439/450/470
f 435/446/339 434/444/467 439/450/470 440/452/300
f 431/441/464 419/426/425 436/447/471
f 432/442/465 431/441/464 436/447/471 437/448/468
f 436/447/471 419/426/425 441/453/472
f 437/448/468 436/447/471 441/453/472 442/454/473
f 438/449/469 437/448/468 442/454/473 443/455/474
f 439/450/470 438/449/469 443/455/474 444/456/475
f 440/452/300 439/450/470 444/456/475 445/458/301
f 444/456/475 443/455/474 448/461/476 449/462/477
f 445/458/301 444/456/475 449/462/477 450/464/360
f 441/453/472 419/426/425 446/459/478
f 442/454/473 441/453/472 446/459/478 447/460/479
f 443/455/474 442/454/473 447/460/479 448/461/476
f 446/459/478 419/426/425 451/465/480
f 447/460/479 446/459/478 451/465/480 452/466/481
f 448/461/476 447/460/479 452/466/481 453/467/482
f 449/462/477 448/461/476 453/467/482 454/468/483
f 450/464/360 449/462/477 454/468/483 455/470/327
f 454/468/483 453/467/482 458/473/484 459/474/485
f 455/470/327 454/468/483 459/474/485 460/476/328
f 451/465/480 419/426/425 456/471/486
f 452/466/481 451/465/480 456/471/486 457/472/487
f 453/467/482 452/466/481 457/472/487 458/473/484
f 456/471/486 419/426/425 461/477/488
f 457/472/487 456/471/486 461/477/488 462/478/489
f 458/473/484 457/472/487 462/478/489 463/479/490
f 459/474/485 458/473/484 463/479/490 464/480/491
f 460/476/328 459/474/485 464/480/491 465/482/343
f 465/482/343 464/480/491 469/486/492 470/488/354
f 461/477/488 419/426/425 466/483/493
f 462/478/489 461/477/488 466/483/493 467/484/494
f 463/479/490 462/478/489 467/484/494 468/485/495
f 464/480/491 463/479/490 468/485/495 469/486/492
f 466/483/493 419/426/425 471/489/496
f 467/484/494 466/483/493 471/489/496 472/490/497
f 468/485/495 467/484/494 472/490/497 473/491/498
f 469/486/492 468/485/495 473/491/498 474/492/499
f 470/488/354 469/486/492 474/492/499 475/494/372
f 475/494/372 474/492/499 479/498/500 480/500/305
f 471/489/496 419/426/425 476/495/501
f 472/490/497 471/489/496 476/495/501 477/496/502
f 473/491/498 472/490/497 477/496/502 478/497/503
f 474/492/499 473/491/498 478/497/503 479/498/500
f 477/496/502 476/495/501 481/501/504 482/502/505
f 478/497/503 477/496/502 482/502/505 483/503/506
f 479/498/500 478/497/503 483/503/506 484/504/507
f 480/500/305 479/498/500 484/504/507 485/506/306
f 476/495/501 419/426/425 481/501/504
f 481/501/504 419/426/425 486/507/508
f 482/502/505 481/501/504 486/507/508 487/508/509
f 483/503/506 482/502/505 487/508/509 488/509/510
f 484/504/507 483/503/506 488/509/510 489/510/511
f 485/506/306 484/504/507 489/510/511 490/512/332
f 488/509/510 487/508/509 492/514/512 493/515/513
f 489/510/511 488/509/510 493/515/513 494/516/514
f 490/512/332 489/510/511 494/516/514 495/518/333
f 486/507/508 419/426/425 491/513/515
f 487/508/509 486/507/508 491/513/515 492/514/512
f 491/513/515 419/426/425 496/519/516
f 492/514/512 491/513/515 496/519/516 497/520/517
f 493/515/513 492/514/512 497/520/517 498/521/518
f 494/516/514 493/515/513 498/521/518 499/522/519
f 495/518/333 494/516/514 499/522/519 500/524/309
f 498/521/518 497/520/517 502/526/520 503/527/521
f 499/522/519 498/521/518 503/527/521 504/528/522
f 500/524/309 499/522/519 504/528/522 505/530/310
f 496/519/516 419/426/425 501/525/523
f 497/520/517 496/519/516 501/525/523 502/526/520
f 501/525/523 419/426/425 506/531/524
f 502/526/520 501/525/523 506/531/524 507/532/525
f 503/527/521 502/526/520 507/532/525 508/533/526
f 504/528/522 503/527/521 508/533/526 509/534/527
f 505/530/310 504/528/522 509/534/527 510/536/351
f 509/534/527 508/533/526 513/539/528 514/540/529
f 510/536/351 509/534/527 514/540/529 515/542/316
f 506/531/524 419/426/425 511/537/530
f 507/532/525 506/531/524 511/537/530 512/538/531
f 508/533/526 507/532/525 512/538/531 513/539/528
f 511/537/530 419/426/425 516/543/532
f 512/538/531 511/537/530 516/543/532 517/544/533
f 513/539/528 512/538/531 517/544/533 518/545/534
f 514/540/529 513/539/528 518/545/534 519/546/535
f 515/542/316 514/540/529 519/546/535 520/548/317
f 519/546/535 518/545/534 523/551/536 524/552/537
f 520/548/317 519/546/535 524/552/537 525/554/362
f 516/543/532 419/426/425 521/549/538
f 517/544/533 516/543/532 521/549/538 522/550/539
f 518/545/534 517/544/533 522/550/539 523/551/536
f 521/549/538 419/426/425 527/557/540
f 522/550/539 521/549/538 527/557/540 528/558/541
f 523/551/536 522/550/539 528/558/541 529/559/542
f 524/552/537 523/551/536 529/559/542 530/560/543
f 525/554/362 524/552/537 530/560/543 531/561/544
f 526/556/369 525/554/362 531/561/544 532/563/346
f 531/561/544 530/560/543 537/569/545 538/570/546
f 532/563/346 531/561/544 538/570/546 539/571/547
f 533/565/295 532/563/346 539/571/547 540/573/296
f 527/557/540 419/426/425 534/566/548
f 528/558/541 527/557/540 534/566/548 535/567/549
f 529/559/542 528/558/541 535/567/549 536/568/550
f 530/560/543 529/559/542 536/568/550 537/569/545
f 535/567/549 534/566/548 541/574/551 542/575/552
f 536/568/550 535/567/549 542/575/552 543/576/553
f 537/569/545 536/568/550 543/576/553 544/577/554
f 538/570/546 537/569/545 544/577/554 545/578/555
f 539/571/547 538/570/546 545/578/555 546/579/556
f 540/573/296 539/571/547 546/579/556 547/581/336
f 534/566/548 419/426/425 541/574/551
f 546/579/556 545/578/555 552/586/557 553/587/558
f 547/581/336 546/579/556 553/587/558 554/589/320
f 541/574/551 419/426/425 548/582/559
f 542/575/552 541/574/551 548/582/559 549/583/560
f 543/576/553 542/575/552 549/583/560 550/584/561
f 544/577/554 543/576/553 550/584/561 551/585/562
f 545/578/555 544/577/554 551/585/562 552/586/557
f 549/583/560 548/582/559 555/590/563 556/591/564
f 550/584/561 549/583/560 556/591/564 557/592/565
f 551/585/562 550/584/561 557/592/565 558/593/566
f 552/586/557 551/585/562 558/593/566 559/594/567
f 553/587/558 552/586/557 559/594/567 560/595/568
f 554/589/320 553/587/558 560/595/568 561/597/283
f 548/582/559 419/426/425 555/590/563
f 560/595/568 559/594/567 388/389/421 564/600/420
f 561/597/283 560/595/568 564/600/420 389/391/284
f 555/590/563 419/426/425 562/598/424
f 556/591/564 555/590/563 562/598/424 563/599/427
f 557/592/565 556/591/564 563/599/427 390/392/429
f 558/593/566 557/592/565 390/392/429 565/601/431
f 559/594/567 558/593/566 565/601/431 388/389/421
f 616/652/269 637/673/281 601/637/281 600/636/269
f 615/651/326 636/672/359 599/635/359 598/634/326
f 614/650/304 635/671/371 597/633/371 596/632/304
f 613/649/319 634/670/335 595/631/335 594/630/319
f 612/648/315 633/669/350 593/629/350 592/628/315
f 611/647/345 632/668/368 591/627/368 590/626/345
f 610/646/299 631/667/338 589/625/338 588/624/299
f 609/645/287 630/666/322 587/623/322 586/622/287
f 635/671/371 629/665/353 585/621/353 597/633/371
f 608/644/365 628/664/286 584/620/286 583/619/365
f 607/643/308 627/663/330 582/618/330 581/617/308
f 632/668/368 626/662/361 580/616/361 591/627/368
f 606/642/356 608/644/365 583/619/365 579/615/356
f 626/662/361 625/661/314 578/614/314 580/616/361
f 605/641/331 624/660/303 577/613/303 576/612/331
f 636/672/359 623/659/298 575/611/298 599/635/359
f 604/640/277 606/642/356 579/615/356 574/610/277
f 629/665/353 622/658/342 573/609/342 585/621/353
f 633/669/350 621/657/307 572/608/307 593/629/350
f 603/639/294 611/647/345 590/626/345 571/607/294
f 622/658/342 620/656/325 570/606/325 573/609/342
f 631/667/338 619/655/276 569/605/276 589/625/338
f 634/670/335 618/654/293 568/604/293 595/631/335
f 627/663/330 605/641/331 576/612/331 582/618/330
f 620/656/325 615/651/326 598/634/326 570/606/325
f 630/666/322 617/653/268 567/603/268 587/623/322
f 602/638/282 613/649/319 594/630/319 566/602/282
f 625/661/314 612/648/315 592/628/315 578/614/314
f 621/657/307 607/643/308 581/617/308 572/608/307
f 624/660/303 614/650/304 596/632/304 577/613/303
f 623/659/298 610/646/299 588/624/299 575/611/298
f 618/654/293 603/639/294 571/607/294 568/604/293
f 628/664/286 609/645/287 586/622/287 584/620/286
f 637/673/281 602/638/282 566/602/282 601/637/281
f 619/655/276 604/640/277 574/610/277 569/605/276
f 617/653/268 616/652/269 600/636/269 567/603/268
f 14/14/27 5/5/12 616/652/269 617/653/268
f 62/62/75 51/51/74 604/640/277 619/655/276
f 1/1/11 295/295/374 602/638/282 637/673/281
f 42/42/57 32/32/44 609/645/287 628/664/286
f 268/268/291 259/259/260 603/639/294 618/654/293
f 95/95/113 84/84/97 610/646/299 623/659/298
f 163/163/384 157/157/388 614/650/304 624/660/303
f 203/203/209 192/192/204 607/643/308 621/657/307
f 236/236/247 225/225/231 612/648/315 625/661/314
f 295/295/374 286/286/348 613/649/319 602/638/282
f 23/23/39 14/14/27 617/653/268 630/666/322
f 128/128/139 117/117/134 615/651/326 620/656/325
f 180/180/186 169/169/185 605/641/331 627/663/330
f 277/277/337 268/268/291 618/654/293 634/670/335
f 73/73/81 62/62/75 619/655/276 631/667/338
f 139/139/380 128/128/139 620/656/325 622/658/342
f 259/259/260 258/258/273 611/647/345 603/639/294
f 214/214/226 203/203/209 621/657/307 633/669/350
f 145/145/390 139/139/380 622/658/342 629/665/353
f 51/51/74 52/52/62 606/642/356 604/640/277
f 106/106/118 95/95/113 623/659/298 636/672/359
f 169/169/185 163/163/384 624/660/303 605/641/331
f 247/247/252 236/236/247 625/661/314 626/662/361
f 52/52/62 41/41/61 608/644/365 606/642/356
f 248/248/253 247/247/252 626/662/361 632/668/368
f 192/192/204 180/180/186 627/663/330 607/643/308
f 41/41/61 42/42/57 628/664/286 608/644/365
f 151/151/391 145/145/390 629/665/353 635/671/371
f 32/32/44 23/23/39 630/666/322 609/645/287
f 84/84/97 73/73/81 631/667/338 610/646/299
f 258/258/273 248/248/253 632/668/368 611/647/345
f 225/225/231 214/214/226 633/669/350 612/648/315
f 286/286/348 277/277/337 634/670/335 613/649/319
f 157/157/388 151/151/391 635/671/371 614/650/304
f 117/117/134 106/106/118 636/672/359 615/651/326
f 5/5/12 1/1/11 637/673/281 616/652/269
f 638/674/1 4/4/19 9/9/20 10/10/21
f 10/10/21 11/11/6 305/305/2 638/674/1
f 640/676/569 639/675/569 670/706/569 669/705/569 668/704/569 667/703/569 666/702/569 665/701/569 664/700/569 663/699/569 662/698/569 661/697/569 660/696/569 659/695/569 658/694/569 657/693/569 656/692/569 655/691/569 654/690/569 653/689/569 652/688/569 651/687/569 650/686/569 649/685/569 648/684/569 647/683/569 646/682/569 645/681/569 644/680/569 643/679/569 642/678/569 641/677/569
f 674/711/570 955/1023/571 678/716/572 679/717/573
f 956/1024/574 674/711/570 679/717/573 680/718/575
f 957/1025/576 956/1024/574 680/718/575 681/719/577
f 958/1026/578 957/1025/576 681/719/577 682/720/579
f 959/1027/580 958/1026/578 682/720/579 683/721/581
f 672/709/10 671/707/582 675/712/583 676/714/584
f 855/912/1 959/1027/580 683/721/581
f 673/710/585 672/709/10 676/714/584 677/715/586
f 955/1023/571 673/710/585 677/715/586 678/716/572
f 677/715/586 676/714/584 685/724/587 686/725/588
f 678/716/572 677/715/586 686/725/588 687/726/589
f 679/717/573 678/716/572 687/726/589 688/727/590
f 680/718/575 679/717/573 688/727/590 689/728/591
f 681/719/577 680/718/575 689/728/591 690/729/592
f 682/720/579 681/719/577 690/729/592 691/730/593
f 683/721/581 682/720/579 691/730/593 692/731/594
f 676/714/584 675/712/583 684/722/595 685/724/587
f 855/912/1 683/721/581 692/731/594
f 690/729/592 689/728/591 698/738/596 699/739/597
f 691/730/593 690/729/592 699/739/597 700/740/598
f 692/731/594 691/730/593 700/740/598 701/741/599
f 685/724/587 684/722/595 693/732/600 694/734/601
f 855/912/1 692/731/594 701/741/599
f 686/725/588 685/724/587 694/734/601 695/735/602
f 687/726/589 686/725/588 695/735/602 696/736/603
f 688/727/590 687/726/589 696/736/603 697/737/604
f 689/728/591 688/727/590 697/737/604 698/738/596
f 696/736/603 695/735/602 704/745/605 705/746/606
f 697/737/604 696/736/603 705/746/606 706/747/607
f 698/738/596 697/737/604 706/747/607 707/748/608
f 699/739/597 698/738/596 707/748/608 708/749/609
f 700/740/598 699/739/597 708/749/609 709/750/610
f 701/741/599 700/740/598 709/750/610 710/751/611
f 694/734/601 693/732/600 702/742/612 703/744/613
f 855/912/1 701/741/599 710/751/611
f 695/735/602 694/734/601 703/744/613 704/745/605
f 709/750/610 708/749/609 717/759/614 718/760/615
f 710/751/611 709/750/610 718/760/615 719/761/616
f 703/744/613 702/742/612 711/752/617 712/754/618
f 855/912/1 710/751/611 719/761/616
f 704/745/605 703/744/613 712/754/618 713/755/619
f 705/746/606 704/745/605 713/755/619 714/756/620
f 706/747/607 705/746/606 714/756/620 715/757/621
f 707/748/608 706/747/607 715/757/621 716/758/622
f 708/749/609 707/748/608 716/758/622 717/759/614
f 715/757/621 714/756/620 723/766/623 724/767/624
f 716/758/622 715/757/621 724/767/624 725/768/625
f 717/759/614 716/758/622 725/768/625 726/769/626
f 718/760/615 717/759/614 726/769/626 727/770/627
f 719/761/616 718/760/615 727/770/627 728/771/628
f 712/754/618 711/752/617 720/762/629 721/764/630
f 855/912/1 719/761/616 728/771/628
f 713/755/619 712/754/618 721/764/630 722/765/631
f 714/756/620 713/755/619 722/765/631 723/766/623
f 728/771/628 727/770/627 736/780/632 737/781/633
f 721/764/630 720/762/629 729/772/634 730/774/635
f 855/912/1 728/771/628 737/781/633
f 722/765/631 721/764/630 730/774/635 731/775/636
f 723/766/623 722/765/631 731/775/636 732/776/637
f 724/767/624 723/766/623 732/776/637 733/777/638
f 725/768/625 724/767/624 733/777/638 734/778/639
f 726/769/626 725/768/625 734/778/639 735/779/640
f 727/770/627 726/769/626 735/779/640 736/780/632
f 733/777/638 732/776/637 741/786/641 742/787/642
f 734/778/639 733/777/638 742/787/642 743/788/643
f 735/779/640 734/778/639 743/788/643 744/789/644
f 736/780/632 735/779/640 744/789/644 745/790/645
f 737/781/633 736/780/632 745/790/645 746/791/646
f 730/774/635 729/772/634 738/782/647 739/784/648
f 855/912/1 737/781/633 746/791/646
f 731/775/636 730/774/635 739/784/648 740/785/649
f 732/776/637 731/775/636 740/785/649 741/786/641
f 746/791/646 745/790/645 754/800/650 755/801/651
f 739/784/648 738/782/647 747/792/652 748/794/653
f 855/912/1 746/791/646 755/801/651
f 740/785/649 739/784/648 748/794/653 749/795/654
f 741/786/641 740/785/649 749/795/654 750/796/655
f 742/787/642 741/786/641 750/796/655 751/797/656
f 743/788/643 742/787/642 751/797/656 752/798/657
f 744/789/644 743/788/643 752/798/657 753/799/658
f 745/790/645 744/789/644 753/799/658 754/800/650
f 752/798/657 751/797/656 760/807/659 761/808/660
f 753/799/658 752/798/657 761/808/660 762/809/661
f 754/800/650 753/799/658 762/809/661 763/810/662
f 755/801/651 754/800/650 763/810/662 764/811/663
f 748/794/653 747/792/652 756/802/664 757/804/665
f 855/912/1 755/801/651 764/811/663
f 749/795/654 748/794/653 757/804/665 758/805/666
f 750/796/655 749/795/654 758/805/666 759/806/667
f 751/797/656 750/796/655 759/806/667 760/807/659
f 757/804/665 756/802/664 765/812/668 766/814/669
f 855/912/1 764/811/663 773/821/670
f 758/805/666 757/804/665 766/814/669 767/815/671
f 759/806/667 758/805/666 767/815/671 768/816/672
f 760/807/659 759/806/667 768/816/672 769/817/673
f 761/808/660 760/807/659 769/817/673 770/818/674
f 762/809/661 761/808/660 770/818/674 771/819/675
f 763/810/662 762/809/661 771/819/675 772/820/676
f 764/811/663 763/810/662 772/820/676 773/821/670
f 770/818/674 769/817/673 778/827/677 779/828/678
f 771/819/675 770/818/674 779/828/678 780/829/679
f 772/820/676 771/819/675 780/829/679 781/830/680
f 773/821/670 772/820/676 781/830/680 782/831/681
f 766/814/669 765/812/668 774/822/682 775/824/683
f 855/912/1 773/821/670 782/831/681
f 767/815/671 766/814/669 775/824/683 776/825/684
f 768/816/672 767/815/671 776/825/684 777/826/685
f 769/817/673 768/816/672 777/826/685 778/827/677
f 855/912/1 782/831/681 791/841/686
f 776/825/684 775/824/683 784/834/687 785/835/688
f 777/826/685 776/825/684 785/835/688 786/836/689
f 778/827/677 777/826/685 786/836/689 787/837/690
f 779/828/678 778/827/677 787/837/690 788/838/691
f 780/829/679 779/828/678 788/838/691 789/839/692
f 781/830/680 780/829/679 789/839/692 790/840/693
f 782/831/681 781/830/680 790/840/693 791/841/686
f 775/824/683 774/822/682 783/832/694 784/834/687
f 789/839/692 788/838/691 797/848/695 798/849/696
f 790/840/693 789/839/692 798/849/696 799/850/697
f 791/841/686 790/840/693 799/850/697 800/851/698
f 784/834/687 783/832/694 792/842/699 793/844/700
f 855/912/1 791/841/686 800/851/698
f 785/835/688 784/834/687 793/844/700 794/845/701
f 786/836/689 785/835/688 794/845/701 795/846/702
f 787/837/690 786/836/689 795/846/702 796/847/703
f 788/838/691 787/837/690 796/847/703 797/848/695
f 795/846/702 794/845/701 803/855/704 804/856/705
f 796/847/703 795/846/702 804/856/705 805/857/706
f 797/848/695 796/847/703 805/857/706 806/858/707
f 798/849/696 797/848/695 806/858/707 807/859/708
f 799/850/697 798/849/696 807/859/708 808/860/709
f 800/851/698 799/850/697 808/860/709 809/861/710
f 793/844/700 792/842/699 801/852/711 802/854/712
f 855/912/1 800/851/698 809/861/710
f 794/845/701 793/844/700 802/854/712 803/855/704
f 808/860/709 807/859/708 816/869/713 817/870/714
f 809/861/710 808/860/709 817/870/714 818/871/715
f 802/854/712 801/852/711 810/862/716 811/864/419
f 855/912/1 809/861/710 818/871/715
f 803/855/704 802/854/712 811/864/419 812/865/717
f 804/856/705 803/855/704 812/865/717 813/866/718
f 805/857/706 804/856/705 813/866/718 814/867/719
f 806/858/707 805/857/706 814/867/719 815/868/720
f 807/859/708 806/858/707 815/868/720 816/869/713
f 813/866/718 812/865/717 821/875/721 822/876/722
f 814/867/719 813/866/718 822/876/722 823/877/723
f 815/868/720 814/867/719 823/877/723 824/878/724
f 816/869/713 815/868/720 824/878/724 825/879/725
f 817/870/714 816/869/713 825/879/725 826/880/726
f 818/871/715 817/870/714 826/880/726 827/881/727
f 811/864/419 810/862/716 819/872/728 820/874/729
f 855/912/1 818/871/715 827/881/727
f 812/865/717 811/864/419 820/874/729 821/875/721
f 826/880/726 825/879/725 834/889/730 835/890/731
f 827/881/727 826/880/726 835/890/731 836/891/732
f 820/874/729 819/872/728 828/882/733 829/884/734
f 855/912/1 827/881/727 836/891/732
f 821/875/721 820/874/729 829/884/734 830/885/735
f 822/876/722 821/875/721 830/885/735 831/886/736
f 823/877/723 822/876/722 831/886/736 832/887/737
f 824/878/724 823/877/723 832/887/737 833/888/738
f 825/879/725 824/878/724 833/888/738 834/889/730
f 832/887/737 831/886/736 840/896/739 841/897/740
f 833/888/738 832/887/737 841/897/740 842/898/741
f 834/889/730 833/888/738 842/898/741 843/899/742
f 835/890/731 834/889/730 843/899/742 844/900/743
f 836/891/732 835/890/731 844/900/743 845/901/744
f 829/884/734 828/882/733 837/892/745 838/894/746
f 855/912/1 836/891/732 845/901/744
f 830/885/735 829/884/734 838/894/746 839/895/747
f 831/886/736 830/885/735 839/895/747 840/896/739
f 845/901/744 844/900/743 853/910/748 854/911/749
f 838/894/746 837/892/745 846/902/750 847/904/751
f 855/912/1 845/901/744 854/911/749
f 839/895/747 838/894/746 847/904/751 848/905/752
f 840/896/739 839/895/747 848/905/752 849/906/753
f 841/897/740 840/896/739 849/906/753 850/907/754
f 842/898/741 841/897/740 850/907/754 851/908/755
f 843/899/742 842/898/741 851/908/755 852/909/756
f 844/900/743 843/899/742 852/909/756 853/910/748
f 850/907/754 849/906/753 859/917/757 860/918/758
f 851/908/755 850/907/754 860/918/758 861/919/759
f 852/909/756 851/908/755 861/919/759 862/920/760
f 853/910/748 852/909/756 862/920/760 863/921/761
f 854/911/749 853/910/748 863/921/761 864/922/762
f 847/904/751 846/902/750 856/913/763 857/915/764
f 855/912/1 854/911/749 864/922/762
f 848/905/752 847/904/751 857/915/764 858/916/765
f 849/906/753 848/905/752 858/916/765 859/917/757
f 864/922/762 863/921/761 872/931/766 873/932/767
f 857/915/764 856/913/763 865/923/768 866/925/769
f 855/912/1 864/922/762 873/932/767
f 858/916/765 857/915/764 866/925/769 867/926/770
f 859/917/757 858/916/765 867/926/770 868/927/771
f 860/918/758 859/917/757 868/927/771 869/928/772
f 861/919/759 860/918/758 869/928/772 870/929/773
f 862/920/760 861/919/759 870/929/773 871/930/774
f 863/921/761 862/920/760 871/930/774 872/931/766
f 870/929/773 869/928/772 878/938/775 879/939/776
f 871/930/774 870/929/773 879/939/776 880/940/777
f 872/931/766 871/930/774 880/940/777 881/941/778
f 873/932/767 872/931/766 881/941/778 882/942/779
f 866/925/769 865/923/768 874/933/780 875/935/781
f 855/912/1 873/932/767 882/942/779
f 867/926/770 866/925/769 875/935/781 876/936/782
f 868/927/771 867/926/770 876/936/782 877/937/783
f 869/928/772 868/927/771 877/937/783 878/938/775
f 855/912/1 882/942/779 891/952/784
f 876/936/782 875/935/781 884/945/785 885/946/786
f 877/937/783 876/936/782 885/946/786 886/947/787
f 878/938/775 877/937/783 886/947/787 887/948/788
f 879/939/776 878/938/775 887/948/788 888/949/789
f 880/940/777 879/939/776 888/949/789 889/950/790
f 881/941/778 880/940/777 889/950/790 890/951/791
f 882/942/779 881/941/778 890/951/791 891/952/784
f 875/935/781 874/933/780 883/943/792 884/945/785
f 889/950/790 888/949/789 897/959/793 898/960/794
f 890/951/791 889/950/790 898/960/794 899/961/795
f 891/952/784 890/951/791 899/961/795 900/962/796
f 884/945/785 883/943/792 892/953/797 893/955/798
f 855/912/1 891/952/784 900/962/796
f 885/946/786 884/945/785 893/955/798 894/956/799
f 886/947/787 885/946/786 894/956/799 895/957/800
f 887/948/788 886/947/787 895/957/800 896/958/801
f 888/949/789 887/948/788 896/958/801 897/959/793
f 894/956/799 893/955/798 902/965/802 903/966/803
f 895/957/800 894/956/799 903/966/803 904/967/804
f 896/958/801 895/957/800 904/967/804 905/968/805
f 897/959/793 896/958/801 905/968/805 906/969/806
f 898/960/794 897/959/793 906/969/806 907/970/807
f 899/961/795 898/960/794 907/970/807 908/971/808
f 900/962/796 899/961/795 908/971/808 909/972/809
f 893/955/798 892/953/797 901/963/810 902/965/802
f 855/912/1 900/962/796 909/972/809
f 907/970/807 906/969/806 915/979/811 916/980/812
f 908/971/808 907/970/807 916/980/812 917/981/813
f 909/972/809 908/971/808 917/981/813 918/982/814
f 902/965/802 901/963/810 910/973/815 911/975/816
f 855/912/1 909/972/809 918/982/814
f 903/966/803 902/965/802 911/975/816 912/976/817
f 904/967/804 903/966/803 912/976/817 913/977/818
f 905/968/805 904/967/804 913/977/818 914/978/819
f 906/969/806 905/968/805 914/978/819 915/979/811
f 913/977/818 912/976/817 921/986/820 922/987/821
f 914/978/819 913/977/818 922/987/821 923/988/822
f 915/979/811 914/978/819 923/988/822 924/989/823
f 916/980/812 915/979/811 924/989/823 925/990/824
f 917/981/813 916/980/812 925/990/824 926/991/825
f 918/982/814 917/981/813 926/991/825 927/992/826
f 911/975/816 910/973/815 919/983/827 920/985/828
f 855/912/1 918/982/814 927/992/826
f 912/976/817 911/975/816 920/985/828 921/986/820
f 926/991/825 925/990/824 934/1000/829 935/1001/830
f 927/992/826 926/991/825 935/1001/830 936/1002/831
f 920/985/828 919/983/827 928/993/832 929/995/833
f 855/912/1 927/992/826 936/1002/831
f 921/986/820 920/985/828 929/995/833 930/996/834
f 922/987/821 921/986/820 930/996/834 931/997/835
f 923/988/822 922/987/821 931/997/835 932/998/836
f 924/989/823 923/988/822 932/998/836 933/999/837
f 925/990/824 924/989/823 933/999/837 934/1000/829
f 931/997/835 930/996/834 939/1006/838 940/1007/839
f 932/998/836 931/997/835 940/1007/839 941/1008/840
f 933/999/837 932/998/836 941/1008/840 942/1009/841
f 934/1000/829 933/999/837 942/1009/841 943/1010/842
f 935/1001/830 934/1000/829 943/1010/842 944/1011/843
f 936/1002/831 935/1001/830 944/1011/843 945/1012/844
f 929/995/833 928/993/832 937/1003/845 938/1005/846
f 855/912/1 936/1002/831 945/1012/844
f 930/996/834 929/995/833 938/1005/846 939/1006/838
f 944/1011/843 943/1010/842 952/1020/847 953/1021/848
f 945/1012/844 944/1011/843 953/1021/848 954/1022/849
f 938/1005/846 937/1003/845 946/1013/850 947/1015/851
f 855/912/1 945/1012/844 954/1022/849
f 939/1006/838 938/1005/846 947/1015/851 948/1016/852
f 940/1007/839 939/1006/838 948/1016/852 949/1017/853
f 941/1008/840 940/1007/839 949/1017/853 950/1018/854
f 942/1009/841 941/1008/840 950/1018/854 951/1019/855
f 943/1010/842 942/1009/841 951/1019/855 952/1020/847
f 950/1018/854 949/1017/853 955/1023/571 674/711/570
f 951/1019/855 950/1018/854 674/711/570 956/1024/574
f 952/1020/847 951/1019/855 956/1024/574 957/1025/576
f 953/1021/848 952/1020/847 957/1025/576 958/1026/578
f 954/1022/849 953/1021/848 958/1026/578 959/1027/580
f 947/1015/851 946/1013/850 671/707/582 672/709/10
f 855/912/1 954/1022/849 959/1027/580
f 948/1016/852 947/1015/851 672/709/10 673/710/585
f 949/1017/853 948/1016/852 673/710/585 955/1023/571
f 675/713/583 671/708/582 946/1014/850 937/1004/845 928/994/832 919/984/827 910/974/815 901/964/810 892/954/797 883/944/792 874/934/780 865/924/768 856/914/763 846/903/750 837/893/745 828/883/733 819/873/728 810/863/716 801/853/711 792/843/699 783/833/694 774/823/682 765/813/668 756/803/664 747/793/652 738/783/647 729/773/634 720/763/629 711/753/617 702/743/612 693/733/600 684/723/595
f 1312/1391/10 961/1029/856 963/1031/857 1313/1392/858
f 1313/1392/858 963/1031/857 965/1033/859 1314/1393/860
f 1314/1393/860 965/1033/859 967/1035/861 1315/1394/862
f 1315/1394/862 967/1035/861 969/1037/863 1316/1395/864
f 1316/1395/864 969/1037/863 971/1039/865 1317/1396/866
f 1317/1396/866 971/1039/865 973/1041/867 1318/1397/868
f 1318/1397/868 973/1041/867 975/1043/869 1319/1398/870
f 1319/1398/870 975/1043/869 977/1045/871 1320/1399/1
f 1320/1399/1 977/1045/871 979/1047/872 1321/1400/873
f 1321/1400/873 979/1047/872 981/1049/874 1322/1401/875
f 1322/1401/875 981/1049/874 983/1051/876 1323/1402/877
f 1323/1402/877 983/1051/876 985/1053/878 1324/1403/879
f 1324/1403/879 985/1053/878 987/1055/880 1325/1404/881
f 1325/1404/881 987/1055/880 989/1057/882 1326/1405/883
f 1326/1405/883 989/1057/882 991/1059/884 1327/1406/885
f 1327/1406/885 991/1059/884 993/1061/886 1328/1407/419
f 1328/1407/419 993/1061/886 995/1063/887 1329/1408/888
f 1329/1408/888 995/1063/887 997/1066/889 1330/1410/890
f 1330/1409/890 997/1067/889 999/1069/891 1331/1411/892
f 1331/1411/892 999/1069/891 1001/1071/893 1332/1412/894
f 1332/1412/894 1001/1071/893 1003/1073/895 1333/1413/896
f 1333/1413/896 1003/1073/895 1005/1075/897 1334/1414/898
f 1334/1414/898 1005/1075/897 1007/1077/899 1335/1415/900
f 1335/1415/900 1007/1077/899 1009/1079/901 1336/1416/569
f 1336/1416/569 1009/1079/901 1011/1081/902 1337/1417/903
f 1337/1417/903 1011/1081/902 1013/1083/904 1338/1418/905
f 1338/1418/905 1013/1083/904 1015/1085/906 1339/1419/907
f 1339/1419/907 1015/1085/906 1017/1087/908 1340/1420/909
f 1340/1420/909 1017/1087/908 1019/1089/910 1341/1421/911
f 1341/1421/911 1019/1089/910 1021/1091/912 1342/1422/913
f 989/1057/882 987/1055/880 1371/1451/914 1373/1453/915
f 1342/1422/913 1021/1091/912 1023/1093/916 1343/1423/917
f 1343/1423/917 1023/1093/916 961/1029/856 1312/1391/10
f 1004/1074/918 1006/1076/919 1390/1472/920 1388/1470/921
f 1310/1389/917 1087/1159/916 1024/1094/856 1311/1390/10
f 1229/1305/648 1231/1307/648 1137/1211/922 1139/1213/923
f 1309/1388/913 1085/1157/912 1087/1159/916 1310/1389/917
f 1228/1304/648 1230/1306/648 1111/1183/924 1113/1185/925
f 1308/1387/911 1083/1155/910 1085/1157/912 1309/1388/913
f 1266/1344/785 1251/1329/785 1140/1214/926 1138/1212/927
f 1307/1386/909 1081/1153/908 1083/1155/910 1308/1387/911
f 1265/1343/785 1252/1330/785 1114/1186/928 1112/1184/929
f 1306/1385/907 1079/1151/906 1081/1153/908 1307/1386/909
f 1216/1292/648 1229/1305/648 1139/1213/923 1141/1215/930
f 1305/1384/905 1077/1149/904 1079/1151/906 1306/1385/907
f 1217/1293/648 1228/1304/648 1113/1185/925 1115/1187/931
f 1304/1383/903 1075/1147/902 1077/1149/904 1305/1384/905
f 1251/1329/785 1254/1332/785 1142/1216/932 1140/1214/926
f 1303/1382/569 1073/1145/901 1075/1147/902 1304/1383/903
f 1252/1330/785 1255/1333/785 1116/1188/933 1114/1186/928
f 1302/1381/900 1071/1143/899 1073/1145/901 1303/1382/569
f 1253/1331/785 1256/1334/785 1090/1162/934 1089/1161/935
f 1301/1380/898 1069/1141/897 1071/1143/899 1302/1381/900
f 1219/1295/648 1216/1292/648 1141/1215/930 1143/1217/936
f 1300/1379/896 1067/1139/895 1069/1141/897 1301/1380/898
f 1220/1296/648 1217/1293/648 1115/1187/931 1117/1189/937
f 1299/1378/894 1065/1137/893 1067/1139/895 1300/1379/896
f 1221/1297/648 1218/1294/648 1088/1160/938 1091/1163/939
f 1298/1377/892 1063/1135/891 1065/1137/893 1299/1378/894
f 1254/1332/785 1257/1335/785 1144/1218/940 1142/1216/932
f 1297/1376/890 1061/1133/889 1063/1135/891 1298/1377/892
f 1255/1333/785 1258/1336/785 1118/1190/941 1116/1188/933
f 1296/1374/888 1059/1129/887 1061/1132/889 1297/1375/890
f 1256/1334/785 1259/1337/785 1092/1164/942 1090/1162/934
f 1295/1373/419 1057/1127/886 1059/1129/887 1296/1374/888
f 1222/1298/648 1219/1295/648 1143/1217/936 1145/1219/943
f 1294/1372/885 1055/1125/884 1057/1127/886 1295/1373/419
f 1223/1299/648 1220/1296/648 1117/1189/937 1119/1191/944
f 1293/1371/883 1053/1123/882 1055/1125/884 1294/1372/885
f 1224/1300/648 1221/1297/648 1091/1163/939 1093/1165/945
f 1292/1370/881 1051/1121/880 1053/1123/882 1293/1371/883
f 1257/1335/785 1260/1338/785 1146/1220/946 1144/1218/940
f 1291/1369/879 1049/1119/878 1051/1121/880 1292/1370/881
f 1258/1336/785 1261/1339/785 1120/1192/947 1118/1190/941
f 1290/1368/877 1047/1117/876 1049/1119/878 1291/1369/879
f 1259/1337/785 1262/1340/785 1094/1166/948 1092/1164/942
f 1289/1367/875 1045/1115/874 1047/1117/876 1290/1368/877
f 1225/1301/648 1222/1298/648 1145/1219/943 1147/1221/949
f 1288/1366/873 1043/1113/950 1045/1115/874 1289/1367/875
f 1226/1302/648 1223/1299/648 1119/1191/944 1121/1193/951
f 1287/1365/1 1041/1111/871 1043/1113/950 1288/1366/873
f 1227/1303/648 1224/1300/648 1093/1165/945 1095/1167/952
f 1286/1364/870 1039/1109/869 1041/1111/871 1287/1365/1
f 1260/1338/785 1263/1341/785 1148/1222/953 1146/1220/946
f 1285/1363/868 1037/1107/867 1039/1109/869 1286/1364/870
f 1261/1339/785 1264/1342/785 1122/1194/954 1120/1192/947
f 1284/1362/866 1035/1105/865 1037/1107/867 1285/1363/868
f 1262/1340/785 1248/1325/785 1096/1168/955 1094/1166/948
f 1283/1361/864 1033/1103/863 1035/1105/865 1284/1362/866
f 1245/1322/648 1225/1301/648 1147/1221/949 1149/1223/956
f 1282/1360/862 1031/1101/861 1033/1103/863 1283/1361/864
f 1246/1323/648 1226/1302/648 1121/1193/951 1123/1195/957
f 1281/1359/860 1029/1099/859 1031/1101/861 1282/1360/862
f 1247/1324/648 1227/1303/648 1095/1167/952 1097/1169/958
f 1280/1358/858 1027/1097/857 1029/1099/859 1281/1359/860
f 1263/1341/785 1249/1326/785 1150/1224/959 1148/1222/953
f 1311/1390/10 1024/1094/856 1027/1097/857 1280/1358/858
f 1264/1342/785 1250/1328/785 1124/1196/960 1122/1194/954
f 1151/1225/961 1150/1224/959 1089/1161/935 1088/1160/938
f 1149/1223/956 1148/1222/953 1150/1224/959 1151/1225/961
f 1147/1221/949 1146/1220/946 1148/1222/953 1149/1223/956
f 1145/1219/943 1144/1218/940 1146/1220/946 1147/1221/949
f 1143/1217/936 1142/1216/932 1144/1218/940 1145/1219/943
f 1141/1215/930 1140/1214/926 1142/1216/932 1143/1217/936
f 1139/1213/923 1138/1212/927 1140/1214/926 1141/1215/930
f 1137/1211/922 1136/1210/962 1138/1212/927 1139/1213/923
f 1135/1209/963 1134/1208/964 1136/1210/962 1137/1211/922
f 1133/1207/965 1132/1206/966 1134/1208/964 1135/1209/963
f 1131/1205/967 1130/1204/968 1132/1206/966 1133/1207/965
f 1129/1203/969 1128/1202/970 1130/1204/968 1131/1205/967
f 1127/1201/971 1126/1200/972 1128/1202/970 1129/1203/969
f 1125/1198/973 1124/1197/960 1126/1200/972 1127/1201/971
f 1123/1195/957 1122/1194/954 1124/1196/960 1125/1199/973
f 1121/1193/951 1120/1192/947 1122/1194/954 1123/1195/957
f 1119/1191/944 1118/1190/941 1120/1192/947 1121/1193/951
f 1117/1189/937 1116/1188/933 1118/1190/941 1119/1191/944
f 1115/1187/931 1114/1186/928 1116/1188/933 1117/1189/937
f 1113/1185/925 1112/1184/929 1114/1186/928 1115/1187/931
f 1111/1183/924 1110/1182/974 1112/1184/929 1113/1185/925
f 1109/1181/975 1108/1180/976 1110/1182/974 1111/1183/924
f 1107/1179/977 1106/1178/978 1108/1180/976 1109/1181/975
f 1105/1177/979 1104/1176/980 1106/1178/978 1107/1179/977
f 1103/1175/981 1102/1174/982 1104/1176/980 1105/1177/979
f 1101/1173/983 1100/1172/984 1102/1174/982 1103/1175/981
f 1099/1171/985 1098/1170/986 1100/1172/984 1101/1173/983
f 1097/1169/958 1096/1168/955 1098/1170/986 1099/1171/985
f 1095/1167/952 1094/1166/948 1096/1168/955 1097/1169/958
f 1093/1165/945 1092/1164/942 1094/1166/948 1095/1167/952
f 1091/1163/939 1090/1162/934 1092/1164/942 1093/1165/945
f 1088/1160/938 1089/1161/935 1090/1162/934 1091/1163/939
f 1267/1345/785 1265/1343/785 1112/1184/929 1110/1182/974
f 1268/1346/785 1266/1344/785 1138/1212/927 1136/1210/962
f 1230/1306/648 1232/1308/648 1109/1181/975 1111/1183/924
f 1231/1307/648 1233/1309/648 1135/1209/963 1137/1211/922
f 1269/1347/785 1267/1345/785 1110/1182/974 1108/1180/976
f 1270/1348/785 1268/1346/785 1136/1210/962 1134/1208/964
f 1232/1308/648 1234/1310/648 1107/1179/977 1109/1181/975
f 1233/1309/648 1235/1311/648 1133/1207/965 1135/1209/963
f 1271/1349/785 1269/1347/785 1108/1180/976 1106/1178/978
f 1272/1350/785 1270/1348/785 1134/1208/964 1132/1206/966
f 1234/1310/648 1236/1312/648 1105/1177/979 1107/1179/977
f 1235/1311/648 1237/1313/648 1131/1205/967 1133/1207/965
f 1273/1351/785 1271/1349/785 1106/1178/978 1104/1176/980
f 1274/1352/785 1272/1350/785 1132/1206/966 1130/1204/968
f 1236/1312/648 1238/1314/648 1103/1175/981 1105/1177/979
f 1237/1313/648 1239/1315/648 1129/1203/969 1131/1205/967
f 1275/1353/785 1273/1351/785 1104/1176/980 1102/1174/982
f 1276/1354/785 1274/1352/785 1130/1204/968 1128/1202/970
f 1238/1314/648 1240/1316/648 1101/1173/983 1103/1175/981
f 1239/1315/648 1241/1317/648 1127/1201/971 1129/1203/969
f 1277/1355/785 1275/1353/785 1102/1174/982 1100/1172/984
f 1278/1356/785 1276/1354/785 1128/1202/970 1126/1200/972
f 1240/1316/648 1242/1318/648 1099/1171/985 1101/1173/983
f 1241/1317/648 1243/1320/648 1125/1198/973 1127/1201/971
f 1218/1294/648 1244/1321/648 1151/1225/961 1088/1160/938
f 1279/1357/785 1277/1355/785 1100/1172/984 1098/1170/986
f 1250/1327/785 1278/1356/785 1126/1200/972 1124/1197/960
f 1249/1326/785 1253/1331/785 1089/1161/935 1150/1224/959
f 1242/1318/648 1247/1324/648 1097/1169/958 1099/1171/985
f 1243/1319/648 1246/1323/648 1123/1195/957 1125/1199/973
f 1244/1321/648 1245/1322/648 1149/1223/956 1151/1225/961
f 1248/1325/785 1279/1357/785 1098/1170/986 1096/1168/955
f 1087/1159/916 1085/1157/912 1161/1235/648 1183/1258/648
f 1061/1132/889 1059/1129/887 1163/1237/648 1182/1256/648
f 1035/1105/865 1033/1103/863 1165/1239/648 1181/1255/648
f 1024/1094/856 1087/1159/916 1183/1258/648 1154/1228/648
f 1063/1135/891 1061/1133/889 1182/1257/648 1180/1254/648
f 1037/1107/867 1035/1105/865 1181/1255/648 1179/1253/648
f 1065/1137/893 1063/1135/891 1180/1254/648 1178/1252/648
f 1039/1109/869 1037/1107/867 1179/1253/648 1177/1251/648
f 1067/1139/895 1065/1137/893 1178/1252/648 1176/1250/648
f 1041/1111/871 1039/1109/869 1177/1251/648 1175/1249/648
f 1069/1141/897 1067/1139/895 1176/1250/648 1174/1248/648
f 1043/1113/950 1041/1111/871 1175/1249/648 1173/1247/648
f 1071/1143/899 1069/1141/897 1174/1248/648 1172/1246/648
f 1045/1115/874 1043/1113/950 1173/1247/648 1171/1245/648
f 1073/1145/901 1071/1143/899 1172/1246/648 1170/1244/648
f 1047/1117/876 1045/1115/874 1171/1245/648 1169/1243/648
f 1033/1103/863 1031/1101/861 1166/1240/648 1165/1239/648
f 1059/1129/887 1057/1127/886 1164/1238/648 1163/1237/648
f 1085/1157/912 1083/1155/910 1162/1236/648 1161/1235/648
f 1031/1101/861 1029/1099/859 1160/1234/648 1166/1240/648
f 1057/1127/886 1055/1125/884 1159/1233/648 1164/1238/648
f 1083/1155/910 1081/1153/908 1158/1232/648 1162/1236/648
f 1029/1099/859 1027/1097/857 1157/1231/648 1160/1234/648
f 1055/1125/884 1053/1123/882 1156/1230/648 1159/1233/648
f 1081/1153/908 1079/1151/906 1155/1229/648 1158/1232/648
f 1027/1097/857 1024/1094/856 1154/1228/648 1157/1231/648
f 1053/1123/882 1051/1121/880 1153/1227/648 1156/1230/648
f 1079/1151/906 1077/1149/904 1152/1226/648 1155/1229/648
f 1051/1121/880 1049/1119/878 1167/1241/648 1153/1227/648
f 1077/1149/904 1075/1147/902 1168/1242/648 1152/1226/648
f 1049/1119/878 1047/1117/876 1169/1243/648 1167/1241/648
f 1075/1147/902 1073/1145/901 1170/1244/648 1168/1242/648
f 1032/1102/987 1034/1104/988 1215/1291/785 1196/1271/785
f 1086/1158/989 1025/1095/990 1186/1261/785 1198/1273/785
f 1060/1130/991 1062/1134/992 1214/1290/785 1200/1275/785
f 1034/1104/988 1036/1106/993 1213/1289/785 1215/1291/785
f 1062/1134/992 1064/1136/994 1212/1288/785 1214/1290/785
f 1036/1106/993 1038/1108/995 1211/1287/785 1213/1289/785
f 1064/1136/994 1066/1138/996 1210/1286/785 1212/1288/785
f 1038/1108/995 1040/1110/997 1209/1285/785 1211/1287/785
f 1066/1138/996 1068/1140/918 1208/1284/785 1210/1286/785
f 1040/1110/997 1042/1112/998 1207/1283/785 1209/1285/785
f 1068/1140/918 1070/1142/919 1206/1282/785 1208/1284/785
f 1042/1112/998 1044/1114/999 1205/1281/785 1207/1283/785
f 1070/1142/919 1072/1144/1000 1204/1280/785 1206/1282/785
f 1044/1114/999 1046/1116/1001 1203/1279/785 1205/1281/785
f 1072/1144/1000 1074/1146/1002 1202/1278/785 1204/1280/785
f 1046/1116/1001 1048/1118/1003 1201/1277/785 1203/1279/785
f 1058/1128/1004 1060/1131/991 1200/1276/785 1199/1274/785
f 1084/1156/1005 1086/1158/989 1198/1273/785 1197/1272/785
f 1030/1100/1006 1032/1102/987 1196/1271/785 1195/1270/785
f 1056/1126/1007 1058/1128/1004 1199/1274/785 1194/1269/785
f 1082/1154/1008 1084/1156/1005 1197/1272/785 1193/1268/785
f 1028/1098/1009 1030/1100/1006 1195/1270/785 1192/1267/785
f 1054/1124/1010 1056/1126/1007 1194/1269/785 1191/1266/785
f 1080/1152/1011 1082/1154/1008 1193/1268/785 1190/1265/785
f 1026/1096/1012 1028/1098/1009 1192/1267/785 1189/1264/785
f 1052/1122/1013 1054/1124/1010 1191/1266/785 1188/1263/785
f 1078/1150/1014 1080/1152/1011 1190/1265/785 1187/1262/785
f 1025/1095/990 1026/1096/1012 1189/1264/785 1186/1261/785
f 1050/1120/1015 1052/1122/1013 1188/1263/785 1185/1260/785
f 1076/1148/1016 1078/1150/1014 1187/1262/785 1184/1259/785
f 1048/1118/1003 1050/1120/1015 1185/1260/785 1201/1277/785
f 1074/1146/1002 1076/1148/1016 1184/1259/785 1202/1278/785
f 1183/1258/648 1161/1235/648 1245/1322/648 1244/1321/648
f 1182/1256/648 1163/1237/648 1246/1323/648 1243/1319/648
f 1181/1255/648 1165/1239/648 1247/1324/648 1242/1318/648
f 1154/1228/648 1183/1258/648 1244/1321/648 1218/1294/648
f 1180/1254/648 1182/1257/648 1243/1320/648 1241/1317/648
f 1179/1253/648 1181/1255/648 1242/1318/648 1240/1316/648
f 1178/1252/648 1180/1254/648 1241/1317/648 1239/1315/648
f 1177/1251/648 1179/1253/648 1240/1316/648 1238/1314/648
f 1176/1250/648 1178/1252/648 1239/1315/648 1237/1313/648
f 1175/1249/648 1177/1251/648 1238/1314/648 1236/1312/648
f 1174/1248/648 1176/1250/648 1237/1313/648 1235/1311/648
f 1173/1247/648 1175/1249/648 1236/1312/648 1234/1310/648
f 1172/1246/648 1174/1248/648 1235/1311/648 1233/1309/648
f 1171/1245/648 1173/1247/648 1234/1310/648 1232/1308/648
f 1170/1244/648 1172/1246/648 1233/1309/648 1231/1307/648
f 1169/1243/648 1171/1245/648 1232/1308/648 1230/1306/648
f 1165/1239/648 1166/1240/648 1227/1303/648 1247/1324/648
f 1163/1237/648 1164/1238/648 1226/1302/648 1246/1323/648
f 1161/1235/648 1162/1236/648 1225/1301/648 1245/1322/648
f 1166/1240/648 1160/1234/648 1224/1300/648 1227/1303/648
f 1164/1238/648 1159/1233/648 1223/1299/648 1226/1302/648
f 1162/1236/648 1158/1232/648 1222/1298/648 1225/1301/648
f 1160/1234/648 1157/1231/648 1221/1297/648 1224/1300/648
f 1159/1233/648 1156/1230/648 1220/1296/648 1223/1299/648
f 1158/1232/648 1155/1229/648 1219/1295/648 1222/1298/648
f 1157/1231/648 1154/1228/648 1218/1294/648 1221/1297/648
f 1156/1230/648 1153/1227/648 1217/1293/648 1220/1296/648
f 1155/1229/648 1152/1226/648 1216/1292/648 1219/1295/648
f 1153/1227/648 1167/1241/648 1228/1304/648 1217/1293/648
f 1152/1226/648 1168/1242/648 1229/1305/648 1216/1292/648
f 1167/1241/648 1169/1243/648 1230/1306/648 1228/1304/648
f 1168/1242/648 1170/1244/648 1231/1307/648 1229/1305/648
f 1196/1271/785 1215/1291/785 1279/1357/785 1248/1325/785
f 1198/1273/785 1186/1261/785 1253/1331/785 1249/1326/785
f 1200/1275/785 1214/1290/785 1278/1356/785 1250/1327/785
f 1215/1291/785 1213/1289/785 1277/1355/785 1279/1357/785
f 1214/1290/785 1212/1288/785 1276/1354/785 1278/1356/785
f 1213/1289/785 1211/1287/785 1275/1353/785 1277/1355/785
f 1212/1288/785 1210/1286/785 1274/1352/785 1276/1354/785
f 1211/1287/785 1209/1285/785 1273/1351/785 1275/1353/785
f 1210/1286/785 1208/1284/785 1272/1350/785 1274/1352/785
f 1209/1285/785 1207/1283/785 1271/1349/785 1273/1351/785
f 1208/1284/785 1206/1282/785 1270/1348/785 1272/1350/785
f 1207/1283/785 1205/1281/785 1269/1347/785 1271/1349/785
f 1206/1282/785 1204/1280/785 1268/1346/785 1270/1348/785
f 1205/1281/785 1203/1279/785 1267/1345/785 1269/1347/785
f 1204/1280/785 1202/1278/785 1266/1344/785 1268/1346/785
f 1203/1279/785 1201/1277/785 1265/1343/785 1267/1345/785
f 1199/1274/785 1200/1276/785 1250/1328/785 1264/1342/785
f 1197/1272/785 1198/1273/785 1249/1326/785 1263/1341/785
f 1195/1270/785 1196/1271/785 1248/1325/785 1262/1340/785
f 1194/1269/785 1199/1274/785 1264/1342/785 1261/1339/785
f 1193/1268/785 1197/1272/785 1263/1341/785 1260/1338/785
f 1192/1267/785 1195/1270/785 1262/1340/785 1259/1337/785
f 1191/1266/785 1194/1269/785 1261/1339/785 1258/1336/785
f 1190/1265/785 1193/1268/785 1260/1338/785 1257/1335/785
f 1189/1264/785 1192/1267/785 1259/1337/785 1256/1334/785
f 1188/1263/785 1191/1266/785 1258/1336/785 1255/1333/785
f 1187/1262/785 1190/1265/785 1257/1335/785 1254/1332/785
f 1186/1261/785 1189/1264/785 1256/1334/785 1253/1331/785
f 1185/1260/785 1188/1263/785 1255/1333/785 1252/1330/785
f 1184/1259/785 1187/1262/785 1254/1332/785 1251/1329/785
f 1201/1277/785 1185/1260/785 1252/1330/785 1265/1343/785
f 1202/1278/785 1184/1259/785 1251/1329/785 1266/1344/785
f 960/1028/990 1311/1390/10 1280/1358/858 962/1030/1012
f 962/1030/1012 1280/1358/858 1281/1359/860 964/1032/1009
f 964/1032/1009 1281/1359/860 1282/1360/862 966/1034/1006
f 966/1034/1006 1282/1360/862 1283/1361/864 968/1036/987
f 968/1036/987 1283/1361/864 1284/1362/866 970/1038/988
f 970/1038/988 1284/1362/866 1285/1363/868 972/1040/993
f 972/1040/993 1285/1363/868 1286/1364/870 974/1042/1017
f 974/1042/1017 1286/1364/870 1287/1365/1 976/1044/997
f 976/1044/997 1287/1365/1 1288/1366/873 978/1046/1018
f 978/1046/1018 1288/1366/873 1289/1367/875 980/1048/999
f 980/1048/999 1289/1367/875 1290/1368/877 982/1050/1001
f 982/1050/1001 1290/1368/877 1291/1369/879 984/1052/1003
f 984/1052/1003 1291/1369/879 1292/1370/881 986/1054/1015
f 986/1054/1015 1292/1370/881 1293/1371/883 988/1056/1013
f 988/1056/1013 1293/1371/883 1294/1372/885 990/1058/1010
f 990/1058/1010 1294/1372/885 1295/1373/419 992/1060/1007
f 992/1060/1007 1295/1373/419 1296/1374/888 994/1062/1004
f 994/1062/1004 1296/1374/888 1297/1375/890 996/1064/991
f 996/1065/991 1297/1376/890 1298/1377/892 998/1068/992
f 998/1068/992 1298/1377/892 1299/1378/894 1000/1070/994
f 1000/1070/994 1299/1378/894 1300/1379/896 1002/1072/996
f 1002/1072/996 1300/1379/896 1301/1380/898 1004/1074/918
f 1004/1074/918 1301/1380/898 1302/1381/900 1006/1076/919
f 1006/1076/919 1302/1381/900 1303/1382/569 1008/1078/1000
f 1008/1078/1000 1303/1382/569 1304/1383/903 1010/1080/1019
f 1010/1080/1019 1304/1383/903 1305/1384/905 1012/1082/1016
f 1012/1082/1016 1305/1384/905 1306/1385/907 1014/1084/1014
f 1014/1084/1014 1306/1385/907 1307/1386/909 1016/1086/1011
f 1016/1086/1011 1307/1386/909 1308/1387/911 1018/1088/1008
f 1018/1088/1008 1308/1387/911 1309/1388/913 1020/1090/1005
f 1020/1090/1005 1309/1388/913 1310/1389/917 1022/1092/989
f 1022/1092/989 1310/1389/917 1311/1390/10 960/1028/990
f 1086/1158/989 1343/1423/917 1312/1391/10 1025/1095/990
f 1084/1156/1005 1342/1422/913 1343/1423/917 1086/1158/989
f 1082/1154/1008 1341/1421/911 1342/1422/913 1084/1156/1005
f 1080/1152/1011 1340/1420/909 1341/1421/911 1082/1154/1008
f 1078/1150/1014 1339/1419/907 1340/1420/909 1080/1152/1011
f 1076/1148/1016 1338/1418/905 1339/1419/907 1078/1150/1014
f 1074/1146/1002 1337/1417/903 1338/1418/905 1076/1148/1016
f 1072/1144/1000 1336/1416/569 1337/1417/903 1074/1146/1002
f 1070/1142/919 1335/1415/900 1336/1416/569 1072/1144/1000
f 1068/1140/918 1334/1414/898 1335/1415/900 1070/1142/919
f 1066/1138/996 1333/1413/896 1334/1414/898 1068/1140/918
f 1064/1136/994 1332/1412/894 1333/1413/896 1066/1138/996
f 1062/1134/992 1331/1411/892 1332/1412/894 1064/1136/994
f 1060/1130/991 1330/1409/890 1331/1411/892 1062/1134/992
f 1058/1128/1004 1329/1408/888 1330/1410/890 1060/1131/991
f 1056/1126/1007 1328/1407/419 1329/1408/888 1058/1128/1004
f 1054/1124/1010 1327/1406/885 1328/1407/419 1056/1126/1007
f 1052/1122/1013 1326/1405/883 1327/1406/885 1054/1124/1010
f 1050/1120/1015 1325/1404/881 1326/1405/883 1052/1122/1013
f 1048/1118/1003 1324/1403/879 1325/1404/881 1050/1120/1015
f 1046/1116/1001 1323/1402/877 1324/1403/879 1048/1118/1003
f 1044/1114/999 1322/1401/875 1323/1402/877 1046/1116/1001
f 1042/1112/998 1321/1400/873 1322/1401/875 1044/1114/999
f 1040/1110/997 1320/1399/1 1321/1400/873 1042/1112/998
f 1038/1108/995 1319/1398/870 1320/1399/1 1040/1110/997
f 1036/1106/993 1318/1397/868 1319/1398/870 1038/1108/995
f 1034/1104/988 1317/1396/866 1318/1397/868 1036/1106/993
f 1032/1102/987 1316/1395/864 1317/1396/866 1034/1104/988
f 1030/1100/1006 1315/1394/862 1316/1395/864 1032/1102/987
f 1028/1098/1009 1314/1393/860 1315/1394/862 1030/1100/1006
f 1026/1096/1012 1313/1392/858 1314/1393/860 1028/1098/1009
f 1025/1095/990 1312/1391/10 1313/1392/858 1026/1096/1012
f 1385/1467/1020 1383/1465/1021 1447/1531/1022 1449/1533/1023
f 1356/1436/1024 1358/1438/1025 1422/1504/1026 1420/1502/1027
f 1022/1092/989 960/1028/990 1344/1424/1028 1406/1488/1029
f 1007/1077/899 1005/1075/897 1389/1471/1030 1391/1473/1031
f 970/1038/988 972/1040/993 1356/1436/1024 1354/1434/1032
f 961/1029/856 1023/1093/916 1407/1489/1033 1347/1427/1034
f 988/1056/1013 990/1058/1010 1374/1454/1035 1372/1452/1036
f 973/1041/867 971/1039/865 1355/1435/1037 1357/1437/1038
f 1006/1076/919 1008/1078/1000 1392/1474/1039 1390/1472/920
f 991/1059/884 989/1057/882 1373/1453/915 1375/1455/1040
f 1009/1079/901 1007/1077/899 1391/1473/1031 1393/1475/1041
f 972/1040/993 974/1042/1017 1358/1438/1025 1356/1436/1024
f 990/1058/1010 992/1060/1007 1376/1456/1042 1374/1454/1035
f 975/1043/869 973/1041/867 1357/1437/1038 1359/1439/1043
f 1008/1078/1000 1010/1080/1019 1394/1476/1044 1392/1474/1039
f 993/1061/886 991/1059/884 1375/1455/1040 1377/1457/1045
f 1011/1081/902 1009/1079/901 1393/1475/1041 1395/1477/1046
f 974/1042/1017 976/1044/997 1360/1440/1047 1358/1438/1025
f 992/1060/1007 994/1062/1004 1378/1458/1048 1376/1456/1042
f 977/1045/871 975/1043/869 1359/1439/1043 1361/1441/1049
f 1010/1080/1019 1012/1082/1016 1396/1478/1050 1394/1476/1044
f 995/1063/887 993/1061/886 1377/1457/1045 1379/1459/1051
f 1013/1083/904 1011/1081/902 1395/1477/1046 1397/1479/1052
f 976/1044/997 978/1046/1018 1362/1442/1053 1360/1440/1047
f 994/1062/1004 996/1064/991 1380/1460/1054 1378/1458/1048
f 979/1047/872 977/1045/871 1361/1441/1049 1363/1443/1055
f 960/1028/990 962/1030/1012 1345/1425/1056 1344/1424/1028
f 1012/1082/1016 1014/1084/1014 1398/1480/1057 1396/1478/1050
f 997/1066/889 995/1063/887 1379/1459/1051 1381/1462/1058
f 963/1031/857 961/1029/856 1347/1427/1034 1346/1426/1059
f 1015/1085/906 1013/1083/904 1397/1479/1052 1399/1481/1060
f 978/1046/1018 980/1048/999 1364/1444/1061 1362/1442/1053
f 996/1065/991 998/1068/992 1382/1464/1062 1380/1461/1054
f 981/1049/874 979/1047/872 1363/1443/1055 1365/1445/1063
f 1014/1084/1014 1016/1086/1011 1400/1482/1064 1398/1480/1057
f 999/1069/891 997/1067/889 1381/1463/1058 1383/1465/1021
f 962/1030/1012 964/1032/1009 1348/1428/1065 1345/1425/1056
f 1017/1087/908 1015/1085/906 1399/1481/1060 1401/1483/1066
f 980/1048/999 982/1050/1001 1366/1446/1067 1364/1444/1061
f 965/1033/859 963/1031/857 1346/1426/1059 1349/1429/1068
f 998/1068/992 1000/1070/994 1384/1466/1069 1382/1464/1062
f 983/1051/876 981/1049/874 1365/1445/1063 1367/1447/1070
f 1016/1086/1011 1018/1088/1008 1402/1484/1071 1400/1482/1064
f 1001/1071/893 999/1069/891 1383/1465/1021 1385/1467/1020
f 964/1032/1009 966/1034/1006 1350/1430/1072 1348/1428/1065
f 1019/1089/910 1017/1087/908 1401/1483/1066 1403/1485/1073
f 982/1050/1001 984/1052/1003 1368/1448/1074 1366/1446/1067
f 967/1035/861 965/1033/859 1349/1429/1068 1351/1431/1075
f 1000/1070/994 1002/1072/996 1386/1468/1076 1384/1466/1069
f 985/1053/878 983/1051/876 1367/1447/1070 1369/1449/1077
f 1018/1088/1008 1020/1090/1005 1404/1486/1078 1402/1484/1071
f 1003/1073/895 1001/1071/893 1385/1467/1020 1387/1469/1079
f 966/1034/1006 968/1036/987 1352/1432/1080 1350/1430/1072
f 1021/1091/912 1019/1089/910 1403/1485/1073 1405/1487/1081
f 984/1052/1003 986/1054/1015 1370/1450/1082 1368/1448/1074
f 969/1037/863 967/1035/861 1351/1431/1075 1353/1433/1083
f 1002/1072/996 1004/1074/918 1388/1470/921 1386/1468/1076
f 987/1055/880 985/1053/878 1369/1449/1077 1371/1451/914
f 1020/1090/1005 1022/1092/989 1406/1488/1029 1404/1486/1078
f 1005/1075/897 1003/1073/895 1387/1469/1079 1389/1471/1030
f 968/1036/987 970/1038/988 1354/1434/1032 1352/1432/1080
f 1023/1093/916 1021/1091/912 1405/1487/1081 1407/1489/1033
f 986/1054/1015 988/1056/1013 1372/1452/1036 1370/1450/1082
f 971/1039/865 969/1037/863 1353/1433/1083 1355/1435/1037
f 1416/1498/1084 1418/1500/1085 1482/1566/785 1480/1564/785
f 1442/1524/1086 1444/1526/1087 1508/1592/785 1506/1590/785
f 1359/1439/1043 1357/1437/1038 1421/1503/1088 1423/1505/1089
f 1384/1466/1069 1386/1468/1076 1450/1534/1090 1448/1532/1091
f 1358/1438/1025 1360/1440/1047 1424/1506/1092 1422/1504/1026
f 1387/1469/1079 1385/1467/1020 1449/1533/1023 1451/1535/1093
f 1361/1441/1049 1359/1439/1043 1423/1505/1089 1425/1507/1094
f 1386/1468/1076 1388/1470/921 1452/1536/1095 1450/1534/1090
f 1360/1440/1047 1362/1442/1053 1426/1508/1096 1424/1506/1092
f 1389/1471/1030 1387/1469/1079 1451/1535/1093 1453/1537/1097
f 1363/1443/1055 1361/1441/1049 1425/1507/1094 1427/1509/1098
f 1388/1470/921 1390/1472/920 1454/1538/1099 1452/1536/1095
f 1362/1442/1053 1364/1444/1061 1428/1510/1100 1426/1508/1096
f 1391/1473/1031 1389/1471/1030 1453/1537/1097 1455/1539/1101
f 1365/1445/1063 1363/1443/1055 1427/1509/1098 1429/1511/1102
f 1390/1472/920 1392/1474/1039 1456/1540/1103 1454/1538/1099
f 1364/1444/1061 1366/1446/1067 1430/1512/1104 1428/1510/1100
f 1393/1475/1041 1391/1473/1031 1455/1539/1101 1457/1541/1105
f 1367/1447/1070 1365/1445/1063 1429/1511/1102 1431/1513/1106
f 1392/1474/1039 1394/1476/1044 1458/1542/1107 1456/1540/1103
f 1366/1446/1067 1368/1448/1074 1432/1514/1108 1430/1512/1104
f 1395/1477/1046 1393/1475/1041 1457/1541/1105 1459/1543/1109
f 1369/1449/1077 1367/1447/1070 1431/1513/1106 1433/1515/1110
f 1394/1476/1044 1396/1478/1050 1460/1544/1111 1458/1542/1107
f 1368/1448/1074 1370/1450/1082 1434/1516/1112 1432/1514/1108
f 1397/1479/1052 1395/1477/1046 1459/1543/1109 1461/1545/1113
f 1371/1451/914 1369/1449/1077 1433/1515/1110 1435/1517/1114
f 1396/1478/1050 1398/1480/1057 1462/1546/1115 1460/1544/1111
f 1370/1450/1082 1372/1452/1036 1436/1518/1116 1434/1516/1112
f 1344/1424/1028 1345/1425/1056 1409/1491/1117 1408/1490/1118
f 1399/1481/1060 1397/1479/1052 1461/1545/1113 1463/1547/1119
f 1373/1453/915 1371/1451/914 1435/1517/1114 1437/1519/1120
f 1346/1426/1059 1347/1427/1034 1411/1493/1121 1410/1492/1122
f 1398/1480/1057 1400/1482/1064 1464/1548/1123 1462/1546/1115
f 1372/1452/1036 1374/1454/1035 1438/1520/1124 1436/1518/1116
f 1345/1425/1056 1348/1428/1065 1412/1494/1125 1409/1491/1117
f 1401/1483/1066 1399/1481/1060 1463/1547/1119 1465/1549/1126
f 1375/1455/1040 1373/1453/915 1437/1519/1120 1439/1521/1127
f 1349/1429/1068 1346/1426/1059 1410/1492/1122 1413/1495/1128
f 1400/1482/1064 1402/1484/1071 1466/1550/1129 1464/1548/1123
f 1374/1454/1035 1376/1456/1042 1440/1522/1130 1438/1520/1124
f 1348/1428/1065 1350/1430/1072 1414/1496/1131 1412/1494/1125
f 1403/1485/1073 1401/1483/1066 1465/1549/1126 1467/1551/1132
f 1377/1457/1045 1375/1455/1040 1439/1521/1127 1441/1523/1133
f 1351/1431/1075 1349/1429/1068 1413/1495/1128 1415/1497/1134
f 1402/1484/1071 1404/1486/1078 1468/1552/1135 1466/1550/1129
f 1376/1456/1042 1378/1458/1048 1442/1524/1086 1440/1522/1130
f 1350/1430/1072 1352/1432/1080 1416/1498/1084 1414/1496/1131
f 1405/1487/1081 1403/1485/1073 1467/1551/1132 1469/1553/1136
f 1379/1459/1051 1377/1457/1045 1441/1523/1133 1443/1525/1137
f 1353/1433/1083 1351/1431/1075 1415/1497/1134 1417/1499/1138
f 1404/1486/1078 1406/1488/1029 1470/1554/1139 1468/1552/1135
f 1378/1458/1048 1380/1460/1054 1444/1526/1087 1442/1524/1086
f 1352/1432/1080 1354/1434/1032 1418/1500/1085 1416/1498/1084
f 1407/1489/1033 1405/1487/1081 1469/1553/1136 1471/1555/1140
f 1381/1462/1058 1379/1459/1051 1443/1525/1137 1445/1528/1141
f 1355/1435/1037 1353/1433/1083 1417/1499/1138 1419/1501/1142
f 1406/1488/1029 1344/1424/1028 1408/1490/1118 1470/1554/1139
f 1380/1461/1054 1382/1464/1062 1446/1530/1143 1444/1527/1087
f 1354/1434/1032 1356/1436/1024 1420/1502/1027 1418/1500/1085
f 1347/1427/1034 1407/1489/1033 1471/1555/1140 1411/1493/1121
f 1383/1465/1021 1381/1463/1058 1445/1529/1141 1447/1531/1022
f 1357/1437/1038 1355/1435/1037 1419/1501/1142 1421/1503/1088
f 1382/1464/1062 1384/1466/1069 1448/1532/1091 1446/1530/1143
f 1474/1558/648 1475/1559/648 1535/1619/648 1533/1617/648 1531/1615/648 1529/1613/648 1527/1611/648 1525/1609/648 1523/1607/648 1521/1605/648 1519/1603/648 1517/1601/648 1515/1599/648 1513/1597/648 1511/1595/648 1509/1593/648 1507/1591/648 1505/1589/648 1503/1587/648 1501/1585/648 1499/1583/648 1497/1581/648 1495/1579/648 1493/1577/648 1491/1575/648 1489/1573/648 1487/1571/648 1485/1569/648 1483/1567/648 1481/1565/648 1479/1563/648 1477/1561/648
f 1472/1556/785 1473/1557/785 1476/1560/785 1478/1562/785 1480/1564/785 1482/1566/785 1484/1568/785 1486/1570/785 1488/1572/785 1490/1574/785 1492/1576/785 1494/1578/785 1496/1580/785 1498/1582/785 1500/1584/785 1502/1586/785 1504/1588/785 1506/1590/785 1508/1592/785 1510/1594/785 1512/1596/785 1514/1598/785 1516/1600/785 1518/1602/785 1520/1604/785 1522/1606/785 1524/1608/785 1526/1610/785 1528/1612/785 1530/1614/785 1532/1616/785 1534/1618/785
f 1471/1555/1140 1469/1553/1136 1533/1617/648 1535/1619/648
f 1445/1528/1141 1443/1525/1137 1507/1591/648 1509/1593/648
f 1419/1501/1142 1417/1499/1138 1481/1565/648 1483/1567/648
f 1470/1554/1139 1408/1490/1118 1472/1556/785 1534/1618/785
f 1444/1527/1087 1446/1530/1143 1510/1594/785 1508/1592/785
f 1418/1500/1085 1420/1502/1027 1484/1568/785 1482/1566/785
f 1411/1493/1121 1471/1555/1140 1535/1619/648 1475/1559/648
f 1447/1531/1022 1445/1529/1141 1509/1593/648 1511/1595/648
f 1421/1503/1088 1419/1501/1142 1483/1567/648 1485/1569/648
f 1446/1530/1143 1448/1532/1091 1512/1596/785 1510/1594/785
f 1420/1502/1027 1422/1504/1026 1486/1570/785 1484/1568/785
f 1449/1533/1023 1447/1531/1022 1511/1595/648 1513/1597/648
f 1423/1505/1089 1421/1503/1088 1485/1569/648 1487/1571/648
f 1448/1532/1091 1450/1534/1090 1514/1598/785 1512/1596/785
f 1422/1504/1026 1424/1506/1092 1488/1572/785 1486/1570/785
f 1451/1535/1093 1449/1533/1023 1513/1597/648 1515/1599/648
f 1425/1507/1094 1423/1505/1089 1487/1571/648 1489/1573/648
f 1450/1534/1090 1452/1536/1095 1516/1600/785 1514/1598/785
f 1424/1506/1092 1426/1508/1096 1490/1574/785 1488/1572/785
f 1453/1537/1097 1451/1535/1093 1515/1599/648 1517/1601/648
f 1427/1509/1098 1425/1507/1094 1489/1573/648 1491/1575/648
f 1452/1536/1095 1454/1538/1099 1518/1602/785 1516/1600/785
f 1426/1508/1096 1428/1510/1100 1492/1576/785 1490/1574/785
f 1455/1539/1101 1453/1537/1097 1517/1601/648 1519/1603/648
f 1429/1511/1102 1427/1509/1098 1491/1575/648 1493/1577/648
f 1454/1538/1099 1456/1540/1103 1520/1604/785 1518/1602/785
f 1428/1510/1100 1430/1512/1104 1494/1578/785 1492/1576/785
f 1457/1541/1105 1455/1539/1101 1519/1603/648 1521/1605/648
f 1431/1513/1106 1429/1511/1102 1493/1577/648 1495/1579/648
f 1456/1540/1103 1458/1542/1107 1522/1606/785 1520/1604/785
f 1430/1512/1104 1432/1514/1108 1496/1580/785 1494/1578/785
f 1459/1543/1109 1457/1541/1105 1521/1605/648 1523/1607/648
f 1433/1515/1110 1431/1513/1106 1495/1579/648 1497/1581/648
f 1458/1542/1107 1460/1544/1111 1524/1608/785 1522/1606/785
f 1432/1514/1108 1434/1516/1112 1498/1582/785 1496/1580/785
f 1461/1545/1113 1459/1543/1109 1523/1607/648 1525/1609/648
f 1435/1517/1114 1433/1515/1110 1497/1581/648 1499/1583/648
f 1460/1544/1111 1462/1546/1115 1526/1610/785 1524/1608/785
f 1434/1516/1112 1436/1518/1116 1500/1584/785 1498/1582/785
f 1408/1490/1118 1409/1491/1117 1473/1557/785 1472/1556/785
f 1463/1547/1119 1461/1545/1113 1525/1609/648 1527/1611/648
f 1437/1519/1120 1435/1517/1114 1499/1583/648 1501/1585/648
f 1410/1492/1122 1411/1493/1121 1475/1559/648 1474/1558/648
f 1462/1546/1115 1464/1548/1123 1528/1612/785 1526/1610/785
f 1436/1518/1116 1438/1520/1124 1502/1586/785 1500/1584/785
f 1409/1491/1117 1412/1494/1125 1476/1560/785 1473/1557/785
f 1465/1549/1126 1463/1547/1119 1527/1611/648 1529/1613/648
f 1439/1521/1127 1437/1519/1120 1501/1585/648 1503/1587/648
f 1413/1495/1128 1410/1492/1122 1474/1558/648 1477/1561/648
f 1464/1548/1123 1466/1550/1129 1530/1614/785 1528/1612/785
f 1438/1520/1124 1440/1522/1130 1504/1588/785 1502/1586/785
f 1412/1494/1125 1414/1496/1131 1478/1562/785 1476/1560/785
f 1467/1551/1132 1465/1549/1126 1529/1613/648 1531/1615/648
f 1441/1523/1133 1439/1521/1127 1503/1587/648 1505/1589/648
f 1415/1497/1134 1413/1495/1128 1477/1561/648 1479/1563/648
f 1466/1550/1129 1468/1552/1135 1532/1616/785 1530/1614/785
f 1440/1522/1130 1442/1524/1086 1506/1590/785 1504/1588/785
f 1414/1496/1131 1416/1498/1084 1480/1564/785 1478/1562/785
f 1469/1553/1136 1467/1551/1132 1531/1615/648 1533/1617/648
f 1443/1525/1137 1441/1523/1133 1505/1589/648 1507/1591/648
f 1417/1499/1138 1415/1497/1134 1479/1563/648 1481/1565/648
f 1468/1552/1135 1470/1554/1139 1534/1618/785 1532/1616/785
f 1632/1719/1144 1537/1622/1145 1539/1624/1146 1633/1720/1147
f 1633/1720/1147 1539/1624/1146 1541/1626/1148 1634/1721/1149
f 1634/1721/1149 1541/1626/1148 1543/1628/1150 1635/1722/1151
f 1635/1722/1151 1543/1628/1150 1545/1630/1152 1636/1723/1153
f 1636/1723/1153 1545/1630/1152 1547/1632/1154 1637/1724/1155
f 1637/1724/1155 1547/1632/1154 1549/1634/1156 1638/1725/1157
f 1638/1725/1157 1549/1634/1156 1551/1636/1158 1639/1726/1159
f 1639/1726/1159 1551/1636/1158 1553/1638/1160 1640/1727/1161
f 1640/1727/1161 1553/1638/1160 1555/1640/1162 1641/1728/1163
f 1641/1728/1163 1555/1640/1162 1557/1642/1164 1642/1729/1165
f 1642/1729/1165 1557/1642/1164 1559/1644/1166 1643/1730/1167
f 1643/1730/1167 1559/1644/1166 1561/1646/1168 1644/1731/1169
f 1644/1731/1169 1561/1646/1168 1563/1648/1170 1645/1732/1171
f 1645/1732/1171 1563/1648/1170 1565/1650/1172 1646/1733/1173
f 1646/1733/1173 1565/1650/1172 1567/1652/1174 1647/1734/1175
f 1647/1734/1175 1567/1652/1174 1569/1654/1176 1648/1735/1177
f 1648/1735/1177 1569/1654/1176 1571/1656/1178 1649/1736/1179
f 1649/1736/1179 1571/1656/1178 1573/1658/1180 1650/1737/1181
f 1650/1737/1181 1573/1658/1180 1575/1660/1182 1651/1738/1183
f 1651/1738/1183 1575/1660/1182 1577/1662/1184 1652/1739/1185
f 1652/1739/1185 1577/1662/1184 1579/1664/1186 1653/1740/1187
f 1653/1740/1187 1579/1664/1186 1581/1666/1188 1654/1741/1189
f 1654/1741/1189 1581/1666/1188 1583/1668/1190 1655/1742/1191
f 1655/1742/1191 1583/1668/1190 1585/1670/1192 1656/1743/1193
f 1656/1743/1193 1585/1670/1192 1587/1672/1194 1657/1744/1195
f 1657/1744/1195 1587/1672/1194 1589/1674/1196 1658/1745/1197
f 1658/1745/1197 1589/1674/1196 1591/1676/1198 1659/1746/1199
f 1659/1746/1199 1591/1676/1198 1593/1678/1200 1660/1747/1201
f 1660/1747/1201 1593/1678/1200 1595/1680/1202 1661/1748/1203
f 1661/1748/1203 1595/1680/1202 1597/1682/1204 1662/1749/1205
f 1539/1624/1146 1537/1622/1145 1599/1684/1206 1597/1682/1204 1595/1680/1202 1593/1678/1200 1591/1676/1198 1589/1674/1196 1587/1672/1194 1585/1670/1192 1583/1668/1190 1581/1666/1188 1579/1664/1186 1577/1662/1184 1575/1660/1182 1573/1658/1180 1571/1656/1178 1569/1654/1176 1567/1652/1174 1565/1650/1172 1563/1648/1170 1561/1646/1168 1559/1644/1166 1557/1642/1164 1555/1640/1162 1553/1638/1160 1551/1636/1158 1549/1634/1156 1547/1632/1154 1545/1630/1152 1543/1628/1150 1541/1626/1148
f 1662/1749/1205 1597/1682/1204 1599/1684/1206 1663/1750/1207
f 1663/1750/1207 1599/1684/1206 1537/1622/1145 1632/1718/1144
f 2305/2411/10 2304/2410/10 2266/2372/1208 2265/2371/1209
f 2623/2739/1210 1631/1717/1206 1600/1686/1145 2592/2708/569
f 2622/2738/1211 1630/1716/1204 1631/1717/1206 2623/2739/1210
f 2621/2737/1212 1629/1715/1202 1630/1716/1204 2622/2738/1211
f 2620/2736/1213 1628/1714/1214 1629/1715/1202 2621/2737/1212
f 2619/2735/1215 1627/1713/1198 1628/1714/1214 2620/2736/1213
f 2618/2734/1216 1626/1712/1196 1627/1713/1198 2619/2735/1215
f 2617/2733/1217 1625/1711/1194 1626/1712/1196 2618/2734/1216
f 2616/2732/785 1624/1710/1192 1625/1711/1194 2617/2733/1217
f 2615/2731/1218 1623/1709/1190 1624/1710/1192 2616/2732/785
f 2614/2730/1219 1622/1708/1188 1623/1709/1190 2615/2731/1218
f 2613/2729/1220 1621/1707/1186 1622/1708/1188 2614/2730/1219
f 2612/2728/1221 1620/1706/1222 1621/1707/1186 2613/2729/1220
f 2611/2727/1223 1619/1705/1182 1620/1706/1222 2612/2728/1221
f 2610/2726/1224 1618/1704/1180 1619/1705/1182 2611/2727/1223
f 2609/2725/1225 1617/1703/1178 1618/1704/1180 2610/2726/1224
f 2608/2724/1 1616/1702/1176 1617/1703/1178 2609/2725/1225
f 2607/2723/1226 1615/1701/1174 1616/1702/1176 2608/2724/1
f 2606/2722/1227 1614/1700/1172 1615/1701/1174 2607/2723/1226
f 2605/2721/1228 1613/1699/1170 1614/1700/1172 2606/2722/1227
f 2604/2720/1229 1612/1698/1230 1613/1699/1170 2605/2721/1228
f 2603/2719/1231 1611/1697/1166 1612/1698/1230 2604/2720/1229
f 2602/2718/1232 1610/1696/1164 1611/1697/1166 2603/2719/1231
f 2601/2717/1233 1609/1695/1162 1610/1696/1164 2602/2718/1232
f 2600/2716/648 1608/1694/1160 1609/1695/1162 2601/2717/1233
f 2599/2715/1234 1607/1693/1158 1608/1694/1160 2600/2716/648
f 2598/2714/1235 1606/1692/1156 1607/1693/1158 2599/2715/1234
f 2597/2713/1236 1605/1691/1154 1606/1692/1156 2598/2714/1235
f 2596/2712/1237 1604/1690/1238 1605/1691/1154 2597/2713/1236
f 2595/2711/1239 1603/1689/1150 1604/1690/1238 2596/2712/1237
f 2594/2710/1240 1602/1688/1148 1603/1689/1150 2595/2711/1239
f 2593/2709/1241 1601/1687/1146 1602/1688/1148 2594/2710/1240
f 2592/2707/569 1600/1685/1145 1601/1687/1146 2593/2709/1241
f 1627/1713/1198 1626/1712/1196 1715/1802/1242 1717/1804/1243
f 1601/1687/1146 1600/1685/1145 1726/1814/1244 1665/1752/1245
f 1644/1731/1169 1645/1732/1171 1688/1775/1246 1686/1773/1247
f 1628/1714/1214 1627/1713/1198 1717/1804/1243 1719/1806/1248
f 1602/1688/1148 1601/1687/1146 1665/1752/1245 1667/1754/1249
f 1645/1732/1171 1646/1733/1173 1690/1777/1250 1688/1775/1246
f 1629/1715/1202 1628/1714/1214 1719/1806/1248 1721/1808/1251
f 1603/1689/1150 1602/1688/1148 1667/1754/1249 1669/1756/1252
f 1646/1733/1173 1647/1734/1175 1692/1779/1253 1690/1777/1250
f 1630/1716/1204 1629/1715/1202 1721/1808/1251 1723/1810/1254
f 1604/1690/1238 1603/1689/1150 1669/1756/1252 1671/1758/1255
f 1647/1734/1175 1648/1735/1177 1694/1781/1256 1692/1779/1253
f 1631/1717/1206 1630/1716/1204 1723/1810/1254 1725/1812/1257
f 1605/1691/1154 1604/1690/1238 1671/1758/1255 1673/1760/1258
f 1648/1735/1177 1649/1736/1179 1696/1783/1259 1694/1781/1256
f 1600/1686/1145 1631/1717/1206 1725/1812/1257 1726/1813/1244
f 1606/1692/1156 1605/1691/1154 1673/1760/1258 1675/1762/1260
f 1649/1736/1179 1650/1737/1181 1698/1785/1261 1696/1783/1259
f 1607/1693/1158 1606/1692/1156 1675/1762/1260 1677/1764/1262
f 1650/1737/1181 1651/1738/1183 1700/1787/1263 1698/1785/1261
f 1608/1694/1160 1607/1693/1158 1677/1764/1262 1679/1766/1264
f 1651/1738/1183 1652/1739/1185 1702/1789/1265 1700/1787/1263
f 1609/1695/1162 1608/1694/1160 1679/1766/1264 1681/1768/1266
f 1652/1739/1185 1653/1740/1187 1704/1791/1267 1702/1789/1265
f 1610/1696/1164 1609/1695/1162 1681/1768/1266 1683/1770/1268
f 1653/1740/1187 1654/1741/1189 1706/1793/1269 1704/1791/1267
f 1611/1697/1166 1610/1696/1164 1683/1770/1268 1685/1772/1270
f 1654/1741/1189 1655/1742/1191 1708/1795/1271 1706/1793/1269
f 1612/1698/1230 1611/1697/1166 1685/1772/1270 1687/1774/1272
f 1655/1742/1191 1656/1743/1193 1710/1797/1273 1708/1795/1271
f 1613/1699/1170 1612/1698/1230 1687/1774/1272 1689/1776/1274
f 1656/1743/1193 1657/1744/1195 1712/1799/1275 1710/1797/1273
f 1725/1812/1257 1724/1811/1276 1727/1815/1277 1726/1813/1244
f 1723/1810/1254 1722/1809/1278 1724/1811/1276 1725/1812/1257
f 1721/1808/1251 1720/1807/1279 1722/1809/1278 1723/1810/1254
f 1719/1806/1248 1718/1805/1280 1720/1807/1279 1721/1808/1251
f 1717/1804/1243 1716/1803/1281 1718/1805/1280 1719/1806/1248
f 1715/1802/1242 1714/1801/1282 1716/1803/1281 1717/1804/1243
f 1713/1800/1283 1712/1799/1275 1714/1801/1282 1715/1802/1242
f 1711/1798/1284 1710/1797/1273 1712/1799/1275 1713/1800/1283
f 1709/1796/1285 1708/1795/1271 1710/1797/1273 1711/1798/1284
f 1707/1794/1286 1706/1793/1269 1708/1795/1271 1709/1796/1285
f 1705/1792/1287 1704/1791/1267 1706/1793/1269 1707/1794/1286
f 1703/1790/1288 1702/1789/1265 1704/1791/1267 1705/1792/1287
f 1701/1788/1289 1700/1787/1263 1702/1789/1265 1703/1790/1288
f 1699/1786/1290 1698/1785/1261 1700/1787/1263 1701/1788/1289
f 1697/1784/1291 1696/1783/1259 1698/1785/1261 1699/1786/1290
f 1695/1782/1292 1694/1781/1256 1696/1783/1259 1697/1784/1291
f 1693/1780/1293 1692/1779/1253 1694/1781/1256 1695/1782/1292
f 1691/1778/1294 1690/1777/1250 1692/1779/1253 1693/1780/1293
f 1689/1776/1274 1688/1775/1246 1690/1777/1250 1691/1778/1294
f 1687/1774/1272 1686/1773/1247 1688/1775/1246 1689/1776/1274
f 1685/1772/1270 1684/1771/1295 1686/1773/1247 1687/1774/1272
f 1683/1770/1268 1682/1769/1208 1684/1771/1295 1685/1772/1270
f 1681/1768/1266 1680/1767/1209 1682/1769/1208 1683/1770/1268
f 1679/1766/1264 1678/1765/1296 1680/1767/1209 1681/1768/1266
f 1677/1764/1262 1676/1763/1297 1678/1765/1296 1679/1766/1264
f 1675/1762/1260 1674/1761/1298 1676/1763/1297 1677/1764/1262
f 1673/1760/1258 1672/1759/1299 1674/1761/1298 1675/1762/1260
f 1671/1758/1255 1670/1757/1300 1672/1759/1299 1673/1760/1258
f 1669/1756/1252 1668/1755/1301 1670/1757/1300 1671/1758/1255
f 1667/1754/1249 1666/1753/1302 1668/1755/1301 1669/1756/1252
f 1665/1752/1245 1664/1751/1303 1666/1753/1302 1667/1754/1249
f 1726/1814/1244 1727/1816/1277 1664/1751/1303 1665/1752/1245
f 1643/1730/1167 1644/1731/1169 1686/1773/1247 1684/1771/1295
f 1626/1712/1196 1625/1711/1194 1713/1800/1283 1715/1802/1242
f 1642/1729/1165 1643/1730/1167 1684/1771/1295 1682/1769/1208
f 1625/1711/1194 1624/1710/1192 1711/1798/1284 1713/1800/1283
f 1641/1728/1163 1642/1729/1165 1682/1769/1208 1680/1767/1209
f 1624/1710/1192 1623/1709/1190 1709/1796/1285 1711/1798/1284
f 1640/1727/1161 1641/1728/1163 1680/1767/1209 1678/1765/1296
f 1623/1709/1190 1622/1708/1188 1707/1794/1286 1709/1796/1285
f 1639/1726/1159 1640/1727/1161 1678/1765/1296 1676/1763/1297
f 1622/1708/1188 1621/1707/1186 1705/1792/1287 1707/1794/1286
f 1638/1725/1157 1639/1726/1159 1676/1763/1297 1674/1761/1298
f 1621/1707/1186 1620/1706/1222 1703/1790/1288 1705/1792/1287
f 1637/1724/1155 1638/1725/1157 1674/1761/1298 1672/1759/1299
f 1663/1750/1207 1632/1718/1144 1727/1815/1277 1724/1811/1276
f 1620/1706/1222 1619/1705/1182 1701/1788/1289 1703/1790/1288
f 1636/1723/1153 1637/1724/1155 1672/1759/1299 1670/1757/1300
f 1662/1749/1205 1663/1750/1207 1724/1811/1276 1722/1809/1278
f 1619/1705/1182 1618/1704/1180 1699/1786/1290 1701/1788/1289
f 1635/1722/1151 1636/1723/1153 1670/1757/1300 1668/1755/1301
f 1661/1748/1203 1662/1749/1205 1722/1809/1278 1720/1807/1279
f 1618/1704/1180 1617/1703/1178 1697/1784/1291 1699/1786/1290
f 1634/1721/1149 1635/1722/1151 1668/1755/1301 1666/1753/1302
f 1660/1747/1201 1661/1748/1203 1720/1807/1279 1718/1805/1280
f 1617/1703/1178 1616/1702/1176 1695/1782/1292 1697/1784/1291
f 1633/1720/1147 1634/1721/1149 1666/1753/1302 1664/1751/1303
f 1659/1746/1199 1660/1747/1201 1718/1805/1280 1716/1803/1281
f 1616/1702/1176 1615/1701/1174 1693/1780/1293 1695/1782/1292
f 1632/1719/1144 1633/1720/1147 1664/1751/1303 1727/1816/1277
f 1658/1745/1197 1659/1746/1199 1716/1803/1281 1714/1801/1282
f 1615/1701/1174 1614/1700/1172 1691/1778/1294 1693/1780/1293
f 1657/1744/1195 1658/1745/1197 1714/1801/1282 1712/1799/1275
f 1614/1700/1172 1613/1699/1170 1689/1776/1274 1691/1778/1294
f 2656/2774/569 1976/2066/1145 1735/1824/1146 2657/2775/1241
f 1896/1985/1189 1904/1993/1191 2160/2257/1271 2152/2249/1269
f 2496/2609/569 1978/2070/1145 1733/1822/1146 2497/2610/1241
f 1801/1890/1164 1793/1882/1162 2049/2146/1266 2057/2154/1268
f 2528/2642/569 1980/2074/1145 1731/1820/1146 2529/2643/1241
f 1905/1994/1190 1897/1986/1188 2153/2250/1286 2161/2258/1285
f 2560/2675/569 1982/2078/1145 1729/1818/1146 2561/2676/1241
f 1794/1883/1163 1802/1891/1165 2058/2155/1208 2050/2147/1209
f 2657/2775/1241 1735/1824/1146 1743/1832/1148 2658/2776/1240
f 1898/1987/1189 1906/1995/1191 2162/2259/1271 2154/2251/1269
f 2497/2610/1241 1733/1822/1146 1741/1830/1148 2498/2611/1240
f 1803/1892/1164 1795/1884/1162 2051/2148/1266 2059/2156/1268
f 2529/2643/1241 1731/1820/1146 1739/1828/1148 2530/2644/1240
f 1907/1996/1190 1899/1988/1188 2155/2252/1286 2163/2260/1285
f 2561/2676/1241 1729/1818/1146 1737/1826/1148 2562/2677/1240
f 1796/1885/1163 1804/1893/1165 2060/2157/1208 2052/2149/1209
f 2658/2776/1240 1743/1832/1148 1751/1840/1150 2659/2777/1239
f 1900/1989/1189 1908/1997/1191 2164/2261/1271 2156/2253/1269
f 2498/2611/1240 1741/1830/1148 1749/1838/1150 2499/2612/1239
f 1805/1894/1164 1797/1886/1162 2053/2150/1266 2061/2158/1268
f 2530/2644/1240 1739/1828/1148 1747/1836/1304 2531/2645/1239
f 1909/1998/1190 1901/1990/1188 2157/2254/1286 2165/2262/1285
f 2562/2677/1240 1737/1826/1148 1745/1834/1150 2563/2678/1239
f 1798/1887/1163 1806/1895/1165 2062/2159/1208 2054/2151/1209
f 2659/2777/1239 1751/1840/1150 1759/1848/1238 2660/2778/1237
f 1902/1991/1189 1910/1999/1191 2166/2263/1271 2158/2255/1269
f 2499/2612/1239 1749/1838/1150 1757/1846/1305 2500/2613/1237
f 1807/1896/1164 1799/1888/1162 2055/2152/1266 2063/2160/1268
f 2531/2645/1239 1747/1836/1304 1755/1844/1238 2532/2646/1237
f 1911/2000/1190 1903/1992/1188 2159/2256/1286 2167/2264/1285
f 2563/2678/1239 1745/1834/1150 1753/1842/1238 2564/2679/1237
f 1784/1873/1161 1792/1881/1163 2048/2145/1209 2040/2137/1296
f 2660/2778/1237 1759/1848/1238 1767/1856/1154 2661/2779/1236
f 1888/1977/1187 1896/1985/1189 2152/2249/1269 2144/2241/1267
f 2500/2613/1237 1757/1846/1305 1765/1854/1154 2501/2614/1236
f 1793/1882/1162 1785/1874/1160 2041/2138/1264 2049/2146/1266
f 2532/2646/1237 1755/1844/1238 1763/1852/1154 2533/2647/1236
f 1897/1986/1188 1889/1978/1186 2145/2242/1306 2153/2250/1286
f 2564/2679/1237 1753/1842/1238 1761/1850/1154 2565/2680/1236
f 1786/1875/1161 1794/1883/1163 2050/2147/1209 2042/2139/1296
f 2661/2779/1236 1767/1856/1154 1775/1864/1156 2662/2780/1235
f 1890/1979/1187 1898/1987/1189 2154/2251/1269 2146/2243/1267
f 2501/2614/1236 1765/1854/1154 1773/1862/1156 2502/2615/1235
f 1795/1884/1162 1787/1876/1160 2043/2140/1264 2051/2148/1266
f 2533/2647/1236 1763/1852/1154 1771/1860/1156 2534/2648/1235
f 1899/1988/1188 1891/1980/1186 2147/2244/1306 2155/2252/1286
f 2565/2680/1236 1761/1850/1154 1769/1858/1156 2566/2681/1235
f 1788/1877/1161 1796/1885/1163 2052/2149/1209 2044/2141/1296
f 2662/2780/1235 1775/1864/1156 1783/1872/1158 2663/2781/1234
f 1892/1981/1187 1900/1989/1189 2156/2253/1269 2148/2245/1267
f 2502/2615/1235 1773/1862/1156 1781/1870/1158 2503/2616/1234
f 1797/1886/1162 1789/1878/1160 2045/2142/1264 2053/2150/1266
f 2534/2648/1235 1771/1860/1156 1779/1868/1158 2535/2649/1234
f 1901/1990/1188 1893/1982/1186 2149/2246/1306 2157/2254/1286
f 2566/2681/1235 1769/1858/1156 1777/1866/1158 2567/2682/1234
f 1790/1879/1161 1798/1887/1163 2054/2151/1209 2046/2143/1296
f 2663/2781/1234 1783/1872/1158 1791/1880/1160 2664/2782/648
f 1894/1983/1187 1902/1991/1189 2158/2255/1269 2150/2247/1307
f 2503/2616/1234 1781/1870/1158 1789/1878/1160 2504/2617/648
f 1799/1888/1162 1791/1880/1160 2047/2144/1264 2055/2152/1266
f 2535/2649/1234 1779/1868/1158 1787/1876/1160 2536/2650/648
f 1903/1992/1188 1895/1984/1186 2151/2248/1306 2159/2256/1286
f 2567/2682/1234 1777/1866/1158 1785/1874/1160 2568/2683/648
f 1776/1865/1159 1784/1873/1161 2040/2137/1296 2032/2129/1297
f 2664/2782/648 1791/1880/1160 1799/1888/1162 2665/2783/1233
f 1880/1969/1308 1888/1977/1187 2144/2241/1267 2136/2233/1265
f 2504/2617/648 1789/1878/1160 1797/1886/1162 2505/2618/1233
f 1785/1874/1160 1777/1866/1158 2033/2130/1262 2041/2138/1264
f 2536/2650/648 1787/1876/1160 1795/1884/1162 2537/2651/1233
f 1889/1978/1186 1881/1970/1222 2137/2234/1288 2145/2242/1306
f 2568/2683/648 1785/1874/1160 1793/1882/1162 2569/2684/1233
f 1778/1867/1159 1786/1875/1161 2042/2139/1296 2034/2131/1297
f 2665/2783/1233 1799/1888/1162 1807/1896/1164 2666/2784/1232
f 1882/1971/1185 1890/1979/1187 2146/2243/1267 2138/2235/1265
f 2505/2618/1233 1797/1886/1162 1805/1894/1164 2506/2619/1232
f 1787/1876/1160 1779/1868/1158 2035/2132/1262 2043/2140/1264
f 2537/2651/1233 1795/1884/1162 1803/1892/1164 2538/2652/1232
f 1891/1980/1186 1883/1972/1309 2139/2236/1288 2147/2244/1306
f 2569/2684/1233 1793/1882/1162 1801/1890/1164 2570/2685/1232
f 1780/1869/1159 1788/1877/1161 2044/2141/1296 2036/2133/1297
f 2666/2784/1232 1807/1896/1164 1815/1904/1166 2667/2785/1231
f 1884/1973/1185 1892/1981/1187 2148/2245/1267 2140/2237/1265
f 2506/2619/1232 1805/1894/1164 1813/1902/1166 2507/2620/1231
f 1789/1878/1160 1781/1870/1158 2037/2134/1262 2045/2142/1264
f 2538/2652/1232 1803/1892/1164 1811/1900/1166 2539/2653/1231
f 1893/1982/1186 1885/1974/1309 2141/2238/1288 2149/2246/1306
f 2570/2685/1232 1801/1890/1164 1809/1898/1166 2571/2686/1231
f 1782/1871/1159 1790/1879/1161 2046/2143/1296 2038/2135/1297
f 2667/2785/1231 1815/1904/1166 1823/1912/1230 2668/2786/1229
f 1886/1975/1185 1894/1983/1187 2150/2247/1307 2142/2239/1265
f 2507/2620/1231 1813/1902/1166 1821/1910/1310 2508/2621/1229
f 1791/1880/1160 1783/1872/1158 2039/2136/1262 2047/2144/1264
f 2539/2653/1231 1811/1900/1166 1819/1908/1230 2540/2654/1229
f 1895/1984/1186 1887/1976/1309 2143/2240/1288 2151/2248/1306
f 2571/2686/1231 1809/1898/1166 1817/1906/1230 2572/2687/1229
f 1768/1857/1157 1776/1865/1159 2032/2129/1297 2024/2121/1298
f 2668/2786/1229 1823/1912/1230 1831/1920/1170 2669/2787/1228
f 1872/1961/1183 1880/1969/1308 2136/2233/1265 2128/2225/1263
f 2508/2621/1229 1821/1910/1310 1829/1918/1170 2509/2622/1228
f 1777/1866/1158 1769/1858/1156 2025/2122/1260 2033/2130/1262
f 2540/2654/1229 1819/1908/1230 1827/1916/1170 2541/2655/1228
f 1881/1970/1222 1873/1962/1182 2129/2226/1289 2137/2234/1288
f 2572/2687/1229 1817/1906/1230 1825/1914/1170 2573/2688/1228
f 1770/1859/1157 1778/1867/1159 2034/2131/1297 2026/2123/1298
f 2669/2787/1228 1831/1920/1170 1839/1928/1172 2670/2788/1227
f 1874/1963/1183 1882/1971/1185 2138/2235/1265 2130/2227/1263
f 2509/2622/1228 1829/1918/1170 1837/1926/1172 2510/2623/1227
f 1779/1868/1158 1771/1860/1156 2027/2124/1260 2035/2132/1262
f 2541/2655/1228 1827/1916/1170 1835/1924/1172 2542/2656/1227
f 1883/1972/1309 1875/1964/1311 2131/2228/1289 2139/2236/1288
f 2573/2688/1228 1825/1914/1170 1833/1922/1172 2574/2689/1227
f 1772/1861/1157 1780/1869/1159 2036/2133/1297 2028/2125/1298
f 2670/2788/1227 1839/1928/1172 1847/1936/1174 2671/2789/1226
f 1876/1965/1183 1884/1973/1185 2140/2237/1265 2132/2229/1263
f 2510/2623/1227 1837/1926/1172 1845/1934/1174 2511/2624/1226
f 1781/1870/1158 1773/1862/1156 2029/2126/1260 2037/2134/1262
f 2542/2656/1227 1835/1924/1172 1843/1932/1174 2543/2657/1226
f 1885/1974/1309 1877/1966/1182 2133/2230/1289 2141/2238/1288
f 2574/2689/1227 1833/1922/1172 1841/1930/1174 2575/2690/1226
f 1774/1863/1157 1782/1871/1159 2038/2135/1297 2030/2127/1298
f 2671/2789/1226 1847/1936/1174 1855/1944/1176 2672/2790/1
f 1878/1967/1183 1886/1975/1185 2142/2239/1265 2134/2231/1263
f 2511/2624/1226 1845/1934/1174 1853/1942/1176 2512/2625/1
f 1783/1872/1158 1775/1864/1156 2031/2128/1260 2039/2136/1262
f 2543/2657/1226 1843/1932/1174 1851/1940/1176 2544/2658/1
f 1887/1976/1309 1879/1968/1182 2135/2232/1289 2143/2240/1288
f 2575/2690/1226 1841/1930/1174 1849/1938/1176 2576/2691/1
f 1760/1849/1155 1768/1857/1157 2024/2121/1298 2016/2113/1299
f 2672/2790/1 1855/1944/1176 1863/1952/1178 2673/2791/1225
f 1864/1953/1181 1872/1961/1183 2128/2225/1263 2120/2217/1261
f 2512/2625/1 1853/1942/1176 1861/1950/1178 2513/2626/1225
f 1968/2057/1207 1983/2080/1144 2239/2343/1277 2224/2321/1276
f 2544/2658/1 1851/1940/1176 1859/1948/1178 2545/2659/1225
f 1769/1858/1156 1761/1850/1154 2017/2114/1258 2025/2122/1260
f 2576/2691/1 1849/1938/1176 1857/1946/1178 2577/2692/1225
f 1873/1962/1182 1865/1954/1180 2121/2218/1290 2129/2226/1289
f 2673/2791/1225 1863/1952/1178 1871/1960/1180 2674/2792/1224
f 1982/2077/1145 1969/2058/1206 2225/2322/1257 2238/2341/1244
f 2513/2626/1225 1861/1950/1178 1869/1958/1180 2514/2627/1224
f 1762/1851/1155 1770/1859/1157 2026/2123/1298 2018/2115/1299
f 2545/2659/1225 1859/1948/1178 1867/1956/1180 2546/2660/1224
f 1866/1955/1181 1874/1963/1183 2130/2227/1263 2122/2219/1261
f 2577/2692/1225 1857/1946/1178 1865/1954/1180 2578/2693/1224
f 1970/2059/1207 1981/2075/1144 2237/2339/1277 2226/2323/1276
f 2674/2792/1224 1871/1960/1180 1879/1968/1182 2675/2793/1223
f 1771/1860/1156 1763/1852/1154 2019/2116/1258 2027/2124/1260
f 2514/2627/1224 1869/1958/1180 1877/1966/1182 2515/2628/1223
f 1875/1964/1311 1867/1956/1180 2123/2220/1290 2131/2228/1289
f 2546/2660/1224 1867/1956/1180 1875/1964/1311 2547/2661/1223
f 1980/2073/1145 1971/2060/1206 2227/2324/1257 2236/2337/1244
f 2578/2693/1224 1865/1954/1180 1873/1962/1182 2579/2694/1223
f 1764/1853/1155 1772/1861/1157 2028/2125/1298 2020/2117/1299
f 2675/2793/1223 1879/1968/1182 1887/1976/1309 2676/2794/1221
f 1868/1957/1181 1876/1965/1183 2132/2229/1263 2124/2221/1261
f 2515/2628/1223 1877/1966/1182 1885/1974/1309 2516/2629/1221
f 1972/2061/1207 1979/2071/1144 2235/2335/1277 2228/2325/1276
f 2547/2661/1223 1875/1964/1311 1883/1972/1309 2548/2662/1221
f 1773/1862/1156 1765/1854/1154 2021/2118/1258 2029/2126/1260
f 2579/2694/1223 1873/1962/1182 1881/1970/1222 2580/2695/1221
f 1877/1966/1182 1869/1958/1180 2125/2222/1290 2133/2230/1289
f 2676/2794/1221 1887/1976/1309 1895/1984/1186 2677/2795/1220
f 1978/2069/1145 1973/2062/1206 2229/2326/1257 2234/2333/1244
f 2516/2629/1221 1885/1974/1309 1893/1982/1186 2517/2630/1220
f 1766/1855/1155 1774/1863/1157 2030/2127/1298 2022/2119/1299
f 2548/2662/1221 1883/1972/1309 1891/1980/1186 2549/2663/1220
f 1870/1959/1181 1878/1967/1183 2134/2231/1263 2126/2223/1261
f 2580/2695/1221 1881/1970/1222 1889/1978/1186 2581/2696/1220
f 1974/2063/1207 1977/2067/1144 2233/2331/1277 2230/2327/1276
f 2677/2795/1220 1895/1984/1186 1903/1992/1188 2678/2796/1219
f 1775/1864/1156 1767/1856/1154 2023/2120/1258 2031/2128/1260
f 2517/2630/1220 1893/1982/1186 1901/1990/1188 2518/2631/1219
f 1879/1968/1182 1871/1960/1180 2127/2224/1290 2135/2232/1289
f 2549/2663/1220 1891/1980/1186 1899/1988/1188 2550/2664/1219
f 1976/2065/1145 1975/2064/1206 2231/2328/1257 2232/2329/1244
f 2581/2696/1220 1889/1978/1186 1897/1986/1188 2582/2697/1219
f 1752/1841/1312 1760/1849/1155 2016/2113/1299 2008/2105/1300
f 2678/2796/1219 1903/1992/1188 1911/2000/1190 2679/2797/1218
f 1856/1945/1179 1864/1953/1181 2120/2217/1261 2112/2209/1259
f 2518/2631/1219 1901/1990/1188 1909/1998/1190 2519/2632/1218
f 1960/2049/1205 1968/2057/1207 2224/2321/1276 2216/2313/1313
f 2550/2664/1219 1899/1988/1188 1907/1996/1190 2551/2665/1218
f 1761/1850/1154 1753/1842/1238 2009/2106/1255 2017/2114/1258
f 2582/2697/1219 1897/1986/1188 1905/1994/1190 2583/2698/1218
f 1865/1954/1180 1857/1946/1178 2113/2210/1291 2121/2218/1290
f 2679/2797/1218 1911/2000/1190 1919/2008/1192 2680/2798/785
f 1969/2058/1206 1961/2050/1204 2217/2314/1314 2225/2322/1257
f 2519/2632/1218 1909/1998/1190 1917/2006/1192 2520/2633/785
f 1754/1843/1312 1762/1851/1155 2018/2115/1299 2010/2107/1300
f 2551/2665/1218 1907/1996/1190 1915/2004/1192 2552/2666/785
f 1858/1947/1179 1866/1955/1181 2122/2219/1261 2114/2211/1259
f 2583/2698/1218 1905/1994/1190 1913/2002/1192 2584/2699/785
f 1962/2051/1205 1970/2059/1207 2226/2323/1276 2218/2315/1313
f 2680/2798/785 1919/2008/1192 1927/2016/1194 2681/2799/1217
f 1763/1852/1154 1755/1844/1238 2011/2108/1255 2019/2116/1258
f 2520/2633/785 1917/2006/1192 1925/2014/1194 2521/2634/1217
f 1867/1956/1180 1859/1948/1178 2115/2212/1291 2123/2220/1290
f 2552/2666/785 1915/2004/1192 1923/2012/1194 2553/2667/1217
f 1971/2060/1206 1963/2052/1204 2219/2316/1314 2227/2324/1257
f 2584/2699/785 1913/2002/1192 1921/2010/1194 2585/2700/1217
f 1756/1845/1312 1764/1853/1155 2020/2117/1299 2012/2109/1300
f 2681/2799/1217 1927/2016/1194 1935/2024/1196 2682/2800/1216
f 1860/1949/1179 1868/1957/1181 2124/2221/1261 2116/2213/1259
f 2521/2634/1217 1925/2014/1194 1933/2022/1196 2522/2635/1216
f 1964/2053/1205 1972/2061/1207 2228/2325/1276 2220/2317/1313
f 2553/2667/1217 1923/2012/1194 1931/2020/1196 2554/2668/1216
f 1765/1854/1154 1757/1846/1305 2013/2110/1255 2021/2118/1258
f 2585/2700/1217 1921/2010/1194 1929/2018/1196 2586/2701/1216
f 1869/1958/1180 1861/1950/1178 2117/2214/1291 2125/2222/1290
f 2682/2800/1216 1935/2024/1196 1943/2032/1198 2683/2801/1215
f 1973/2062/1206 1965/2054/1204 2221/2318/1314 2229/2326/1257
f 2522/2635/1216 1933/2022/1196 1941/2030/1198 2523/2636/1215
f 1758/1847/1312 1766/1855/1155 2022/2119/1299 2014/2111/1300
f 2554/2668/1216 1931/2020/1196 1939/2028/1198 2555/2669/1215
f 1862/1951/1179 1870/1959/1181 2126/2223/1261 2118/2215/1259
f 2586/2701/1216 1929/2018/1196 1937/2026/1198 2587/2702/1215
f 1966/2055/1205 1974/2063/1207 2230/2327/1276 2222/2319/1313
f 2683/2801/1215 1943/2032/1198 1951/2040/1315 2684/2802/1213
f 1767/1856/1154 1759/1848/1238 2015/2112/1255 2023/2120/1258
f 2523/2636/1215 1941/2030/1198 1949/2038/1315 2524/2637/1213
f 1871/1960/1180 1863/1952/1178 2119/2216/1291 2127/2224/1290
f 2555/2669/1215 1939/2028/1198 1947/2036/1315 2556/2670/1213
f 1975/2064/1206 1967/2056/1204 2223/2320/1314 2231/2328/1257
f 2587/2702/1215 1937/2026/1198 1945/2034/1214 2588/2703/1213
f 1744/1833/1151 1752/1841/1312 2008/2105/1300 2000/2097/1301
f 2684/2802/1213 1951/2040/1315 1959/2048/1202 2685/2803/1212
f 1848/1937/1177 1856/1945/1179 2112/2209/1259 2104/2201/1256
f 2524/2637/1213 1949/2038/1315 1957/2046/1202 2525/2638/1212
f 1952/2041/1203 1960/2049/1205 2216/2313/1313 2208/2305/1279
f 2556/2670/1213 1947/2036/1315 1955/2044/1202 2557/2671/1212
f 1753/1842/1238 1745/1834/1150 2001/2098/1252 2009/2106/1255
f 2588/2703/1213 1945/2034/1214 1953/2042/1202 2589/2704/1212
f 1857/1946/1178 1849/1938/1176 2105/2202/1292 2113/2210/1291
f 2685/2803/1212 1959/2048/1202 1967/2056/1204 2686/2804/1211
f 1961/2050/1204 1953/2042/1202 2209/2306/1251 2217/2314/1314
f 2525/2638/1212 1957/2046/1202 1965/2054/1204 2526/2639/1211
f 1746/1835/1151 1754/1843/1312 2010/2107/1300 2002/2099/1316
f 2557/2671/1212 1955/2044/1202 1963/2052/1204 2558/2672/1211
f 1850/1939/1177 1858/1947/1179 2114/2211/1259 2106/2203/1256
f 2589/2704/1212 1953/2042/1202 1961/2050/1204 2590/2705/1211
f 1954/2043/1203 1962/2051/1205 2218/2315/1313 2210/2307/1317
f 2686/2804/1211 1967/2056/1204 1975/2064/1206 2687/2805/1210
f 1755/1844/1238 1747/1836/1304 2003/2100/1252 2011/2108/1255
f 2526/2639/1211 1965/2054/1204 1973/2062/1206 2527/2640/1210
f 1859/1948/1178 1851/1940/1176 2107/2204/1292 2115/2212/1291
f 2558/2672/1211 1963/2052/1204 1971/2060/1206 2559/2673/1210
f 1963/2052/1204 1955/2044/1202 2211/2308/1251 2219/2316/1314
f 2590/2705/1211 1961/2050/1204 1969/2058/1206 2591/2706/1210
f 1748/1837/1151 1756/1845/1312 2012/2109/1300 2004/2101/1301
f 2687/2805/1210 1975/2064/1206 1976/2065/1145 2656/2773/569
f 1852/1941/1177 1860/1949/1179 2116/2213/1259 2108/2205/1256
f 2527/2640/1210 1973/2062/1206 1978/2069/1145 2496/2608/569
f 1956/2045/1203 1964/2053/1205 2220/2317/1313 2212/2309/1279
f 2559/2673/1210 1971/2060/1206 1980/2073/1145 2528/2641/569
f 1757/1846/1305 1749/1838/1150 2005/2102/1318 2013/2110/1255
f 2591/2706/1210 1969/2058/1206 1982/2077/1145 2560/2674/569
f 1861/1950/1178 1853/1942/1176 2109/2206/1292 2117/2214/1291
f 2232/2330/1244 2233/2332/1277 1990/2087/1303 1991/2088/1245
f 2234/2334/1244 2235/2336/1277 1988/2085/1303 1989/2086/1245
f 2236/2338/1244 2237/2340/1277 1986/2083/1303 1987/2084/1245
f 2238/2342/1244 2239/2344/1277 1984/2081/1303 1985/2082/1245
f 1991/2088/1245 1990/2087/1303 1998/2095/1319 1999/2096/1320
f 1989/2086/1245 1988/2085/1303 1996/2093/1319 1997/2094/1320
f 1987/2084/1245 1986/2083/1303 1994/2091/1319 1995/2092/1320
f 1985/2082/1245 1984/2081/1303 1992/2089/1319 1993/2090/1320
f 1999/2096/1320 1998/2095/1319 2006/2103/1301 2007/2104/1318
f 1997/2094/1320 1996/2093/1319 2004/2101/1301 2005/2102/1318
f 1995/2092/1320 1994/2091/1319 2002/2099/1316 2003/2100/1252
f 1993/2090/1320 1992/2089/1319 2000/2097/1301 2001/2098/1252
f 2007/2104/1318 2006/2103/1301 2014/2111/1300 2015/2112/1255
f 2005/2102/1318 2004/2101/1301 2012/2109/1300 2013/2110/1255
f 2003/2100/1252 2002/2099/1316 2010/2107/1300 2011/2108/1255
f 2001/2098/1252 2000/2097/1301 2008/2105/1300 2009/2106/1255
f 2015/2112/1255 2014/2111/1300 2022/2119/1299 2023/2120/1258
f 2013/2110/1255 2012/2109/1300 2020/2117/1299 2021/2118/1258
f 2011/2108/1255 2010/2107/1300 2018/2115/1299 2019/2116/1258
f 2009/2106/1255 2008/2105/1300 2016/2113/1299 2017/2114/1258
f 2023/2120/1258 2022/2119/1299 2030/2127/1298 2031/2128/1260
f 2021/2118/1258 2020/2117/1299 2028/2125/1298 2029/2126/1260
f 2019/2116/1258 2018/2115/1299 2026/2123/1298 2027/2124/1260
f 2017/2114/1258 2016/2113/1299 2024/2121/1298 2025/2122/1260
f 2031/2128/1260 2030/2127/1298 2038/2135/1297 2039/2136/1262
f 2029/2126/1260 2028/2125/1298 2036/2133/1297 2037/2134/1262
f 2027/2124/1260 2026/2123/1298 2034/2131/1297 2035/2132/1262
f 2025/2122/1260 2024/2121/1298 2032/2129/1297 2033/2130/1262
f 2039/2136/1262 2038/2135/1297 2046/2143/1296 2047/2144/1264
f 2037/2134/1262 2036/2133/1297 2044/2141/1296 2045/2142/1264
f 2035/2132/1262 2034/2131/1297 2042/2139/1296 2043/2140/1264
f 2033/2130/1262 2032/2129/1297 2040/2137/1296 2041/2138/1264
f 2047/2144/1264 2046/2143/1296 2054/2151/1209 2055/2152/1266
f 2045/2142/1264 2044/2141/1296 2052/2149/1209 2053/2150/1266
f 2043/2140/1264 2042/2139/1296 2050/2147/1209 2051/2148/1266
f 2041/2138/1264 2040/2137/1296 2048/2145/1209 2049/2146/1266
f 2055/2152/1266 2054/2151/1209 2062/2159/1208 2063/2160/1268
f 2053/2150/1266 2052/2149/1209 2060/2157/1208 2061/2158/1268
f 2051/2148/1266 2050/2147/1209 2058/2155/1208 2059/2156/1268
f 2049/2146/1266 2048/2145/1209 2056/2153/1208 2057/2154/1268
f 2063/2160/1268 2062/2159/1208 2070/2167/1295 2071/2168/1270
f 2061/2158/1268 2060/2157/1208 2068/2165/1295 2069/2166/1270
f 2059/2156/1268 2058/2155/1208 2066/2163/1295 2067/2164/1270
f 2057/2154/1268 2056/2153/1208 2064/2161/1295 2065/2162/1270
f 2071/2168/1270 2070/2167/1295 2078/2175/1247 2079/2176/1272
f 2069/2166/1270 2068/2165/1295 2076/2173/1247 2077/2174/1272
f 2067/2164/1270 2066/2163/1295 2074/2171/1247 2075/2172/1272
f 2065/2162/1270 2064/2161/1295 2072/2169/1247 2073/2170/1272
f 2079/2176/1272 2078/2175/1247 2086/2183/1246 2087/2184/1274
f 2077/2174/1272 2076/2173/1247 2084/2181/1246 2085/2182/1321
f 2075/2172/1272 2074/2171/1247 2082/2179/1246 2083/2180/1274
f 2073/2170/1272 2072/2169/1247 2080/2177/1246 2081/2178/1274
f 2087/2184/1274 2086/2183/1246 2094/2191/1250 2095/2192/1294
f 2085/2182/1321 2084/2181/1246 2092/2189/1250 2093/2190/1294
f 2083/2180/1274 2082/2179/1246 2090/2187/1250 2091/2188/1294
f 2081/2178/1274 2080/2177/1246 2088/2185/1250 2089/2186/1294
f 2095/2192/1294 2094/2191/1250 2102/2199/1253 2103/2200/1293
f 2093/2190/1294 2092/2189/1250 2100/2197/1253 2101/2198/1293
f 2091/2188/1294 2090/2187/1250 2098/2195/1253 2099/2196/1293
f 2089/2186/1294 2088/2185/1250 2096/2193/1253 2097/2194/1293
f 2103/2200/1293 2102/2199/1253 2110/2207/1256 2111/2208/1292
f 2101/2198/1293 2100/2197/1253 2108/2205/1256 2109/2206/1292
f 2099/2196/1293 2098/2195/1253 2106/2203/1256 2107/2204/1292
f 2097/2194/1293 2096/2193/1253 2104/2201/1256 2105/2202/1292
f 2111/2208/1292 2110/2207/1256 2118/2215/1259 2119/2216/1291
f 2109/2206/1292 2108/2205/1256 2116/2213/1259 2117/2214/1291
f 2107/2204/1292 2106/2203/1256 2114/2211/1259 2115/2212/1291
f 2105/2202/1292 2104/2201/1256 2112/2209/1259 2113/2210/1291
f 2119/2216/1291 2118/2215/1259 2126/2223/1261 2127/2224/1290
f 2117/2214/1291 2116/2213/1259 2124/2221/1261 2125/2222/1290
f 2115/2212/1291 2114/2211/1259 2122/2219/1261 2123/2220/1290
f 2113/2210/1291 2112/2209/1259 2120/2217/1261 2121/2218/1290
f 2127/2224/1290 2126/2223/1261 2134/2231/1263 2135/2232/1289
f 2125/2222/1290 2124/2221/1261 2132/2229/1263 2133/2230/1289
f 2123/2220/1290 2122/2219/1261 2130/2227/1263 2131/2228/1289
f 2121/2218/1290 2120/2217/1261 2128/2225/1263 2129/2226/1289
f 2135/2232/1289 2134/2231/1263 2142/2239/1265 2143/2240/1288
f 2133/2230/1289 2132/2229/1263 2140/2237/1265 2141/2238/1288
f 2131/2228/1289 2130/2227/1263 2138/2235/1265 2139/2236/1288
f 2129/2226/1289 2128/2225/1263 2136/2233/1265 2137/2234/1288
f 2143/2240/1288 2142/2239/1265 2150/2247/1307 2151/2248/1306
f 2141/2238/1288 2140/2237/1265 2148/2245/1267 2149/2246/1306
f 2139/2236/1288 2138/2235/1265 2146/2243/1267 2147/2244/1306
f 2137/2234/1288 2136/2233/1265 2144/2241/1267 2145/2242/1306
f 2151/2248/1306 2150/2247/1307 2158/2255/1269 2159/2256/1286
f 2149/2246/1306 2148/2245/1267 2156/2253/1269 2157/2254/1286
f 2147/2244/1306 2146/2243/1267 2154/2251/1269 2155/2252/1286
f 2145/2242/1306 2144/2241/1267 2152/2249/1269 2153/2250/1286
f 2159/2256/1286 2158/2255/1269 2166/2263/1271 2167/2264/1285
f 2157/2254/1286 2156/2253/1269 2164/2261/1271 2165/2262/1285
f 2155/2252/1286 2154/2251/1269 2162/2259/1271 2163/2260/1285
f 2153/2250/1286 2152/2249/1269 2160/2257/1271 2161/2258/1285
f 2167/2264/1285 2166/2263/1271 2174/2271/1273 2175/2272/1284
f 2165/2262/1285 2164/2261/1271 2172/2269/1273 2173/2270/1284
f 2163/2260/1285 2162/2259/1271 2170/2267/1273 2171/2268/1284
f 2161/2258/1285 2160/2257/1271 2168/2265/1273 2169/2266/1284
f 2175/2272/1284 2174/2271/1273 2182/2279/1275 2183/2280/1283
f 2173/2270/1284 2172/2269/1273 2180/2277/1275 2181/2278/1283
f 2171/2268/1284 2170/2267/1273 2178/2275/1275 2179/2276/1283
f 2169/2266/1284 2168/2265/1273 2176/2273/1275 2177/2274/1283
f 2183/2280/1283 2182/2279/1275 2190/2287/1282 2191/2288/1242
f 2181/2278/1283 2180/2277/1275 2188/2285/1282 2189/2286/1242
f 2179/2276/1283 2178/2275/1275 2186/2283/1282 2187/2284/1242
f 2177/2274/1283 2176/2273/1275 2184/2281/1282 2185/2282/1242
f 2191/2288/1242 2190/2287/1282 2198/2295/1281 2199/2296/1243
f 2189/2286/1242 2188/2285/1282 2196/2293/1281 2197/2294/1243
f 2187/2284/1242 2186/2283/1282 2194/2291/1281 2195/2292/1243
f 2185/2282/1242 2184/2281/1282 2192/2289/1281 2193/2290/1243
f 2199/2296/1243 2198/2295/1281 2206/2303/1280 2207/2304/1248
f 2197/2294/1243 2196/2293/1281 2204/2301/1280 2205/2302/1248
f 2195/2292/1243 2194/2291/1281 2202/2299/1280 2203/2300/1248
f 2193/2290/1243 2192/2289/1281 2200/2297/1280 2201/2298/1248
f 2207/2304/1248 2206/2303/1280 2214/2311/1279 2215/2312/1251
f 2205/2302/1248 2204/2301/1280 2212/2309/1279 2213/2310/1251
f 2203/2300/1248 2202/2299/1280 2210/2307/1317 2211/2308/1251
f 2201/2298/1248 2200/2297/1280 2208/2305/1279 2209/2306/1251
f 2215/2312/1251 2214/2311/1279 2222/2319/1313 2223/2320/1314
f 2213/2310/1251 2212/2309/1279 2220/2317/1313 2221/2318/1314
f 2211/2308/1251 2210/2307/1317 2218/2315/1313 2219/2316/1314
f 2209/2306/1251 2208/2305/1279 2216/2313/1313 2217/2314/1314
f 2223/2320/1314 2222/2319/1313 2230/2327/1276 2231/2328/1257
f 2221/2318/1314 2220/2317/1313 2228/2325/1276 2229/2326/1257
f 2219/2316/1314 2218/2315/1313 2226/2323/1276 2227/2324/1257
f 2217/2314/1314 2216/2313/1313 2224/2321/1276 2225/2322/1257
f 2231/2328/1257 2230/2327/1276 2233/2331/1277 2232/2329/1244
f 2229/2326/1257 2228/2325/1276 2235/2335/1277 2234/2333/1244
f 2227/2324/1257 2226/2323/1276 2237/2339/1277 2236/2337/1244
f 2225/2322/1257 2224/2321/1276 2239/2343/1277 2238/2341/1244
f 1792/1881/1163 1800/1889/1165 2056/2153/1208 2048/2145/1209
f 1919/2008/1192 1911/2000/1190 2167/2264/1285 2175/2272/1284
f 1815/1904/1166 1807/1896/1164 2063/2160/1268 2071/2168/1270
f 1910/1999/1191 1918/2007/1193 2174/2271/1273 2166/2263/1271
f 1806/1895/1165 1814/1903/1167 2070/2167/1295 2062/2159/1208
f 1917/2006/1192 1909/1998/1190 2165/2262/1285 2173/2270/1284
f 1813/1902/1166 1805/1894/1164 2061/2158/1268 2069/2166/1270
f 1908/1997/1191 1916/2005/1193 2172/2269/1273 2164/2261/1271
f 1804/1893/1165 1812/1901/1167 2068/2165/1295 2060/2157/1208
f 1915/2004/1192 1907/1996/1190 2163/2260/1285 2171/2268/1284
f 1811/1900/1166 1803/1892/1164 2059/2156/1268 2067/2164/1270
f 1906/1995/1191 1914/2003/1193 2170/2267/1273 2162/2259/1271
f 1802/1891/1165 1810/1899/1167 2066/2163/1295 2058/2155/1208
f 1913/2002/1192 1905/1994/1190 2161/2258/1285 2169/2266/1284
f 1809/1898/1166 1801/1890/1164 2057/2154/1268 2065/2162/1270
f 1904/1993/1191 1912/2001/1193 2168/2265/1273 2160/2257/1271
f 1800/1889/1165 1808/1897/1167 2064/2161/1295 2056/2153/1208
f 1927/2016/1194 1919/2008/1192 2175/2272/1284 2183/2280/1283
f 1823/1912/1230 1815/1904/1166 2071/2168/1270 2079/2176/1272
f 1918/2007/1193 1926/2015/1195 2182/2279/1275 2174/2271/1273
f 1814/1903/1167 1822/1911/1322 2078/2175/1247 2070/2167/1295
f 1925/2014/1194 1917/2006/1192 2173/2270/1284 2181/2278/1283
f 1821/1910/1310 1813/1902/1166 2069/2166/1270 2077/2174/1272
f 1916/2005/1193 1924/2013/1195 2180/2277/1275 2172/2269/1273
f 1812/1901/1167 1820/1909/1322 2076/2173/1247 2068/2165/1295
f 1923/2012/1194 1915/2004/1192 2171/2268/1284 2179/2276/1283
f 1819/1908/1230 1811/1900/1166 2067/2164/1270 2075/2172/1272
f 1914/2003/1193 1922/2011/1195 2178/2275/1275 2170/2267/1273
f 1810/1899/1167 1818/1907/1322 2074/2171/1247 2066/2163/1295
f 1921/2010/1194 1913/2002/1192 2169/2266/1284 2177/2274/1283
f 1817/1906/1230 1809/1898/1166 2065/2162/1270 2073/2170/1272
f 1912/2001/1193 1920/2009/1195 2176/2273/1275 2168/2265/1273
f 1808/1897/1167 1816/1905/1322 2072/2169/1247 2064/2161/1295
f 1935/2024/1196 1927/2016/1194 2183/2280/1283 2191/2288/1242
f 1831/1920/1170 1823/1912/1230 2079/2176/1272 2087/2184/1274
f 1926/2015/1195 1934/2023/1197 2190/2287/1282 2182/2279/1275
f 1822/1911/1322 1830/1919/1171 2086/2183/1246 2078/2175/1247
f 1933/2022/1196 1925/2014/1194 2181/2278/1283 2189/2286/1242
f 1829/1918/1170 1821/1910/1310 2077/2174/1272 2085/2182/1321
f 1924/2013/1195 1932/2021/1197 2188/2285/1282 2180/2277/1275
f 1820/1909/1322 1828/1917/1171 2084/2181/1246 2076/2173/1247
f 1931/2020/1196 1923/2012/1194 2179/2276/1283 2187/2284/1242
f 1827/1916/1170 1819/1908/1230 2075/2172/1272 2083/2180/1274
f 1922/2011/1195 1930/2019/1197 2186/2283/1282 2178/2275/1275
f 1818/1907/1322 1826/1915/1171 2082/2179/1246 2074/2171/1247
f 1929/2018/1196 1921/2010/1194 2177/2274/1283 2185/2282/1242
f 1825/1914/1170 1817/1906/1230 2073/2170/1272 2081/2178/1274
f 1920/2009/1195 1928/2017/1197 2184/2281/1282 2176/2273/1275
f 1816/1905/1322 1824/1913/1171 2080/2177/1246 2072/2169/1247
f 1943/2032/1198 1935/2024/1196 2191/2288/1242 2199/2296/1243
f 1839/1928/1172 1831/1920/1170 2087/2184/1274 2095/2192/1294
f 1735/1824/1146 1976/2066/1145 2232/2330/1244 1991/2088/1245
f 1934/2023/1197 1942/2031/1199 2198/2295/1281 2190/2287/1282
f 1830/1919/1171 1838/1927/1173 2094/2191/1250 2086/2183/1246
f 1977/2068/1144 1734/1823/1147 1990/2087/1303 2233/2332/1277
f 1941/2030/1198 1933/2022/1196 2189/2286/1242 2197/2294/1243
f 1837/1926/1172 1829/1918/1170 2085/2182/1321 2093/2190/1294
f 1733/1822/1146 1978/2070/1145 2234/2334/1244 1989/2086/1245
f 1932/2021/1197 1940/2029/1199 2196/2293/1281 2188/2285/1282
f 1828/1917/1171 1836/1925/1173 2092/2189/1250 2084/2181/1246
f 1979/2072/1144 1732/1821/1147 1988/2085/1303 2235/2336/1277
f 1939/2028/1198 1931/2020/1196 2187/2284/1242 2195/2292/1243
f 1835/1924/1172 1827/1916/1170 2083/2180/1274 2091/2188/1294
f 1731/1820/1146 1980/2074/1145 2236/2338/1244 1987/2084/1245
f 1930/2019/1197 1938/2027/1199 2194/2291/1281 2186/2283/1282
f 1826/1915/1171 1834/1923/1173 2090/2187/1250 2082/2179/1246
f 1981/2076/1144 1730/1819/1147 1986/2083/1303 2237/2340/1277
f 1937/2026/1198 1929/2018/1196 2185/2282/1242 2193/2290/1243
f 1833/1922/1172 1825/1914/1170 2081/2178/1274 2089/2186/1294
f 1729/1818/1146 1982/2078/1145 2238/2342/1244 1985/2082/1245
f 1928/2017/1197 1936/2025/1199 2192/2289/1281 2184/2281/1282
f 1824/1913/1171 1832/1921/1173 2088/2185/1250 2080/2177/1246
f 1983/2079/1144 1728/1817/1147 1984/2081/1303 2239/2344/1277
f 1951/2040/1315 1943/2032/1198 2199/2296/1243 2207/2304/1248
f 1847/1936/1174 1839/1928/1172 2095/2192/1294 2103/2200/1293
f 1743/1832/1148 1735/1824/1146 1991/2088/1245 1999/2096/1320
f 1942/2031/1199 1950/2039/1323 2206/2303/1280 2198/2295/1281
f 1838/1927/1173 1846/1935/1175 2102/2199/1253 2094/2191/1250
f 1734/1823/1147 1742/1831/1149 1998/2095/1319 1990/2087/1303
f 1949/2038/1315 1941/2030/1198 2197/2294/1243 2205/2302/1248
f 1845/1934/1174 1837/1926/1172 2093/2190/1294 2101/2198/1293
f 1741/1830/1148 1733/1822/1146 1989/2086/1245 1997/2094/1320
f 1940/2029/1199 1948/2037/1323 2204/2301/1280 2196/2293/1281
f 1836/1925/1173 1844/1933/1175 2100/2197/1253 2092/2189/1250
f 1732/1821/1147 1740/1829/1149 1996/2093/1319 1988/2085/1303
f 1947/2036/1315 1939/2028/1198 2195/2292/1243 2203/2300/1248
f 1843/1932/1174 1835/1924/1172 2091/2188/1294 2099/2196/1293
f 1739/1828/1148 1731/1820/1146 1987/2084/1245 1995/2092/1320
f 1938/2027/1199 1946/2035/1323 2202/2299/1280 2194/2291/1281
f 1834/1923/1173 1842/1931/1175 2098/2195/1253 2090/2187/1250
f 1730/1819/1147 1738/1827/1149 1994/2091/1319 1986/2083/1303
f 1945/2034/1214 1937/2026/1198 2193/2290/1243 2201/2298/1248
f 1841/1930/1174 1833/1922/1172 2089/2186/1294 2097/2194/1293
f 1737/1826/1148 1729/1818/1146 1985/2082/1245 1993/2090/1320
f 1936/2025/1199 1944/2033/1323 2200/2297/1280 2192/2289/1281
f 1832/1921/1173 1840/1929/1175 2096/2193/1253 2088/2185/1250
f 1728/1817/1147 1736/1825/1149 1992/2089/1319 1984/2081/1303
f 1959/2048/1202 1951/2040/1315 2207/2304/1248 2215/2312/1251
f 1855/1944/1176 1847/1936/1174 2103/2200/1293 2111/2208/1292
f 1751/1840/1150 1743/1832/1148 1999/2096/1320 2007/2104/1318
f 1950/2039/1323 1958/2047/1203 2214/2311/1279 2206/2303/1280
f 1846/1935/1175 1854/1943/1177 2110/2207/1256 2102/2199/1253
f 1742/1831/1149 1750/1839/1151 2006/2103/1301 1998/2095/1319
f 1957/2046/1202 1949/2038/1315 2205/2302/1248 2213/2310/1251
f 1853/1942/1176 1845/1934/1174 2101/2198/1293 2109/2206/1292
f 1749/1838/1150 1741/1830/1148 1997/2094/1320 2005/2102/1318
f 1948/2037/1323 1956/2045/1203 2212/2309/1279 2204/2301/1280
f 1844/1933/1175 1852/1941/1177 2108/2205/1256 2100/2197/1253
f 1740/1829/1149 1748/1837/1151 2004/2101/1301 1996/2093/1319
f 1955/2044/1202 1947/2036/1315 2203/2300/1248 2211/2308/1251
f 1851/1940/1176 1843/1932/1174 2099/2196/1293 2107/2204/1292
f 1747/1836/1304 1739/1828/1148 1995/2092/1320 2003/2100/1252
f 1946/2035/1323 1954/2043/1203 2210/2307/1317 2202/2299/1280
f 1842/1931/1175 1850/1939/1177 2106/2203/1256 2098/2195/1253
f 1738/1827/1149 1746/1835/1151 2002/2099/1316 1994/2091/1319
f 1953/2042/1202 1945/2034/1214 2201/2298/1248 2209/2306/1251
f 1849/1938/1176 1841/1930/1174 2097/2194/1293 2105/2202/1292
f 1745/1834/1150 1737/1826/1148 1993/2090/1320 2001/2098/1252
f 1944/2033/1323 1952/2041/1203 2208/2305/1279 2200/2297/1280
f 1840/1929/1175 1848/1937/1177 2104/2201/1256 2096/2193/1253
f 1736/1825/1149 1744/1833/1151 2000/2097/1301 1992/2089/1319
f 1967/2056/1204 1959/2048/1202 2215/2312/1251 2223/2320/1314
f 1863/1952/1178 1855/1944/1176 2111/2208/1292 2119/2216/1291
f 1759/1848/1238 1751/1840/1150 2007/2104/1318 2015/2112/1255
f 1958/2047/1203 1966/2055/1205 2222/2319/1313 2214/2311/1279
f 1854/1943/1177 1862/1951/1179 2118/2215/1259 2110/2207/1256
f 1750/1839/1151 1758/1847/1312 2014/2111/1300 2006/2103/1301
f 1965/2054/1204 1957/2046/1202 2213/2310/1251 2221/2318/1314
f 2240/2345/1256 2241/2347/1259 2273/2379/1179 2272/2378/1177
f 2307/2413/10 2306/2412/10 2244/2350/1265 2243/2349/1263
f 2309/2415/10 2308/2414/10 2253/2359/1279 2252/2358/1280
f 2311/2417/10 2310/2416/10 2262/2368/1298 2261/2367/1299
f 2313/2419/10 2312/2418/10 2271/2377/1253 2270/2376/1250
f 2315/2421/10 2314/2420/10 2249/2355/1275 2248/2354/1273
f 2317/2423/10 2316/2422/10 2258/2364/1319 2257/2363/1303
f 2304/2410/10 2318/2424/10 2267/2373/1295 2266/2372/1208
f 2306/2412/10 2319/2425/10 2245/2351/1267 2244/2350/1265
f 2308/2414/10 2320/2426/10 2254/2360/1313 2253/2359/1279
f 2310/2416/10 2321/2427/10 2263/2369/1297 2262/2368/1298
f 2323/2430/10 2322/2428/10 2241/2347/1259 2240/2345/1256
f 2312/2418/10 2323/2429/10 2240/2346/1256 2271/2377/1253
f 2314/2420/10 2324/2431/10 2250/2356/1282 2249/2355/1275
f 2316/2422/10 2325/2432/10 2259/2365/1301 2258/2364/1319
f 2318/2424/10 2326/2433/10 2268/2374/1247 2267/2373/1295
f 2319/2425/10 2327/2434/10 2246/2352/1324 2245/2351/1267
f 2320/2426/10 2328/2435/10 2255/2361/1276 2254/2360/1313
f 2321/2427/10 2329/2436/10 2264/2370/1296 2263/2369/1297
f 2322/2428/10 2330/2437/10 2242/2348/1261 2241/2347/1259
f 2324/2431/10 2331/2438/10 2251/2357/1325 2250/2356/1282
f 2325/2432/10 2332/2439/10 2260/2366/1300 2259/2365/1301
f 2326/2433/10 2333/2440/10 2269/2375/1246 2268/2374/1247
f 2327/2434/10 2334/2441/10 2247/2353/1271 2246/2352/1324
f 2328/2435/10 2335/2442/10 2256/2362/1277 2255/2361/1276
f 2329/2436/10 2305/2411/10 2265/2371/1209 2264/2370/1296
f 2330/2437/10 2307/2413/10 2243/2349/1263 2242/2348/1261
f 2331/2438/10 2309/2415/10 2252/2358/1280 2251/2357/1325
f 2332/2439/10 2311/2417/10 2261/2367/1299 2260/2366/1300
f 2333/2440/10 2313/2419/10 2270/2376/1250 2269/2375/1246
f 2334/2441/10 2315/2421/10 2248/2354/1273 2247/2353/1271
f 2335/2442/10 2317/2423/10 2257/2363/1303 2256/2362/1277
f 2272/2378/1177 2273/2379/1179 2274/2380/1181 2275/2381/1183 2276/2382/1185 2277/2383/1187 2278/2384/1189 2279/2385/1191 2280/2386/1193 2281/2387/1195 2282/2388/1197 2283/2389/1199 2284/2390/1201 2285/2391/1203 2286/2392/1205 2287/2393/1207 2288/2394/1144 2289/2395/1147 2290/2396/1149 2291/2397/1151 2292/2398/1153 2293/2399/1155 2294/2400/1157 2295/2401/1159 2296/2402/1161 2297/2403/1163 2298/2404/1165 2299/2405/1167 2300/2406/1169 2301/2407/1171 2302/2408/1173 2303/2409/1175
f 2267/2373/1295 2268/2374/1247 2300/2406/1169 2299/2405/1167
f 2254/2360/1313 2255/2361/1276 2287/2393/1207 2286/2392/1205
f 2241/2347/1259 2242/2348/1261 2274/2380/1181 2273/2379/1179
f 2268/2374/1247 2269/2375/1246 2301/2407/1171 2300/2406/1169
f 2255/2361/1276 2256/2362/1277 2288/2394/1144 2287/2393/1207
f 2242/2348/1261 2243/2349/1263 2275/2381/1183 2274/2380/1181
f 2269/2375/1246 2270/2376/1250 2302/2408/1173 2301/2407/1171
f 2256/2362/1277 2257/2363/1303 2289/2395/1147 2288/2394/1144
f 2243/2349/1263 2244/2350/1265 2276/2382/1185 2275/2381/1183
f 2270/2376/1250 2271/2377/1253 2303/2409/1175 2302/2408/1173
f 2257/2363/1303 2258/2364/1319 2290/2396/1149 2289/2395/1147
f 2244/2350/1265 2245/2351/1267 2277/2383/1187 2276/2382/1185
f 2271/2377/1253 2240/2346/1256 2272/2378/1177 2303/2409/1175
f 2258/2364/1319 2259/2365/1301 2291/2397/1151 2290/2396/1149
f 2245/2351/1267 2246/2352/1324 2278/2384/1189 2277/2383/1187
f 2259/2365/1301 2260/2366/1300 2292/2398/1153 2291/2397/1151
f 2246/2352/1324 2247/2353/1271 2279/2385/1191 2278/2384/1189
f 2260/2366/1300 2261/2367/1299 2293/2399/1155 2292/2398/1153
f 2247/2353/1271 2248/2354/1273 2280/2386/1193 2279/2385/1191
f 2261/2367/1299 2262/2368/1298 2294/2400/1157 2293/2399/1155
f 2248/2354/1273 2249/2355/1275 2281/2387/1195 2280/2386/1193
f 2262/2368/1298 2263/2369/1297 2295/2401/1159 2294/2400/1157
f 2249/2355/1275 2250/2356/1282 2282/2388/1197 2281/2387/1195
f 2263/2369/1297 2264/2370/1296 2296/2402/1161 2295/2401/1159
f 2250/2356/1282 2251/2357/1325 2283/2389/1199 2282/2388/1197
f 2264/2370/1296 2265/2371/1209 2297/2403/1163 2296/2402/1161
f 2251/2357/1325 2252/2358/1280 2284/2390/1201 2283/2389/1199
f 2265/2371/1209 2266/2372/1208 2298/2404/1165 2297/2403/1163
f 2252/2358/1280 2253/2359/1279 2285/2391/1203 2284/2390/1201
f 2266/2372/1208 2267/2373/1295 2299/2405/1167 2298/2404/1165
f 2253/2359/1279 2254/2360/1313 2286/2392/1205 2285/2391/1203
f 2367/2475/10 2342/2449/10 2317/2423/10 2335/2442/10
f 2366/2474/10 2341/2448/10 2315/2421/10 2334/2441/10
f 2365/2473/10 2340/2447/10 2313/2419/10 2333/2440/10
f 2364/2472/10 2339/2446/10 2311/2417/10 2332/2439/10
f 2363/2471/10 2338/2445/10 2309/2415/10 2331/2438/10
f 2362/2470/10 2337/2444/10 2307/2413/10 2330/2437/10
f 2361/2469/10 2336/2443/10 2305/2411/10 2329/2436/10
f 2360/2468/10 2367/2475/10 2335/2442/10 2328/2435/10
f 2359/2467/10 2366/2474/10 2334/2441/10 2327/2434/10
f 2358/2466/10 2365/2473/10 2333/2440/10 2326/2433/10
f 2357/2465/10 2364/2472/10 2332/2439/10 2325/2432/10
f 2356/2464/10 2363/2471/10 2331/2438/10 2324/2431/10
f 2355/2463/10 2362/2470/10 2330/2437/10 2322/2428/10
f 2354/2462/10 2361/2469/10 2329/2436/10 2321/2427/10
f 2353/2461/10 2360/2468/10 2328/2435/10 2320/2426/10
f 2352/2460/10 2359/2467/10 2327/2434/10 2319/2425/10
f 2351/2459/10 2358/2466/10 2326/2433/10 2318/2424/10
f 2350/2458/10 2357/2465/10 2325/2432/10 2316/2422/10
f 2349/2457/10 2356/2464/10 2324/2431/10 2314/2420/10
f 2348/2456/10 2343/2451/10 2323/2429/10 2312/2418/10
f 2343/2450/10 2355/2463/10 2322/2428/10 2323/2430/10
f 2347/2455/10 2354/2462/10 2321/2427/10 2310/2416/10
f 2346/2454/10 2353/2461/10 2320/2426/10 2308/2414/10
f 2345/2453/10 2352/2460/10 2319/2425/10 2306/2412/10
f 2344/2452/10 2351/2459/10 2318/2424/10 2304/2410/10
f 2342/2449/10 2350/2458/10 2316/2422/10 2317/2423/10
f 2341/2448/10 2349/2457/10 2314/2420/10 2315/2421/10
f 2340/2447/10 2348/2456/10 2312/2418/10 2313/2419/10
f 2339/2446/10 2347/2455/10 2310/2416/10 2311/2417/10
f 2338/2445/10 2346/2454/10 2308/2414/10 2309/2415/10
f 2337/2444/10 2345/2453/10 2306/2412/10 2307/2413/10
f 2336/2443/10 2344/2452/10 2304/2410/10 2305/2411/10
f 1586/1671/1195 1588/1673/1197 2344/2452/10 2336/2443/10
f 1542/1627/1326 1544/1629/1312 2345/2453/10 2337/2444/10
f 1560/1645/1322 1562/1647/1327 2346/2454/10 2338/2445/10
f 1578/1663/1187 1580/1665/1189 2347/2455/10 2339/2446/10
f 1596/1681/1205 1598/1683/1207 2348/2456/10 2340/2447/10
f 1552/1637/1161 1554/1639/1163 2349/2457/10 2341/2448/10
f 1570/1655/1179 1572/1657/1181 2350/2458/10 2342/2449/10
f 1588/1673/1197 1590/1675/1199 2351/2459/10 2344/2452/10
f 1544/1629/1312 1546/1631/1155 2352/2460/10 2345/2453/10
f 1562/1647/1327 1564/1649/1173 2353/2461/10 2346/2454/10
f 1580/1665/1189 1582/1667/1191 2354/2462/10 2347/2455/10
f 1536/1621/1144 1538/1623/1147 2355/2463/10 2343/2450/10
f 1598/1683/1207 1536/1620/1144 2343/2451/10 2348/2456/10
f 1554/1639/1163 1556/1641/1165 2356/2464/10 2349/2457/10
f 1572/1657/1181 1574/1659/1183 2357/2465/10 2350/2458/10
f 1590/1675/1199 1592/1677/1323 2358/2466/10 2351/2459/10
f 1546/1631/1155 1548/1633/1157 2359/2467/10 2352/2460/10
f 1564/1649/1173 1566/1651/1175 2360/2468/10 2353/2461/10
f 1582/1667/1191 1584/1669/1193 2361/2469/10 2354/2462/10
f 1538/1623/1147 1540/1625/1149 2362/2470/10 2355/2463/10
f 1556/1641/1165 1558/1643/1167 2363/2471/10 2356/2464/10
f 1574/1659/1183 1576/1661/1308 2364/2472/10 2357/2465/10
f 1592/1677/1323 1594/1679/1203 2365/2473/10 2358/2466/10
f 1548/1633/1157 1550/1635/1159 2366/2474/10 2359/2467/10
f 1566/1651/1175 1568/1653/1177 2367/2475/10 2360/2468/10
f 1584/1669/1193 1586/1671/1195 2336/2443/10 2361/2469/10
f 1540/1625/1149 1542/1627/1326 2337/2444/10 2362/2470/10
f 1558/1643/1167 1560/1645/1322 2338/2445/10 2363/2471/10
f 1576/1661/1308 1578/1663/1187 2339/2446/10 2364/2472/10
f 1594/1679/1203 1596/1681/1205 2340/2447/10 2365/2473/10
f 1550/1635/1159 1552/1637/1161 2341/2448/10 2366/2474/10
f 1568/1653/1177 1570/1655/1179 2342/2449/10 2367/2475/10
f 1974/2063/1207 2398/2506/1210 2399/2507/569 1977/2067/1144
f 1966/2055/1205 2397/2505/1211 2398/2506/1210 1974/2063/1207
f 1958/2047/1203 2396/2504/1212 2397/2505/1211 1966/2055/1205
f 1950/2039/1323 2395/2503/1213 2396/2504/1212 1958/2047/1203
f 1942/2031/1199 2394/2502/1215 2395/2503/1213 1950/2039/1323
f 1934/2023/1197 2393/2501/1216 2394/2502/1215 1942/2031/1199
f 1926/2015/1195 2392/2500/1217 2393/2501/1216 1934/2023/1197
f 1918/2007/1193 2391/2499/785 2392/2500/1217 1926/2015/1195
f 1910/1999/1191 2390/2498/1218 2391/2499/785 1918/2007/1193
f 1902/1991/1189 2389/2497/1219 2390/2498/1218 1910/1999/1191
f 1894/1983/1187 2388/2496/1220 2389/2497/1219 1902/1991/1189
f 1886/1975/1185 2387/2495/1221 2388/2496/1220 1894/1983/1187
f 1878/1967/1183 2386/2494/1223 2387/2495/1221 1886/1975/1185
f 1870/1959/1181 2385/2493/1224 2386/2494/1223 1878/1967/1183
f 1862/1951/1179 2384/2492/1225 2385/2493/1224 1870/1959/1181
f 1854/1943/1177 2383/2491/1 2384/2492/1225 1862/1951/1179
f 1846/1935/1175 2382/2490/1226 2383/2491/1 1854/1943/1177
f 1838/1927/1173 2381/2489/1227 2382/2490/1226 1846/1935/1175
f 1830/1919/1171 2380/2488/1228 2381/2489/1227 1838/1927/1173
f 1822/1911/1322 2379/2487/1229 2380/2488/1228 1830/1919/1171
f 1814/1903/1167 2378/2486/1231 2379/2487/1229 1822/1911/1322
f 1806/1895/1165 2377/2485/1232 2378/2486/1231 1814/1903/1167
f 1798/1887/1163 2376/2484/1233 2377/2485/1232 1806/1895/1165
f 1790/1879/1161 2375/2483/648 2376/2484/1233 1798/1887/1163
f 1782/1871/1159 2374/2482/1234 2375/2483/648 1790/1879/1161
f 1774/1863/1157 2373/2481/1235 2374/2482/1234 1782/1871/1159
f 1766/1855/1155 2372/2480/1236 2373/2481/1235 1774/1863/1157
f 1758/1847/1312 2371/2479/1237 2372/2480/1236 1766/1855/1155
f 1750/1839/1151 2370/2478/1239 2371/2479/1237 1758/1847/1312
f 1742/1831/1149 2369/2477/1240 2370/2478/1239 1750/1839/1151
f 1734/1823/1147 2368/2476/1241 2369/2477/1240 1742/1831/1149
f 1977/2068/1144 2399/2508/569 2368/2476/1241 1734/1823/1147
f 1972/2061/1207 2430/2539/1210 2431/2540/569 1979/2071/1144
f 1964/2053/1205 2429/2538/1211 2430/2539/1210 1972/2061/1207
f 1956/2045/1203 2428/2537/1212 2429/2538/1211 1964/2053/1205
f 1948/2037/1323 2427/2536/1213 2428/2537/1212 1956/2045/1203
f 1940/2029/1199 2426/2535/1215 2427/2536/1213 1948/2037/1323
f 1932/2021/1197 2425/2534/1216 2426/2535/1215 1940/2029/1199
f 1924/2013/1195 2424/2533/1217 2425/2534/1216 1932/2021/1197
f 1916/2005/1193 2423/2532/785 2424/2533/1217 1924/2013/1195
f 1908/1997/1191 2422/2531/1218 2423/2532/785 1916/2005/1193
f 1900/1989/1189 2421/2530/1219 2422/2531/1218 1908/1997/1191
f 1892/1981/1187 2420/2529/1220 2421/2530/1219 1900/1989/1189
f 1884/1973/1185 2419/2528/1221 2420/2529/1220 1892/1981/1187
f 1876/1965/1183 2418/2527/1223 2419/2528/1221 1884/1973/1185
f 1868/1957/1181 2417/2526/1224 2418/2527/1223 1876/1965/1183
f 1860/1949/1179 2416/2525/1225 2417/2526/1224 1868/1957/1181
f 1852/1941/1177 2415/2524/1 2416/2525/1225 1860/1949/1179
f 1844/1933/1175 2414/2523/1226 2415/2524/1 1852/1941/1177
f 1836/1925/1173 2413/2522/1227 2414/2523/1226 1844/1933/1175
f 1828/1917/1171 2412/2521/1228 2413/2522/1227 1836/1925/1173
f 1820/1909/1322 2411/2520/1229 2412/2521/1228 1828/1917/1171
f 1812/1901/1167 2410/2519/1231 2411/2520/1229 1820/1909/1322
f 1804/1893/1165 2409/2518/1232 2410/2519/1231 1812/1901/1167
f 1796/1885/1163 2408/2517/1233 2409/2518/1232 1804/1893/1165
f 1788/1877/1161 2407/2516/648 2408/2517/1233 1796/1885/1163
f 1780/1869/1159 2406/2515/1234 2407/2516/648 1788/1877/1161
f 1772/1861/1157 2405/2514/1235 2406/2515/1234 1780/1869/1159
f 1764/1853/1155 2404/2513/1236 2405/2514/1235 1772/1861/1157
f 1756/1845/1312 2403/2512/1237 2404/2513/1236 1764/1853/1155
f 1748/1837/1151 2402/2511/1239 2403/2512/1237 1756/1845/1312
f 1740/1829/1149 2401/2510/1240 2402/2511/1239 1748/1837/1151
f 1732/1821/1147 2400/2509/1241 2401/2510/1240 1740/1829/1149
f 1979/2072/1144 2431/2541/569 2400/2509/1241 1732/1821/1147
f 1970/2059/1207 2462/2572/1210 2463/2573/569 1981/2075/1144
f 1962/2051/1205 2461/2571/1211 2462/2572/1210 1970/2059/1207
f 1954/2043/1203 2460/2570/1212 2461/2571/1211 1962/2051/1205
f 1946/2035/1323 2459/2569/1213 2460/2570/1212 1954/2043/1203
f 1938/2027/1199 2458/2568/1215 2459/2569/1213 1946/2035/1323
f 1930/2019/1197 2457/2567/1216 2458/2568/1215 1938/2027/1199
f 1922/2011/1195 2456/2566/1217 2457/2567/1216 1930/2019/1197
f 1914/2003/1193 2455/2565/785 2456/2566/1217 1922/2011/1195
f 1906/1995/1191 2454/2564/1218 2455/2565/785 1914/2003/1193
f 1898/1987/1189 2453/2563/1219 2454/2564/1218 1906/1995/1191
f 1890/1979/1187 2452/2562/1220 2453/2563/1219 1898/1987/1189
f 1882/1971/1185 2451/2561/1221 2452/2562/1220 1890/1979/1187
f 1874/1963/1183 2450/2560/1223 2451/2561/1221 1882/1971/1185
f 1866/1955/1181 2449/2559/1224 2450/2560/1223 1874/1963/1183
f 1858/1947/1179 2448/2558/1225 2449/2559/1224 1866/1955/1181
f 1850/1939/1177 2447/2557/1 2448/2558/1225 1858/1947/1179
f 1842/1931/1175 2446/2556/1226 2447/2557/1 1850/1939/1177
f 1834/1923/1173 2445/2555/1227 2446/2556/1226 1842/1931/1175
f 1826/1915/1171 2444/2554/1228 2445/2555/1227 1834/1923/1173
f 1818/1907/1322 2443/2553/1229 2444/2554/1228 1826/1915/1171
f 1810/1899/1167 2442/2552/1231 2443/2553/1229 1818/1907/1322
f 1802/1891/1165 2441/2551/1232 2442/2552/1231 1810/1899/1167
f 1794/1883/1163 2440/2550/1233 2441/2551/1232 1802/1891/1165
f 1786/1875/1161 2439/2549/648 2440/2550/1233 1794/1883/1163
f 1778/1867/1159 2438/2548/1234 2439/2549/648 1786/1875/1161
f 1770/1859/1157 2437/2547/1235 2438/2548/1234 1778/1867/1159
f 1762/1851/1155 2436/2546/1236 2437/2547/1235 1770/1859/1157
f 1754/1843/1312 2435/2545/1237 2436/2546/1236 1762/1851/1155
f 1746/1835/1151 2434/2544/1239 2435/2545/1237 1754/1843/1312
f 1738/1827/1149 2433/2543/1240 2434/2544/1239 1746/1835/1151
f 1730/1819/1147 2432/2542/1241 2433/2543/1240 1738/1827/1149
f 1981/2076/1144 2463/2574/569 2432/2542/1241 1730/1819/1147
f 1983/2079/1144 2464/2575/569 2465/2577/1241 1728/1817/1147
f 1728/1817/1147 2465/2577/1241 2466/2578/1240 1736/1825/1149
f 1736/1825/1149 2466/2578/1240 2467/2579/1239 1744/1833/1151
f 1744/1833/1151 2467/2579/1239 2468/2580/1237 1752/1841/1312
f 1752/1841/1312 2468/2580/1237 2469/2581/1236 1760/1849/1155
f 1760/1849/1155 2469/2581/1236 2470/2582/1235 1768/1857/1157
f 1768/1857/1157 2470/2582/1235 2471/2583/1234 1776/1865/1159
f 1776/1865/1159 2471/2583/1234 2472/2584/648 1784/1873/1161
f 1784/1873/1161 2472/2584/648 2473/2585/1233 1792/1881/1163
f 1792/1881/1163 2473/2585/1233 2474/2586/1232 1800/1889/1165
f 1800/1889/1165 2474/2586/1232 2475/2587/1231 1808/1897/1167
f 1808/1897/1167 2475/2587/1231 2476/2588/1229 1816/1905/1322
f 1816/1905/1322 2476/2588/1229 2477/2589/1228 1824/1913/1171
f 1824/1913/1171 2477/2589/1228 2478/2590/1227 1832/1921/1173
f 1832/1921/1173 2478/2590/1227 2479/2591/1226 1840/1929/1175
f 1840/1929/1175 2479/2591/1226 2480/2592/1 1848/1937/1177
f 1848/1937/1177 2480/2592/1 2481/2593/1225 1856/1945/1179
f 1856/1945/1179 2481/2593/1225 2482/2594/1224 1864/1953/1181
f 1864/1953/1181 2482/2594/1224 2483/2595/1223 1872/1961/1183
f 1872/1961/1183 2483/2595/1223 2484/2596/1221 1880/1969/1308
f 1880/1969/1308 2484/2596/1221 2485/2597/1220 1888/1977/1187
f 1888/1977/1187 2485/2597/1220 2486/2598/1219 1896/1985/1189
f 1896/1985/1189 2486/2598/1219 2487/2599/1218 1904/1993/1191
f 1904/1993/1191 2487/2599/1218 2488/2600/785 1912/2001/1193
f 1912/2001/1193 2488/2600/785 2489/2601/1217 1920/2009/1195
f 1920/2009/1195 2489/2601/1217 2490/2602/1216 1928/2017/1197
f 1928/2017/1197 2490/2602/1216 2491/2603/1215 1936/2025/1199
f 1936/2025/1199 2491/2603/1215 2492/2604/1213 1944/2033/1323
f 1944/2033/1323 2492/2604/1213 2493/2605/1212 1952/2041/1203
f 1952/2041/1203 2493/2605/1212 2494/2606/1211 1960/2049/1205
f 1960/2049/1205 2494/2606/1211 2495/2607/1210 1968/2057/1207
f 1968/2057/1207 2495/2607/1210 2464/2576/569 1983/2080/1144
f 2398/2506/1210 2527/2640/1210 2496/2608/569 2399/2507/569
f 2397/2505/1211 2526/2639/1211 2527/2640/1210 2398/2506/1210
f 2396/2504/1212 2525/2638/1212 2526/2639/1211 2397/2505/1211
f 2395/2503/1213 2524/2637/1213 2525/2638/1212 2396/2504/1212
f 2394/2502/1215 2523/2636/1215 2524/2637/1213 2395/2503/1213
f 2393/2501/1216 2522/2635/1216 2523/2636/1215 2394/2502/1215
f 2392/2500/1217 2521/2634/1217 2522/2635/1216 2393/2501/1216
f 2391/2499/785 2520/2633/785 2521/2634/1217 2392/2500/1217
f 2390/2498/1218 2519/2632/1218 2520/2633/785 2391/2499/785
f 2389/2497/1219 2518/2631/1219 2519/2632/1218 2390/2498/1218
f 2388/2496/1220 2517/2630/1220 2518/2631/1219 2389/2497/1219
f 2387/2495/1221 2516/2629/1221 2517/2630/1220 2388/2496/1220
f 2386/2494/1223 2515/2628/1223 2516/2629/1221 2387/2495/1221
f 2385/2493/1224 2514/2627/1224 2515/2628/1223 2386/2494/1223
f 2384/2492/1225 2513/2626/1225 2514/2627/1224 2385/2493/1224
f 2383/2491/1 2512/2625/1 2513/2626/1225 2384/2492/1225
f 2382/2490/1226 2511/2624/1226 2512/2625/1 2383/2491/1
f 2381/2489/1227 2510/2623/1227 2511/2624/1226 2382/2490/1226
f 2380/2488/1228 2509/2622/1228 2510/2623/1227 2381/2489/1227
f 2379/2487/1229 2508/2621/1229 2509/2622/1228 2380/2488/1228
f 2378/2486/1231 2507/2620/1231 2508/2621/1229 2379/2487/1229
f 2377/2485/1232 2506/2619/1232 2507/2620/1231 2378/2486/1231
f 2376/2484/1233 2505/2618/1233 2506/2619/1232 2377/2485/1232
f 2375/2483/648 2504/2617/648 2505/2618/1233 2376/2484/1233
f 2374/2482/1234 2503/2616/1234 2504/2617/648 2375/2483/648
f 2373/2481/1235 2502/2615/1235 2503/2616/1234 2374/2482/1234
f 2372/2480/1236 2501/2614/1236 2502/2615/1235 2373/2481/1235
f 2371/2479/1237 2500/2613/1237 2501/2614/1236 2372/2480/1236
f 2370/2478/1239 2499/2612/1239 2500/2613/1237 2371/2479/1237
f 2369/2477/1240 2498/2611/1240 2499/2612/1239 2370/2478/1239
f 2368/2476/1241 2497/2610/1241 2498/2611/1240 2369/2477/1240
f 2399/2508/569 2496/2609/569 2497/2610/1241 2368/2476/1241
f 2430/2539/1210 2559/2673/1210 2528/2641/569 2431/2540/569
f 2429/2538/1211 2558/2672/1211 2559/2673/1210 2430/2539/1210
f 2428/2537/1212 2557/2671/1212 2558/2672/1211 2429/2538/1211
f 2427/2536/1213 2556/2670/1213 2557/2671/1212 2428/2537/1212
f 2426/2535/1215 2555/2669/1215 2556/2670/1213 2427/2536/1213
f 2425/2534/1216 2554/2668/1216 2555/2669/1215 2426/2535/1215
f 2424/2533/1217 2553/2667/1217 2554/2668/1216 2425/2534/1216
f 2423/2532/785 2552/2666/785 2553/2667/1217 2424/2533/1217
f 2422/2531/1218 2551/2665/1218 2552/2666/785 2423/2532/785
f 2421/2530/1219 2550/2664/1219 2551/2665/1218 2422/2531/1218
f 2420/2529/1220 2549/2663/1220 2550/2664/1219 2421/2530/1219
f 2419/2528/1221 2548/2662/1221 2549/2663/1220 2420/2529/1220
f 2418/2527/1223 2547/2661/1223 2548/2662/1221 2419/2528/1221
f 2417/2526/1224 2546/2660/1224 2547/2661/1223 2418/2527/1223
f 2416/2525/1225 2545/2659/1225 2546/2660/1224 2417/2526/1224
f 2415/2524/1 2544/2658/1 2545/2659/1225 2416/2525/1225
f 2414/2523/1226 2543/2657/1226 2544/2658/1 2415/2524/1
f 2413/2522/1227 2542/2656/1227 2543/2657/1226 2414/2523/1226
f 2412/2521/1228 2541/2655/1228 2542/2656/1227 2413/2522/1227
f 2411/2520/1229 2540/2654/1229 2541/2655/1228 2412/2521/1228
f 2410/2519/1231 2539/2653/1231 2540/2654/1229 2411/2520/1229
f 2409/2518/1232 2538/2652/1232 2539/2653/1231 2410/2519/1231
f 2408/2517/1233 2537/2651/1233 2538/2652/1232 2409/2518/1232
f 2407/2516/648 2536/2650/648 2537/2651/1233 2408/2517/1233
f 2406/2515/1234 2535/2649/1234 2536/2650/648 2407/2516/648
f 2405/2514/1235 2534/2648/1235 2535/2649/1234 2406/2515/1234
f 2404/2513/1236 2533/2647/1236 2534/2648/1235 2405/2514/1235
f 2403/2512/1237 2532/2646/1237 2533/2647/1236 2404/2513/1236
f 2402/2511/1239 2531/2645/1239 2532/2646/1237 2403/2512/1237
f 2401/2510/1240 2530/2644/1240 2531/2645/1239 2402/2511/1239
f 2400/2509/1241 2529/2643/1241 2530/2644/1240 2401/2510/1240
f 2431/2541/569 2528/2642/569 2529/2643/1241 2400/2509/1241
f 2462/2572/1210 2591/2706/1210 2560/2674/569 2463/2573/569
f 2461/2571/1211 2590/2705/1211 2591/2706/1210 2462/2572/1210
f 2460/2570/1212 2589/2704/1212 2590/2705/1211 2461/2571/1211
f 2459/2569/1213 2588/2703/1213 2589/2704/1212 2460/2570/1212
f 2458/2568/1215 2587/2702/1215 2588/2703/1213 2459/2569/1213
f 2457/2567/1216 2586/2701/1216 2587/2702/1215 2458/2568/1215
f 2456/2566/1217 2585/2700/1217 2586/2701/1216 2457/2567/1216
f 2455/2565/785 2584/2699/785 2585/2700/1217 2456/2566/1217
f 2454/2564/1218 2583/2698/1218 2584/2699/785 2455/2565/785
f 2453/2563/1219 2582/2697/1219 2583/2698/1218 2454/2564/1218
f 2452/2562/1220 2581/2696/1220 2582/2697/1219 2453/2563/1219
f 2451/2561/1221 2580/2695/1221 2581/2696/1220 2452/2562/1220
f 2450/2560/1223 2579/2694/1223 2580/2695/1221 2451/2561/1221
f 2449/2559/1224 2578/2693/1224 2579/2694/1223 2450/2560/1223
f 2448/2558/1225 2577/2692/1225 2578/2693/1224 2449/2559/1224
f 2447/2557/1 2576/2691/1 2577/2692/1225 2448/2558/1225
f 2446/2556/1226 2575/2690/1226 2576/2691/1 2447/2557/1
f 2445/2555/1227 2574/2689/1227 2575/2690/1226 2446/2556/1226
f 2444/2554/1228 2573/2688/1228 2574/2689/1227 2445/2555/1227
f 2443/2553/1229 2572/2687/1229 2573/2688/1228 2444/2554/1228
f 2442/2552/1231 2571/2686/1231 2572/2687/1229 2443/2553/1229
f 2441/2551/1232 2570/2685/1232 2571/2686/1231 2442/2552/1231
f 2440/2550/1233 2569/2684/1233 2570/2685/1232 2441/2551/1232
f 2439/2549/648 2568/2683/648 2569/2684/1233 2440/2550/1233
f 2438/2548/1234 2567/2682/1234 2568/2683/648 2439/2549/648
f 2437/2547/1235 2566/2681/1235 2567/2682/1234 2438/2548/1234
f 2436/2546/1236 2565/2680/1236 2566/2681/1235 2437/2547/1235
f 2435/2545/1237 2564/2679/1237 2565/2680/1236 2436/2546/1236
f 2434/2544/1239 2563/2678/1239 2564/2679/1237 2435/2545/1237
f 2433/2543/1240 2562/2677/1240 2563/2678/1239 2434/2544/1239
f 2432/2542/1241 2561/2676/1241 2562/2677/1240 2433/2543/1240
f 2463/2574/569 2560/2675/569 2561/2676/1241 2432/2542/1241
f 2464/2575/569 2592/2707/569 2593/2709/1241 2465/2577/1241
f 2465/2577/1241 2593/2709/1241 2594/2710/1240 2466/2578/1240
f 2466/2578/1240 2594/2710/1240 2595/2711/1239 2467/2579/1239
f 2467/2579/1239 2595/2711/1239 2596/2712/1237 2468/2580/1237
f 2468/2580/1237 2596/2712/1237 2597/2713/1236 2469/2581/1236
f 2469/2581/1236 2597/2713/1236 2598/2714/1235 2470/2582/1235
f 2470/2582/1235 2598/2714/1235 2599/2715/1234 2471/2583/1234
f 2471/2583/1234 2599/2715/1234 2600/2716/648 2472/2584/648
f 2472/2584/648 2600/2716/648 2601/2717/1233 2473/2585/1233
f 2473/2585/1233 2601/2717/1233 2602/2718/1232 2474/2586/1232
f 2474/2586/1232 2602/2718/1232 2603/2719/1231 2475/2587/1231
f 2475/2587/1231 2603/2719/1231 2604/2720/1229 2476/2588/1229
f 2476/2588/1229 2604/2720/1229 2605/2721/1228 2477/2589/1228
f 2477/2589/1228 2605/2721/1228 2606/2722/1227 2478/2590/1227
f 2478/2590/1227 2606/2722/1227 2607/2723/1226 2479/2591/1226
f 2479/2591/1226 2607/2723/1226 2608/2724/1 2480/2592/1
f 2480/2592/1 2608/2724/1 2609/2725/1225 2481/2593/1225
f 2481/2593/1225 2609/2725/1225 2610/2726/1224 2482/2594/1224
f 2482/2594/1224 2610/2726/1224 2611/2727/1223 2483/2595/1223
f 2483/2595/1223 2611/2727/1223 2612/2728/1221 2484/2596/1221
f 2484/2596/1221 2612/2728/1221 2613/2729/1220 2485/2597/1220
f 2485/2597/1220 2613/2729/1220 2614/2730/1219 2486/2598/1219
f 2486/2598/1219 2614/2730/1219 2615/2731/1218 2487/2599/1218
f 2487/2599/1218 2615/2731/1218 2616/2732/785 2488/2600/785
f 2488/2600/785 2616/2732/785 2617/2733/1217 2489/2601/1217
f 2489/2601/1217 2617/2733/1217 2618/2734/1216 2490/2602/1216
f 2490/2602/1216 2618/2734/1216 2619/2735/1215 2491/2603/1215
f 2491/2603/1215 2619/2735/1215 2620/2736/1213 2492/2604/1213
f 2492/2604/1213 2620/2736/1213 2621/2737/1212 2493/2605/1212
f 2493/2605/1212 2621/2737/1212 2622/2738/1211 2494/2606/1211
f 2494/2606/1211 2622/2738/1211 2623/2739/1210 2495/2607/1210
f 2495/2607/1210 2623/2739/1210 2592/2708/569 2464/2576/569
f 1598/1683/1207 2654/2770/1210 2655/2771/569 1536/1620/1144
f 1596/1681/1205 2653/2769/1211 2654/2770/1210 1598/1683/1207
f 1594/1679/1203 2652/2768/1212 2653/2769/1211 1596/1681/1205
f 1592/1677/1323 2651/2767/1213 2652/2768/1212 1594/1679/1203
f 1590/1675/1199 2650/2766/1215 2651/2767/1213 1592/1677/1323
f 1588/1673/1197 2649/2765/1216 2650/2766/1215 1590/1675/1199
f 1586/1671/1195 2648/2764/1217 2649/2765/1216 1588/1673/1197
f 1584/1669/1193 2647/2763/785 2648/2764/1217 1586/1671/1195
f 1582/1667/1191 2646/2762/1218 2647/2763/785 1584/1669/1193
f 1580/1665/1189 2645/2761/1219 2646/2762/1218 1582/1667/1191
f 1578/1663/1187 2644/2760/1220 2645/2761/1219 1580/1665/1189
f 1576/1661/1308 2643/2759/1221 2644/2760/1220 1578/1663/1187
f 1574/1659/1183 2642/2758/1223 2643/2759/1221 1576/1661/1308
f 1572/1657/1181 2641/2757/1224 2642/2758/1223 1574/1659/1183
f 1570/1655/1179 2640/2756/1225 2641/2757/1224 1572/1657/1181
f 1568/1653/1177 2639/2755/1 2640/2756/1225 1570/1655/1179
f 1566/1651/1175 2638/2754/1226 2639/2755/1 1568/1653/1177
f 1564/1649/1173 2637/2753/1227 2638/2754/1226 1566/1651/1175
f 1562/1647/1327 2636/2752/1228 2637/2753/1227 1564/1649/1173
f 1560/1645/1322 2635/2751/1229 2636/2752/1228 1562/1647/1327
f 1558/1643/1167 2634/2750/1231 2635/2751/1229 1560/1645/1322
f 1556/1641/1165 2633/2749/1232 2634/2750/1231 1558/1643/1167
f 1554/1639/1163 2632/2748/1233 2633/2749/1232 1556/1641/1165
f 1552/1637/1161 2631/2747/648 2632/2748/1233 1554/1639/1163
f 1550/1635/1159 2630/2746/1234 2631/2747/648 1552/1637/1161
f 1548/1633/1157 2629/2745/1235 2630/2746/1234 1550/1635/1159
f 1546/1631/1155 2628/2744/1236 2629/2745/1235 1548/1633/1157
f 1544/1629/1312 2627/2743/1237 2628/2744/1236 1546/1631/1155
f 1542/1627/1326 2626/2742/1239 2627/2743/1237 1544/1629/1312
f 1540/1625/1149 2625/2741/1240 2626/2742/1239 1542/1627/1326
f 1538/1623/1147 2624/2740/1241 2625/2741/1240 1540/1625/1149
f 1536/1621/1144 2655/2772/569 2624/2740/1241 1538/1623/1147
f 2654/2770/1210 2687/2805/1210 2656/2773/569 2655/2771/569
f 2653/2769/1211 2686/2804/1211 2687/2805/1210 2654/2770/1210
f 2652/2768/1212 2685/2803/1212 2686/2804/1211 2653/2769/1211
f 2651/2767/1213 2684/2802/1213 2685/2803/1212 2652/2768/1212
f 2650/2766/1215 2683/2801/1215 2684/2802/1213 2651/2767/1213
f 2649/2765/1216 2682/2800/1216 2683/2801/1215 2650/2766/1215
f 2648/2764/1217 2681/2799/1217 2682/2800/1216 2649/2765/1216
f 2647/2763/785 2680/2798/785 2681/2799/1217 2648/2764/1217
f 2646/2762/1218 2679/2797/1218 2680/2798/785 2647/2763/785
f 2645/2761/1219 2678/2796/1219 2679/2797/1218 2646/2762/1218
f 2644/2760/1220 2677/2795/1220 2678/2796/1219 2645/2761/1219
f 2643/2759/1221 2676/2794/1221 2677/2795/1220 2644/2760/1220
f 2642/2758/1223 2675/2793/1223 2676/2794/1221 2643/2759/1221
f 2641/2757/1224 2674/2792/1224 2675/2793/1223 2642/2758/1223
f 2640/2756/1225 2673/2791/1225 2674/2792/1224 2641/2757/1224
f 2639/2755/1 2672/2790/1 2673/2791/1225 2640/2756/1225
f 2638/2754/1226 2671/2789/1226 2672/2790/1 2639/2755/1
f 2637/2753/1227 2670/2788/1227 2671/2789/1226 2638/2754/1226
f 2636/2752/1228 2669/2787/1228 2670/2788/1227 2637/2753/1227
f 2635/2751/1229 2668/2786/1229 2669/2787/1228 2636/2752/1228
f 2634/2750/1231 2667/2785/1231 2668/2786/1229 2635/2751/1229
f 2633/2749/1232 2666/2784/1232 2667/2785/1231 2634/2750/1231
f 2632/2748/1233 2665/2783/1233 2666/2784/1232 2633/2749/1232
f 2631/2747/648 2664/2782/648 2665/2783/1233 2632/2748/1233
f 2630/2746/1234 2663/2781/1234 2664/2782/648 2631/2747/648
f 2629/2745/1235 2662/2780/1235 2663/2781/1234 2630/2746/1234
f 2628/2744/1236 2661/2779/1236 2662/2780/1235 2629/2745/1235
f 2627/2743/1237 2660/2778/1237 2661/2779/1236 2628/2744/1236
f 2626/2742/1239 2659/2777/1239 2660/2778/1237 2627/2743/1237
f 2625/2741/1240 2658/2776/1240 2659/2777/1239 2626/2742/1239
f 2624/2740/1241 2657/2775/1241 2658/2776/1240 2625/2741/1240
f 2655/2772/569 2656/2774/569 2657/2775/1241 2624/2740/1241
f 2688/2806/1328 2689/2807/1329 2691/2809/1330 2690/2808/1331
f 2690/2808/1331 2691/2809/1330 2693/2811/1332 2692/2810/1333
f 2692/2810/1333 2693/2811/1332 2695/2813/1334 2694/2812/1335
f 2694/2812/1335 2695/2813/1334 2697/2815/1336 2696/2814/1337
f 2696/2814/1337 2697/2815/1336 2699/2817/1338 2698/2816/1339
f 2698/2816/1339 2699/2817/1338 2701/2819/1340 2700/2818/1341
f 2700/2818/1341 2701/2819/1340 2703/2821/1342 2702/2820/1343
f 2702/2820/1343 2703/2821/1342 2705/2823/1344 2704/2822/1345
f 2704/2822/1345 2705/2823/1344 2707/2825/1346 2706/2824/1347
f 2706/2824/1347 2707/2825/1346 2709/2827/1348 2708/2826/1349
f 2708/2826/1349 2709/2827/1348 2711/2829/1350 2710/2828/1351
f 2710/2828/1351 2711/2829/1350 2713/2831/1352 2712/2830/1353
f 2712/2830/1353 2713/2831/1352 2715/2833/1354 2714/2832/1355
f 2714/2832/1355 2715/2833/1354 2717/2835/1356 2716/2834/1357
f 2716/2834/1357 2717/2835/1356 2719/2837/1358 2718/2836/1359
f 2718/2836/1359 2719/2837/1358 2721/2839/1360 2720/2838/1361
f 2720/2838/1361 2721/2839/1360 2723/2841/1362 2722/2840/1363
f 2722/2840/1363 2723/2841/1362 2725/2843/1364 2724/2842/1365
f 2724/2842/1365 2725/2843/1364 2727/2845/1366 2726/2844/1367
f 2726/2844/1367 2727/2845/1366 2729/2847/1368 2728/2846/1369
f 2728/2846/1369 2729/2847/1368 2731/2849/1370 2730/2848/1371
f 2730/2848/1371 2731/2849/1370 2733/2851/1372 2732/2850/1373
f 2732/2850/1373 2733/2851/1372 2735/2853/1374 2734/2852/1375
f 2734/2852/1375 2735/2853/1374 2737/2855/1376 2736/2854/1377
f 2736/2854/1377 2737/2855/1376 2739/2857/1378 2738/2856/1379
f 2738/2856/1379 2739/2857/1378 2741/2859/1380 2740/2858/1381
f 2740/2858/1381 2741/2859/1380 2743/2861/1382 2742/2860/1383
f 2742/2860/1383 2743/2861/1382 2745/2863/1384 2744/2862/1385
f 2744/2862/1385 2745/2863/1384 2747/2865/1386 2746/2864/1387
f 2746/2864/1387 2747/2865/1386 2749/2867/1388 2748/2866/1389
f 2748/2866/1389 2749/2867/1388 2751/2869/1390 2750/2868/1391
f 2750/2868/1391 2751/2869/1390 2689/2807/1329 2688/2806/1328
f 2688/2806/1328 2690/2808/1331 2692/2810/1333 2694/2812/1335 2696/2814/1337 2698/2816/1339 2700/2818/1341 2702/2820/1343 2704/2822/1345 2706/2824/1347 2708/2826/1349 2710/2828/1351 2712/2830/1353 2714/2832/1355 2716/2834/1357 2718/2836/1359 2720/2838/1361 2722/2840/1363 2724/2842/1365 2726/2844/1367 2728/2846/1369 2730/2848/1371 2732/2850/1373 2734/2852/1375 2736/2854/1377 2738/2856/1379 2740/2858/1381 2742/2860/1383 2744/2862/1385 2746/2864/1387 2748/2866/1389 2750/2868/1391
o Cube
v 0.543629 -0.363275 -0.414753
v 0.533355 -0.363275 0.176232
v 0.571825 1.084239 -0.415530
v 0.561540 1.084239 0.177324
v 1.748083 -1.042899 -0.207180
v 1.726342 -1.042899 0.318496
v 1.864928 1.001380 -0.198199
v 1.844111 1.001380 0.362425
v 4.611295 -1.073636 -0.483582
v 4.637801 -1.073636 -0.098638
v 3.022571 0.397554 -0.316945
v 3.053330 0.397554 0.091218
v 5.397330 0.265107 -0.550134
v 5.419569 0.265107 -0.209225
v 4.089110 0.578002 -0.410048
v 4.114777 0.578002 -0.055989
v 5.194950 1.468273 -0.471061
v 5.210221 1.468273 -0.241060
v 4.988855 1.629645 -0.450785
v 5.004744 1.629645 -0.215266
v 5.181299 -1.737124 -0.505540
v 5.201082 -1.737124 -0.204029
v 5.811134 -1.045834 -0.563743
v 5.828198 -1.045834 -0.286524
v 5.290983 -2.424617 -0.515330
v 5.310217 -2.424617 -0.218734
v 5.808263 -2.256526 -0.563131
v 5.825264 -2.256526 -0.286486
v 5.265663 -3.338170 -0.513806
v 5.285187 -3.338170 -0.214621
v 5.582088 -3.280985 -0.543047
v 5.600246 -3.280985 -0.256066
v 5.104301 -4.177147 -0.462550
v 5.119463 -4.177147 -0.233526
v 5.303053 -3.941856 -0.481328
v 5.317737 -3.941856 -0.256567
v 5.166661 -3.993527 -0.198892
v 5.409467 -3.783079 -0.230175
v 5.390281 -3.783079 -0.526331
v 5.146472 -3.993527 -0.504019
v 0.834001 1.272097 -0.461314
v 0.817427 1.272097 0.301265
v 0.711226 -0.704934 -0.456868
v 0.694701 -0.704934 0.296682
v 1.466380 1.159642 0.383479
v 1.136029 -0.953479 -0.221539
v 1.494222 1.159642 -0.235153
v 1.108327 -0.953479 0.372035
v 3.705662 -1.087789 -0.383211
v 3.719670 -1.087789 0.017181
v 2.546568 0.511366 -0.271041
v 2.565945 0.511366 0.184145
v 5.323295 0.948979 -0.221226
v 4.481736 0.855268 -0.106674
v 4.458089 0.855268 -0.442702
v 5.303579 0.948979 -0.522111
v 5.262693 1.323067 -0.210433
v 5.242623 1.323067 -0.514497
v 4.856154 1.463313 -0.155992
v 4.834251 1.463313 -0.476440
v 0.550736 0.363809 -0.479644
v 0.528822 -0.517792 -0.119314
v 0.538208 0.363809 0.241190
v 0.560121 1.245409 -0.119140
v 0.640857 1.268011 -0.491841
v 1.646858 1.115784 0.396908
v 1.876515 1.384683 0.087074
v 1.810496 -0.020759 -0.304530
v 1.781237 -0.020759 0.442301
v 1.715217 -1.426201 0.050698
v 1.299882 -1.016170 -0.176006
v 0.572935 -0.589089 0.261493
v 2.760557 0.625815 -0.081710
v 3.770072 -0.239271 -0.461498
v 3.808409 -0.239271 0.067006
v 4.746511 -1.439781 -0.304789
v 4.226363 -1.096061 -0.432150
v 2.712523 -1.067149 0.170127
v 2.747621 0.394105 -0.292078
v 2.205021 0.758476 0.274797
v 3.888922 0.618938 -0.209054
v 4.671845 0.460542 -0.530168
v 4.704061 0.460542 -0.067650
v 5.667823 0.369989 -0.409007
v 3.559022 0.475670 -0.363840
v 4.956538 -0.416144 -0.556759
v 4.987247 -0.416144 -0.103766
v 3.587528 0.475671 0.016660
v 4.976891 1.652126 -0.330797
v 5.091111 1.553327 -0.486506
v 5.110101 1.553327 -0.202784
v 5.224321 1.454529 -0.358493
v 5.243900 1.417313 -0.213684
v 4.362223 0.678767 -0.090304
v 4.337953 0.678767 -0.431887
v 5.224578 1.417313 -0.505722
v 5.073352 -1.866741 -0.341594
v 5.937505 -0.916217 -0.438324
v 5.492762 -1.391479 -0.588898
v 5.518095 -1.391479 -0.191021
v 5.032038 -1.429324 -0.495557
v 5.053052 -1.429324 -0.180694
v 5.701756 -0.408402 -0.266809
v 5.683654 -0.408402 -0.555165
v 5.203820 -2.456135 -0.356198
v 5.913545 -2.225009 -0.435642
v 5.546227 -2.340572 -0.592972
v 5.571137 -2.340572 -0.198869
v 5.847725 -1.662365 -0.566763
v 5.256183 -2.053701 -0.512099
v 5.275564 -2.053701 -0.214190
v 5.864552 -1.662365 -0.291670
v 5.216223 -3.348893 -0.357587
v 5.650370 -3.270262 -0.406183
v 5.420343 -3.309578 -0.583379
v 5.446249 -3.309577 -0.180391
v 5.707299 -2.815909 -0.554120
v 5.293669 -2.877937 -0.515897
v 5.312962 -2.877938 -0.218774
v 5.724806 -2.815908 -0.272951
v 5.085011 -4.213649 -0.345349
v 5.330244 -3.919856 -0.371066
v 5.198529 -4.066752 -0.496531
v 5.216726 -4.066752 -0.219883
v 5.120046 -4.148090 -0.200709
v 5.489277 -3.597959 -0.240953
v 5.470521 -3.597959 -0.533278
v 5.210472 -3.718894 -0.509274
v 5.230344 -3.718894 -0.206973
v 5.362096 -3.878381 -0.230583
v 5.343524 -3.878381 -0.515926
v 5.100602 -4.148090 -0.493848
v 5.110947 -4.032986 -0.346431
v 5.264686 -3.888303 -0.571545
v 5.445494 -3.743620 -0.383278
v 5.291755 -3.888303 -0.158164
v 1.170341 1.214262 -0.348511
v 0.627359 1.268011 0.263794
v 0.586410 -0.589089 -0.489992
v 0.905648 -0.831847 0.334612
v 0.752961 0.283581 0.441111
v 0.775717 0.283581 -0.601228
v 0.679948 -1.075628 -0.080105
v 0.848730 1.642791 -0.080012
v 1.148129 1.214262 0.342719
v 0.927764 -0.831847 -0.339411
v 1.675941 1.115784 -0.188645
v 1.270825 -1.016170 0.379943
v 1.055030 -1.349689 0.075451
v 1.282146 0.103082 0.491401
v 1.320333 0.103082 -0.341990
v 1.547449 1.555852 0.073960
v 2.716639 -1.067149 -0.294143
v 4.249489 -1.096061 -0.060834
v 2.206022 0.758476 -0.234338
v 2.776932 0.394105 0.134629
v 2.339429 0.811207 -0.017279
v 3.145937 -0.288212 0.180874
v 3.122985 -0.288212 -0.407336
v 3.929493 -1.387630 -0.209184
v 5.376569 0.728028 -0.224431
v 4.667241 1.162522 -0.131198
v 4.644464 1.162521 -0.459444
v 5.356657 0.728028 -0.528960
v 4.876769 0.902124 -0.542117
v 5.471598 0.966550 -0.389853
v 4.311752 0.837697 -0.256504
v 4.906581 0.902124 -0.104239
v 5.285350 1.153389 -0.215275
v 5.265459 1.153389 -0.517748
v 4.956456 1.611701 -0.175992
v 4.935931 1.611701 -0.478769
v 5.034502 1.393190 -0.554017
v 5.329055 1.296771 -0.371137
v 4.768804 1.489609 -0.307545
v 5.063359 1.393190 -0.124664
v 0.527440 0.370789 -0.119322
v 1.731908 1.515525 0.104537
v 4.501079 -1.382674 -0.276427
v 0.568975 -0.937782 -0.114295
v 1.493362 0.049807 -0.289341
v 0.596812 0.339789 0.404246
v 4.229728 0.091018 -0.500117
v 3.480629 -0.340463 -0.435905
v 3.516568 -0.340463 0.111030
v 2.487140 0.667242 -0.047443
v 5.104013 1.514937 -0.138932
v 4.265867 0.091018 0.001790
v 3.324508 0.612142 -0.145716
v 4.942034 -1.626698 -0.326870
v 5.102521 1.562494 -0.344860
v 4.892504 1.648781 -0.321356
v 5.288107 1.381094 -0.365748
v 5.076598 1.514937 -0.548172
v 5.548559 -1.858033 -0.593150
v 5.371374 -0.916195 -0.168069
v 5.344712 -0.916195 -0.578868
v 5.823584 -0.230691 -0.425675
v 5.497034 -2.846923 -0.589223
v 5.155200 -2.127077 -0.350756
v 5.573452 -1.858033 -0.199211
v 5.966813 -1.588990 -0.441605
v 5.244301 -4.013951 -0.161229
v 5.225927 -2.889569 -0.358673
v 5.522334 -2.846923 -0.191648
v 5.793439 -2.804278 -0.422198
v 5.200258 -4.081969 -0.357609
v 5.398409 -3.827624 -0.378135
v 5.218142 -4.013950 -0.559248
v 5.064034 -4.200276 -0.342342
v 5.171752 -3.741570 -0.352688
v 5.336874 -3.658426 -0.577022
v 5.528553 -3.575284 -0.392551
v 5.363432 -3.658427 -0.168217
v 1.022733 0.191208 0.466658
v 0.615368 0.339789 -0.632528
v 0.871232 -1.215492 -0.002306
v 0.643205 1.617360 -0.113987
v 1.214845 -1.415911 0.101563
v 1.453390 0.049807 0.495441
v 1.053209 0.191208 -0.471954
v 1.204710 1.597908 -0.002989
v 2.110073 1.100781 0.035649
v 2.458292 -0.154336 0.313719
v 2.461811 -0.154336 -0.355497
v 2.810030 -1.409454 -0.077427
v 4.836780 0.703649 -0.539576
v 5.557964 0.746271 -0.398472
v 4.163478 0.668970 -0.239862
v 4.867088 0.703649 -0.096791
v 4.950961 1.157955 -0.547726
v 5.391571 1.151677 -0.379860
v 4.539687 1.164234 -0.281973
v 4.980296 1.157956 -0.114107
vn -0.9813 -0.0515 -0.1857
vn -0.9981 -0.0577 -0.0215
vn -0.9997 0.0187 -0.0176
vn -0.9512 0.0244 -0.3075
vn -0.9892 -0.0505 0.1374
vn -0.9672 0.0243 0.2528
vn -0.9759 0.1242 0.1796
vn -0.9903 0.1370 -0.0246
vn -0.9656 0.1241 -0.2285
vn 0.3209 0.2094 -0.9237
vn 0.2359 0.9718 -0.0039
vn 0.4522 0.8630 0.2253
vn 0.1746 0.2467 -0.9532
vn -0.0348 0.2467 0.9685
vn 0.1420 0.1935 0.9708
vn 0.3015 0.1919 0.9340
vn 0.6593 0.7491 0.0646
vn 0.0918 0.2444 -0.9653
vn 0.1473 -0.2159 0.9652
vn 0.0183 -0.9998 -0.0025
vn -0.0445 -0.9990 0.0072
vn 0.1271 -0.2134 0.9687
vn -0.0946 -0.2266 -0.9694
vn -0.1019 -0.2197 -0.9702
vn -0.1386 -0.1633 -0.9768
vn -0.4494 -0.8928 0.0304
vn 0.0864 -0.1644 0.9826
vn 0.1106 -0.3155 -0.9425
vn -0.5966 -0.7975 -0.0898
vn -0.9266 -0.3563 -0.1203
vn -0.4560 -0.1983 -0.8676
vn -0.3755 -0.2549 0.8911
vn -0.7512 -0.2035 0.6280
vn 0.1093 -0.0239 -0.9937
vn 0.3353 -0.0500 -0.9408
vn -0.0562 0.0057 -0.9984
vn -0.0861 -0.2229 -0.9710
vn 0.0300 -0.2900 -0.9565
vn 0.1956 -0.3238 -0.9257
vn -0.1243 0.2964 0.9470
vn -0.5942 0.2877 0.7511
vn -0.4611 0.0212 0.8871
vn -0.1814 0.0113 0.9833
vn -0.1081 0.0050 -0.9941
vn -0.1070 0.0420 -0.9934
vn -0.0651 -0.0177 -0.9977
vn -0.1076 0.2417 -0.9644
vn -0.1349 0.2659 -0.9545
vn -0.1821 0.3188 -0.9302
vn -0.0991 0.0689 -0.9927
vn 0.1414 0.0591 -0.9882
vn -0.0705 0.0159 -0.9974
vn -0.0972 -0.0042 -0.9953
vn 0.1007 0.2966 -0.9497
vn -0.0142 0.2810 -0.9596
vn 0.3843 0.3150 0.8678
vn 0.2013 0.0286 0.9791
vn 0.1503 0.0104 0.9886
vn 0.2702 0.3486 0.8975
vn 0.1204 0.0095 0.9927
vn 0.1216 0.2582 0.9584
vn 0.6558 0.7528 -0.0576
vn 0.4687 0.8821 -0.0469
vn 0.0421 0.9988 -0.0239
vn -0.2677 0.2516 0.9301
vn 0.1585 0.0616 0.9854
vn 0.3057 0.1882 0.9333
vn -0.1627 0.4437 0.8813
vn 0.5828 0.0771 0.8090
vn 0.6824 0.2593 0.6835
vn 0.7243 0.6760 0.1358
vn 0.5857 0.7322 0.3475
vn 0.3140 0.8986 0.3064
vn 0.1161 0.0434 0.9923
vn 0.0814 0.2679 0.9600
vn 0.1571 -0.0174 0.9874
vn 0.3449 0.0592 0.9368
vn 0.1232 0.0725 0.9897
vn 0.0301 0.3206 0.9467
vn -0.0614 0.9981 -0.0036
vn -0.1528 0.9882 0.0080
vn -0.7740 -0.6295 0.0673
vn -0.0658 -0.1629 0.9844
vn -0.2800 -0.1582 -0.9469
vn -0.3920 -0.1083 -0.9136
vn -0.9270 -0.3672 0.0768
vn -0.1891 -0.1126 0.9755
vn 0.2538 0.9063 -0.3381
vn 0.2674 0.9633 -0.0224
vn 0.6176 0.7854 -0.0416
vn 0.5038 0.7484 -0.4313
vn 0.7259 0.6862 -0.0465
vn 0.6909 0.6825 -0.2384
vn -0.4625 0.2528 -0.8498
vn -0.8143 0.5776 0.0575
vn -0.5918 0.8054 0.0345
vn -0.3356 0.4432 -0.8312
vn 0.9554 0.2898 -0.0575
vn 0.8954 0.4423 -0.0502
vn 0.4008 0.0876 -0.9120
vn 0.5415 0.2691 -0.7965
vn -0.0479 0.0650 -0.9967
vn 0.1098 0.1937 -0.9749
vn -0.0655 -0.0051 -0.9978
vn -0.0676 -0.0069 -0.9977
vn -0.4683 -0.0623 -0.8814
vn 0.3228 0.0479 -0.9452
vn 0.3730 -0.0029 -0.9278
vn 0.4042 -0.0591 -0.9128
vn -0.0695 -0.0113 -0.9975
vn -0.5337 -0.0206 -0.8454
vn 0.1594 -0.0104 0.9872
vn 0.4441 0.0809 0.8923
vn 0.1511 -0.0061 0.9885
vn 0.5092 0.0467 0.8594
vn -0.0602 -0.0097 -0.9981
vn 0.2492 0.0825 -0.9649
vn 0.9593 0.2617 -0.1063
vn 0.9670 0.2336 -0.1021
vn 0.9889 0.1130 -0.0963
vn -0.0711 -0.0168 -0.9973
vn -0.5975 0.0186 -0.8016
vn 0.4362 -0.1123 -0.8928
vn 0.4926 -0.1680 -0.8539
vn -0.0698 -0.0246 -0.9973
vn -0.6667 0.0688 -0.7422
vn -0.9782 -0.1924 0.0777
vn -0.2763 -0.0652 0.9589
vn -0.9944 -0.0737 0.0763
vn -0.3514 -0.0216 0.9360
vn 0.1457 -0.0073 0.9893
vn 0.5537 -0.0030 0.8327
vn 0.1402 -0.0105 0.9901
vn 0.5816 -0.0581 0.8114
vn 0.9960 -0.0081 -0.0895
vn 0.9889 -0.1258 -0.0789
vn 0.7640 -0.3083 0.5668
vn 0.0756 -0.0441 0.9962
vn -0.0216 -0.1153 0.9931
vn 0.8144 -0.4594 0.3546
vn -0.6336 0.1782 0.7528
vn -0.5175 -0.1604 0.8405
vn 0.1125 -0.9137 0.3906
vn 0.7402 -0.6486 0.1771
vn 0.7952 -0.6056 0.0301
vn -0.9973 0.0072 0.0730
vn -0.4254 0.0195 0.9048
vn -0.9939 0.0860 0.0694
vn -0.5093 0.0718 0.8576
vn 0.1334 -0.0143 0.9910
vn 0.6091 -0.1102 0.7854
vn 0.1278 -0.0195 0.9916
vn 0.6542 -0.1647 0.7382
vn 0.9713 -0.2279 -0.0684
vn 0.9489 -0.3094 -0.0620
vn -0.0174 -0.9995 -0.0274
vn 0.7619 -0.6458 -0.0504
vn 0.0157 -0.9167 -0.3992
vn 0.6968 -0.6586 -0.2841
vn 0.7818 -0.6084 -0.1365
vn 0.7933 -0.6067 -0.0515
vn 0.6500 -0.3174 -0.6905
vn 0.8953 -0.4418 -0.0567
vn 0.8530 -0.5191 -0.0535
vn 0.7465 -0.4684 -0.4726
vn -0.7665 0.1791 -0.6168
vn -0.1091 -0.0527 -0.9926
vn -0.2052 -0.1224 -0.9710
vn -0.6584 -0.1658 -0.7342
vn -0.9666 0.2475 0.0673
vn -0.9896 -0.1155 0.0860
vn -0.9824 0.1739 0.0679
vn -0.6019 0.1426 0.7857
vn -0.7394 0.1379 -0.6590
vn -0.0757 -0.0322 -0.9966
vn 0.5707 -0.2367 -0.7863
vn 0.9225 -0.3814 -0.0586
vn 0.7116 -0.2309 0.6635
vn 0.1152 -0.0244 0.9930
vn -0.0695 0.2773 0.9583
vn -0.1297 0.0123 0.9915
vn -0.0826 0.0071 0.9966
vn -0.2961 -0.2369 0.9253
vn -0.2079 -0.2169 0.9538
vn -0.3618 0.2423 -0.9002
vn -0.2370 0.0075 -0.9715
vn 0.2796 0.2629 -0.9234
vn 0.2445 -0.0163 -0.9695
vn -0.4525 -0.8847 0.1122
vn -0.4584 -0.8876 -0.0458
vn 0.2642 -0.3346 -0.9046
vn -0.7995 0.5916 -0.1045
vn 0.0780 0.9958 -0.0484
vn -0.0011 -0.9998 -0.0205
vn -0.1912 -0.9591 0.2088
vn 0.1288 -0.2535 0.9587
vn -0.0199 -0.2295 0.9731
vn 0.0542 -0.0127 0.9984
vn 0.1749 -0.0227 0.9843
vn 0.3763 0.2284 -0.8979
vn 0.3898 -0.0379 -0.9201
vn 0.2134 0.9760 -0.0435
vn 0.6856 0.7269 -0.0389
vn 0.0996 0.2643 -0.9593
vn 0.3618 0.2332 0.9026
vn 0.2010 0.0011 0.9796
vn 0.1458 -0.2371 0.9605
vn -0.0680 0.0126 -0.9976
vn -0.0941 -0.2230 -0.9703
vn 0.0178 -0.9996 -0.0209
vn -0.0826 0.0402 -0.9958
vn 0.2341 0.0800 -0.9689
vn -0.3153 0.2595 -0.9128
vn -0.3888 0.1860 -0.9023
vn -0.1030 0.0400 -0.9939
vn 0.2498 0.0804 -0.9650
vn 0.9626 0.2470 -0.1117
vn 0.4347 0.0847 0.8966
vn 0.9487 0.3004 -0.0989
vn 0.4554 0.0813 0.8866
vn -0.5124 0.8573 0.0492
vn -0.1033 0.2685 0.9577
vn -0.1801 0.1895 0.9652
vn -0.8026 0.5932 0.0620
vn 0.1391 0.0461 0.9892
vn 0.1176 0.0415 0.9922
vn -0.0937 0.0419 -0.9947
vn 0.3185 0.0698 -0.9453
vn -0.4332 0.2097 -0.8766
vn 0.9577 0.2782 -0.0730
vn 0.5183 0.0617 0.8530
vn -0.8295 0.5551 0.0613
vn -0.2286 0.2074 0.9512
vn 0.1224 0.0382 0.9917
vt 0.819443 0.136222
vt 0.901155 0.099068
vt 0.940458 0.301479
vt 0.815939 0.164417
vt 0.899918 0.206262
vt 0.750757 0.106032
vt 0.833740 0.357477
vt 0.815224 0.019744
vt 0.756159 0.184789
vt 0.799240 0.272803
vt 0.504033 0.118800
vt 0.491431 0.018675
vt 0.521509 0.401944
vt 0.658064 0.191740
vt 0.679508 0.292942
vt 0.447501 0.192400
vt 0.387969 0.252338
vt 0.426038 0.365796
vt 0.563988 0.208971
vt 0.572977 0.297858
vt 0.461156 0.235988
vt 0.451956 0.321160
vt 0.442678 0.288060
vt 0.477677 0.240784
vt 0.468001 0.300877
vt 0.449098 0.104686
vt 0.464402 0.021041
vt 0.504078 0.419098
vt 0.403605 0.165994
vt 0.419036 0.411097
vt 0.348057 0.208255
vt 0.426797 0.095253
vt 0.440820 0.021166
vt 0.498553 0.439623
vt 0.386392 0.137468
vt 0.434533 0.451420
vt 0.325443 0.154274
vt 0.402761 0.081679
vt 0.410282 0.019526
vt 0.505177 0.467394
vt 0.378754 0.108011
vt 0.320319 0.102215
vt 0.466681 0.476708
vt 0.379152 0.067688
vt 0.531912 0.493154
vt 0.362674 0.029306
vt 0.372178 0.082320
vt 0.492830 0.487192
vt 0.330666 0.061800
vt 0.385245 0.019302
vt 0.519893 0.486154
vt 0.322452 0.075106
vt 0.487839 0.485639
vt 0.376436 0.091092
vt 0.387331 0.072064
vt 0.799561 0.170170
vt 0.865868 0.233058
vt 0.807089 0.129930
vt 0.927973 0.313889
vt 0.897744 0.063177
vt 0.828373 0.260848
vt 0.796064 0.110905
vt 0.777832 0.180925
vt 0.880298 0.030618
vt 0.900042 0.341669
vt 0.583171 0.108475
vt 0.598819 0.389240
vt 0.572478 0.016626
vt 0.699777 0.187083
vt 0.728241 0.287770
vt 0.412854 0.270688
vt 0.437129 0.342156
vt 0.533532 0.296294
vt 0.529542 0.218622
vt 0.455779 0.215514
vt 0.429807 0.282302
vt 0.448011 0.326768
vt 0.459289 0.226090
vt 0.490503 0.292229
vt 0.492365 0.231543
vt 0.812235 0.150574
vt 0.850278 0.121728
vt 0.897474 0.147743
vt 0.915987 0.257008
vt 0.844435 0.176987
vt 0.806901 0.166818
vt 0.816943 0.267902
vt 0.776708 0.228147
vt 0.745111 0.145154
vt 0.817894 0.315774
vt 0.777039 0.063915
vt 0.787788 0.106505
vt 0.901978 0.075425
vt 0.936226 0.305663
vt 0.694877 0.239632
vt 0.583295 0.155494
vt 0.611169 0.344324
vt 0.490213 0.066724
vt 0.537681 0.110323
vt 0.717636 0.373360
vt 0.695278 0.017732
vt 0.682468 0.188050
vt 0.763961 0.280440
vt 0.587337 0.250373
vt 0.511876 0.190456
vt 0.518475 0.334621
vt 0.409673 0.222755
vt 0.610779 0.200121
vt 0.481214 0.157426
vt 0.497509 0.374512
vt 0.626014 0.295613
vt 0.476455 0.262513
vt 0.470144 0.234502
vt 0.464494 0.310500
vt 0.457305 0.293225
vt 0.453275 0.255335
vt 0.450679 0.323043
vt 0.434706 0.285226
vt 0.547351 0.297898
vt 0.541481 0.214224
vt 0.460149 0.229735
vt 0.459517 0.064621
vt 0.376082 0.188471
vt 0.429370 0.138444
vt 0.461557 0.415098
vt 0.465232 0.109299
vt 0.477570 0.020074
vt 0.511566 0.409570
vt 0.420855 0.387010
vt 0.368051 0.232948
vt 0.418850 0.179395
vt 0.435934 0.060761
vt 0.357312 0.147615
vt 0.410114 0.120657
vt 0.466543 0.445521
vt 0.393416 0.152138
vt 0.437761 0.100448
vt 0.452943 0.021414
vt 0.499726 0.428625
vt 0.423614 0.432965
vt 0.333863 0.181791
vt 0.407310 0.053382
vt 0.352567 0.107430
vt 0.394577 0.099941
vt 0.485929 0.472051
vt 0.381673 0.122037
vt 0.414540 0.088578
vt 0.425887 0.020389
vt 0.500428 0.453421
vt 0.450291 0.466181
vt 0.321344 0.126477
vt 0.372776 0.052405
vt 0.356658 0.075295
vt 0.377561 0.077066
vt 0.512371 0.490173
vt 0.345647 0.045654
vt 0.526324 0.490541
vt 0.375151 0.021300
vt 0.321140 0.085129
vt 0.479572 0.482772
vt 0.377193 0.097604
vt 0.393613 0.076011
vt 0.396635 0.019063
vt 0.512283 0.478521
vt 0.491584 0.486805
vt 0.324075 0.069816
vt 0.375354 0.087230
vt 0.383155 0.069676
vt 0.386509 0.048182
vt 0.386089 0.086734
vt 0.353428 0.085757
vt 0.503866 0.485896
vt 0.788705 0.175658
vt 0.877943 0.223079
vt 0.811480 0.134606
vt 0.913769 0.328078
vt 0.888976 0.046621
vt 0.898764 0.272455
vt 0.791184 0.150544
vt 0.846072 0.099703
vt 0.828761 0.197940
vt 0.846920 0.247300
vt 0.801619 0.120382
vt 0.770194 0.183603
vt 0.868537 0.022604
vt 0.886017 0.349124
vt 0.833252 0.072052
vt 0.863485 0.301502
vt 0.776984 0.145894
vt 0.797345 0.219818
vt 0.668121 0.107094
vt 0.511462 0.017196
vt 0.539742 0.397199
vt 0.728160 0.186015
vt 0.707207 0.291206
vt 0.734850 0.235328
vt 0.676319 0.339106
vt 0.637583 0.146996
vt 0.565882 0.064467
vt 0.402295 0.263741
vt 0.431512 0.351757
vt 0.512044 0.294127
vt 0.511000 0.225225
vt 0.451641 0.208958
vt 0.493979 0.206144
vt 0.430023 0.239457
vt 0.545158 0.254981
vt 0.493339 0.324027
vt 0.422370 0.277107
vt 0.443084 0.333556
vt 0.458168 0.221273
vt 0.478935 0.291974
vt 0.482579 0.235569
vt 0.477553 0.219311
vt 0.443523 0.249657
vt 0.497306 0.260612
vt 0.472378 0.313191
vt 0.847189 0.148983
vt 0.788022 0.225264
vt 0.511479 0.065543
vt 0.849555 0.108537
vt 0.769617 0.144914
vt 0.909226 0.263261
vt 0.546898 0.172706
vt 0.607466 0.148432
vt 0.638453 0.344422
vt 0.720995 0.237126
vt 0.466933 0.310716
vt 0.565657 0.339470
vt 0.641182 0.244942
vt 0.473530 0.065882
vt 0.464934 0.258685
vt 0.484652 0.262165
vt 0.447350 0.252436
vt 0.473112 0.223879
vt 0.418917 0.129997
vt 0.468579 0.397358
vt 0.445395 0.147006
vt 0.392472 0.207285
vt 0.401780 0.110089
vt 0.447888 0.063115
vt 0.461670 0.430795
vt 0.364432 0.168485
vt 0.508954 0.488673
vt 0.421679 0.057231
vt 0.475359 0.459801
vt 0.353717 0.126290
vt 0.364311 0.063973
vt 0.354011 0.081391
vt 0.383570 0.083262
vt 0.379723 0.047962
vt 0.395473 0.050221
vt 0.389380 0.092014
vt 0.352795 0.093889
vt 0.495928 0.480647
vt 0.880884 0.287333
vt 0.796996 0.151310
vt 0.839668 0.085735
vt 0.838145 0.190109
vt 0.823393 0.065451
vt 0.850538 0.309061
vt 0.784136 0.148250
vt 0.812956 0.209119
vt 0.755809 0.231883
vt 0.747814 0.327536
vt 0.692016 0.146048
vt 0.672842 0.063887
vt 0.498313 0.200296
vt 0.421434 0.233059
vt 0.560646 0.253163
vt 0.499696 0.329458
vt 0.486085 0.213034
vt 0.437639 0.245122
vt 0.521183 0.257829
vt 0.483094 0.318141
s 1
usemtl Material.001
f 2752/2870/1392 2813/2951/1393 2928/3087/1394 2812/2950/1395
f 2813/2951/1393 2753/2871/1396 2814/2952/1397 2928/3087/1394
f 2928/3087/1394 2814/2952/1397 2755/2874/1398 2815/2954/1399
f 2812/2950/1395 2928/3087/1394 2815/2954/1399 2754/2873/1400
f 2798/2932/1401 2903/3059/1402 2929/3088/1403 2898/3053/1404
f 2903/3059/1402 2796/2930/1405 2817/2956/1406 2929/3088/1403
f 2929/3088/1403 2817/2956/1406 2759/2879/1407 2818/2957/1408
f 2898/3053/1404 2929/3088/1403 2818/2957/1408 2758/2878/1409
f 2801/2937/1410 2911/3068/1411 2930/3089/1412 2905/3061/1413
f 2911/3068/1411 2800/2935/1414 2828/2968/1415 2930/3089/1412
f 2930/3089/1412 2828/2968/1415 2760/2880/1416 2827/2967/1417
f 2905/3061/1413 2930/3089/1412 2827/2967/1417 2761/2881/1418
f 2794/2927/1419 2894/3049/1420 2931/3090/1421 2890/3044/1422
f 2894/3049/1420 2795/2929/1423 2823/2962/1424 2931/3090/1421
f 2931/3090/1421 2823/2962/1424 2753/2871/1396 2813/2951/1393
f 2890/3044/1422 2931/3090/1421 2813/2951/1393 2752/2870/1392
f 2798/2932/1401 2898/3053/1404 2932/3091/1425 2902/3058/1426
f 2898/3053/1404 2758/2878/1409 2819/2958/1427 2932/3091/1425
f 2932/3091/1425 2819/2958/1427 2756/2875/1428 2822/2961/1429
f 2902/3058/1426 2932/3091/1425 2822/2961/1429 2797/2931/1430
f 2793/2926/1431 2889/3043/1432 2933/3092/1433 2892/3047/1434
f 2889/3043/1432 2755/2874/1398 2814/2953/1397 2933/3092/1433
f 2933/3092/1433 2814/2953/1397 2753/2872/1396 2823/2963/1424
f 2892/3047/1434 2933/3092/1433 2823/2963/1424 2795/2928/1423
f 2760/2880/1416 2825/2965/1435 2934/3093/1436 2837/2978/1437
f 2825/2965/1435 2762/2883/1438 2836/2977/1439 2934/3093/1436
f 2934/3093/1436 2836/2977/1439 2766/2888/1440 2833/2974/1441
f 2837/2978/1437 2934/3093/1436 2833/2974/1441 2764/2885/1442
f 2800/2935/1414 2910/3067/1443 2935/3094/1444 2828/2968/1415
f 2910/3067/1443 2802/2938/1445 2830/2971/1446 2935/3094/1444
f 2935/3094/1444 2830/2971/1446 2762/2883/1438 2825/2965/1435
f 2828/2968/1415 2935/3094/1444 2825/2965/1435 2760/2880/1416
f 2803/2939/1447 2909/3066/1448 2936/3095/1449 2907/3064/1450
f 2909/3066/1448 2801/2936/1410 2905/3062/1413 2936/3095/1449
f 2936/3095/1449 2905/3062/1413 2761/2882/1418 2826/2966/1451
f 2907/3064/1450 2936/3095/1449 2826/2966/1451 2763/2884/1452
f 2802/2938/1445 2908/3065/1453 2937/3096/1454 2830/2971/1446
f 2908/3065/1453 2803/2939/1447 2907/3064/1450 2937/3096/1454
f 2937/3096/1454 2907/3064/1450 2763/2884/1452 2824/2964/1455
f 2830/2971/1446 2937/3096/1454 2824/2964/1455 2762/2883/1438
f 2810/2948/1456 2927/3086/1457 2938/3097/1458 2922/3081/1459
f 2927/3086/1457 2808/2946/1460 2844/2986/1461 2938/3097/1458
f 2938/3097/1458 2844/2986/1461 2769/2891/1462 2842/2983/1463
f 2922/3081/1459 2938/3097/1458 2842/2983/1463 2771/2894/1464
f 2763/2884/1452 2826/2966/1451 2939/3098/1465 2839/2980/1466
f 2826/2966/1451 2761/2882/1418 2838/2979/1467 2939/3098/1465
f 2939/3098/1465 2838/2979/1467 2765/2887/1468 2834/2975/1469
f 2839/2980/1466 2939/3098/1465 2834/2975/1469 2767/2889/1470
f 2762/2883/1438 2824/2964/1455 2940/3099/1471 2836/2977/1439
f 2824/2964/1455 2763/2884/1452 2839/2980/1466 2940/3099/1471
f 2940/3099/1471 2839/2980/1466 2767/2889/1470 2832/2973/1472
f 2836/2977/1439 2940/3099/1471 2832/2973/1472 2766/2888/1440
f 2761/2881/1418 2827/2967/1417 2941/3100/1473 2853/2996/1474
f 2827/2967/1417 2760/2880/1416 2852/2995/1475 2941/3100/1473
f 2941/3100/1473 2852/2995/1475 2772/2895/1476 2848/2991/1477
f 2853/2996/1474 2941/3100/1473 2848/2991/1477 2773/2896/1478
f 2770/2893/1479 2840/2981/1480 2942/3101/1481 2841/2982/1482
f 2840/2981/1480 2771/2894/1464 2842/2984/1463 2942/3101/1481
f 2942/3101/1481 2842/2984/1463 2769/2892/1462 2843/2985/1483
f 2841/2982/1482 2942/3101/1481 2843/2985/1483 2768/2890/1484
f 2811/2949/1485 2926/3085/1486 2943/3102/1487 2923/3082/1488
f 2926/3085/1486 2810/2948/1456 2922/3081/1459 2943/3102/1487
f 2943/3102/1487 2922/3081/1459 2771/2894/1464 2840/2981/1480
f 2923/3082/1488 2943/3102/1487 2840/2981/1480 2770/2893/1479
f 2808/2945/1460 2925/3084/1489 2944/3103/1490 2844/2987/1461
f 2925/3084/1489 2809/2947/1491 2847/2990/1492 2944/3103/1490
f 2944/3103/1490 2847/2990/1492 2768/2890/1484 2843/2985/1483
f 2844/2987/1461 2944/3103/1490 2843/2985/1483 2769/2892/1462
f 2809/2947/1491 2924/3083/1493 2945/3104/1494 2847/2990/1492
f 2924/3083/1493 2811/2949/1485 2923/3082/1488 2945/3104/1494
f 2945/3104/1494 2923/3082/1488 2770/2893/1479 2841/2982/1482
f 2847/2990/1492 2945/3104/1494 2841/2982/1482 2768/2890/1484
f 2772/2895/1476 2850/2993/1495 2946/3105/1496 2861/3006/1497
f 2850/2993/1495 2774/2898/1498 2860/3005/1499 2946/3105/1496
f 2946/3105/1496 2860/3005/1499 2778/2904/1500 2858/3003/1501
f 2861/3006/1497 2946/3105/1496 2858/3003/1501 2776/2901/1502
f 2765/2887/1468 2838/2979/1467 2947/3106/1503 2854/2998/1504
f 2838/2979/1467 2761/2882/1418 2853/2997/1474 2947/3106/1503
f 2947/3106/1503 2853/2997/1474 2773/2897/1478 2851/2994/1505
f 2854/2998/1504 2947/3106/1503 2851/2994/1505 2775/2899/1506
f 2760/2880/1416 2837/2978/1437 2948/3107/1507 2852/2995/1475
f 2837/2978/1437 2764/2885/1442 2855/3000/1508 2948/3107/1507
f 2948/3107/1507 2855/3000/1508 2774/2898/1498 2850/2993/1495
f 2852/2995/1475 2948/3107/1507 2850/2993/1495 2772/2895/1476
f 2764/2885/1442 2835/2976/1509 2949/3108/1510 2855/3000/1508
f 2835/2976/1509 2765/2886/1468 2854/2999/1504 2949/3108/1510
f 2949/3108/1510 2854/2999/1504 2775/2900/1506 2849/2992/1511
f 2855/3000/1508 2949/3108/1510 2849/2992/1511 2774/2898/1498
f 2776/2901/1502 2858/3003/1501 2950/3109/1512 2869/3016/1513
f 2858/3003/1501 2778/2904/1500 2868/3015/1514 2950/3109/1512
f 2950/3109/1512 2868/3015/1514 2782/2910/1515 2866/3013/1516
f 2869/3016/1513 2950/3109/1512 2866/3013/1516 2780/2907/1517
f 2773/2896/1478 2848/2991/1477 2951/3110/1518 2862/3007/1519
f 2848/2991/1477 2772/2895/1476 2861/3006/1497 2951/3110/1518
f 2951/3110/1518 2861/3006/1497 2776/2901/1502 2856/3001/1520
f 2862/3007/1519 2951/3110/1518 2856/3001/1520 2777/2902/1521
f 2775/2899/1506 2851/2994/1505 2952/3111/1522 2863/3009/1523
f 2851/2994/1505 2773/2897/1478 2862/3008/1519 2952/3111/1522
f 2952/3111/1522 2862/3008/1519 2777/2903/1521 2859/3004/1524
f 2863/3009/1523 2952/3111/1522 2859/3004/1524 2779/2905/1525
f 2774/2898/1498 2849/2992/1511 2953/3112/1526 2860/3005/1499
f 2849/2992/1511 2775/2900/1506 2863/3010/1523 2953/3112/1526
f 2953/3112/1526 2863/3010/1523 2779/2906/1525 2857/3002/1527
f 2860/3005/1499 2953/3112/1526 2857/3002/1527 2778/2904/1500
f 2789/2922/1528 2887/3041/1529 2954/3113/1530 2881/3034/1531
f 2887/3041/1529 2788/2920/1532 2876/3026/1533 2954/3113/1530
f 2954/3113/1530 2876/3026/1533 2785/2914/1534 2875/3024/1535
f 2881/3034/1531 2954/3113/1530 2875/3024/1535 2787/2917/1536
f 2777/2902/1521 2856/3001/1520 2955/3114/1537 2870/3017/1538
f 2856/3001/1520 2776/2901/1502 2869/3016/1513 2955/3114/1537
f 2955/3114/1537 2869/3016/1513 2780/2907/1517 2864/3011/1539
f 2870/3017/1538 2955/3114/1537 2864/3011/1539 2781/2908/1540
f 2779/2905/1525 2859/3004/1524 2956/3115/1541 2871/3019/1542
f 2859/3004/1524 2777/2903/1521 2870/3018/1538 2956/3115/1541
f 2956/3115/1541 2870/3018/1538 2781/2909/1540 2867/3014/1543
f 2871/3019/1542 2956/3115/1541 2867/3014/1543 2783/2912/1544
f 2778/2904/1500 2857/3002/1527 2957/3116/1545 2868/3015/1514
f 2857/3002/1527 2779/2906/1525 2871/3020/1542 2957/3116/1545
f 2957/3116/1545 2871/3020/1542 2783/2911/1544 2865/3012/1546
f 2868/3015/1514 2957/3116/1545 2865/3012/1546 2782/2910/1515
f 2785/2915/1534 2872/3021/1547 2958/3117/1548 2875/3025/1535
f 2872/3021/1547 2784/2913/1549 2874/3023/1550 2958/3117/1548
f 2958/3117/1548 2874/3023/1550 2786/2916/1551 2873/3022/1552
f 2875/3025/1535 2958/3117/1548 2873/3022/1552 2787/2918/1536
f 2790/2923/1553 2886/3040/1554 2959/3118/1555 2882/3036/1556
f 2886/3040/1554 2789/2921/1528 2881/3035/1531 2959/3118/1555
f 2959/3118/1555 2881/3035/1531 2787/2918/1536 2873/3022/1552
f 2882/3036/1556 2959/3118/1555 2873/3022/1552 2786/2916/1551
f 2791/2924/1557 2885/3039/1558 2960/3119/1559 2883/3037/1560
f 2885/3039/1558 2790/2923/1553 2882/3036/1556 2960/3119/1559
f 2960/3119/1559 2882/3036/1556 2786/2916/1551 2874/3023/1550
f 2883/3037/1560 2960/3119/1559 2874/3023/1550 2784/2913/1549
f 2788/2919/1532 2884/3038/1561 2961/3120/1562 2876/3027/1533
f 2884/3038/1561 2791/2924/1557 2883/3037/1560 2961/3120/1562
f 2961/3120/1562 2883/3037/1560 2784/2913/1549 2872/3021/1547
f 2876/3027/1533 2961/3120/1562 2872/3021/1547 2785/2915/1534
f 2781/2908/1540 2864/3011/1539 2962/3121/1563 2880/3032/1564
f 2864/3011/1539 2780/2907/1517 2879/3031/1565 2962/3121/1563
f 2962/3121/1563 2879/3031/1565 2791/2924/1557 2884/3038/1561
f 2880/3032/1564 2962/3121/1563 2884/3038/1561 2788/2919/1532
f 2780/2907/1517 2866/3013/1516 2963/3122/1566 2879/3031/1565
f 2866/3013/1516 2782/2910/1515 2878/3030/1567 2963/3122/1566
f 2963/3122/1566 2878/3030/1567 2790/2923/1553 2885/3039/1558
f 2879/3031/1565 2963/3122/1566 2885/3039/1558 2791/2924/1557
f 2782/2910/1515 2865/3012/1546 2964/3123/1568 2878/3030/1567
f 2865/3012/1546 2783/2911/1544 2877/3028/1569 2964/3123/1568
f 2964/3123/1568 2877/3028/1569 2789/2921/1528 2886/3040/1554
f 2878/3030/1567 2964/3123/1568 2886/3040/1554 2790/2923/1553
f 2783/2912/1544 2867/3014/1543 2965/3124/1570 2877/3029/1569
f 2867/3014/1543 2781/2909/1540 2880/3033/1564 2965/3124/1570
f 2965/3124/1570 2880/3033/1564 2788/2920/1532 2887/3041/1529
f 2877/3029/1569 2965/3124/1570 2887/3041/1529 2789/2922/1528
f 2796/2930/1405 2896/3051/1571 2966/3125/1572 2901/3057/1573
f 2896/3051/1571 2793/2926/1431 2892/3047/1434 2966/3125/1572
f 2966/3125/1572 2892/3047/1434 2795/2928/1423 2891/3045/1574
f 2901/3057/1573 2966/3125/1572 2891/3045/1574 2799/2934/1575
f 2754/2873/1400 2816/2955/1576 2967/3126/1577 2812/2950/1395
f 2816/2955/1576 2792/2925/1578 2893/3048/1579 2967/3126/1577
f 2967/3126/1577 2893/3048/1579 2794/2927/1419 2890/3044/1422
f 2812/2950/1395 2967/3126/1577 2890/3044/1422 2752/2870/1392
f 2797/2931/1430 2900/3056/1580 2968/3127/1581 2897/3052/1582
f 2900/3056/1580 2799/2933/1575 2891/3046/1574 2968/3127/1581
f 2968/3127/1581 2891/3046/1574 2795/2929/1423 2894/3049/1420
f 2897/3052/1582 2968/3127/1581 2894/3049/1420 2794/2927/1419
f 2754/2873/1400 2815/2954/1399 2969/3128/1583 2816/2955/1576
f 2815/2954/1399 2755/2874/1398 2889/3043/1432 2969/3128/1583
f 2969/3128/1583 2889/3043/1432 2793/2926/1431 2895/3050/1584
f 2816/2955/1576 2969/3128/1583 2895/3050/1584 2792/2925/1578
f 2756/2875/1428 2821/2960/1585 2970/3129/1586 2822/2961/1429
f 2821/2960/1585 2757/2877/1587 2899/3054/1588 2970/3129/1586
f 2970/3129/1586 2899/3054/1588 2799/2933/1575 2900/3056/1580
f 2822/2961/1429 2970/3129/1586 2900/3056/1580 2797/2931/1430
f 2759/2879/1407 2817/2956/1406 2971/3130/1589 2820/2959/1590
f 2817/2956/1406 2796/2930/1405 2901/3057/1573 2971/3130/1589
f 2971/3130/1589 2901/3057/1573 2799/2934/1575 2899/3055/1588
f 2820/2959/1590 2971/3130/1589 2899/3055/1588 2757/2876/1587
f 2792/2925/1578 2888/3042/1591 2972/3131/1592 2893/3048/1579
f 2888/3042/1591 2798/2932/1401 2902/3058/1426 2972/3131/1592
f 2972/3131/1592 2902/3058/1426 2797/2931/1430 2897/3052/1582
f 2893/3048/1579 2972/3131/1592 2897/3052/1582 2794/2927/1419
f 2792/2925/1578 2895/3050/1584 2973/3132/1593 2888/3042/1591
f 2895/3050/1584 2793/2926/1431 2896/3051/1571 2973/3132/1593
f 2973/3132/1593 2896/3051/1571 2796/2930/1405 2903/3059/1402
f 2888/3042/1591 2973/3132/1593 2903/3059/1402 2798/2932/1401
f 2758/2878/1409 2818/2957/1408 2974/3133/1594 2906/3063/1595
f 2818/2957/1408 2759/2879/1407 2831/2972/1596 2974/3133/1594
f 2974/3133/1594 2831/2972/1596 2803/2939/1447 2908/3065/1453
f 2906/3063/1595 2974/3133/1594 2908/3065/1453 2802/2938/1445
f 2759/2879/1407 2820/2959/1590 2975/3134/1597 2831/2972/1596
f 2820/2959/1590 2757/2876/1587 2829/2969/1598 2975/3134/1597
f 2975/3134/1597 2829/2969/1598 2801/2936/1410 2909/3066/1448
f 2831/2972/1596 2975/3134/1597 2909/3066/1448 2803/2939/1447
f 2756/2875/1428 2819/2958/1427 2976/3135/1599 2904/3060/1600
f 2819/2958/1427 2758/2878/1409 2906/3063/1595 2976/3135/1599
f 2976/3135/1599 2906/3063/1595 2802/2938/1445 2910/3067/1443
f 2904/3060/1600 2976/3135/1599 2910/3067/1443 2800/2935/1414
f 2757/2877/1587 2821/2960/1585 2977/3136/1601 2829/2970/1598
f 2821/2960/1585 2756/2875/1428 2904/3060/1600 2977/3136/1601
f 2977/3136/1601 2904/3060/1600 2800/2935/1414 2911/3068/1411
f 2829/2970/1598 2977/3136/1601 2911/3068/1411 2801/2937/1410
f 2764/2885/1442 2833/2974/1441 2978/3137/1602 2915/3073/1603
f 2833/2974/1441 2766/2888/1440 2846/2989/1604 2978/3137/1602
f 2978/3137/1602 2846/2989/1604 2806/2943/1605 2916/3074/1606
f 2915/3073/1603 2978/3137/1602 2916/3074/1606 2807/2944/1607
f 2765/2886/1468 2835/2976/1509 2979/3138/1608 2912/3069/1609
f 2835/2976/1509 2764/2885/1442 2915/3073/1603 2979/3138/1608
f 2979/3138/1608 2915/3073/1603 2807/2944/1607 2917/3075/1610
f 2912/3069/1609 2979/3138/1608 2917/3075/1610 2804/2940/1611
f 2766/2888/1440 2832/2973/1472 2980/3139/1612 2846/2989/1604
f 2832/2973/1472 2767/2889/1470 2845/2988/1613 2980/3139/1612
f 2980/3139/1612 2845/2988/1613 2805/2942/1614 2918/3076/1615
f 2846/2989/1604 2980/3139/1612 2918/3076/1615 2806/2943/1605
f 2767/2889/1470 2834/2975/1469 2981/3140/1616 2845/2988/1613
f 2834/2975/1469 2765/2887/1468 2912/3070/1609 2981/3140/1616
f 2981/3140/1616 2912/3070/1609 2804/2941/1611 2919/3077/1617
f 2845/2988/1613 2981/3140/1616 2919/3077/1617 2805/2942/1614
f 2807/2944/1607 2916/3074/1606 2982/3141/1618 2921/3080/1619
f 2916/3074/1606 2806/2943/1605 2914/3072/1620 2982/3141/1618
f 2982/3141/1618 2914/3072/1620 2811/2949/1485 2924/3083/1493
f 2921/3080/1619 2982/3141/1618 2924/3083/1493 2809/2947/1491
f 2804/2940/1611 2917/3075/1610 2983/3142/1621 2920/3078/1622
f 2917/3075/1610 2807/2944/1607 2921/3080/1619 2983/3142/1621
f 2983/3142/1621 2921/3080/1619 2809/2947/1491 2925/3084/1489
f 2920/3078/1622 2983/3142/1621 2925/3084/1489 2808/2945/1460
f 2806/2943/1605 2918/3076/1615 2984/3143/1623 2914/3072/1620
f 2918/3076/1615 2805/2942/1614 2913/3071/1624 2984/3143/1623
f 2984/3143/1623 2913/3071/1624 2810/2948/1456 2926/3085/1486
f 2914/3072/1620 2984/3143/1623 2926/3085/1486 2811/2949/1485
f 2805/2942/1614 2919/3077/1617 2985/3144/1625 2913/3071/1624
f 2919/3077/1617 2804/2941/1611 2920/3079/1622 2985/3144/1625
f 2985/3144/1625 2920/3079/1622 2808/2946/1460 2927/3086/1457
f 2913/3071/1624 2985/3144/1625 2927/3086/1457 2810/2948/1456
o Sphere.001
v 2.981272 0.752161 0.643275
v 2.988357 0.846178 0.637159
v 2.988357 -0.574027 0.825377
v 2.988357 -1.790134 0.788611
v 2.988357 -2.403845 0.609019
v 2.994390 -1.662696 0.536692
v 2.835478 0.752161 0.631360
v 2.852712 0.846178 0.625362
v 2.834473 0.855674 0.731268
v 2.820920 -0.574027 0.809964
v 2.819166 -1.050189 0.820143
v 2.816478 -1.300038 0.835756
v 2.819166 -1.549887 0.820143
v 2.827130 -1.790134 0.773904
v 2.840062 -2.011547 0.698815
v 2.857465 -2.403845 0.597762
v 2.857756 -2.403845 0.547914
v 2.855926 -1.662696 0.526825
v 2.734763 0.752161 0.596074
v 2.752990 0.846178 0.590423
v 2.717213 0.855674 0.690185
v 2.690627 -0.574027 0.764315
v 2.687188 -1.050189 0.773904
v 2.681914 -1.300038 0.788611
v 2.687188 -1.549887 0.773904
v 2.702809 -1.790134 0.730347
v 2.728176 -2.011547 0.659615
v 2.762314 -2.403845 0.564425
v 2.770860 -2.403845 0.517469
v 2.772522 -1.662696 0.497604
v 2.641943 0.752161 0.538773
v 2.661087 0.846178 0.533687
v 2.609145 0.855674 0.623470
v 2.570549 -0.574027 0.690185
v 2.565556 -1.050189 0.698815
v 2.557899 -1.300038 0.712051
v 2.565556 -1.549887 0.698815
v 2.588234 -1.790134 0.659615
v 2.625062 -2.011547 0.595958
v 2.674623 -2.403845 0.510289
v 2.690777 -2.403845 0.468030
v 2.695657 -1.662696 0.450152
v 2.560586 0.752161 0.461658
v 2.580532 0.846178 0.457332
v 2.514423 0.855674 0.533687
v 2.465299 -0.574027 0.590423
v 2.458945 -1.050189 0.597762
v 2.449199 -1.300038 0.609019
v 2.458945 -1.549887 0.597762
v 2.487808 -1.790134 0.564425
v 2.534681 -2.011547 0.510289
v 2.597760 -2.403845 0.437434
v 2.620583 -2.403845 0.401496
v 2.628284 -1.662696 0.386292
v 2.493818 0.752161 0.367692
v 2.514423 0.846178 0.364294
v 2.436687 0.855674 0.424285
v 2.378923 -0.574027 0.468863
v 2.371451 -1.050189 0.474629
v 2.359992 -1.300038 0.483473
v 2.371451 -1.549887 0.474629
v 2.405391 -1.790134 0.448437
v 2.460507 -2.011547 0.405902
v 2.534681 -2.403845 0.348660
v 2.562976 -2.403845 0.320424
v 2.572993 -1.662696 0.308478
v 2.444205 0.752161 0.260488
v 2.465299 0.846178 0.258148
v 2.378923 0.855674 0.299470
v 2.314740 -0.574027 0.330176
v 2.306437 -1.050189 0.334148
v 2.293704 -1.300038 0.340240
v 2.306437 -1.549887 0.334148
v 2.344150 -1.790134 0.316106
v 2.405391 -2.011547 0.286808
v 2.487808 -2.403845 0.247379
v 2.520170 -2.403845 0.227929
v 2.531907 -1.662696 0.219701
v 2.413653 0.752161 0.144165
v 2.435049 0.846178 0.142972
v 2.343353 0.855674 0.164038
v 2.275216 -0.574027 0.179692
v 2.266402 -1.050189 0.181717
v 2.252884 -1.300038 0.184822
v 2.266402 -1.549887 0.181717
v 2.306437 -1.790134 0.172519
v 2.371451 -2.011547 0.157583
v 2.458945 -2.403845 0.137482
v 2.493810 -2.403845 0.127567
v 2.506607 -1.662696 0.123372
v 2.403337 0.752161 0.023193
v 2.424834 0.846178 0.023193
v 2.331342 0.855674 0.023193
v 2.261870 -0.574027 0.023193
v 2.252884 -1.050189 0.023193
v 2.239101 -1.300038 0.023194
v 2.252884 -1.549887 0.023193
v 2.293704 -1.790134 0.023193
v 2.359991 -2.011547 0.023193
v 2.449198 -2.403845 0.023193
v 2.484910 -2.403845 0.023193
v 2.498064 -1.662696 0.023193
v 2.413653 0.752161 -0.097779
v 2.435049 0.846178 -0.096586
v 2.343353 0.855674 -0.117652
v 2.275216 -0.574027 -0.133305
v 2.266402 -1.050189 -0.135330
v 2.252884 -1.300038 -0.138435
v 2.266402 -1.549887 -0.135330
v 2.306437 -1.790134 -0.126133
v 2.371451 -2.011547 -0.111196
v 2.458945 -2.403845 -0.091096
v 2.493810 -2.403845 -0.081180
v 2.506607 -1.662696 -0.076986
v 2.444205 0.752161 -0.214102
v 2.465299 0.846178 -0.211761
v 2.378923 0.855674 -0.253084
v 2.314740 -0.574027 -0.283790
v 2.306437 -1.050189 -0.287761
v 2.293704 -1.300038 -0.293853
v 2.306437 -1.549887 -0.287761
v 2.344150 -1.790134 -0.269720
v 2.405391 -2.011547 -0.240421
v 2.487808 -2.403845 -0.200993
v 2.520170 -2.403845 -0.181543
v 2.531907 -1.662696 -0.173314
v 2.493818 0.752161 -0.321306
v 2.514423 0.846178 -0.317908
v 2.436686 0.855674 -0.377899
v 2.378923 -0.574027 -0.422477
v 2.371451 -1.050189 -0.428243
v 2.359991 -1.300038 -0.437087
v 2.371451 -1.549887 -0.428243
v 2.405391 -1.790134 -0.402050
v 2.460507 -2.011547 -0.359516
v 2.534681 -2.403845 -0.302274
v 2.562975 -2.403845 -0.274037
v 2.572992 -1.662696 -0.262092
v 2.560586 0.752161 -0.415271
v 2.580532 0.846178 -0.410946
v 2.514423 0.855674 -0.487300
v 2.465299 -0.574027 -0.544037
v 2.458945 -1.050189 -0.551376
v 2.449199 -1.300038 -0.562632
v 2.458945 -1.549887 -0.551376
v 2.487808 -1.790134 -0.518039
v 2.534681 -2.011547 -0.463903
v 2.597760 -2.403845 -0.391048
v 2.620582 -2.403845 -0.355109
v 2.628284 -1.662696 -0.339906
v 2.641943 0.752161 -0.492386
v 2.661087 0.846178 -0.487300
v 2.609145 0.855674 -0.577084
v 2.570549 -0.574027 -0.643799
v 2.565556 -1.050189 -0.652429
v 2.557899 -1.300038 -0.665664
v 2.565556 -1.549887 -0.652429
v 2.588234 -1.790134 -0.613229
v 2.625061 -2.011547 -0.549571
v 2.674623 -2.403845 -0.463903
v 2.690776 -2.403845 -0.421644
v 2.695657 -1.662696 -0.403766
v 2.734763 0.752161 -0.549688
v 2.752990 0.846178 -0.544037
v 2.717212 0.855674 -0.643799
v 2.690627 -0.574027 -0.717929
v 2.687188 -1.050189 -0.727518
v 2.681913 -1.300038 -0.742225
v 2.687188 -1.549887 -0.727518
v 2.702809 -1.790134 -0.683961
v 2.728176 -2.011547 -0.613229
v 2.762314 -2.403845 -0.518039
v 2.770860 -2.403845 -0.471083
v 2.772522 -1.662696 -0.451218
v 2.835478 0.752161 -0.584974
v 2.852712 0.846178 -0.578975
v 2.834472 0.855674 -0.684882
v 2.820920 -0.574027 -0.763578
v 2.819166 -1.050189 -0.773757
v 2.816477 -1.300038 -0.789370
v 2.819166 -1.549887 -0.773757
v 2.827130 -1.790134 -0.727518
v 2.840062 -2.011547 -0.652429
v 2.857465 -2.403845 -0.551376
v 2.857756 -2.403845 -0.501528
v 2.855926 -1.662696 -0.480439
v 2.981272 0.752161 -0.596889
v 2.988357 0.846178 -0.590772
v 2.988357 0.855674 -0.698754
v 2.988357 -0.574026 -0.778991
v 2.988357 -1.050189 -0.789370
v 2.988356 -1.300038 -0.805289
v 2.988357 -1.549887 -0.789370
v 2.988357 -1.790134 -0.742225
v 2.988357 -2.011547 -0.665665
v 2.988357 -2.403845 -0.562633
v 2.985247 -2.403845 -0.511808
v 2.994390 -1.662696 -0.490306
v 3.127288 0.752161 -0.584974
v 3.132933 0.846178 -0.578975
v 3.158360 0.855674 -0.684882
v 3.177254 -0.574027 -0.763578
v 3.179698 -1.050189 -0.773757
v 3.183447 -1.300038 -0.789370
v 3.179698 -1.549887 -0.773757
v 3.168597 -1.790134 -0.727518
v 3.150568 -2.011547 -0.652429
v 3.126306 -2.403845 -0.551376
v 3.111228 -2.403845 -0.501528
v 3.115308 -1.662696 -0.480439
v 3.267693 0.752161 -0.549688
v 3.271953 0.846178 -0.544037
v 3.321830 0.855674 -0.643799
v 3.358893 -0.574027 -0.717929
v 3.363687 -1.050189 -0.727518
v 3.371040 -1.300038 -0.742225
v 3.363687 -1.549887 -0.727518
v 3.341910 -1.790134 -0.683961
v 3.306546 -2.011547 -0.613229
v 3.258955 -2.403845 -0.518039
v 3.232368 -2.403845 -0.471083
v 3.231579 -1.662696 -0.451218
v 3.397091 0.752161 -0.492386
v 3.400074 0.846178 -0.487300
v 3.472485 0.855674 -0.577084
v 3.526292 -0.574027 -0.643799
v 3.533252 -1.050189 -0.652429
v 3.543926 -1.300038 -0.665665
v 3.533252 -1.549887 -0.652429
v 3.501637 -1.790134 -0.613229
v 3.450296 -2.011547 -0.549571
v 3.381204 -2.403845 -0.463903
v 3.344012 -2.403845 -0.421644
v 3.338736 -1.662696 -0.403766
v 3.510509 0.752161 -0.415271
v 3.512374 0.846178 -0.410946
v 3.604536 0.855674 -0.487300
v 3.673018 -0.574027 -0.544037
v 3.681876 -1.050189 -0.551376
v 3.695463 -1.300038 -0.562633
v 3.681876 -1.549887 -0.551376
v 3.641638 -1.790134 -0.518039
v 3.576294 -2.011547 -0.463903
v 3.488357 -2.403845 -0.391048
v 3.441868 -2.403845 -0.355110
v 3.432659 -1.662696 -0.339906
v 3.603590 0.752161 -0.321306
v 3.604536 0.846178 -0.317908
v 3.712906 0.855674 -0.377899
v 3.793433 -0.574027 -0.422477
v 3.803850 -1.050189 -0.428243
v 3.819826 -1.300038 -0.437087
v 3.803850 -1.549887 -0.428243
v 3.756534 -1.790134 -0.402050
v 3.679698 -2.011547 -0.359516
v 3.576294 -2.403845 -0.302274
v 3.522177 -2.403845 -0.274037
v 3.509740 -1.662696 -0.262092
v 3.672754 0.752161 -0.214102
v 3.673018 0.846178 -0.211761
v 3.793433 0.855674 -0.253084
v 3.882910 -0.574027 -0.283790
v 3.894484 -1.050189 -0.287762
v 3.912236 -1.300038 -0.293854
v 3.894484 -1.549887 -0.287762
v 3.841910 -1.790134 -0.269720
v 3.756534 -2.011547 -0.240422
v 3.641638 -2.403845 -0.200993
v 3.581851 -2.403845 -0.181543
v 3.567017 -1.662696 -0.173315
v 3.715346 0.752161 -0.097779
v 3.715189 0.846178 -0.096586
v 3.843021 0.855674 -0.117652
v 3.938009 -0.574027 -0.133305
v 3.950296 -1.050189 -0.135330
v 3.969141 -1.300038 -0.138436
v 3.950296 -1.549887 -0.135330
v 3.894484 -1.790134 -0.126133
v 3.803850 -2.011547 -0.111197
v 3.681876 -2.403845 -0.091096
v 3.618599 -2.403845 -0.081180
v 3.602287 -1.662696 -0.076986
v 3.729727 0.752161 0.023193
v 3.729429 0.846178 0.023193
v 3.859765 0.855674 0.023193
v 3.956614 -0.574027 0.023193
v 3.969142 -1.050189 0.023193
v 3.988356 -1.300038 0.023193
v 3.969142 -1.549887 0.023193
v 3.912236 -1.790134 0.023193
v 3.819826 -2.011547 0.023193
v 3.695463 -2.403845 0.023193
v 3.631007 -2.403845 0.023193
v 3.614197 -1.662696 0.023193
v 3.715346 0.752161 0.144165
v 3.715189 0.846178 0.142972
v 3.843021 0.855674 0.164038
v 3.938009 -0.574027 0.179692
v 3.950296 -1.050189 0.181716
v 3.969142 -1.300038 0.184822
v 3.950296 -1.549887 0.181716
v 3.894484 -1.790134 0.172519
v 3.803850 -2.011547 0.157583
v 3.681877 -2.403845 0.137482
v 3.618599 -2.403845 0.127567
v 3.602287 -1.662696 0.123372
v 3.672754 0.752161 0.260488
v 3.673018 0.846178 0.258148
v 3.793433 0.855674 0.299470
v 3.882910 -0.574027 0.330176
v 3.894484 -1.050189 0.334148
v 3.912236 -1.300038 0.340240
v 3.894484 -1.549887 0.334148
v 3.841910 -1.790134 0.316106
v 3.756534 -2.011547 0.286808
v 3.641638 -2.403845 0.247379
v 3.581851 -2.403845 0.227929
v 3.567017 -1.662696 0.219701
v 3.603590 0.752161 0.367693
v 3.604536 0.846178 0.364294
v 3.712906 0.855674 0.424285
v 3.793433 -0.574027 0.468863
v 3.803850 -1.050189 0.474629
v 3.819826 -1.300038 0.483473
v 3.803850 -1.549887 0.474629
v 3.756534 -1.790134 0.448437
v 3.679698 -2.011547 0.405902
v 3.576294 -2.403845 0.348660
v 3.522177 -2.403845 0.320424
v 3.509740 -1.662696 0.308478
v 3.510510 0.752161 0.461658
v 3.512374 0.846178 0.457332
v 3.604536 0.855674 0.533687
v 3.673018 -0.574027 0.590423
v 3.681877 -1.050189 0.597762
v 3.695463 -1.300038 0.609019
v 3.681877 -1.549887 0.597762
v 3.641638 -1.790134 0.564426
v 3.576294 -2.011547 0.510289
v 3.488357 -2.403845 0.437434
v 3.441868 -2.403845 0.401496
v 3.432659 -1.662696 0.386292
v 3.397091 0.752161 0.538773
v 3.400074 0.846178 0.533687
v 3.472485 0.855674 0.623470
v 3.526292 -0.574027 0.690185
v 3.533252 -1.050189 0.698815
v 3.543927 -1.300038 0.712051
v 3.533252 -1.549887 0.698815
v 3.501637 -1.790134 0.659615
v 3.450296 -2.011547 0.595958
v 3.381204 -2.403845 0.510289
v 3.344012 -2.403845 0.468030
v 3.338736 -1.662696 0.450152
v 3.267693 0.752161 0.596075
v 3.271953 0.846178 0.590423
v 3.321830 0.855674 0.690185
v 3.358893 -0.574027 0.764315
v 3.363687 -1.050189 0.773904
v 3.371040 -1.300038 0.788611
v 3.363687 -1.549887 0.773904
v 3.341910 -1.790134 0.730347
v 3.306546 -2.011547 0.659615
v 3.258955 -2.403845 0.564426
v 3.232369 -2.403845 0.517470
v 3.231580 -1.662696 0.497605
v 3.127288 0.752161 0.631361
v 3.132933 0.846178 0.625362
v 3.158360 0.855674 0.731268
v 3.177254 -0.574027 0.809964
v 3.179698 -1.050189 0.820144
v 3.183447 -1.300038 0.835757
v 3.179698 -1.549887 0.820144
v 3.168597 -1.790134 0.773904
v 3.150568 -2.011547 0.698815
v 3.126306 -2.403845 0.597762
v 3.111229 -2.403845 0.547914
v 3.115308 -1.662696 0.526826
v 2.988357 0.855674 0.745140
v 2.988357 -1.050189 0.835757
v 2.988357 -1.300038 0.851676
v 2.988357 -1.549887 0.835757
v 2.988357 -2.011547 0.712051
v 2.985247 -2.403845 0.558194
v 2.988357 0.847036 0.646914
v 2.851064 0.847036 0.634930
v 2.749758 0.847036 0.599436
v 2.656394 0.847036 0.541798
v 2.574559 0.847036 0.464231
v 2.507400 0.847036 0.369714
v 2.457495 0.847036 0.261881
v 2.426764 0.847036 0.144875
v 2.416388 0.847036 0.023193
v 2.426764 0.847036 -0.098489
v 2.457495 0.847036 -0.215495
v 2.507400 0.847036 -0.323328
v 2.574559 0.847036 -0.417844
v 2.656394 0.847036 -0.495412
v 2.749758 0.847036 -0.553050
v 2.851064 0.847036 -0.588543
v 2.988357 0.847036 -0.600528
v 3.135230 0.847036 -0.588543
v 3.276459 0.847036 -0.553050
v 3.406616 0.847036 -0.495412
v 3.520700 0.847036 -0.417844
v 3.614326 0.847036 -0.323328
v 3.683897 0.847036 -0.215495
v 3.726738 0.847036 -0.098489
v 3.741204 0.847036 0.023193
v 3.726738 0.847036 0.144875
v 3.683897 0.847036 0.261881
v 3.614326 0.847036 0.369714
v 3.520700 0.847036 0.464231
v 3.406616 0.847036 0.541798
v 3.276459 0.847036 0.599436
v 3.135230 0.847036 0.634930
vn 0.1359 -0.7464 -0.6515
vn 0.1491 -0.6885 -0.7098
vn -0.0025 -0.7006 -0.7135
vn -0.0015 -0.7354 -0.6776
vn -0.2123 0.0387 0.9764
vn -0.2128 0.0426 0.9762
vn -0.0053 0.0427 0.9991
vn -0.0050 0.0388 0.9992
vn -0.2127 -0.0000 0.9771
vn -0.0054 -0.0000 1.0000
vn -0.2109 -0.1271 0.9692
vn -0.0052 -0.1278 0.9918
vn -0.2049 -0.2578 0.9442
vn -0.0045 -0.2591 0.9658
vn -0.2024 -0.2902 0.9353
vn -0.0035 -0.2909 0.9567
vn 0.1699 0.6420 -0.7476
vn 0.1470 0.6682 -0.7293
vn -0.0016 0.6695 -0.7428
vn 0.0039 0.6645 -0.7473
vn -0.1354 -0.7683 0.6256
vn -0.0019 -0.7763 0.6304
vn 0.0186 0.9961 -0.0860
vn -0.1457 0.7290 0.6688
vn -0.0033 0.7371 0.6757
vn 0.0003 0.9961 -0.0877
vn -0.4161 -0.2535 0.8733
vn -0.4129 -0.2851 0.8650
vn 0.3406 0.6320 -0.6962
vn 0.3218 0.6485 -0.6899
vn -0.2757 -0.7700 0.5754
vn 0.0387 0.9960 -0.0809
vn -0.2937 0.7325 0.6142
vn 0.2888 -0.7407 -0.6066
vn -0.4301 0.0380 0.9020
vn 0.3109 -0.6927 -0.6508
vn -0.4302 0.0418 0.9017
vn -0.4301 -0.0000 0.9028
vn -0.4268 -0.1249 0.8957
vn -0.6095 0.0407 0.7918
vn -0.6094 -0.0000 0.7928
vn -0.6049 -0.1219 0.7869
vn -0.5905 -0.2478 0.7681
vn -0.5860 -0.2785 0.7609
vn 0.4824 0.6223 -0.6165
vn 0.4670 0.6350 -0.6154
vn -0.3909 -0.7690 0.5058
vn 0.0562 0.9958 -0.0728
vn -0.4149 0.7339 0.5378
vn 0.4107 -0.7388 -0.5344
vn -0.6093 0.0370 0.7921
vn 0.4400 -0.6931 -0.5710
vn 0.5987 0.6149 -0.5133
vn 0.5878 0.6235 -0.5155
vn -0.7270 -0.2713 0.6307
vn -0.4846 -0.7679 0.4189
vn 0.0715 0.9955 -0.0619
vn -0.5123 0.7354 0.4436
vn 0.5103 -0.7368 -0.4435
vn -0.7545 0.0360 0.6553
vn 0.5442 -0.6936 -0.4720
vn -0.7546 0.0396 0.6549
vn -0.7548 -0.0000 0.6560
vn -0.7495 -0.1186 0.6513
vn -0.7325 -0.2414 0.6365
vn -0.8644 0.0385 0.5012
vn -0.8648 -0.0000 0.5021
vn -0.8590 -0.1156 0.4987
vn -0.8405 -0.2355 0.4879
vn -0.8343 -0.2647 0.4836
vn 0.6875 0.6096 -0.3947
vn 0.6811 0.6145 -0.3981
vn -0.5557 -0.7669 0.3210
vn 0.0840 0.9953 -0.0486
vn -0.5852 0.7369 0.3385
vn 0.5863 -0.7351 -0.3404
vn -0.8644 0.0351 0.5015
vn 0.6229 -0.6941 -0.3609
vn -0.9089 -0.2594 0.3265
vn -0.6051 -0.7661 0.2167
vn 0.0934 0.9951 -0.0335
vn -0.6352 0.7380 0.2278
vn 0.6392 -0.7339 -0.2300
vn -0.9404 0.0343 0.3382
vn 0.6771 -0.6945 -0.2432
vn -0.9404 0.0377 0.3380
vn -0.9409 -0.0000 0.3386
vn -0.9349 -0.1132 0.3364
vn -0.9155 -0.2309 0.3294
vn 0.7492 0.6061 -0.2670
vn 0.7465 0.6081 -0.2701
vn -0.9854 -0.0000 0.1703
vn -0.9792 -0.1117 0.1692
vn -0.9595 -0.2279 0.1658
vn -0.9526 -0.2560 0.1643
vn 0.7855 0.6041 -0.1345
vn 0.7850 0.6043 -0.1363
vn -0.6341 -0.7655 0.1090
vn 0.0991 0.9949 -0.0171
vn -0.6642 0.7388 0.1144
vn 0.6702 -0.7331 -0.1158
vn -0.9849 0.0338 0.1701
vn 0.7088 -0.6948 -0.1223
vn -0.9847 0.0372 0.1700
vn 0.1010 0.9949 -0.0000
vn -0.6737 0.7390 -0.0000
vn -0.6436 -0.7654 -0.0000
vn 0.6805 -0.7328 -0.0000
vn -0.9994 0.0337 -0.0000
vn 0.7191 -0.6949 -0.0000
vn -0.9993 0.0370 -0.0000
vn -1.0000 -0.0000 -0.0000
vn -0.9938 -0.1111 -0.0000
vn -0.9739 -0.2269 -0.0000
vn -0.9670 -0.2549 -0.0000
vn 0.7974 0.6035 -0.0000
vn 0.7978 0.6030 -0.0000
vn -0.9854 -0.0000 -0.1703
vn -0.9792 -0.1117 -0.1692
vn -0.9595 -0.2279 -0.1658
vn -0.9526 -0.2560 -0.1643
vn 0.7855 0.6041 0.1345
vn 0.7850 0.6042 0.1363
vn -0.6341 -0.7655 -0.1090
vn 0.0991 0.9949 0.0171
vn -0.6642 0.7388 -0.1144
vn 0.6702 -0.7331 0.1158
vn -0.9849 0.0338 -0.1701
vn 0.7088 -0.6948 0.1223
vn -0.9847 0.0372 -0.1700
vn -0.6051 -0.7661 -0.2167
vn 0.6392 -0.7339 0.2300
vn -0.6352 0.7380 -0.2278
vn -0.9404 0.0343 -0.3382
vn 0.6771 -0.6945 0.2432
vn -0.9404 0.0377 -0.3380
vn -0.9409 -0.0000 -0.3386
vn -0.9349 -0.1132 -0.3364
vn -0.9155 -0.2309 -0.3294
vn -0.9089 -0.2594 -0.3265
vn 0.7492 0.6061 0.2670
vn 0.7465 0.6081 0.2701
vn 0.0934 0.9951 0.0335
vn -0.8590 -0.1156 -0.4987
vn -0.8405 -0.2355 -0.4879
vn -0.8343 -0.2647 -0.4836
vn 0.6875 0.6096 0.3947
vn 0.6811 0.6145 0.3981
vn -0.5557 -0.7669 -0.3210
vn 0.0840 0.9953 0.0486
vn -0.5852 0.7369 -0.3385
vn 0.5863 -0.7351 0.3404
vn -0.8644 0.0351 -0.5015
vn 0.6229 -0.6941 0.3609
vn -0.8644 0.0385 -0.5012
vn -0.8648 -0.0000 -0.5021
vn 0.5103 -0.7368 0.4435
vn 0.5442 -0.6936 0.4720
vn -0.7545 0.0360 -0.6553
vn -0.7546 0.0396 -0.6549
vn -0.7548 -0.0000 -0.6560
vn -0.7495 -0.1186 -0.6513
vn -0.7325 -0.2414 -0.6365
vn -0.7270 -0.2713 -0.6307
vn 0.5987 0.6149 0.5133
vn 0.5878 0.6235 0.5155
vn -0.4846 -0.7679 -0.4189
vn 0.0715 0.9955 0.0619
vn -0.5123 0.7354 -0.4436
vn -0.5905 -0.2478 -0.7681
vn -0.5860 -0.2785 -0.7609
vn 0.4824 0.6223 0.6165
vn 0.4670 0.6350 0.6154
vn -0.3909 -0.7690 -0.5058
vn 0.0562 0.9958 0.0728
vn -0.4149 0.7339 -0.5378
vn 0.4107 -0.7388 0.5344
vn -0.6093 0.0370 -0.7921
vn 0.4400 -0.6931 0.5710
vn -0.6095 0.0407 -0.7918
vn -0.6094 -0.0000 -0.7928
vn -0.6049 -0.1219 -0.7869
vn -0.4301 0.0380 -0.9020
vn -0.4302 0.0418 -0.9017
vn -0.4301 -0.0000 -0.9028
vn -0.4268 -0.1249 -0.8957
vn -0.4161 -0.2535 -0.8733
vn -0.4129 -0.2851 -0.8650
vn 0.3406 0.6320 0.6962
vn 0.3218 0.6485 0.6899
vn -0.2757 -0.7700 -0.5754
vn 0.0387 0.9960 0.0809
vn -0.2937 0.7325 -0.6142
vn 0.2888 -0.7407 0.6066
vn 0.3109 -0.6927 0.6508
vn -0.2049 -0.2578 -0.9442
vn -0.2024 -0.2902 -0.9353
vn 0.1699 0.6420 0.7476
vn 0.1470 0.6682 0.7293
vn -0.1354 -0.7683 -0.6256
vn 0.0186 0.9961 0.0860
vn -0.1457 0.7290 -0.6688
vn 0.1359 -0.7464 0.6515
vn -0.2123 0.0387 -0.9764
vn 0.1491 -0.6885 0.7098
vn -0.2128 0.0426 -0.9762
vn -0.2127 -0.0000 -0.9771
vn -0.2109 -0.1271 -0.9692
vn -0.0053 0.0427 -0.9991
vn -0.0054 -0.0000 -1.0000
vn -0.0052 -0.1278 -0.9918
vn -0.0045 -0.2591 -0.9658
vn -0.0035 -0.2909 -0.9567
vn 0.0039 0.6645 0.7473
vn -0.0016 0.6695 0.7428
vn -0.0019 -0.7763 -0.6304
vn 0.0003 0.9961 0.0877
vn -0.0033 0.7371 -0.6757
vn -0.0016 -0.7354 0.6776
vn -0.0050 0.0388 -0.9992
vn -0.0025 -0.7006 0.7135
vn -0.1185 0.6695 0.7333
vn -0.1226 0.6745 0.7280
vn 0.1558 -0.2928 -0.9434
vn 0.1020 -0.7770 -0.6211
vn -0.0142 0.9962 0.0859
vn 0.1097 0.7378 -0.6661
vn -0.1102 -0.7354 0.6687
vn 0.1630 0.0391 -0.9858
vn -0.1170 -0.6988 0.7057
vn 0.1629 0.0430 -0.9857
vn 0.1633 -0.0000 -0.9866
vn 0.1620 -0.1287 -0.9784
vn 0.1576 -0.2609 -0.9524
vn 0.3250 0.0438 -0.9447
vn 0.3259 -0.0000 -0.9454
vn 0.3231 -0.1309 -0.9373
vn 0.3142 -0.2651 -0.9116
vn 0.3105 -0.2975 -0.9028
vn -0.2384 0.6730 0.7002
vn -0.2404 0.6798 0.6929
vn 0.2034 -0.7779 -0.5946
vn -0.0278 0.9963 0.0809
vn 0.2194 0.7370 -0.6394
vn -0.2203 -0.7355 0.6407
vn 0.3254 0.0398 -0.9447
vn -0.2335 -0.6977 0.6773
vn 0.4620 -0.3051 -0.8327
vn 0.3029 -0.7792 -0.5488
vn -0.0403 0.9965 0.0729
vn 0.3280 0.7357 -0.5926
vn -0.3284 -0.7363 0.5917
vn 0.4853 0.0409 -0.8734
vn -0.3487 -0.6962 0.6274
vn 0.4849 0.0450 -0.8734
vn 0.4861 -0.0000 -0.8739
vn 0.4817 -0.1344 -0.8660
vn 0.4677 -0.2718 -0.8410
vn -0.3559 0.6757 0.6455
vn -0.3548 0.6855 0.6358
vn 0.6399 -0.0000 -0.7684
vn 0.6337 -0.1389 -0.7610
vn 0.6141 -0.2804 -0.7377
vn 0.6064 -0.3147 -0.7302
vn -0.4686 0.6777 0.5667
vn -0.4628 0.6913 0.5549
vn 0.3978 -0.7809 -0.4816
vn -0.0513 0.9968 0.0620
vn 0.4333 0.7341 -0.5228
vn -0.4317 -0.7375 0.5194
vn 0.6389 0.0423 -0.7681
vn -0.4600 -0.6946 0.5531
vn 0.6384 0.0466 -0.7683
vn 0.4839 -0.7827 -0.3914
vn -0.5251 -0.7390 0.4220
vn 0.5301 0.7324 -0.4273
vn 0.7790 0.0439 -0.6255
vn -0.5622 -0.6929 0.4515
vn 0.7785 0.0483 -0.6258
vn 0.7801 -0.0000 -0.6257
vn 0.7719 -0.1439 -0.6192
vn 0.7465 -0.2898 -0.5990
vn 0.7368 -0.3254 -0.5927
vn -0.5712 0.6791 0.4611
vn -0.5596 0.6970 0.4485
vn -0.0604 0.9970 0.0487
vn 0.8855 -0.1486 -0.4402
vn 0.8546 -0.2985 -0.4250
vn 0.8431 -0.3353 -0.4203
vn -0.6559 0.6799 0.3280
vn -0.6379 0.7018 0.3170
vn 0.5545 -0.7844 -0.2780
vn -0.0671 0.9972 0.0336
vn 0.6106 0.7308 -0.3050
vn -0.6015 -0.7406 0.2995
vn 0.8943 0.0454 -0.4451
vn -0.6469 -0.6913 0.3220
vn 0.8940 0.0500 -0.4454
vn 0.8955 -0.0000 -0.4451
vn 0.6649 0.7297 -0.1595
vn 0.9716 0.0465 -0.2322
vn -0.6522 -0.7418 0.1559
vn -0.7039 -0.6901 0.1682
vn 0.9713 0.0512 -0.2323
vn 0.9727 -0.0000 -0.2321
vn 0.9614 -0.1519 -0.2295
vn 0.9264 -0.3048 -0.2212
vn 0.9137 -0.3425 -0.2187
vn -0.7128 0.6802 0.1711
vn -0.6897 0.7052 0.1646
vn 0.6015 -0.7856 -0.1448
vn -0.0713 0.9973 0.0171
vn 0.9882 -0.1532 -0.0000
vn 0.9517 -0.3071 -0.0000
vn 0.9386 -0.3451 -0.0000
vn -0.7329 0.6803 -0.0000
vn -0.7079 0.7064 -0.0000
vn 0.6182 -0.7860 -0.0000
vn -0.0727 0.9974 -0.0000
vn 0.6842 0.7293 -0.0000
vn -0.6701 -0.7423 -0.0000
vn 0.9989 0.0469 -0.0000
vn -0.7241 -0.6897 -0.0000
vn 0.9987 0.0516 -0.0000
vn 1.0000 -0.0000 -0.0000
vn -0.6522 -0.7418 -0.1559
vn -0.7039 -0.6901 -0.1682
vn 0.9716 0.0465 0.2322
vn 0.9713 0.0512 0.2323
vn 0.9727 -0.0000 0.2321
vn 0.9614 -0.1519 0.2295
vn 0.9264 -0.3048 0.2212
vn 0.9137 -0.3425 0.2187
vn -0.7128 0.6802 -0.1711
vn -0.6897 0.7052 -0.1646
vn 0.6015 -0.7856 0.1448
vn -0.0713 0.9973 -0.0171
vn 0.6649 0.7297 0.1595
vn 0.8546 -0.2985 0.4250
vn 0.8431 -0.3353 0.4203
vn -0.6559 0.6799 -0.3280
vn -0.6379 0.7018 -0.3170
vn 0.5545 -0.7844 0.2780
vn -0.0671 0.9972 -0.0336
vn 0.6106 0.7308 0.3050
vn -0.6015 -0.7406 -0.2995
vn 0.8943 0.0454 0.4451
vn -0.6469 -0.6913 -0.3220
vn 0.8940 0.0500 0.4454
vn 0.8955 -0.0000 0.4451
vn 0.8855 -0.1486 0.4402
vn 0.7790 0.0439 0.6255
vn 0.7785 0.0483 0.6258
vn 0.7801 -0.0000 0.6257
vn 0.7719 -0.1439 0.6192
vn 0.7465 -0.2898 0.5990
vn 0.7368 -0.3254 0.5927
vn -0.5712 0.6791 -0.4611
vn -0.5596 0.6970 -0.4485
vn 0.4839 -0.7827 0.3914
vn -0.0604 0.9970 -0.0487
vn 0.5301 0.7324 0.4273
vn -0.5251 -0.7390 -0.4220
vn -0.5622 -0.6929 -0.4515
vn 0.6141 -0.2804 0.7377
vn 0.6064 -0.3147 0.7302
vn -0.4686 0.6777 -0.5667
vn -0.4628 0.6913 -0.5549
vn 0.3978 -0.7809 0.4816
vn -0.0514 0.9968 -0.0620
vn 0.4333 0.7341 0.5228
vn -0.4317 -0.7375 -0.5194
vn 0.6389 0.0423 0.7681
vn -0.4600 -0.6946 -0.5531
vn 0.6384 0.0466 0.7683
vn 0.6399 -0.0000 0.7684
vn 0.6337 -0.1389 0.7610
vn 0.4849 0.0450 0.8734
vn 0.4861 -0.0000 0.8739
vn 0.4817 -0.1344 0.8660
vn 0.4677 -0.2718 0.8410
vn 0.4620 -0.3051 0.8327
vn -0.3559 0.6757 -0.6455
vn -0.3548 0.6855 -0.6358
vn 0.3029 -0.7792 0.5488
vn -0.0403 0.9965 -0.0729
vn 0.3280 0.7357 0.5926
vn -0.3284 -0.7363 -0.5917
vn 0.4853 0.0409 0.8734
vn -0.3487 -0.6962 -0.6274
vn 0.3105 -0.2975 0.9028
vn 0.2034 -0.7779 0.5946
vn -0.0278 0.9963 -0.0809
vn 0.2194 0.7370 0.6394
vn -0.2203 -0.7355 -0.6407
vn 0.3254 0.0398 0.9447
vn -0.2335 -0.6977 -0.6773
vn 0.3250 0.0438 0.9447
vn 0.3259 -0.0000 0.9454
vn 0.3231 -0.1309 0.9373
vn 0.3142 -0.2651 0.9116
vn -0.2384 0.6730 -0.7002
vn -0.2404 0.6798 -0.6929
vn 0.1633 -0.0000 0.9866
vn 0.1620 -0.1287 0.9784
vn 0.1576 -0.2609 0.9524
vn 0.1558 -0.2928 0.9434
vn -0.1185 0.6695 -0.7333
vn -0.1226 0.6745 -0.7280
vn 0.1020 -0.7770 0.6211
vn -0.0142 0.9962 -0.0859
vn 0.1097 0.7378 0.6661
vn -0.1102 -0.7354 -0.6687
vn 0.1630 0.0391 0.9858
vn -0.1170 -0.6988 -0.7057
vn 0.1629 0.0430 0.9857
vt 0.918405 0.668908
vt 0.923184 0.676254
vt 0.862724 0.827606
vt 0.659918 0.855306
vt 0.587890 0.778341
vt 0.580348 0.698637
vt 0.923355 0.656264
vt 0.935146 0.664902
vt 0.944789 0.678115
vt 0.881639 0.847024
vt 0.804313 0.898645
vt 0.750119 0.909873
vt 0.693829 0.904592
vt 0.643634 0.883114
vt 0.605091 0.850699
vt 0.568919 0.784650
vt 0.565325 0.777377
vt 0.576061 0.692595
vt 0.924887 0.642753
vt 0.945386 0.649107
vt 0.963289 0.666509
vt 0.900085 0.863177
vt 0.816645 0.928500
vt 0.752367 0.945321
vt 0.684107 0.938103
vt 0.625368 0.908795
vt 0.583923 0.866377
vt 0.552392 0.787653
vt 0.549516 0.779647
vt 0.572776 0.684447
vt 0.922864 0.626319
vt 0.946966 0.614337
vt 0.954586 0.623249
vt 0.990570 0.641949
vt 0.965922 0.586730
vt 0.922079 0.879713
vt 0.829449 0.434063
vt 0.833986 0.962796
vt 0.743860 0.401702
vt 0.756163 0.991190
vt 0.688094 0.399995
vt 0.669940 0.979993
vt 0.631001 0.415689
vt 0.599888 0.938409
vt 0.582972 0.451045
vt 0.557013 0.881439
vt 0.554004 0.497869
vt 0.533018 0.787947
vt 0.539021 0.574528
vt 0.532273 0.778882
vt 0.542188 0.581887
vt 0.570776 0.672419
vt 0.915743 0.612839
vt 0.927660 0.600098
vt 0.936287 0.581729
vt 0.818020 0.454518
vt 0.740276 0.430167
vt 0.692249 0.430726
vt 0.644507 0.445127
vt 0.603789 0.473283
vt 0.575840 0.510078
vt 0.555724 0.575755
vt 0.556775 0.581994
vt 0.573619 0.664373
vt 0.906473 0.604120
vt 0.911909 0.593291
vt 0.915506 0.580318
vt 0.808461 0.474031
vt 0.738260 0.455954
vt 0.696629 0.457836
vt 0.655913 0.470558
vt 0.620635 0.493319
vt 0.594475 0.522824
vt 0.570707 0.578732
vt 0.570863 0.584136
vt 0.578054 0.657998
vt 0.897157 0.599337
vt 0.899155 0.590607
vt 0.899949 0.580934
vt 0.800576 0.492455
vt 0.737312 0.479267
vt 0.700933 0.481856
vt 0.665651 0.492935
vt 0.634604 0.511538
vt 0.610251 0.535462
vt 0.584468 0.582801
vt 0.583891 0.587439
vt 0.583270 0.653315
vt 0.888860 0.597321
vt 0.888713 0.590418
vt 0.887720 0.583008
vt 0.794135 0.509779
vt 0.737081 0.500320
vt 0.704995 0.503207
vt 0.674004 0.512842
vt 0.646326 0.528175
vt 0.623643 0.547720
vt 0.596898 0.587688
vt 0.595685 0.591586
vt 0.588731 0.650130
vt 0.881513 0.597509
vt 0.880133 0.591995
vt 0.877984 0.586346
vt 0.788971 0.525949
vt 0.737309 0.519331
vt 0.708728 0.522178
vt 0.681187 0.530671
vt 0.656211 0.543392
vt 0.635020 0.559449
vt 0.607821 0.593164
vt 0.606128 0.596307
vt 0.594104 0.648198
vt 0.875775 0.599569
vt 0.873338 0.594967
vt 0.870248 0.590491
vt 0.784863 0.540844
vt 0.737839 0.536567
vt 0.712244 0.539700
vt 0.687479 0.546773
vt 0.664661 0.557299
vt 0.644687 0.570560
vt 0.617414 0.598961
vt 0.615228 0.601619
vt 0.598382 0.648097
vt 0.870753 0.602273
vt 0.867801 0.598592
vt 0.864207 0.595142
vt 0.781766 0.554619
vt 0.738598 0.552092
vt 0.715352 0.555230
vt 0.692807 0.561283
vt 0.671755 0.570056
vt 0.652830 0.581057
vt 0.625701 0.605091
vt 0.623151 0.607247
vt 0.602274 0.648584
vt 0.866661 0.605364
vt 0.863404 0.602554
vt 0.859526 0.599981
vt 0.779499 0.567290
vt 0.739479 0.566092
vt 0.718095 0.569138
vt 0.697319 0.574386
vt 0.677699 0.581764
vt 0.659660 0.590946
vt 0.632749 0.611327
vt 0.629928 0.613056
vt 0.605735 0.649576
vt 0.863481 0.608683
vt 0.860039 0.606699
vt 0.855996 0.604872
vt 0.777902 0.578934
vt 0.740425 0.578773
vt 0.720513 0.581690
vt 0.701138 0.586286
vt 0.682666 0.592545
vt 0.665366 0.600266
vt 0.638675 0.617555
vt 0.635656 0.618942
vt 0.608735 0.651005
vt 0.861160 0.612147
vt 0.857608 0.610952
vt 0.853456 0.609755
vt 0.776845 0.589667
vt 0.741406 0.590345
vt 0.722648 0.593125
vt 0.704368 0.597186
vt 0.686802 0.602542
vt 0.670108 0.609082
vt 0.643605 0.623713
vt 0.640441 0.624842
vt 0.611257 0.652821
vt 0.859653 0.615734
vt 0.856030 0.615295
vt 0.851768 0.614619
vt 0.776227 0.599635
vt 0.742412 0.601022
vt 0.724547 0.603674
vt 0.707103 0.607297
vt 0.690232 0.611916
vt 0.674024 0.617486
vt 0.647666 0.629787
vt 0.644389 0.630729
vt 0.613295 0.655004
vt 0.858947 0.619484
vt 0.855229 0.619759
vt 0.850808 0.619503
vt 0.775968 0.609023
vt 0.743446 0.611021
vt 0.726261 0.613572
vt 0.709427 0.616837
vt 0.693061 0.620844
vt 0.677237 0.625599
vt 0.651004 0.635836
vt 0.647593 0.636649
vt 0.614782 0.657553
vt 0.859392 0.625256
vt 0.855179 0.625747
vt 0.850442 0.625677
vt 0.776125 0.620242
vt 0.744791 0.622764
vt 0.728182 0.625171
vt 0.711839 0.628123
vt 0.695893 0.631625
vt 0.680447 0.635679
vt 0.654561 0.644097
vt 0.651223 0.645157
vt 0.615945 0.661946
vt 0.860209 0.632271
vt 0.855245 0.632541
vt 0.850206 0.632704
vt 0.776737 0.632642
vt 0.746349 0.635636
vt 0.730207 0.637991
vt 0.714253 0.640586
vt 0.698609 0.643435
vt 0.683366 0.646528
vt 0.657612 0.652897
vt 0.654159 0.653488
vt 0.618249 0.666111
vt 0.859286 0.639623
vt 0.854766 0.639461
vt 0.849735 0.639800
vt 0.777697 0.644571
vt 0.747921 0.648049
vt 0.732078 0.650394
vt 0.716370 0.652675
vt 0.700903 0.654928
vt 0.685735 0.657135
vt 0.659971 0.661616
vt 0.656399 0.661769
vt 0.620083 0.670301
vt 0.858399 0.645981
vt 0.854277 0.645912
vt 0.849391 0.646606
vt 0.778990 0.656019
vt 0.749511 0.660013
vt 0.733799 0.662362
vt 0.718196 0.664364
vt 0.702777 0.666079
vt 0.687562 0.667484
vt 0.661641 0.670180
vt 0.657942 0.669944
vt 0.621434 0.674408
vt 0.857985 0.651586
vt 0.854177 0.651810
vt 0.849482 0.652945
vt 0.780609 0.667005
vt 0.751122 0.671563
vt 0.735374 0.673916
vt 0.719729 0.675665
vt 0.704230 0.676894
vt 0.688849 0.677578
vt 0.662631 0.678543
vt 0.658793 0.677976
vt 0.622381 0.678316
vt 0.858147 0.656561
vt 0.854635 0.657179
vt 0.850156 0.658770
vt 0.782558 0.677587
vt 0.752763 0.682772
vt 0.736808 0.685119
vt 0.720971 0.686634
vt 0.705255 0.687422
vt 0.689587 0.687452
vt 0.662944 0.686691
vt 0.658952 0.685853
vt 0.622791 0.681969
vt 0.858951 0.660963
vt 0.855742 0.662050
vt 0.851471 0.664097
vt 0.784858 0.687867
vt 0.754452 0.693763
vt 0.738108 0.696090
vt 0.721918 0.697389
vt 0.705835 0.697766
vt 0.689747 0.697184
vt 0.662569 0.694651
vt 0.658401 0.693595
vt 0.622594 0.685354
vt 0.860479 0.664845
vt 0.857585 0.666454
vt 0.853466 0.668986
vt 0.787556 0.698002
vt 0.756225 0.704725
vt 0.739285 0.707009
vt 0.722564 0.708113
vt 0.705936 0.708090
vt 0.689275 0.706896
vt 0.661466 0.702503
vt 0.657094 0.701257
vt 0.621843 0.688440
vt 0.862861 0.668263
vt 0.860280 0.670417
vt 0.856180 0.673528
vt 0.790732 0.708209
vt 0.758135 0.715930
vt 0.740346 0.718107
vt 0.722896 0.719074
vt 0.705510 0.718631
vt 0.688082 0.716767
vt 0.659541 0.710397
vt 0.654920 0.708908
vt 0.620464 0.691221
vt 0.866134 0.671118
vt 0.863799 0.674021
vt 0.859896 0.677702
vt 0.794473 0.718769
vt 0.760171 0.727729
vt 0.741356 0.729941
vt 0.722803 0.730635
vt 0.704412 0.729668
vt 0.686134 0.727014
vt 0.656456 0.718262
vt 0.651826 0.716543
vt 0.618391 0.693667
vt 0.870428 0.673469
vt 0.868394 0.677164
vt 0.864622 0.681577
vt 0.799009 0.729990
vt 0.762508 0.740486
vt 0.742294 0.742777
vt 0.722298 0.743174
vt 0.702576 0.741541
vt 0.683181 0.737879
vt 0.652299 0.726243
vt 0.647572 0.724260
vt 0.615551 0.695770
vt 0.875896 0.675349
vt 0.874200 0.679859
vt 0.870622 0.685134
vt 0.804590 0.742197
vt 0.765256 0.754650
vt 0.743189 0.757108
vt 0.721292 0.757152
vt 0.699827 0.754640
vt 0.679020 0.749644
vt 0.646817 0.734510
vt 0.642009 0.732163
vt 0.611840 0.697555
vt 0.882657 0.676708
vt 0.881362 0.682030
vt 0.878167 0.688262
vt 0.811537 0.755712
vt 0.768569 0.770728
vt 0.744063 0.773493
vt 0.719661 0.773095
vt 0.695929 0.769395
vt 0.673362 0.762590
vt 0.639713 0.743133
vt 0.634889 0.740274
vt 0.607283 0.699101
vt 0.890747 0.677400
vt 0.889984 0.683479
vt 0.887517 0.690720
vt 0.820265 0.770833
vt 0.772659 0.789290
vt 0.744942 0.792574
vt 0.717231 0.791615
vt 0.690551 0.786279
vt 0.665812 0.776986
vt 0.630645 0.752076
vt 0.625917 0.748520
vt 0.601864 0.700213
vt 0.900003 0.677139
vt 0.900069 0.683792
vt 0.898895 0.692030
vt 0.831286 0.787799
vt 0.777832 0.810989
vt 0.745875 0.815125
vt 0.713756 0.813438
vt 0.683235 0.805815
vt 0.655840 0.793077
vt 0.619227 0.761179
vt 0.614764 0.756725
vt 0.595472 0.700575
vt 0.910177 0.675421
vt 0.911426 0.682071
vt 0.912440 0.691199
vt 0.845212 0.806739
vt 0.784542 0.836594
vt 0.746949 0.842111
vt 0.708892 0.839471
vt 0.673334 0.828597
vt 0.642734 0.811053
vt 0.605071 0.770117
vt 0.601114 0.764570
vt 0.588246 0.700127
vt 0.927959 0.686559
vt 0.793480 0.867020
vt 0.748343 0.874809
vt 0.702134 0.870905
vt 0.625557 0.831009
vt 0.584737 0.771600
vt 0.923750 0.677067
vt 0.936154 0.665811
vt 0.947041 0.650128
vt 0.948642 0.612938
vt 0.956863 0.624124
vt 0.928657 0.598834
vt 0.912378 0.592281
vt 0.899327 0.589791
vt 0.888690 0.589754
vt 0.879974 0.591473
vt 0.873082 0.594549
vt 0.867491 0.598264
vt 0.863061 0.602306
vt 0.859674 0.606519
vt 0.857227 0.610833
vt 0.855635 0.615230
vt 0.854816 0.619736
vt 0.854744 0.625748
vt 0.854783 0.632561
vt 0.854300 0.639490
vt 0.853824 0.645970
vt 0.853740 0.651908
vt 0.854217 0.657320
vt 0.855343 0.662238
vt 0.857205 0.666694
vt 0.859909 0.670718
vt 0.863454 0.674379
vt 0.868069 0.677592
vt 0.873899 0.680363
vt 0.881101 0.682616
vt 0.889797 0.684150
vt 0.900015 0.684544
vt 0.911614 0.682877
s 1
usemtl Material.002
f 3002/3161/1626 3003/3162/1627 2991/3150/1628 3369/3538/1629
f 2995/3154/1630 2996/3155/1631 3365/3534/1632 2988/3147/1633
f 2996/3155/1631 2997/3156/1634 3366/3535/1635 3365/3534/1632
f 2997/3156/1634 2998/3157/1636 3367/3536/1637 3366/3535/1635
f 2998/3157/1636 2999/3158/1638 2989/3148/1639 3367/3536/1637
f 2999/3158/1638 3000/3159/1640 3368/3537/1641 2989/3148/1639
f 2992/3151/1642 2993/3152/1643 2987/3146/1644 2986/3145/1645
f 3000/3159/1640 3001/3160/1646 2990/3149/1647 3368/3537/1641
f 3371/3540/1648 2994/3153/1649 3364/3533/1650 3370/3539/1651
f 3001/3160/1646 3002/3161/1626 3369/3538/1629 2990/3149/1647
f 2994/3153/1649 2995/3154/1630 2988/3147/1633 3364/3533/1650
f 3011/3170/1652 3012/3171/1653 3000/3159/1640 2999/3158/1638
f 3004/3163/1654 3005/3164/1655 2993/3152/1643 2992/3151/1642
f 3012/3171/1653 3013/3172/1656 3001/3160/1646 3000/3159/1640
f 3372/3541/1657 3006/3165/1658 2994/3153/1649 3371/3540/1648
f 3013/3172/1656 3014/3173/1659 3002/3161/1626 3001/3160/1646
f 3006/3165/1658 3007/3166/1660 2995/3154/1630 2994/3153/1649
f 3014/3173/1659 3015/3174/1661 3003/3162/1627 3002/3161/1626
f 3007/3166/1660 3008/3167/1662 2996/3155/1631 2995/3154/1630
f 3008/3167/1662 3009/3168/1663 2997/3156/1634 2996/3155/1631
f 3009/3168/1663 3010/3169/1664 2998/3157/1636 2997/3156/1634
f 3010/3169/1664 3011/3170/1652 2999/3158/1638 2998/3157/1636
f 3020/3182/1665 3021/3184/1666 3009/3168/1663 3008/3167/1662
f 3021/3184/1666 3022/3186/1667 3010/3169/1664 3009/3168/1663
f 3022/3186/1667 3023/3188/1668 3011/3170/1652 3010/3169/1664
f 3023/3188/1668 3024/3190/1669 3012/3171/1653 3011/3170/1652
f 3016/3175/1670 3017/3177/1671 3005/3164/1655 3004/3163/1654
f 3024/3190/1669 3025/3192/1672 3013/3172/1656 3012/3171/1653
f 3373/3543/1673 3018/3178/1674 3006/3165/1658 3372/3541/1657
f 3025/3192/1672 3026/3194/1675 3014/3173/1659 3013/3172/1656
f 3018/3178/1674 3019/3180/1676 3007/3166/1660 3006/3165/1658
f 3026/3194/1675 3027/3196/1677 3015/3174/1661 3014/3173/1659
f 3019/3180/1676 3020/3182/1665 3008/3167/1662 3007/3166/1660
f 3028/3197/1678 3029/3198/1679 3017/3176/1671 3016/3175/1670
f 3036/3205/1680 3037/3206/1681 3025/3193/1672 3024/3191/1669
f 3374/3544/1682 3030/3199/1683 3018/3179/1674 3373/3542/1673
f 3037/3206/1681 3038/3207/1684 3026/3195/1675 3025/3193/1672
f 3030/3199/1683 3031/3200/1685 3019/3181/1676 3018/3179/1674
f 3038/3207/1684 3039/3208/1686 3027/3196/1677 3026/3195/1675
f 3031/3200/1685 3032/3201/1687 3020/3183/1665 3019/3181/1676
f 3032/3201/1687 3033/3202/1688 3021/3185/1666 3020/3183/1665
f 3033/3202/1688 3034/3203/1689 3022/3187/1667 3021/3185/1666
f 3034/3203/1689 3035/3204/1690 3023/3189/1668 3022/3187/1667
f 3035/3204/1690 3036/3205/1680 3024/3191/1669 3023/3189/1668
f 3044/3213/1691 3045/3214/1692 3033/3202/1688 3032/3201/1687
f 3045/3214/1692 3046/3215/1693 3034/3203/1689 3033/3202/1688
f 3046/3215/1693 3047/3216/1694 3035/3204/1690 3034/3203/1689
f 3047/3216/1694 3048/3217/1695 3036/3205/1680 3035/3204/1690
f 3040/3209/1696 3041/3210/1697 3029/3198/1679 3028/3197/1678
f 3048/3217/1695 3049/3218/1698 3037/3206/1681 3036/3205/1680
f 3375/3545/1699 3042/3211/1700 3030/3199/1683 3374/3544/1682
f 3049/3218/1698 3050/3219/1701 3038/3207/1684 3037/3206/1681
f 3042/3211/1700 3043/3212/1702 3031/3200/1685 3030/3199/1683
f 3050/3219/1701 3051/3220/1703 3039/3208/1686 3038/3207/1684
f 3043/3212/1702 3044/3213/1691 3032/3201/1687 3031/3200/1685
f 3060/3229/1704 3061/3230/1705 3049/3218/1698 3048/3217/1695
f 3376/3546/1706 3054/3223/1707 3042/3211/1700 3375/3545/1699
f 3061/3230/1705 3062/3231/1708 3050/3219/1701 3049/3218/1698
f 3054/3223/1707 3055/3224/1709 3043/3212/1702 3042/3211/1700
f 3062/3231/1708 3063/3232/1710 3051/3220/1703 3050/3219/1701
f 3055/3224/1709 3056/3225/1711 3044/3213/1691 3043/3212/1702
f 3056/3225/1711 3057/3226/1712 3045/3214/1692 3044/3213/1691
f 3057/3226/1712 3058/3227/1713 3046/3215/1693 3045/3214/1692
f 3058/3227/1713 3059/3228/1714 3047/3216/1694 3046/3215/1693
f 3059/3228/1714 3060/3229/1704 3048/3217/1695 3047/3216/1694
f 3052/3221/1715 3053/3222/1716 3041/3210/1697 3040/3209/1696
f 3069/3238/1717 3070/3239/1718 3058/3227/1713 3057/3226/1712
f 3070/3239/1718 3071/3240/1719 3059/3228/1714 3058/3227/1713
f 3071/3240/1719 3072/3241/1720 3060/3229/1704 3059/3228/1714
f 3064/3233/1721 3065/3234/1722 3053/3222/1716 3052/3221/1715
f 3072/3241/1720 3073/3242/1723 3061/3230/1705 3060/3229/1704
f 3377/3547/1724 3066/3235/1725 3054/3223/1707 3376/3546/1706
f 3073/3242/1723 3074/3243/1726 3062/3231/1708 3061/3230/1705
f 3066/3235/1725 3067/3236/1727 3055/3224/1709 3054/3223/1707
f 3074/3243/1726 3075/3244/1728 3063/3232/1710 3062/3231/1708
f 3067/3236/1727 3068/3237/1729 3056/3225/1711 3055/3224/1709
f 3068/3237/1729 3069/3238/1717 3057/3226/1712 3056/3225/1711
f 3378/3548/1730 3078/3247/1731 3066/3235/1725 3377/3547/1724
f 3085/3254/1732 3086/3255/1733 3074/3243/1726 3073/3242/1723
f 3078/3247/1731 3079/3248/1734 3067/3236/1727 3066/3235/1725
f 3086/3255/1733 3087/3256/1735 3075/3244/1728 3074/3243/1726
f 3079/3248/1734 3080/3249/1736 3068/3237/1729 3067/3236/1727
f 3080/3249/1736 3081/3250/1737 3069/3238/1717 3068/3237/1729
f 3081/3250/1737 3082/3251/1738 3070/3239/1718 3069/3238/1717
f 3082/3251/1738 3083/3252/1739 3071/3240/1719 3070/3239/1718
f 3083/3252/1739 3084/3253/1740 3072/3241/1720 3071/3240/1719
f 3076/3245/1741 3077/3246/1742 3065/3234/1722 3064/3233/1721
f 3084/3253/1740 3085/3254/1732 3073/3242/1723 3072/3241/1720
f 3093/3262/1743 3094/3263/1744 3082/3251/1738 3081/3250/1737
f 3094/3263/1744 3095/3264/1745 3083/3252/1739 3082/3251/1738
f 3095/3264/1745 3096/3265/1746 3084/3253/1740 3083/3252/1739
f 3088/3257/1747 3089/3258/1748 3077/3246/1742 3076/3245/1741
f 3096/3265/1746 3097/3266/1749 3085/3254/1732 3084/3253/1740
f 3379/3549/1750 3090/3259/1751 3078/3247/1731 3378/3548/1730
f 3097/3266/1749 3098/3267/1752 3086/3255/1733 3085/3254/1732
f 3090/3259/1751 3091/3260/1753 3079/3248/1734 3078/3247/1731
f 3098/3267/1752 3099/3268/1754 3087/3256/1735 3086/3255/1733
f 3091/3260/1753 3092/3261/1755 3080/3249/1736 3079/3248/1734
f 3092/3261/1755 3093/3262/1743 3081/3250/1737 3080/3249/1736
f 3109/3278/1756 3110/3279/1757 3098/3267/1752 3097/3266/1749
f 3102/3271/1758 3103/3272/1759 3091/3260/1753 3090/3259/1751
f 3110/3279/1757 3111/3280/1760 3099/3268/1754 3098/3267/1752
f 3103/3272/1759 3104/3273/1761 3092/3261/1755 3091/3260/1753
f 3104/3273/1761 3105/3274/1762 3093/3262/1743 3092/3261/1755
f 3105/3274/1762 3106/3275/1763 3094/3263/1744 3093/3262/1743
f 3106/3275/1763 3107/3276/1764 3095/3264/1745 3094/3263/1744
f 3107/3276/1764 3108/3277/1765 3096/3265/1746 3095/3264/1745
f 3100/3269/1766 3101/3270/1767 3089/3258/1748 3088/3257/1747
f 3108/3277/1765 3109/3278/1756 3097/3266/1749 3096/3265/1746
f 3380/3550/1768 3102/3271/1758 3090/3259/1751 3379/3549/1750
f 3118/3287/1769 3119/3288/1770 3107/3276/1764 3106/3275/1763
f 3119/3288/1770 3120/3289/1771 3108/3277/1765 3107/3276/1764
f 3112/3281/1772 3113/3282/1773 3101/3270/1767 3100/3269/1766
f 3120/3289/1771 3121/3290/1774 3109/3278/1756 3108/3277/1765
f 3381/3551/1775 3114/3283/1776 3102/3271/1758 3380/3550/1768
f 3121/3290/1774 3122/3291/1777 3110/3279/1757 3109/3278/1756
f 3114/3283/1776 3115/3284/1778 3103/3272/1759 3102/3271/1758
f 3122/3291/1777 3123/3292/1779 3111/3280/1760 3110/3279/1757
f 3115/3284/1778 3116/3285/1780 3104/3273/1761 3103/3272/1759
f 3116/3285/1780 3117/3286/1781 3105/3274/1762 3104/3273/1761
f 3117/3286/1781 3118/3287/1769 3106/3275/1763 3105/3274/1762
f 3134/3303/1782 3135/3304/1783 3123/3292/1779 3122/3291/1777
f 3127/3296/1784 3128/3297/1785 3116/3285/1780 3115/3284/1778
f 3128/3297/1785 3129/3298/1786 3117/3286/1781 3116/3285/1780
f 3129/3298/1786 3130/3299/1787 3118/3287/1769 3117/3286/1781
f 3130/3299/1787 3131/3300/1788 3119/3288/1770 3118/3287/1769
f 3131/3300/1788 3132/3301/1789 3120/3289/1771 3119/3288/1770
f 3124/3293/1790 3125/3294/1791 3113/3282/1773 3112/3281/1772
f 3132/3301/1789 3133/3302/1792 3121/3290/1774 3120/3289/1771
f 3382/3552/1793 3126/3295/1794 3114/3283/1776 3381/3551/1775
f 3133/3302/1792 3134/3303/1782 3122/3291/1777 3121/3290/1774
f 3126/3295/1794 3127/3296/1784 3115/3284/1778 3114/3283/1776
f 3143/3312/1795 3144/3313/1796 3132/3301/1789 3131/3300/1788
f 3136/3305/1797 3137/3306/1798 3125/3294/1791 3124/3293/1790
f 3144/3313/1796 3145/3314/1799 3133/3302/1792 3132/3301/1789
f 3383/3553/1800 3138/3307/1801 3126/3295/1794 3382/3552/1793
f 3145/3314/1799 3146/3315/1802 3134/3303/1782 3133/3302/1792
f 3138/3307/1801 3139/3308/1803 3127/3296/1784 3126/3295/1794
f 3146/3315/1802 3147/3316/1804 3135/3304/1783 3134/3303/1782
f 3139/3308/1803 3140/3309/1805 3128/3297/1785 3127/3296/1784
f 3140/3309/1805 3141/3310/1806 3129/3298/1786 3128/3297/1785
f 3141/3310/1806 3142/3311/1807 3130/3299/1787 3129/3298/1786
f 3142/3311/1807 3143/3312/1795 3131/3300/1788 3130/3299/1787
f 3151/3320/1808 3152/3321/1809 3140/3309/1805 3139/3308/1803
f 3152/3321/1809 3153/3322/1810 3141/3310/1806 3140/3309/1805
f 3153/3322/1810 3154/3323/1811 3142/3311/1807 3141/3310/1806
f 3154/3323/1811 3155/3324/1812 3143/3312/1795 3142/3311/1807
f 3155/3324/1812 3156/3325/1813 3144/3313/1796 3143/3312/1795
f 3148/3317/1814 3149/3318/1815 3137/3306/1798 3136/3305/1797
f 3156/3325/1813 3157/3326/1816 3145/3314/1799 3144/3313/1796
f 3384/3554/1817 3150/3319/1818 3138/3307/1801 3383/3553/1800
f 3157/3326/1816 3158/3327/1819 3146/3315/1802 3145/3314/1799
f 3150/3319/1818 3151/3320/1808 3139/3308/1803 3138/3307/1801
f 3158/3327/1819 3159/3328/1820 3147/3316/1804 3146/3315/1802
f 3167/3336/1821 3168/3337/1822 3156/3325/1813 3155/3324/1812
f 3160/3329/1823 3161/3330/1824 3149/3318/1815 3148/3317/1814
f 3168/3337/1822 3169/3338/1825 3157/3326/1816 3156/3325/1813
f 3385/3555/1826 3162/3331/1827 3150/3319/1818 3384/3554/1817
f 3169/3338/1825 3170/3339/1828 3158/3327/1819 3157/3326/1816
f 3162/3331/1827 3163/3332/1829 3151/3320/1808 3150/3319/1818
f 3170/3339/1828 3171/3340/1830 3159/3328/1820 3158/3327/1819
f 3163/3332/1829 3164/3333/1831 3152/3321/1809 3151/3320/1808
f 3164/3333/1831 3165/3334/1832 3153/3322/1810 3152/3321/1809
f 3165/3334/1832 3166/3335/1833 3154/3323/1811 3153/3322/1810
f 3166/3335/1833 3167/3336/1821 3155/3324/1812 3154/3323/1811
f 3176/3345/1834 3177/3346/1835 3165/3334/1832 3164/3333/1831
f 3177/3346/1835 3178/3347/1836 3166/3335/1833 3165/3334/1832
f 3178/3347/1836 3179/3348/1837 3167/3336/1821 3166/3335/1833
f 3179/3348/1837 3180/3349/1838 3168/3337/1822 3167/3336/1821
f 3172/3341/1839 3173/3342/1840 3161/3330/1824 3160/3329/1823
f 3180/3349/1838 3181/3350/1841 3169/3338/1825 3168/3337/1822
f 3386/3556/1842 3174/3343/1843 3162/3331/1827 3385/3555/1826
f 3181/3350/1841 3182/3351/1844 3170/3339/1828 3169/3338/1825
f 3174/3343/1843 3175/3344/1845 3163/3332/1829 3162/3331/1827
f 3182/3351/1844 3183/3352/1846 3171/3340/1830 3170/3339/1828
f 3175/3344/1845 3176/3345/1834 3164/3333/1831 3163/3332/1829
f 3184/3353/1847 3185/3354/1848 3173/3342/1840 3172/3341/1839
f 3192/3361/1849 3193/3362/1850 3181/3350/1841 3180/3349/1838
f 3387/3557/1851 3186/3355/1852 3174/3343/1843 3386/3556/1842
f 3193/3362/1850 3194/3363/1853 3182/3351/1844 3181/3350/1841
f 3186/3355/1852 3187/3356/1854 3175/3344/1845 3174/3343/1843
f 3194/3363/1853 3195/3364/1855 3183/3352/1846 3182/3351/1844
f 3187/3356/1854 3188/3357/1856 3176/3345/1834 3175/3344/1845
f 3188/3357/1856 3189/3358/1857 3177/3346/1835 3176/3345/1834
f 3189/3358/1857 3190/3359/1858 3178/3347/1836 3177/3346/1835
f 3190/3359/1858 3191/3360/1859 3179/3348/1837 3178/3347/1836
f 3191/3360/1859 3192/3361/1849 3180/3349/1838 3179/3348/1837
f 3200/3369/1860 3201/3370/1861 3189/3358/1857 3188/3357/1856
f 3201/3370/1861 3202/3371/1862 3190/3359/1858 3189/3358/1857
f 3202/3371/1862 3203/3372/1863 3191/3360/1859 3190/3359/1858
f 3203/3372/1863 3204/3373/1864 3192/3361/1849 3191/3360/1859
f 3196/3365/1865 3197/3366/1866 3185/3354/1848 3184/3353/1847
f 3204/3373/1864 3205/3374/1867 3193/3362/1850 3192/3361/1849
f 3388/3558/1868 3198/3367/1869 3186/3355/1852 3387/3557/1851
f 3205/3374/1867 3206/3375/1870 3194/3363/1853 3193/3362/1850
f 3198/3367/1869 3199/3368/1871 3187/3356/1854 3186/3355/1852
f 3206/3375/1870 3207/3376/1872 3195/3364/1855 3194/3363/1853
f 3199/3368/1871 3200/3369/1860 3188/3357/1856 3187/3356/1854
f 3216/3385/1873 3217/3386/1874 3205/3374/1867 3204/3373/1864
f 3389/3559/1875 3210/3379/1876 3198/3367/1869 3388/3558/1868
f 3217/3386/1874 3218/3387/1877 3206/3375/1870 3205/3374/1867
f 3210/3379/1876 3211/3380/1878 3199/3368/1871 3198/3367/1869
f 3218/3387/1877 3219/3388/1879 3207/3376/1872 3206/3375/1870
f 3211/3380/1878 3212/3381/1880 3200/3369/1860 3199/3368/1871
f 3212/3381/1880 3213/3382/1881 3201/3370/1861 3200/3369/1860
f 3213/3382/1881 3214/3383/1882 3202/3371/1862 3201/3370/1861
f 3214/3383/1882 3215/3384/1883 3203/3372/1863 3202/3371/1862
f 3215/3384/1883 3216/3385/1873 3204/3373/1864 3203/3372/1863
f 3208/3377/1884 3209/3378/1885 3197/3366/1866 3196/3365/1865
f 3225/3394/1886 3226/3395/1887 3214/3383/1882 3213/3382/1881
f 3226/3395/1887 3227/3396/1888 3215/3384/1883 3214/3383/1882
f 3227/3396/1888 3228/3397/1889 3216/3385/1873 3215/3384/1883
f 3220/3389/1890 3221/3390/1891 3209/3378/1885 3208/3377/1884
f 3228/3397/1889 3229/3398/1892 3217/3386/1874 3216/3385/1873
f 3390/3560/1893 3222/3391/1894 3210/3379/1876 3389/3559/1875
f 3229/3398/1892 3230/3399/1895 3218/3387/1877 3217/3386/1874
f 3222/3391/1894 3223/3392/1896 3211/3380/1878 3210/3379/1876
f 3230/3399/1895 3231/3400/1897 3219/3388/1879 3218/3387/1877
f 3223/3392/1896 3224/3393/1898 3212/3381/1880 3211/3380/1878
f 3224/3393/1898 3225/3394/1886 3213/3382/1881 3212/3381/1880
f 3241/3410/1899 3242/3411/1900 3230/3399/1895 3229/3398/1892
f 3234/3403/1901 3235/3404/1902 3223/3392/1896 3222/3391/1894
f 3242/3411/1900 3243/3412/1903 3231/3400/1897 3230/3399/1895
f 3235/3404/1902 3236/3405/1904 3224/3393/1898 3223/3392/1896
f 3236/3405/1904 3237/3406/1905 3225/3394/1886 3224/3393/1898
f 3237/3406/1905 3238/3407/1906 3226/3395/1887 3225/3394/1886
f 3238/3407/1906 3239/3408/1907 3227/3396/1888 3226/3395/1887
f 3239/3408/1907 3240/3409/1908 3228/3397/1889 3227/3396/1888
f 3232/3401/1909 3233/3402/1910 3221/3390/1891 3220/3389/1890
f 3240/3409/1908 3241/3410/1899 3229/3398/1892 3228/3397/1889
f 3391/3561/1911 3234/3403/1901 3222/3391/1894 3390/3560/1893
f 3250/3419/1912 3251/3420/1913 3239/3408/1907 3238/3407/1906
f 3251/3420/1913 3252/3421/1914 3240/3409/1908 3239/3408/1907
f 3244/3413/1915 3245/3414/1916 3233/3402/1910 3232/3401/1909
f 3252/3421/1914 3253/3422/1917 3241/3410/1899 3240/3409/1908
f 3392/3562/1918 3246/3415/1919 3234/3403/1901 3391/3561/1911
f 3253/3422/1917 3254/3423/1920 3242/3411/1900 3241/3410/1899
f 3246/3415/1919 3247/3416/1921 3235/3404/1902 3234/3403/1901
f 3254/3423/1920 3255/3424/1922 3243/3412/1903 3242/3411/1900
f 3247/3416/1921 3248/3417/1923 3236/3405/1904 3235/3404/1902
f 3248/3417/1923 3249/3418/1924 3237/3406/1905 3236/3405/1904
f 3249/3418/1924 3250/3419/1912 3238/3407/1906 3237/3406/1905
f 3258/3427/1925 3259/3428/1926 3247/3416/1921 3246/3415/1919
f 3266/3435/1927 3267/3436/1928 3255/3424/1922 3254/3423/1920
f 3259/3428/1926 3260/3429/1929 3248/3417/1923 3247/3416/1921
f 3260/3429/1929 3261/3430/1930 3249/3418/1924 3248/3417/1923
f 3261/3430/1930 3262/3431/1931 3250/3419/1912 3249/3418/1924
f 3262/3431/1931 3263/3432/1932 3251/3420/1913 3250/3419/1912
f 3263/3432/1932 3264/3433/1933 3252/3421/1914 3251/3420/1913
f 3256/3425/1934 3257/3426/1935 3245/3414/1916 3244/3413/1915
f 3264/3433/1933 3265/3434/1936 3253/3422/1917 3252/3421/1914
f 3393/3563/1937 3258/3427/1925 3246/3415/1919 3392/3562/1918
f 3265/3434/1936 3266/3435/1927 3254/3423/1920 3253/3422/1917
f 3274/3443/1938 3275/3444/1939 3263/3432/1932 3262/3431/1931
f 3275/3444/1939 3276/3445/1940 3264/3433/1933 3263/3432/1932
f 3268/3437/1941 3269/3438/1942 3257/3426/1935 3256/3425/1934
f 3276/3445/1940 3277/3446/1943 3265/3434/1936 3264/3433/1933
f 3394/3564/1944 3270/3439/1945 3258/3427/1925 3393/3563/1937
f 3277/3446/1943 3278/3447/1946 3266/3435/1927 3265/3434/1936
f 3270/3439/1945 3271/3440/1947 3259/3428/1926 3258/3427/1925
f 3278/3447/1946 3279/3448/1948 3267/3436/1928 3266/3435/1927
f 3271/3440/1947 3272/3441/1949 3260/3429/1929 3259/3428/1926
f 3272/3441/1949 3273/3442/1950 3261/3430/1930 3260/3429/1929
f 3273/3442/1950 3274/3443/1938 3262/3431/1931 3261/3430/1930
f 3290/3459/1951 3291/3460/1952 3279/3448/1948 3278/3447/1946
f 3283/3452/1953 3284/3453/1954 3272/3441/1949 3271/3440/1947
f 3284/3453/1954 3285/3454/1955 3273/3442/1950 3272/3441/1949
f 3285/3454/1955 3286/3455/1956 3274/3443/1938 3273/3442/1950
f 3286/3455/1956 3287/3456/1957 3275/3444/1939 3274/3443/1938
f 3287/3456/1957 3288/3457/1958 3276/3445/1940 3275/3444/1939
f 3280/3449/1959 3281/3450/1960 3269/3438/1942 3268/3437/1941
f 3288/3457/1958 3289/3458/1961 3277/3446/1943 3276/3445/1940
f 3395/3565/1962 3282/3451/1963 3270/3439/1945 3394/3564/1944
f 3289/3458/1961 3290/3459/1951 3278/3447/1946 3277/3446/1943
f 3282/3451/1963 3283/3452/1953 3271/3440/1947 3270/3439/1945
f 3299/3468/1964 3300/3469/1965 3288/3457/1958 3287/3456/1957
f 3292/3461/1966 3293/3462/1967 3281/3450/1960 3280/3449/1959
f 3300/3469/1965 3301/3470/1968 3289/3458/1961 3288/3457/1958
f 3396/3566/1969 3294/3463/1970 3282/3451/1963 3395/3565/1962
f 3301/3470/1968 3302/3471/1971 3290/3459/1951 3289/3458/1961
f 3294/3463/1970 3295/3464/1972 3283/3452/1953 3282/3451/1963
f 3302/3471/1971 3303/3472/1973 3291/3460/1952 3290/3459/1951
f 3295/3464/1972 3296/3465/1974 3284/3453/1954 3283/3452/1953
f 3296/3465/1974 3297/3466/1975 3285/3454/1955 3284/3453/1954
f 3297/3466/1975 3298/3467/1976 3286/3455/1956 3285/3454/1955
f 3298/3467/1976 3299/3468/1964 3287/3456/1957 3286/3455/1956
f 3307/3476/1977 3308/3477/1978 3296/3465/1974 3295/3464/1972
f 3308/3477/1978 3309/3478/1979 3297/3466/1975 3296/3465/1974
f 3309/3478/1979 3310/3479/1980 3298/3467/1976 3297/3466/1975
f 3310/3479/1980 3311/3480/1981 3299/3468/1964 3298/3467/1976
f 3311/3480/1981 3312/3481/1982 3300/3469/1965 3299/3468/1964
f 3304/3473/1983 3305/3474/1984 3293/3462/1967 3292/3461/1966
f 3312/3481/1982 3313/3482/1985 3301/3470/1968 3300/3469/1965
f 3397/3567/1986 3306/3475/1987 3294/3463/1970 3396/3566/1969
f 3313/3482/1985 3314/3483/1988 3302/3471/1971 3301/3470/1968
f 3306/3475/1987 3307/3476/1977 3295/3464/1972 3294/3463/1970
f 3314/3483/1988 3315/3484/1989 3303/3472/1973 3302/3471/1971
f 3323/3492/1990 3324/3493/1991 3312/3481/1982 3311/3480/1981
f 3316/3485/1992 3317/3486/1993 3305/3474/1984 3304/3473/1983
f 3324/3493/1991 3325/3494/1994 3313/3482/1985 3312/3481/1982
f 3398/3568/1995 3318/3487/1996 3306/3475/1987 3397/3567/1986
f 3325/3494/1994 3326/3495/1997 3314/3483/1988 3313/3482/1985
f 3318/3487/1996 3319/3488/1998 3307/3476/1977 3306/3475/1987
f 3326/3495/1997 3327/3496/1999 3315/3484/1989 3314/3483/1988
f 3319/3488/1998 3320/3489/2000 3308/3477/1978 3307/3476/1977
f 3320/3489/2000 3321/3490/2001 3309/3478/1979 3308/3477/1978
f 3321/3490/2001 3322/3491/2002 3310/3479/1980 3309/3478/1979
f 3322/3491/2002 3323/3492/1990 3311/3480/1981 3310/3479/1980
f 3332/3501/2003 3333/3502/2004 3321/3490/2001 3320/3489/2000
f 3333/3502/2004 3334/3503/2005 3322/3491/2002 3321/3490/2001
f 3334/3503/2005 3335/3504/2006 3323/3492/1990 3322/3491/2002
f 3335/3504/2006 3336/3505/2007 3324/3493/1991 3323/3492/1990
f 3328/3497/2008 3329/3498/2009 3317/3486/1993 3316/3485/1992
f 3336/3505/2007 3337/3506/2010 3325/3494/1994 3324/3493/1991
f 3399/3569/2011 3330/3499/2012 3318/3487/1996 3398/3568/1995
f 3337/3506/2010 3338/3507/2013 3326/3495/1997 3325/3494/1994
f 3330/3499/2012 3331/3500/2014 3319/3488/1998 3318/3487/1996
f 3338/3507/2013 3339/3508/2015 3327/3496/1999 3326/3495/1997
f 3331/3500/2014 3332/3501/2003 3320/3489/2000 3319/3488/1998
f 3348/3517/2016 3349/3518/2017 3337/3506/2010 3336/3505/2007
f 3400/3570/2018 3342/3511/2019 3330/3499/2012 3399/3569/2011
f 3349/3518/2017 3350/3519/2020 3338/3507/2013 3337/3506/2010
f 3342/3511/2019 3343/3512/2021 3331/3500/2014 3330/3499/2012
f 3350/3519/2020 3351/3520/2022 3339/3508/2015 3338/3507/2013
f 3343/3512/2021 3344/3513/2023 3332/3501/2003 3331/3500/2014
f 3344/3513/2023 3345/3514/2024 3333/3502/2004 3332/3501/2003
f 3345/3514/2024 3346/3515/2025 3334/3503/2005 3333/3502/2004
f 3346/3515/2025 3347/3516/2026 3335/3504/2006 3334/3503/2005
f 3347/3516/2026 3348/3517/2016 3336/3505/2007 3335/3504/2006
f 3340/3509/2027 3341/3510/2028 3329/3498/2009 3328/3497/2008
f 3357/3526/2029 3358/3527/2030 3346/3515/2025 3345/3514/2024
f 3358/3527/2030 3359/3528/2031 3347/3516/2026 3346/3515/2025
f 3359/3528/2031 3360/3529/2032 3348/3517/2016 3347/3516/2026
f 3352/3521/2033 3353/3522/2034 3341/3510/2028 3340/3509/2027
f 3360/3529/2032 3361/3530/2035 3349/3518/2017 3348/3517/2016
f 3401/3571/2036 3354/3523/2037 3342/3511/2019 3400/3570/2018
f 3361/3530/2035 3362/3531/2038 3350/3519/2020 3349/3518/2017
f 3354/3523/2037 3355/3524/2039 3343/3512/2021 3342/3511/2019
f 3362/3531/2038 3363/3532/2040 3351/3520/2022 3350/3519/2020
f 3355/3524/2039 3356/3525/2041 3344/3513/2023 3343/3512/2021
f 3356/3525/2041 3357/3526/2029 3345/3514/2024 3344/3513/2023
f 2988/3147/1633 3365/3534/1632 3356/3525/2041 3355/3524/2039
f 3365/3534/1632 3366/3535/1635 3357/3526/2029 3356/3525/2041
f 3366/3535/1635 3367/3536/1637 3358/3527/2030 3357/3526/2029
f 3367/3536/1637 2989/3148/1639 3359/3528/2031 3358/3527/2030
f 2989/3148/1639 3368/3537/1641 3360/3529/2032 3359/3528/2031
f 2986/3145/1645 2987/3146/1644 3353/3522/2034 3352/3521/2033
f 3368/3537/1641 2990/3149/1647 3361/3530/2035 3360/3529/2032
f 3370/3539/1651 3364/3533/1650 3354/3523/2037 3401/3571/2036
f 2990/3149/1647 3369/3538/1629 3362/3531/2038 3361/3530/2035
f 3364/3533/1650 2988/3147/1633 3355/3524/2039 3354/3523/2037
f 3369/3538/1629 2991/3150/1628 3363/3532/2040 3362/3531/2038
f 2992/3151/1642 2986/3145/1645 3352/3521/2033 3340/3509/2027 3328/3497/2008 3316/3485/1992 3304/3473/1983 3292/3461/1966 3280/3449/1959 3268/3437/1941 3256/3425/1934 3244/3413/1915 3232/3401/1909 3220/3389/1890 3208/3377/1884 3196/3365/1865 3184/3353/1847 3172/3341/1839 3160/3329/1823 3148/3317/1814 3136/3305/1797 3124/3293/1790 3112/3281/1772 3100/3269/1766 3088/3257/1747 3076/3245/1741 3064/3233/1721 3052/3221/1715 3040/3209/1696 3028/3197/1678 3016/3175/1670 3004/3163/1654
f 2991/3150/1628 3003/3162/1627 3015/3174/1661 3027/3196/1677 3039/3208/1686 3051/3220/1703 3063/3232/1710 3075/3244/1728 3087/3256/1735 3099/3268/1754 3111/3280/1760 3123/3292/1779 3135/3304/1783 3147/3316/1804 3159/3328/1820 3171/3340/1830 3183/3352/1846 3195/3364/1855 3207/3376/1872 3219/3388/1879 3231/3400/1897 3243/3412/1903 3255/3424/1922 3267/3436/1928 3279/3448/1948 3291/3460/1952 3303/3472/1973 3315/3484/1989 3327/3496/1999 3339/3508/2015 3351/3520/2022 3363/3532/2040
f 2987/3146/1644 3370/3539/1651 3401/3571/2036 3353/3522/2034
f 3353/3522/2034 3401/3571/2036 3400/3570/2018 3341/3510/2028
f 3341/3510/2028 3400/3570/2018 3399/3569/2011 3329/3498/2009
f 3329/3498/2009 3399/3569/2011 3398/3568/1995 3317/3486/1993
f 3317/3486/1993 3398/3568/1995 3397/3567/1986 3305/3474/1984
f 3305/3474/1984 3397/3567/1986 3396/3566/1969 3293/3462/1967
f 3293/3462/1967 3396/3566/1969 3395/3565/1962 3281/3450/1960
f 3281/3450/1960 3395/3565/1962 3394/3564/1944 3269/3438/1942
f 3269/3438/1942 3394/3564/1944 3393/3563/1937 3257/3426/1935
f 3257/3426/1935 3393/3563/1937 3392/3562/1918 3245/3414/1916
f 3245/3414/1916 3392/3562/1918 3391/3561/1911 3233/3402/1910
f 3233/3402/1910 3391/3561/1911 3390/3560/1893 3221/3390/1891
f 3221/3390/1891 3390/3560/1893 3389/3559/1875 3209/3378/1885
f 3209/3378/1885 3389/3559/1875 3388/3558/1868 3197/3366/1866
f 3197/3366/1866 3388/3558/1868 3387/3557/1851 3185/3354/1848
f 3185/3354/1848 3387/3557/1851 3386/3556/1842 3173/3342/1840
f 3173/3342/1840 3386/3556/1842 3385/3555/1826 3161/3330/1824
f 3161/3330/1824 3385/3555/1826 3384/3554/1817 3149/3318/1815
f 3149/3318/1815 3384/3554/1817 3383/3553/1800 3137/3306/1798
f 3137/3306/1798 3383/3553/1800 3382/3552/1793 3125/3294/1791
f 3125/3294/1791 3382/3552/1793 3381/3551/1775 3113/3282/1773
f 3113/3282/1773 3381/3551/1775 3380/3550/1768 3101/3270/1767
f 3101/3270/1767 3380/3550/1768 3379/3549/1750 3089/3258/1748
f 3089/3258/1748 3379/3549/1750 3378/3548/1730 3077/3246/1742
f 3077/3246/1742 3378/3548/1730 3377/3547/1724 3065/3234/1722
f 3065/3234/1722 3377/3547/1724 3376/3546/1706 3053/3222/1716
f 3053/3222/1716 3376/3546/1706 3375/3545/1699 3041/3210/1697
f 3041/3210/1697 3375/3545/1699 3374/3544/1682 3029/3198/1679
f 3029/3198/1679 3374/3544/1682 3373/3542/1673 3017/3176/1671
f 3017/3177/1671 3373/3543/1673 3372/3541/1657 3005/3164/1655
f 3005/3164/1655 3372/3541/1657 3371/3540/1648 2993/3152/1643
f 2993/3152/1643 3371/3540/1648 3370/3539/1651 2987/3146/1644
o Sphere.003
v -2.981272 0.752161 0.643275
v -3.127288 0.752161 0.631361
v -2.835478 0.752161 0.631360
v -2.988357 0.846178 0.637159
v -3.132933 0.846178 0.625362
v -2.988357 0.847036 0.646914
v -2.852712 0.846178 0.625362
v -2.752990 0.846178 0.590423
v -2.851064 0.847036 0.634930
v -2.834473 0.855674 0.731268
v -2.749758 0.847036 0.599436
v -2.717213 0.855674 0.690185
v -2.656394 0.847036 0.541798
v -2.661087 0.846178 0.533687
v -2.609145 0.855674 0.623470
v -2.574559 0.847036 0.464231
v -2.580532 0.846178 0.457332
v -2.514423 0.855674 0.533687
v -2.507400 0.847036 0.369714
v -2.514423 0.846178 0.364294
v -2.436687 0.855674 0.424285
v -2.457495 0.847036 0.261881
v -2.465299 0.846178 0.258148
v -2.378923 0.855674 0.299470
v -2.426764 0.847036 0.144875
v -2.435049 0.846178 0.142972
v -2.343353 0.855674 0.164038
v -2.416388 0.847036 0.023193
v -2.424834 0.846178 0.023193
v -2.331342 0.855674 0.023193
v -2.426764 0.847036 -0.098489
v -2.435049 0.846178 -0.096586
v -2.343353 0.855674 -0.117652
v -2.457495 0.847036 -0.215495
v -2.465299 0.846178 -0.211761
v -2.378923 0.855674 -0.253084
v -2.507400 0.847036 -0.323328
v -2.514423 0.846178 -0.317908
v -2.436686 0.855674 -0.377899
v -2.574559 0.847036 -0.417844
v -2.580532 0.846178 -0.410946
v -2.514423 0.855674 -0.487300
v -2.656394 0.847036 -0.495412
v -2.661087 0.846178 -0.487300
v -2.609145 0.855674 -0.577084
v -2.749758 0.847036 -0.553050
v -2.752990 0.846178 -0.544037
v -2.717212 0.855674 -0.643799
v -2.851064 0.847036 -0.588543
v -2.852712 0.846178 -0.578975
v -2.834472 0.855674 -0.684882
v -2.988357 0.847036 -0.600528
v -2.988357 0.846178 -0.590772
v -2.988357 0.855674 -0.698754
v -3.135230 0.847036 -0.588543
v -3.132933 0.846178 -0.578975
v -3.158360 0.855674 -0.684882
v -3.276459 0.847036 -0.553050
v -3.271953 0.846178 -0.544037
v -3.321830 0.855674 -0.643799
v -3.406616 0.847036 -0.495412
v -3.400074 0.846178 -0.487300
v -3.472485 0.855674 -0.577084
v -3.520700 0.847036 -0.417844
v -3.512374 0.846178 -0.410946
v -3.604536 0.855674 -0.487300
v -3.614326 0.847036 -0.323328
v -3.604536 0.846178 -0.317908
v -3.712906 0.855674 -0.377899
v -3.683897 0.847036 -0.215495
v -3.673018 0.846178 -0.211761
v -3.793433 0.855674 -0.253084
v -3.726738 0.847036 -0.098489
v -3.715189 0.846178 -0.096586
v -3.843021 0.855674 -0.117652
v -3.741204 0.847036 0.023193
v -3.729429 0.846178 0.023193
v -3.859765 0.855674 0.023193
v -3.726738 0.847036 0.144875
v -3.715189 0.846178 0.142972
v -3.843021 0.855674 0.164038
v -3.683897 0.847036 0.261881
v -3.673018 0.846178 0.258148
v -3.793433 0.855674 0.299470
v -3.614326 0.847036 0.369714
v -3.604536 0.846178 0.364294
v -3.712906 0.855674 0.424285
v -3.520700 0.847036 0.464231
v -3.512374 0.846178 0.457332
v -3.604536 0.855674 0.533687
v -3.406616 0.847036 0.541798
v -3.400074 0.846178 0.533687
v -3.472485 0.855674 0.623470
v -3.276459 0.847036 0.599436
v -3.271953 0.846178 0.590423
v -3.321830 0.855674 0.690185
v -3.135230 0.847036 0.634930
v -3.158360 0.855674 0.731268
v -2.988357 0.855674 0.745140
v -3.177254 -0.574027 0.809964
v -2.988357 -0.574027 0.825377
v -3.358893 -0.574027 0.764315
v -3.179698 -1.050189 0.820144
v -3.363687 -1.050189 0.773904
v -2.988357 -1.050189 0.835757
v -3.183447 -1.300038 0.835757
v -3.371040 -1.300038 0.788611
v -2.988357 -1.300038 0.851676
v -3.179698 -1.549887 0.820144
v -3.363687 -1.549887 0.773904
v -2.988357 -1.549887 0.835757
v -3.168597 -1.790134 0.773904
v -2.988357 -1.790134 0.788611
v -3.341910 -1.790134 0.730347
v -3.150568 -2.011547 0.698815
v -3.306546 -2.011547 0.659615
v -2.988357 -2.011547 0.712051
v -3.126306 -2.403845 0.597762
v -2.988357 -2.403845 0.609019
v -3.258955 -2.403845 0.564426
v -3.111229 -2.403845 0.547914
v -3.232369 -2.403845 0.517470
v -2.985247 -2.403845 0.558194
v -3.115308 -1.662696 0.526826
v -2.994390 -1.662696 0.536692
v -3.231580 -1.662696 0.497605
v -3.338736 -1.662696 0.450152
v -3.432659 -1.662696 0.386292
v -3.344012 -2.403845 0.468030
v -3.441868 -2.403845 0.401496
v -3.381204 -2.403845 0.510289
v -3.488357 -2.403845 0.437434
v -3.450296 -2.011547 0.595958
v -3.576294 -2.011547 0.510289
v -3.501637 -1.790134 0.659615
v -3.641638 -1.790134 0.564426
v -3.533252 -1.549887 0.698815
v -3.681877 -1.549887 0.597762
v -3.543927 -1.300038 0.712051
v -3.695463 -1.300038 0.609019
v -3.533252 -1.050189 0.698815
v -3.681877 -1.050189 0.597762
v -3.526292 -0.574027 0.690185
v -3.673018 -0.574027 0.590423
v -3.793433 -0.574027 0.468863
v -3.882910 -0.574027 0.330176
v -3.803850 -1.050189 0.474629
v -3.894484 -1.050189 0.334148
v -3.819826 -1.300038 0.483473
v -3.912236 -1.300038 0.340240
v -3.803850 -1.549887 0.474629
v -3.894484 -1.549887 0.334148
v -3.756534 -1.790134 0.448437
v -3.841910 -1.790134 0.316106
v -3.679698 -2.011547 0.405902
v -3.756534 -2.011547 0.286808
v -3.576294 -2.403845 0.348660
v -3.641638 -2.403845 0.247379
v -3.522177 -2.403845 0.320424
v -3.581851 -2.403845 0.227929
v -3.509740 -1.662696 0.308478
v -3.567017 -1.662696 0.219701
v -3.602287 -1.662696 0.123372
v -3.614197 -1.662696 0.023193
v -3.618599 -2.403845 0.127567
v -3.631007 -2.403845 0.023193
v -3.681877 -2.403845 0.137482
v -3.695463 -2.403845 0.023193
v -3.803850 -2.011547 0.157583
v -3.819826 -2.011547 0.023193
v -3.894484 -1.790134 0.172519
v -3.912236 -1.790134 0.023193
v -3.950296 -1.549887 0.181716
v -3.969142 -1.549887 0.023193
v -3.969142 -1.300038 0.184822
v -3.988356 -1.300038 0.023193
v -3.950296 -1.050189 0.181716
v -3.969142 -1.050189 0.023193
v -3.938009 -0.574027 0.179692
v -3.956614 -0.574027 0.023193
v -3.938009 -0.574027 -0.133305
v -3.882910 -0.574027 -0.283790
v -3.950296 -1.050189 -0.135330
v -3.894484 -1.050189 -0.287762
v -3.969141 -1.300038 -0.138436
v -3.912236 -1.300038 -0.293854
v -3.950296 -1.549887 -0.135330
v -3.894484 -1.549887 -0.287762
v -3.894484 -1.790134 -0.126133
v -3.841910 -1.790134 -0.269720
v -3.803850 -2.011547 -0.111197
v -3.756534 -2.011547 -0.240422
v -3.681876 -2.403845 -0.091096
v -3.641638 -2.403845 -0.200993
v -3.618599 -2.403845 -0.081180
v -3.581851 -2.403845 -0.181543
v -3.602287 -1.662696 -0.076986
v -3.567017 -1.662696 -0.173315
v -3.509740 -1.662696 -0.262092
v -3.432659 -1.662696 -0.339906
v -3.522177 -2.403845 -0.274037
v -3.441868 -2.403845 -0.355110
v -3.576294 -2.403845 -0.302274
v -3.488357 -2.403845 -0.391048
v -3.679698 -2.011547 -0.359516
v -3.576294 -2.011547 -0.463903
v -3.756534 -1.790134 -0.402050
v -3.641638 -1.790134 -0.518039
v -3.803850 -1.549887 -0.428243
v -3.681876 -1.549887 -0.551376
v -3.819826 -1.300038 -0.437087
v -3.695463 -1.300038 -0.562633
v -3.803850 -1.050189 -0.428243
v -3.681876 -1.050189 -0.551376
v -3.793433 -0.574027 -0.422477
v -3.673018 -0.574027 -0.544037
v -3.526292 -0.574027 -0.643799
v -3.358893 -0.574027 -0.717929
v -3.533252 -1.050189 -0.652429
v -3.363687 -1.050189 -0.727518
v -3.543926 -1.300038 -0.665665
v -3.371040 -1.300038 -0.742225
v -3.533252 -1.549887 -0.652429
v -3.363687 -1.549887 -0.727518
v -3.501637 -1.790134 -0.613229
v -3.341910 -1.790134 -0.683961
v -3.450296 -2.011547 -0.549571
v -3.306546 -2.011547 -0.613229
v -3.381204 -2.403845 -0.463903
v -3.258955 -2.403845 -0.518039
v -3.344012 -2.403845 -0.421644
v -3.232368 -2.403845 -0.471083
v -3.338736 -1.662696 -0.403766
v -3.231579 -1.662696 -0.451218
v -3.115308 -1.662696 -0.480439
v -2.994390 -1.662696 -0.490306
v -3.111228 -2.403845 -0.501528
v -2.985247 -2.403845 -0.511808
v -3.126306 -2.403845 -0.551376
v -2.988357 -2.403845 -0.562633
v -3.150568 -2.011547 -0.652429
v -2.988357 -2.011547 -0.665665
v -3.168597 -1.790134 -0.727518
v -2.988357 -1.790134 -0.742225
v -3.179698 -1.549887 -0.773757
v -2.988357 -1.549887 -0.789370
v -3.183447 -1.300038 -0.789370
v -2.988356 -1.300038 -0.805289
v -3.179698 -1.050189 -0.773757
v -2.988357 -1.050189 -0.789370
v -3.177254 -0.574027 -0.763578
v -2.988357 -0.574026 -0.778991
v -2.820920 -0.574027 -0.763578
v -2.690627 -0.574027 -0.717929
v -2.819166 -1.050189 -0.773757
v -2.687188 -1.050189 -0.727518
v -2.816477 -1.300038 -0.789370
v -2.681913 -1.300038 -0.742225
v -2.819166 -1.549887 -0.773757
v -2.687188 -1.549887 -0.727518
v -2.827130 -1.790134 -0.727518
v -2.702809 -1.790134 -0.683961
v -2.840062 -2.011547 -0.652429
v -2.728176 -2.011547 -0.613229
v -2.857465 -2.403845 -0.551376
v -2.762314 -2.403845 -0.518039
v -2.857756 -2.403845 -0.501528
v -2.770860 -2.403845 -0.471083
v -2.855926 -1.662696 -0.480439
v -2.772522 -1.662696 -0.451218
v -2.695657 -1.662696 -0.403766
v -2.628284 -1.662696 -0.339906
v -2.690776 -2.403845 -0.421644
v -2.620582 -2.403845 -0.355109
v -2.674623 -2.403845 -0.463903
v -2.597760 -2.403845 -0.391048
v -2.625061 -2.011547 -0.549571
v -2.534681 -2.011547 -0.463903
v -2.588234 -1.790134 -0.613229
v -2.487808 -1.790134 -0.518039
v -2.565556 -1.549887 -0.652429
v -2.458945 -1.549887 -0.551376
v -2.557899 -1.300038 -0.665664
v -2.449199 -1.300038 -0.562632
v -2.565556 -1.050189 -0.652429
v -2.458945 -1.050189 -0.551376
v -2.570549 -0.574027 -0.643799
v -2.465299 -0.574027 -0.544037
v -2.378923 -0.574027 -0.422477
v -2.314740 -0.574027 -0.283790
v -2.371451 -1.050189 -0.428243
v -2.306437 -1.050189 -0.287761
v -2.359991 -1.300038 -0.437087
v -2.293704 -1.300038 -0.293853
v -2.371451 -1.549887 -0.428243
v -2.306437 -1.549887 -0.287761
v -2.405391 -1.790134 -0.402050
v -2.344150 -1.790134 -0.269720
v -2.460507 -2.011547 -0.359516
v -2.405391 -2.011547 -0.240421
v -2.534681 -2.403845 -0.302274
v -2.487808 -2.403845 -0.200993
v -2.562975 -2.403845 -0.274037
v -2.520170 -2.403845 -0.181543
v -2.572992 -1.662696 -0.262092
v -2.531907 -1.662696 -0.173314
v -2.506607 -1.662696 -0.076986
v -2.498064 -1.662696 0.023193
v -2.493810 -2.403845 -0.081180
v -2.484910 -2.403845 0.023193
v -2.458945 -2.403845 -0.091096
v -2.449198 -2.403845 0.023193
v -2.371451 -2.011547 -0.111196
v -2.359991 -2.011547 0.023193
v -2.306437 -1.790134 -0.126133
v -2.293704 -1.790134 0.023193
v -2.266402 -1.549887 -0.135330
v -2.252884 -1.549887 0.023193
v -2.252884 -1.300038 -0.138435
v -2.239101 -1.300038 0.023194
v -2.266402 -1.050189 -0.135330
v -2.252884 -1.050189 0.023193
v -2.275216 -0.574027 -0.133305
v -2.261870 -0.574027 0.023193
v -2.275216 -0.574027 0.179692
v -2.314740 -0.574027 0.330176
v -2.266402 -1.050189 0.181717
v -2.306437 -1.050189 0.334148
v -2.252884 -1.300038 0.184822
v -2.293704 -1.300038 0.340240
v -2.266402 -1.549887 0.181717
v -2.306437 -1.549887 0.334148
v -2.306437 -1.790134 0.172519
v -2.344150 -1.790134 0.316106
v -2.371451 -2.011547 0.157583
v -2.405391 -2.011547 0.286808
v -2.458945 -2.403845 0.137482
v -2.487808 -2.403845 0.247379
v -2.493810 -2.403845 0.127567
v -2.520170 -2.403845 0.227929
v -2.506607 -1.662696 0.123372
v -2.531907 -1.662696 0.219701
v -2.572993 -1.662696 0.308478
v -2.628284 -1.662696 0.386292
v -2.562976 -2.403845 0.320424
v -2.620583 -2.403845 0.401496
v -2.534681 -2.403845 0.348660
v -2.597760 -2.403845 0.437434
v -2.460507 -2.011547 0.405902
v -2.534681 -2.011547 0.510289
v -2.405391 -1.790134 0.448437
v -2.487808 -1.790134 0.564425
v -2.371451 -1.549887 0.474629
v -2.458945 -1.549887 0.597762
v -2.359992 -1.300038 0.483473
v -2.449199 -1.300038 0.609019
v -2.371451 -1.050189 0.474629
v -2.458945 -1.050189 0.597762
v -2.378923 -0.574027 0.468863
v -2.465299 -0.574027 0.590423
v -2.570549 -0.574027 0.690185
v -2.690627 -0.574027 0.764315
v -2.565556 -1.050189 0.698815
v -2.687188 -1.050189 0.773904
v -2.557899 -1.300038 0.712051
v -2.681914 -1.300038 0.788611
v -2.565556 -1.549887 0.698815
v -2.687188 -1.549887 0.773904
v -2.588234 -1.790134 0.659615
v -2.702809 -1.790134 0.730347
v -2.625062 -2.011547 0.595958
v -2.728176 -2.011547 0.659615
v -2.674623 -2.403845 0.510289
v -2.762314 -2.403845 0.564425
v -2.690777 -2.403845 0.468030
v -2.770860 -2.403845 0.517469
v -2.695657 -1.662696 0.450152
v -2.772522 -1.662696 0.497604
v -2.855926 -1.662696 0.526825
v -2.857756 -2.403845 0.547914
v -2.857465 -2.403845 0.597762
v -2.840062 -2.011547 0.698815
v -2.827130 -1.790134 0.773904
v -2.819166 -1.549887 0.820143
v -2.816478 -1.300038 0.835756
v -2.819166 -1.050189 0.820143
v -2.820920 -0.574027 0.809964
v -3.267693 0.752161 0.596075
v -3.397091 0.752161 0.538773
v -3.510510 0.752161 0.461658
v -3.603590 0.752161 0.367693
v -3.672754 0.752161 0.260488
v -3.715346 0.752161 0.144165
v -3.729727 0.752161 0.023193
v -3.715346 0.752161 -0.097779
v -3.672754 0.752161 -0.214102
v -3.603590 0.752161 -0.321306
v -3.510509 0.752161 -0.415271
v -3.397091 0.752161 -0.492386
v -3.267693 0.752161 -0.549688
v -3.127288 0.752161 -0.584974
v -2.981272 0.752161 -0.596889
v -2.835478 0.752161 -0.584974
v -2.734763 0.752161 -0.549688
v -2.641943 0.752161 -0.492386
v -2.560586 0.752161 -0.415271
v -2.493818 0.752161 -0.321306
v -2.444205 0.752161 -0.214102
v -2.413653 0.752161 -0.097779
v -2.403337 0.752161 0.023193
v -2.413653 0.752161 0.144165
v -2.444205 0.752161 0.260488
v -2.493818 0.752161 0.367692
v -2.560586 0.752161 0.461658
v -2.641943 0.752161 0.538773
v -2.734763 0.752161 0.596074
vn -0.1699 0.6420 -0.7476
vn -0.3406 0.6320 -0.6962
vn -0.4824 0.6223 -0.6165
vn -0.5987 0.6149 -0.5133
vn -0.6875 0.6096 -0.3947
vn -0.7492 0.6061 -0.2670
vn -0.7855 0.6041 -0.1345
vn -0.7974 0.6035 -0.0000
vn -0.7855 0.6041 0.1345
vn -0.7492 0.6061 0.2670
vn -0.6875 0.6096 0.3947
vn -0.5987 0.6149 0.5133
vn -0.4824 0.6223 0.6165
vn -0.3406 0.6320 0.6962
vn -0.1699 0.6420 0.7476
vn -0.0039 0.6645 0.7473
vn 0.1185 0.6695 0.7333
vn 0.2384 0.6730 0.7002
vn 0.3559 0.6757 0.6455
vn 0.4686 0.6777 0.5667
vn 0.5712 0.6791 0.4611
vn 0.6559 0.6799 0.3280
vn 0.7128 0.6802 0.1711
vn 0.7329 0.6803 -0.0000
vn 0.7128 0.6802 -0.1711
vn 0.6559 0.6799 -0.3280
vn 0.5712 0.6791 -0.4611
vn 0.4686 0.6777 -0.5667
vn 0.3559 0.6757 -0.6455
vn 0.2384 0.6730 -0.7002
vn 0.1185 0.6695 -0.7333
vn -0.0039 0.6645 -0.7473
vn 0.1226 0.6745 -0.7280
vn 0.0016 0.6695 -0.7428
vn -0.1470 0.6682 -0.7293
vn 0.0142 0.9962 -0.0859
vn -0.0003 0.9961 -0.0877
vn -0.0186 0.9961 -0.0860
vn -0.3218 0.6485 -0.6899
vn -0.0387 0.9960 -0.0809
vn 0.1457 0.7290 0.6688
vn 0.2937 0.7325 0.6142
vn 0.0033 0.7371 0.6757
vn -0.4670 0.6350 -0.6154
vn -0.0562 0.9958 -0.0728
vn 0.4149 0.7339 0.5378
vn -0.5878 0.6235 -0.5155
vn -0.0715 0.9955 -0.0619
vn 0.5123 0.7354 0.4436
vn -0.6811 0.6145 -0.3981
vn -0.0840 0.9953 -0.0486
vn 0.5852 0.7369 0.3385
vn -0.7465 0.6081 -0.2701
vn -0.0934 0.9951 -0.0335
vn 0.6352 0.7380 0.2278
vn -0.7850 0.6043 -0.1363
vn -0.0991 0.9949 -0.0171
vn 0.6642 0.7388 0.1144
vn -0.7978 0.6030 -0.0000
vn -0.1010 0.9949 -0.0000
vn 0.6737 0.7390 -0.0000
vn -0.7850 0.6042 0.1363
vn -0.0991 0.9949 0.0171
vn 0.6642 0.7388 -0.1144
vn -0.7465 0.6081 0.2701
vn -0.0934 0.9951 0.0335
vn 0.6352 0.7380 -0.2278
vn -0.6811 0.6145 0.3981
vn -0.0840 0.9953 0.0486
vn 0.5852 0.7369 -0.3385
vn -0.5878 0.6235 0.5155
vn -0.0715 0.9955 0.0619
vn 0.5123 0.7354 -0.4436
vn -0.4670 0.6350 0.6154
vn -0.0562 0.9958 0.0728
vn 0.4149 0.7339 -0.5378
vn -0.3218 0.6485 0.6899
vn -0.0387 0.9960 0.0809
vn 0.2937 0.7325 -0.6142
vn -0.1470 0.6682 0.7293
vn -0.0186 0.9961 0.0860
vn 0.1457 0.7290 -0.6688
vn 0.0016 0.6695 0.7428
vn -0.0003 0.9961 0.0877
vn 0.0033 0.7371 -0.6757
vn 0.1226 0.6745 0.7280
vn 0.0142 0.9962 0.0859
vn -0.1097 0.7378 -0.6661
vn 0.2404 0.6798 0.6929
vn 0.0278 0.9963 0.0809
vn -0.2194 0.7370 -0.6394
vn 0.3548 0.6855 0.6358
vn 0.0403 0.9965 0.0729
vn -0.3280 0.7357 -0.5926
vn 0.4628 0.6913 0.5549
vn 0.0513 0.9968 0.0620
vn -0.4333 0.7341 -0.5228
vn 0.5596 0.6970 0.4485
vn 0.0604 0.9970 0.0487
vn -0.5301 0.7324 -0.4273
vn 0.6379 0.7018 0.3170
vn 0.0671 0.9972 0.0336
vn -0.6106 0.7308 -0.3050
vn 0.6897 0.7052 0.1646
vn 0.0713 0.9973 0.0171
vn -0.6649 0.7297 -0.1595
vn 0.7079 0.7064 -0.0000
vn 0.0727 0.9974 -0.0000
vn -0.6842 0.7293 -0.0000
vn 0.6897 0.7052 -0.1646
vn 0.0713 0.9973 -0.0171
vn -0.6649 0.7297 0.1595
vn 0.6379 0.7018 -0.3170
vn 0.0671 0.9972 -0.0336
vn -0.6106 0.7308 0.3050
vn 0.5596 0.6970 -0.4485
vn 0.0604 0.9970 -0.0487
vn -0.5301 0.7324 0.4273
vn 0.4628 0.6913 -0.5549
vn 0.0514 0.9968 -0.0620
vn -0.4333 0.7341 0.5228
vn 0.3548 0.6855 -0.6358
vn 0.0403 0.9965 -0.0729
vn -0.3280 0.7357 0.5926
vn 0.2404 0.6798 -0.6929
vn 0.0278 0.9963 -0.0809
vn -0.2194 0.7370 0.6394
vn -0.1097 0.7378 0.6661
vn -0.3254 0.0398 0.9447
vn -0.1630 0.0391 0.9858
vn 0.0050 0.0388 0.9992
vn -0.1629 0.0430 0.9857
vn 0.0053 0.0427 0.9991
vn -0.3250 0.0438 0.9447
vn -0.3259 -0.0000 0.9454
vn -0.1633 -0.0000 0.9866
vn 0.0054 -0.0000 1.0000
vn -0.3231 -0.1309 0.9373
vn -0.1620 -0.1287 0.9784
vn 0.0052 -0.1278 0.9918
vn -0.3142 -0.2651 0.9116
vn -0.1576 -0.2609 0.9524
vn 0.0045 -0.2591 0.9658
vn -0.1558 -0.2928 0.9434
vn 0.0035 -0.2909 0.9567
vn -0.3105 -0.2975 0.9028
vn -0.2034 -0.7779 0.5946
vn -0.1020 -0.7770 0.6211
vn 0.0019 -0.7763 0.6304
vn 0.1102 -0.7354 -0.6687
vn 0.0015 -0.7354 -0.6776
vn 0.2203 -0.7355 -0.6407
vn 0.2335 -0.6977 -0.6773
vn 0.1170 -0.6988 -0.7057
vn 0.0025 -0.7006 -0.7135
vn 0.3487 -0.6962 -0.6274
vn 0.4600 -0.6946 -0.5531
vn 0.5622 -0.6929 -0.4515
vn 0.6469 -0.6913 -0.3220
vn 0.7039 -0.6901 -0.1682
vn 0.7241 -0.6897 -0.0000
vn 0.7039 -0.6901 0.1682
vn 0.6469 -0.6913 0.3220
vn 0.5622 -0.6929 0.4515
vn 0.4600 -0.6946 0.5531
vn 0.3487 -0.6962 0.6274
vn 0.2335 -0.6977 0.6773
vn 0.1170 -0.6988 0.7057
vn 0.0025 -0.7006 0.7135
vn -0.1491 -0.6885 0.7098
vn -0.3109 -0.6927 0.6508
vn -0.4400 -0.6931 0.5710
vn -0.5442 -0.6936 0.4720
vn -0.6229 -0.6941 0.3609
vn -0.6771 -0.6945 0.2432
vn -0.7088 -0.6948 0.1223
vn -0.7191 -0.6949 -0.0000
vn -0.7088 -0.6948 -0.1223
vn -0.6771 -0.6945 -0.2432
vn -0.6229 -0.6941 -0.3609
vn -0.5442 -0.6936 -0.4720
vn -0.4400 -0.6931 -0.5710
vn -0.3109 -0.6927 -0.6508
vn -0.1491 -0.6885 -0.7098
vn 0.3284 -0.7363 -0.5917
vn 0.4317 -0.7375 -0.5194
vn -0.3029 -0.7792 0.5488
vn -0.3978 -0.7809 0.4816
vn -0.4620 -0.3051 0.8327
vn -0.6064 -0.3147 0.7302
vn -0.4677 -0.2718 0.8410
vn -0.6141 -0.2804 0.7377
vn -0.4817 -0.1344 0.8660
vn -0.6337 -0.1389 0.7610
vn -0.4861 -0.0000 0.8739
vn -0.6399 -0.0000 0.7684
vn -0.4849 0.0450 0.8734
vn -0.6384 0.0466 0.7683
vn -0.4853 0.0409 0.8734
vn -0.6389 0.0423 0.7681
vn -0.7790 0.0439 0.6255
vn -0.7785 0.0483 0.6258
vn -0.8943 0.0454 0.4451
vn -0.8940 0.0500 0.4454
vn -0.8955 -0.0000 0.4451
vn -0.7801 -0.0000 0.6257
vn -0.8855 -0.1486 0.4402
vn -0.7719 -0.1439 0.6192
vn -0.8546 -0.2985 0.4250
vn -0.7465 -0.2898 0.5990
vn -0.8431 -0.3353 0.4203
vn -0.7368 -0.3254 0.5927
vn -0.5545 -0.7844 0.2780
vn -0.4839 -0.7827 0.3914
vn 0.6015 -0.7406 -0.2995
vn 0.5251 -0.7390 -0.4220
vn 0.6522 -0.7418 -0.1559
vn 0.6701 -0.7423 -0.0000
vn -0.6015 -0.7856 0.1448
vn -0.6182 -0.7860 -0.0000
vn -0.9137 -0.3425 0.2187
vn -0.9386 -0.3451 -0.0000
vn -0.9264 -0.3048 0.2212
vn -0.9517 -0.3071 -0.0000
vn -0.9614 -0.1519 0.2295
vn -0.9882 -0.1532 -0.0000
vn -0.9727 -0.0000 0.2321
vn -1.0000 -0.0000 -0.0000
vn -0.9713 0.0512 0.2323
vn -0.9987 0.0516 -0.0000
vn -0.9716 0.0465 0.2322
vn -0.9989 0.0469 -0.0000
vn -0.9716 0.0465 -0.2322
vn -0.9713 0.0512 -0.2323
vn -0.8943 0.0454 -0.4451
vn -0.8940 0.0500 -0.4454
vn -0.8955 -0.0000 -0.4451
vn -0.9727 -0.0000 -0.2321
vn -0.8855 -0.1486 -0.4402
vn -0.9614 -0.1519 -0.2295
vn -0.8546 -0.2985 -0.4250
vn -0.9264 -0.3048 -0.2212
vn -0.8431 -0.3353 -0.4203
vn -0.9137 -0.3425 -0.2187
vn -0.5544 -0.7844 -0.2780
vn -0.6015 -0.7856 -0.1448
vn 0.6015 -0.7406 0.2995
vn 0.6522 -0.7418 0.1559
vn 0.5251 -0.7390 0.4220
vn 0.4317 -0.7375 0.5194
vn -0.4839 -0.7827 -0.3914
vn -0.3978 -0.7809 -0.4816
vn -0.7368 -0.3254 -0.5927
vn -0.6064 -0.3147 -0.7302
vn -0.7465 -0.2898 -0.5990
vn -0.6141 -0.2804 -0.7377
vn -0.7719 -0.1439 -0.6192
vn -0.6337 -0.1389 -0.7610
vn -0.7801 -0.0000 -0.6257
vn -0.6399 -0.0000 -0.7684
vn -0.7785 0.0483 -0.6258
vn -0.6384 0.0466 -0.7683
vn -0.7790 0.0439 -0.6255
vn -0.6389 0.0423 -0.7681
vn -0.4853 0.0409 -0.8734
vn -0.4849 0.0450 -0.8734
vn -0.3254 0.0398 -0.9447
vn -0.3250 0.0438 -0.9447
vn -0.3259 -0.0000 -0.9454
vn -0.4861 -0.0000 -0.8739
vn -0.3231 -0.1309 -0.9373
vn -0.4817 -0.1344 -0.8660
vn -0.3142 -0.2651 -0.9116
vn -0.4677 -0.2718 -0.8410
vn -0.3105 -0.2975 -0.9028
vn -0.4620 -0.3051 -0.8327
vn -0.2034 -0.7779 -0.5946
vn -0.3029 -0.7792 -0.5488
vn 0.2203 -0.7355 0.6407
vn 0.3284 -0.7363 0.5917
vn 0.1102 -0.7354 0.6687
vn 0.0016 -0.7354 0.6776
vn -0.1020 -0.7770 -0.6211
vn 0.0019 -0.7763 -0.6304
vn -0.1558 -0.2928 -0.9434
vn 0.0035 -0.2909 -0.9567
vn -0.1576 -0.2609 -0.9524
vn 0.0045 -0.2591 -0.9658
vn -0.1620 -0.1287 -0.9784
vn 0.0052 -0.1278 -0.9918
vn -0.1633 -0.0000 -0.9866
vn 0.0054 -0.0000 -1.0000
vn -0.1629 0.0430 -0.9857
vn 0.0053 0.0427 -0.9991
vn -0.1630 0.0391 -0.9858
vn 0.0050 0.0388 -0.9992
vn 0.2123 0.0387 -0.9764
vn 0.2128 0.0426 -0.9762
vn 0.4301 0.0380 -0.9020
vn 0.4302 0.0418 -0.9017
vn 0.4301 -0.0000 -0.9028
vn 0.2127 -0.0000 -0.9771
vn 0.4268 -0.1249 -0.8957
vn 0.2109 -0.1271 -0.9692
vn 0.4161 -0.2535 -0.8733
vn 0.2049 -0.2578 -0.9442
vn 0.4129 -0.2851 -0.8650
vn 0.2024 -0.2902 -0.9353
vn 0.2757 -0.7700 -0.5754
vn 0.1354 -0.7683 -0.6256
vn -0.2888 -0.7407 0.6066
vn -0.1359 -0.7464 0.6515
vn -0.4107 -0.7388 0.5344
vn -0.5103 -0.7368 0.4435
vn 0.3909 -0.7690 -0.5058
vn 0.4846 -0.7679 -0.4189
vn 0.5860 -0.2785 -0.7609
vn 0.7270 -0.2713 -0.6307
vn 0.5905 -0.2478 -0.7681
vn 0.7325 -0.2414 -0.6365
vn 0.6049 -0.1219 -0.7869
vn 0.7495 -0.1186 -0.6513
vn 0.6094 -0.0000 -0.7928
vn 0.7548 -0.0000 -0.6560
vn 0.6095 0.0407 -0.7918
vn 0.7546 0.0396 -0.6549
vn 0.6093 0.0370 -0.7921
vn 0.7545 0.0360 -0.6553
vn 0.8644 0.0351 -0.5015
vn 0.8644 0.0385 -0.5012
vn 0.9404 0.0343 -0.3382
vn 0.9404 0.0377 -0.3380
vn 0.9409 -0.0000 -0.3386
vn 0.8648 -0.0000 -0.5021
vn 0.9349 -0.1132 -0.3364
vn 0.8590 -0.1156 -0.4987
vn 0.9155 -0.2309 -0.3294
vn 0.8405 -0.2355 -0.4879
vn 0.9089 -0.2594 -0.3265
vn 0.8343 -0.2647 -0.4836
vn 0.6051 -0.7661 -0.2167
vn 0.5557 -0.7669 -0.3210
vn -0.6392 -0.7339 0.2300
vn -0.5863 -0.7351 0.3404
vn -0.6702 -0.7331 0.1158
vn -0.6805 -0.7328 -0.0000
vn 0.6341 -0.7655 -0.1090
vn 0.6436 -0.7654 -0.0000
vn 0.9526 -0.2560 -0.1643
vn 0.9670 -0.2549 -0.0000
vn 0.9595 -0.2279 -0.1658
vn 0.9739 -0.2269 -0.0000
vn 0.9792 -0.1117 -0.1692
vn 0.9938 -0.1111 -0.0000
vn 0.9854 -0.0000 -0.1703
vn 1.0000 -0.0000 -0.0000
vn 0.9847 0.0372 -0.1700
vn 0.9993 0.0370 -0.0000
vn 0.9849 0.0338 -0.1701
vn 0.9994 0.0337 -0.0000
vn 0.9849 0.0338 0.1701
vn 0.9847 0.0372 0.1700
vn 0.9404 0.0343 0.3382
vn 0.9404 0.0377 0.3380
vn 0.9409 -0.0000 0.3386
vn 0.9854 -0.0000 0.1703
vn 0.9349 -0.1132 0.3364
vn 0.9792 -0.1117 0.1692
vn 0.9155 -0.2309 0.3294
vn 0.9595 -0.2279 0.1658
vn 0.9089 -0.2594 0.3265
vn 0.9526 -0.2560 0.1643
vn 0.6051 -0.7661 0.2167
vn 0.6341 -0.7655 0.1090
vn -0.6392 -0.7339 -0.2300
vn -0.6702 -0.7331 -0.1158
vn -0.5863 -0.7351 -0.3404
vn -0.5103 -0.7368 -0.4435
vn 0.5557 -0.7669 0.3210
vn 0.4846 -0.7679 0.4189
vn 0.8343 -0.2647 0.4836
vn 0.7270 -0.2713 0.6307
vn 0.8405 -0.2355 0.4879
vn 0.7325 -0.2414 0.6365
vn 0.8590 -0.1156 0.4987
vn 0.7495 -0.1186 0.6513
vn 0.8648 -0.0000 0.5021
vn 0.7548 -0.0000 0.6560
vn 0.8644 0.0385 0.5012
vn 0.7546 0.0396 0.6549
vn 0.8644 0.0351 0.5015
vn 0.7545 0.0360 0.6553
vn 0.6093 0.0370 0.7921
vn 0.6095 0.0407 0.7918
vn 0.4301 0.0380 0.9020
vn 0.4302 0.0418 0.9017
vn 0.4301 -0.0000 0.9028
vn 0.6094 -0.0000 0.7928
vn 0.4268 -0.1249 0.8957
vn 0.6049 -0.1219 0.7869
vn 0.4161 -0.2535 0.8733
vn 0.5905 -0.2478 0.7681
vn 0.4129 -0.2851 0.8650
vn 0.5860 -0.2785 0.7609
vn 0.2757 -0.7700 0.5754
vn 0.3909 -0.7690 0.5058
vn -0.2888 -0.7407 -0.6066
vn -0.4107 -0.7388 -0.5344
vn -0.1359 -0.7464 -0.6515
vn 0.1354 -0.7683 0.6256
vn 0.2024 -0.2902 0.9353
vn 0.2049 -0.2578 0.9442
vn 0.2109 -0.1271 0.9692
vn 0.2127 -0.0000 0.9771
vn 0.2128 0.0426 0.9762
vn 0.2123 0.0387 0.9764
vt 0.918405 0.668908
vt 0.910177 0.675421
vt 0.923355 0.656264
vt 0.923184 0.676254
vt 0.911426 0.682071
vt 0.923750 0.677067
vt 0.935146 0.664902
vt 0.945386 0.649107
vt 0.936154 0.665811
vt 0.944789 0.678115
vt 0.947041 0.650128
vt 0.963289 0.666509
vt 0.956863 0.624124
vt 0.948642 0.612938
vt 0.946966 0.614337
vt 0.954586 0.623249
vt 0.965922 0.586730
vt 0.990570 0.641949
vt 0.928657 0.598834
vt 0.927660 0.600098
vt 0.936287 0.581729
vt 0.912378 0.592281
vt 0.911909 0.593291
vt 0.915506 0.580318
vt 0.899327 0.589791
vt 0.899155 0.590607
vt 0.899949 0.580934
vt 0.888690 0.589754
vt 0.888713 0.590418
vt 0.887720 0.583008
vt 0.879974 0.591473
vt 0.880133 0.591995
vt 0.877984 0.586346
vt 0.873082 0.594549
vt 0.873338 0.594967
vt 0.870248 0.590491
vt 0.867491 0.598264
vt 0.867801 0.598592
vt 0.864207 0.595142
vt 0.863061 0.602306
vt 0.863404 0.602554
vt 0.859526 0.599981
vt 0.859674 0.606519
vt 0.860039 0.606699
vt 0.855996 0.604872
vt 0.857227 0.610833
vt 0.857608 0.610952
vt 0.853456 0.609755
vt 0.855635 0.615230
vt 0.856030 0.615295
vt 0.851768 0.614619
vt 0.854816 0.619736
vt 0.855229 0.619759
vt 0.850808 0.619503
vt 0.854744 0.625748
vt 0.855179 0.625747
vt 0.850442 0.625677
vt 0.854783 0.632561
vt 0.855245 0.632541
vt 0.850206 0.632704
vt 0.854300 0.639490
vt 0.854766 0.639461
vt 0.849735 0.639800
vt 0.853824 0.645970
vt 0.854277 0.645912
vt 0.849391 0.646606
vt 0.853740 0.651908
vt 0.854177 0.651810
vt 0.849482 0.652945
vt 0.854217 0.657320
vt 0.854635 0.657179
vt 0.850156 0.658770
vt 0.855343 0.662238
vt 0.855742 0.662050
vt 0.851471 0.664097
vt 0.857205 0.666694
vt 0.857585 0.666454
vt 0.853466 0.668986
vt 0.859909 0.670718
vt 0.860280 0.670417
vt 0.856180 0.673528
vt 0.863454 0.674379
vt 0.863799 0.674021
vt 0.859896 0.677702
vt 0.868069 0.677592
vt 0.868394 0.677164
vt 0.864622 0.681577
vt 0.873899 0.680363
vt 0.874200 0.679859
vt 0.870622 0.685134
vt 0.881101 0.682616
vt 0.881362 0.682030
vt 0.878167 0.688262
vt 0.889797 0.684150
vt 0.889984 0.683479
vt 0.887517 0.690720
vt 0.900015 0.684544
vt 0.900069 0.683792
vt 0.898895 0.692030
vt 0.911614 0.682877
vt 0.912440 0.691199
vt 0.927959 0.686559
vt 0.845212 0.806739
vt 0.862724 0.827606
vt 0.831286 0.787799
vt 0.784542 0.836594
vt 0.777832 0.810989
vt 0.793480 0.867020
vt 0.746949 0.842111
vt 0.745875 0.815125
vt 0.748343 0.874809
vt 0.708892 0.839471
vt 0.713756 0.813438
vt 0.702134 0.870905
vt 0.673334 0.828597
vt 0.659918 0.855306
vt 0.683235 0.805815
vt 0.642734 0.811053
vt 0.655840 0.793077
vt 0.625557 0.831009
vt 0.605071 0.770117
vt 0.587890 0.778341
vt 0.619227 0.761179
vt 0.601114 0.764570
vt 0.614764 0.756725
vt 0.584737 0.771600
vt 0.588246 0.700127
vt 0.580348 0.698637
vt 0.595472 0.700575
vt 0.601864 0.700213
vt 0.607283 0.699101
vt 0.625917 0.748520
vt 0.634889 0.740274
vt 0.630645 0.752076
vt 0.639713 0.743133
vt 0.665812 0.776986
vt 0.673362 0.762590
vt 0.690551 0.786279
vt 0.695929 0.769395
vt 0.717231 0.791615
vt 0.719661 0.773095
vt 0.744942 0.792574
vt 0.744063 0.773493
vt 0.772659 0.789290
vt 0.768569 0.770728
vt 0.820265 0.770833
vt 0.811537 0.755712
vt 0.804590 0.742197
vt 0.799009 0.729990
vt 0.765256 0.754650
vt 0.762508 0.740486
vt 0.743189 0.757108
vt 0.742294 0.742777
vt 0.721292 0.757152
vt 0.722298 0.743174
vt 0.699827 0.754640
vt 0.702576 0.741541
vt 0.679020 0.749644
vt 0.683181 0.737879
vt 0.646817 0.734510
vt 0.652299 0.726243
vt 0.642009 0.732163
vt 0.647572 0.724260
vt 0.611840 0.697555
vt 0.615551 0.695770
vt 0.618391 0.693667
vt 0.620464 0.691221
vt 0.651826 0.716543
vt 0.654920 0.708908
vt 0.656456 0.718262
vt 0.659541 0.710397
vt 0.686134 0.727014
vt 0.688082 0.716767
vt 0.704412 0.729668
vt 0.705510 0.718631
vt 0.722803 0.730635
vt 0.722896 0.719074
vt 0.741356 0.729941
vt 0.740346 0.718107
vt 0.760171 0.727729
vt 0.758135 0.715930
vt 0.794473 0.718769
vt 0.790732 0.708209
vt 0.787556 0.698002
vt 0.784858 0.687867
vt 0.756225 0.704725
vt 0.754452 0.693763
vt 0.739285 0.707009
vt 0.738108 0.696090
vt 0.722564 0.708113
vt 0.721918 0.697389
vt 0.705936 0.708090
vt 0.705835 0.697766
vt 0.689275 0.706896
vt 0.689747 0.697184
vt 0.661466 0.702503
vt 0.662569 0.694651
vt 0.657094 0.701257
vt 0.658401 0.693595
vt 0.621843 0.688440
vt 0.622594 0.685354
vt 0.622791 0.681969
vt 0.622381 0.678316
vt 0.658952 0.685853
vt 0.658793 0.677976
vt 0.662944 0.686691
vt 0.662631 0.678543
vt 0.689587 0.687452
vt 0.688849 0.677578
vt 0.705255 0.687422
vt 0.704230 0.676894
vt 0.720971 0.686634
vt 0.719729 0.675665
vt 0.736808 0.685119
vt 0.735374 0.673916
vt 0.752763 0.682772
vt 0.751122 0.671563
vt 0.782558 0.677587
vt 0.780609 0.667005
vt 0.778990 0.656019
vt 0.777697 0.644571
vt 0.749511 0.660013
vt 0.747921 0.648049
vt 0.733799 0.662362
vt 0.732078 0.650394
vt 0.718196 0.664364
vt 0.716370 0.652675
vt 0.702777 0.666079
vt 0.700903 0.654928
vt 0.687562 0.667484
vt 0.685735 0.657135
vt 0.661641 0.670180
vt 0.659971 0.661616
vt 0.657942 0.669944
vt 0.656399 0.661769
vt 0.621434 0.674408
vt 0.620083 0.670301
vt 0.618249 0.666111
vt 0.615945 0.661946
vt 0.654159 0.653488
vt 0.651223 0.645157
vt 0.657612 0.652897
vt 0.654561 0.644097
vt 0.683366 0.646528
vt 0.680447 0.635679
vt 0.698609 0.643435
vt 0.695893 0.631625
vt 0.714253 0.640586
vt 0.711839 0.628123
vt 0.730207 0.637991
vt 0.728182 0.625171
vt 0.746349 0.635636
vt 0.744791 0.622764
vt 0.776737 0.632642
vt 0.776125 0.620242
vt 0.775968 0.609023
vt 0.776227 0.599635
vt 0.743446 0.611021
vt 0.742412 0.601022
vt 0.726261 0.613572
vt 0.724547 0.603674
vt 0.709427 0.616837
vt 0.707103 0.607297
vt 0.693061 0.620844
vt 0.690232 0.611916
vt 0.677237 0.625599
vt 0.674024 0.617486
vt 0.651004 0.635836
vt 0.647666 0.629787
vt 0.647593 0.636649
vt 0.644389 0.630729
vt 0.614782 0.657553
vt 0.613295 0.655004
vt 0.611257 0.652821
vt 0.608735 0.651005
vt 0.640441 0.624842
vt 0.635656 0.618942
vt 0.643605 0.623713
vt 0.638675 0.617555
vt 0.670108 0.609082
vt 0.665366 0.600266
vt 0.686802 0.602542
vt 0.682666 0.592545
vt 0.704368 0.597186
vt 0.701138 0.586286
vt 0.722648 0.593125
vt 0.720513 0.581690
vt 0.741406 0.590345
vt 0.740425 0.578773
vt 0.776845 0.589667
vt 0.777902 0.578934
vt 0.779499 0.567290
vt 0.781766 0.554619
vt 0.739479 0.566092
vt 0.738598 0.552092
vt 0.718095 0.569138
vt 0.715352 0.555230
vt 0.697319 0.574386
vt 0.692807 0.561283
vt 0.677699 0.581764
vt 0.671755 0.570056
vt 0.659660 0.590946
vt 0.652830 0.581057
vt 0.632749 0.611327
vt 0.625701 0.605091
vt 0.629928 0.613056
vt 0.623151 0.607247
vt 0.605735 0.649576
vt 0.602274 0.648584
vt 0.598382 0.648097
vt 0.594104 0.648198
vt 0.615228 0.601619
vt 0.606128 0.596307
vt 0.617414 0.598961
vt 0.607821 0.593164
vt 0.644687 0.570560
vt 0.635020 0.559449
vt 0.664661 0.557299
vt 0.656211 0.543392
vt 0.687479 0.546773
vt 0.681187 0.530671
vt 0.712244 0.539700
vt 0.708728 0.522178
vt 0.737839 0.536567
vt 0.737309 0.519331
vt 0.784863 0.540844
vt 0.788971 0.525949
vt 0.794135 0.509779
vt 0.800576 0.492455
vt 0.737081 0.500320
vt 0.737312 0.479267
vt 0.704995 0.503207
vt 0.700933 0.481856
vt 0.674004 0.512842
vt 0.665651 0.492935
vt 0.646326 0.528175
vt 0.634604 0.511538
vt 0.623643 0.547720
vt 0.610251 0.535462
vt 0.596898 0.587688
vt 0.584468 0.582801
vt 0.595685 0.591586
vt 0.583891 0.587439
vt 0.588731 0.650130
vt 0.583270 0.653315
vt 0.578054 0.657998
vt 0.573619 0.664373
vt 0.570863 0.584136
vt 0.556775 0.581994
vt 0.570707 0.578732
vt 0.555724 0.575755
vt 0.594475 0.522824
vt 0.575840 0.510078
vt 0.620635 0.493319
vt 0.603789 0.473283
vt 0.655913 0.470558
vt 0.644507 0.445127
vt 0.696629 0.457836
vt 0.692249 0.430726
vt 0.738260 0.455954
vt 0.740276 0.430167
vt 0.808461 0.474031
vt 0.818020 0.454518
vt 0.829449 0.434063
vt 0.922079 0.879713
vt 0.900085 0.863177
vt 0.833986 0.962796
vt 0.743860 0.401702
vt 0.816645 0.928500
vt 0.756163 0.991190
vt 0.688094 0.399995
vt 0.752367 0.945321
vt 0.669940 0.979993
vt 0.631001 0.415689
vt 0.684107 0.938103
vt 0.599888 0.938409
vt 0.582972 0.451045
vt 0.625368 0.908795
vt 0.557013 0.881439
vt 0.554004 0.497869
vt 0.583923 0.866377
vt 0.533018 0.787947
vt 0.539021 0.574528
vt 0.552392 0.787653
vt 0.532273 0.778882
vt 0.542188 0.581887
vt 0.549516 0.779647
vt 0.570776 0.672419
vt 0.572776 0.684447
vt 0.576061 0.692595
vt 0.565325 0.777377
vt 0.568919 0.784650
vt 0.605091 0.850699
vt 0.643634 0.883114
vt 0.693829 0.904592
vt 0.750119 0.909873
vt 0.804313 0.898645
vt 0.881639 0.847024
vt 0.900003 0.677139
vt 0.890747 0.677400
vt 0.882657 0.676708
vt 0.875896 0.675349
vt 0.870428 0.673469
vt 0.866134 0.671118
vt 0.862861 0.668263
vt 0.860479 0.664845
vt 0.858951 0.660963
vt 0.858147 0.656561
vt 0.857985 0.651586
vt 0.858399 0.645981
vt 0.859286 0.639623
vt 0.860209 0.632271
vt 0.859392 0.625256
vt 0.858947 0.619484
vt 0.859653 0.615734
vt 0.861160 0.612147
vt 0.863481 0.608683
vt 0.866661 0.605364
vt 0.870753 0.602273
vt 0.875775 0.599569
vt 0.881513 0.597509
vt 0.888860 0.597321
vt 0.897157 0.599337
vt 0.906473 0.604120
vt 0.915743 0.612839
vt 0.922864 0.626319
vt 0.924887 0.642753
s 1
usemtl Material.002
f 3404/3574/2042 3817/3998/2043 3816/3997/2044 3815/3996/2045 3814/3995/2046 3813/3994/2047 3812/3993/2048 3811/3992/2049 3810/3991/2050 3809/3990/2051 3808/3989/2052 3807/3988/2053 3806/3987/2054 3805/3986/2055 3804/3985/2056 3803/3984/2057 3802/3983/2058 3801/3982/2059 3800/3981/2060 3799/3980/2061 3798/3979/2062 3797/3978/2063 3796/3977/2064 3795/3976/2065 3794/3975/2066 3793/3974/2067 3792/3973/2068 3791/3972/2069 3790/3971/2070 3789/3970/2071 3403/3573/2072 3402/3572/2073
f 3402/3572/2073 3403/3573/2072 3406/3576/2074 3405/3575/2075
f 3404/3574/2042 3402/3572/2073 3405/3575/2075 3408/3578/2076
f 3405/3575/2075 3406/3576/2074 3498/3671/2077 3407/3577/2078
f 3408/3578/2076 3405/3575/2075 3407/3577/2078 3410/3580/2079
f 3409/3579/2080 3408/3578/2076 3410/3580/2079 3412/3582/2081
f 3817/3998/2043 3404/3574/2042 3408/3578/2076 3409/3579/2080
f 3412/3582/2081 3410/3580/2079 3411/3581/2082 3413/3583/2083
f 3410/3580/2079 3407/3577/2078 3500/3673/2084 3411/3581/2082
f 3415/3587/2085 3409/3579/2080 3412/3582/2081 3414/3584/2086
f 3414/3584/2086 3412/3582/2081 3413/3583/2083 3416/3589/2087
f 3418/3591/2088 3415/3586/2085 3414/3585/2086 3417/3590/2089
f 3417/3590/2089 3414/3585/2086 3416/3588/2087 3419/3592/2090
f 3421/3594/2091 3418/3591/2088 3417/3590/2089 3420/3593/2092
f 3420/3593/2092 3417/3590/2089 3419/3592/2090 3422/3595/2093
f 3424/3597/2094 3421/3594/2091 3420/3593/2092 3423/3596/2095
f 3423/3596/2095 3420/3593/2092 3422/3595/2093 3425/3598/2096
f 3427/3600/2097 3424/3597/2094 3423/3596/2095 3426/3599/2098
f 3426/3599/2098 3423/3596/2095 3425/3598/2096 3428/3601/2099
f 3430/3603/2100 3427/3600/2097 3426/3599/2098 3429/3602/2101
f 3429/3602/2101 3426/3599/2098 3428/3601/2099 3431/3604/2102
f 3433/3606/2103 3430/3603/2100 3429/3602/2101 3432/3605/2104
f 3432/3605/2104 3429/3602/2101 3431/3604/2102 3434/3607/2105
f 3436/3609/2106 3433/3606/2103 3432/3605/2104 3435/3608/2107
f 3435/3608/2107 3432/3605/2104 3434/3607/2105 3437/3610/2108
f 3439/3612/2109 3436/3609/2106 3435/3608/2107 3438/3611/2110
f 3438/3611/2110 3435/3608/2107 3437/3610/2108 3440/3613/2111
f 3442/3615/2112 3439/3612/2109 3438/3611/2110 3441/3614/2113
f 3441/3614/2113 3438/3611/2110 3440/3613/2111 3443/3616/2114
f 3445/3618/2115 3442/3615/2112 3441/3614/2113 3444/3617/2116
f 3444/3617/2116 3441/3614/2113 3443/3616/2114 3446/3619/2117
f 3448/3621/2118 3445/3618/2115 3444/3617/2116 3447/3620/2119
f 3447/3620/2119 3444/3617/2116 3446/3619/2117 3449/3622/2120
f 3451/3624/2121 3448/3621/2118 3447/3620/2119 3450/3623/2122
f 3450/3623/2122 3447/3620/2119 3449/3622/2120 3452/3625/2123
f 3454/3627/2124 3451/3624/2121 3450/3623/2122 3453/3626/2125
f 3453/3626/2125 3450/3623/2122 3452/3625/2123 3455/3628/2126
f 3457/3630/2127 3454/3627/2124 3453/3626/2125 3456/3629/2128
f 3456/3629/2128 3453/3626/2125 3455/3628/2126 3458/3631/2129
f 3460/3633/2130 3457/3630/2127 3456/3629/2128 3459/3632/2131
f 3459/3632/2131 3456/3629/2128 3458/3631/2129 3461/3634/2132
f 3463/3636/2133 3460/3633/2130 3459/3632/2131 3462/3635/2134
f 3462/3635/2134 3459/3632/2131 3461/3634/2132 3464/3637/2135
f 3466/3639/2136 3463/3636/2133 3462/3635/2134 3465/3638/2137
f 3465/3638/2137 3462/3635/2134 3464/3637/2135 3467/3640/2138
f 3469/3642/2139 3466/3639/2136 3465/3638/2137 3468/3641/2140
f 3468/3641/2140 3465/3638/2137 3467/3640/2138 3470/3643/2141
f 3472/3645/2142 3469/3642/2139 3468/3641/2140 3471/3644/2143
f 3471/3644/2143 3468/3641/2140 3470/3643/2141 3473/3646/2144
f 3475/3648/2145 3472/3645/2142 3471/3644/2143 3474/3647/2146
f 3474/3647/2146 3471/3644/2143 3473/3646/2144 3476/3649/2147
f 3478/3651/2148 3475/3648/2145 3474/3647/2146 3477/3650/2149
f 3477/3650/2149 3474/3647/2146 3476/3649/2147 3479/3652/2150
f 3481/3654/2151 3478/3651/2148 3477/3650/2149 3480/3653/2152
f 3480/3653/2152 3477/3650/2149 3479/3652/2150 3482/3655/2153
f 3484/3657/2154 3481/3654/2151 3480/3653/2152 3483/3656/2155
f 3483/3656/2155 3480/3653/2152 3482/3655/2153 3485/3658/2156
f 3487/3660/2157 3484/3657/2154 3483/3656/2155 3486/3659/2158
f 3486/3659/2158 3483/3656/2155 3485/3658/2156 3488/3661/2159
f 3490/3663/2160 3487/3660/2157 3486/3659/2158 3489/3662/2161
f 3489/3662/2161 3486/3659/2158 3488/3661/2159 3491/3664/2162
f 3493/3666/2163 3490/3663/2160 3489/3662/2161 3492/3665/2164
f 3492/3665/2164 3489/3662/2161 3491/3664/2162 3494/3667/2165
f 3496/3669/2166 3493/3666/2163 3492/3665/2164 3495/3668/2167
f 3495/3668/2167 3492/3665/2164 3494/3667/2165 3497/3670/2168
f 3406/3576/2074 3496/3669/2166 3495/3668/2167 3498/3671/2077
f 3498/3671/2077 3495/3668/2167 3497/3670/2168 3499/3672/2169
f 3407/3577/2078 3498/3671/2077 3499/3672/2169 3500/3673/2084
f 3499/3672/2169 3497/3670/2168 3503/3676/2170 3501/3674/2171
f 3500/3673/2084 3499/3672/2169 3501/3674/2171 3502/3675/2172
f 3502/3675/2172 3501/3674/2171 3504/3677/2173 3506/3679/2174
f 3501/3674/2171 3503/3676/2170 3505/3678/2175 3504/3677/2173
f 3504/3677/2173 3505/3678/2175 3508/3681/2176 3507/3680/2177
f 3506/3679/2174 3504/3677/2173 3507/3680/2177 3509/3682/2178
f 3507/3680/2177 3508/3681/2176 3511/3684/2179 3510/3683/2180
f 3509/3682/2178 3507/3680/2177 3510/3683/2180 3512/3685/2181
f 3510/3683/2180 3511/3684/2179 3515/3688/2182 3513/3686/2183
f 3512/3685/2181 3510/3683/2180 3513/3686/2183 3514/3687/2184
f 3514/3687/2184 3513/3686/2183 3516/3689/2185 3518/3691/2186
f 3513/3686/2183 3515/3688/2182 3517/3690/2187 3516/3689/2185
f 3516/3689/2185 3517/3690/2187 3521/3694/2188 3519/3692/2189
f 3518/3691/2186 3516/3689/2185 3519/3692/2189 3520/3693/2190
f 3520/3693/2190 3519/3692/2189 3522/3695/2191 3524/3697/2192
f 3519/3692/2189 3521/3694/2188 3523/3696/2193 3522/3695/2191
f 3522/3695/2191 3523/3696/2193 3527/3700/2194 3525/3698/2195
f 3524/3697/2192 3522/3695/2191 3525/3698/2195 3526/3699/2196
f 3526/3699/2196 3525/3698/2195 3527/3700/2194 3528/3701/2197 3529/3702/2198 3562/3735/2199 3563/3736/2200 3564/3737/2201 3565/3738/2202 3598/3771/2203 3599/3772/2204 3600/3773/2205 3601/3774/2206 3634/3807/2207 3635/3808/2208 3636/3809/2209 3637/3810/2210 3670/3843/2211 3671/3844/2212 3672/3845/2213 3673/3846/2214 3706/3879/2215 3707/3880/2216 3708/3881/2217 3709/3882/2218 3742/3915/2219 3743/3916/2220 3744/3917/2221 3745/3918/2222 3778/3959/2223 3779/3960/2224 3780/3961/2225
f 3523/3696/2193 3530/3703/2226 3528/3701/2197 3527/3700/2194
f 3530/3703/2226 3531/3704/2227 3529/3702/2198 3528/3701/2197
f 3532/3705/2228 3533/3706/2229 3531/3704/2227 3530/3703/2226
f 3521/3694/2188 3532/3705/2228 3530/3703/2226 3523/3696/2193
f 3534/3707/2230 3535/3708/2231 3533/3706/2229 3532/3705/2228
f 3517/3690/2187 3534/3707/2230 3532/3705/2228 3521/3694/2188
f 3536/3709/2232 3537/3710/2233 3535/3708/2231 3534/3707/2230
f 3515/3688/2182 3536/3709/2232 3534/3707/2230 3517/3690/2187
f 3538/3711/2234 3539/3712/2235 3537/3710/2233 3536/3709/2232
f 3511/3684/2179 3538/3711/2234 3536/3709/2232 3515/3688/2182
f 3540/3713/2236 3541/3714/2237 3539/3712/2235 3538/3711/2234
f 3508/3681/2176 3540/3713/2236 3538/3711/2234 3511/3684/2179
f 3542/3715/2238 3543/3716/2239 3541/3714/2237 3540/3713/2236
f 3505/3678/2175 3542/3715/2238 3540/3713/2236 3508/3681/2176
f 3544/3717/2240 3545/3718/2241 3543/3716/2239 3542/3715/2238
f 3503/3676/2170 3544/3717/2240 3542/3715/2238 3505/3678/2175
f 3494/3667/2165 3491/3664/2162 3545/3718/2241 3544/3717/2240
f 3497/3670/2168 3494/3667/2165 3544/3717/2240 3503/3676/2170
f 3545/3718/2241 3546/3719/2242 3548/3721/2243 3543/3716/2239
f 3491/3664/2162 3488/3661/2159 3546/3719/2242 3545/3718/2241
f 3488/3661/2159 3485/3658/2156 3547/3720/2244 3546/3719/2242
f 3546/3719/2242 3547/3720/2244 3549/3722/2245 3548/3721/2243
f 3548/3721/2243 3549/3722/2245 3551/3724/2246 3550/3723/2247
f 3543/3716/2239 3548/3721/2243 3550/3723/2247 3541/3714/2237
f 3550/3723/2247 3551/3724/2246 3553/3726/2248 3552/3725/2249
f 3541/3714/2237 3550/3723/2247 3552/3725/2249 3539/3712/2235
f 3552/3725/2249 3553/3726/2248 3555/3728/2250 3554/3727/2251
f 3539/3712/2235 3552/3725/2249 3554/3727/2251 3537/3710/2233
f 3554/3727/2251 3555/3728/2250 3557/3730/2252 3556/3729/2253
f 3537/3710/2233 3554/3727/2251 3556/3729/2253 3535/3708/2231
f 3556/3729/2253 3557/3730/2252 3559/3732/2254 3558/3731/2255
f 3535/3708/2231 3556/3729/2253 3558/3731/2255 3533/3706/2229
f 3558/3731/2255 3559/3732/2254 3561/3734/2256 3560/3733/2257
f 3533/3706/2229 3558/3731/2255 3560/3733/2257 3531/3704/2227
f 3560/3733/2257 3561/3734/2256 3563/3736/2200 3562/3735/2199
f 3531/3704/2227 3560/3733/2257 3562/3735/2199 3529/3702/2198
f 3561/3734/2256 3566/3739/2258 3564/3737/2201 3563/3736/2200
f 3566/3739/2258 3567/3740/2259 3565/3738/2202 3564/3737/2201
f 3568/3741/2260 3569/3742/2261 3567/3740/2259 3566/3739/2258
f 3559/3732/2254 3568/3741/2260 3566/3739/2258 3561/3734/2256
f 3570/3743/2262 3571/3744/2263 3569/3742/2261 3568/3741/2260
f 3557/3730/2252 3570/3743/2262 3568/3741/2260 3559/3732/2254
f 3572/3745/2264 3573/3746/2265 3571/3744/2263 3570/3743/2262
f 3555/3728/2250 3572/3745/2264 3570/3743/2262 3557/3730/2252
f 3574/3747/2266 3575/3748/2267 3573/3746/2265 3572/3745/2264
f 3553/3726/2248 3574/3747/2266 3572/3745/2264 3555/3728/2250
f 3576/3749/2268 3577/3750/2269 3575/3748/2267 3574/3747/2266
f 3551/3724/2246 3576/3749/2268 3574/3747/2266 3553/3726/2248
f 3578/3751/2270 3579/3752/2271 3577/3750/2269 3576/3749/2268
f 3549/3722/2245 3578/3751/2270 3576/3749/2268 3551/3724/2246
f 3580/3753/2272 3581/3754/2273 3579/3752/2271 3578/3751/2270
f 3547/3720/2244 3580/3753/2272 3578/3751/2270 3549/3722/2245
f 3482/3655/2153 3479/3652/2150 3581/3754/2273 3580/3753/2272
f 3485/3658/2156 3482/3655/2153 3580/3753/2272 3547/3720/2244
f 3581/3754/2273 3582/3755/2274 3584/3757/2275 3579/3752/2271
f 3479/3652/2150 3476/3649/2147 3582/3755/2274 3581/3754/2273
f 3582/3755/2274 3583/3756/2276 3585/3758/2277 3584/3757/2275
f 3476/3649/2147 3473/3646/2144 3583/3756/2276 3582/3755/2274
f 3584/3757/2275 3585/3758/2277 3587/3760/2278 3586/3759/2279
f 3579/3752/2271 3584/3757/2275 3586/3759/2279 3577/3750/2269
f 3586/3759/2279 3587/3760/2278 3589/3762/2280 3588/3761/2281
f 3577/3750/2269 3586/3759/2279 3588/3761/2281 3575/3748/2267
f 3588/3761/2281 3589/3762/2280 3591/3764/2282 3590/3763/2283
f 3575/3748/2267 3588/3761/2281 3590/3763/2283 3573/3746/2265
f 3590/3763/2283 3591/3764/2282 3593/3766/2284 3592/3765/2285
f 3573/3746/2265 3590/3763/2283 3592/3765/2285 3571/3744/2263
f 3592/3765/2285 3593/3766/2284 3595/3768/2286 3594/3767/2287
f 3571/3744/2263 3592/3765/2285 3594/3767/2287 3569/3742/2261
f 3594/3767/2287 3595/3768/2286 3597/3770/2288 3596/3769/2289
f 3569/3742/2261 3594/3767/2287 3596/3769/2289 3567/3740/2259
f 3596/3769/2289 3597/3770/2288 3599/3772/2204 3598/3771/2203
f 3567/3740/2259 3596/3769/2289 3598/3771/2203 3565/3738/2202
f 3597/3770/2288 3602/3775/2290 3600/3773/2205 3599/3772/2204
f 3602/3775/2290 3603/3776/2291 3601/3774/2206 3600/3773/2205
f 3604/3777/2292 3605/3778/2293 3603/3776/2291 3602/3775/2290
f 3595/3768/2286 3604/3777/2292 3602/3775/2290 3597/3770/2288
f 3606/3779/2294 3607/3780/2295 3605/3778/2293 3604/3777/2292
f 3593/3766/2284 3606/3779/2294 3604/3777/2292 3595/3768/2286
f 3608/3781/2296 3609/3782/2297 3607/3780/2295 3606/3779/2294
f 3591/3764/2282 3608/3781/2296 3606/3779/2294 3593/3766/2284
f 3610/3783/2298 3611/3784/2299 3609/3782/2297 3608/3781/2296
f 3589/3762/2280 3610/3783/2298 3608/3781/2296 3591/3764/2282
f 3612/3785/2300 3613/3786/2301 3611/3784/2299 3610/3783/2298
f 3587/3760/2278 3612/3785/2300 3610/3783/2298 3589/3762/2280
f 3614/3787/2302 3615/3788/2303 3613/3786/2301 3612/3785/2300
f 3585/3758/2277 3614/3787/2302 3612/3785/2300 3587/3760/2278
f 3616/3789/2304 3617/3790/2305 3615/3788/2303 3614/3787/2302
f 3583/3756/2276 3616/3789/2304 3614/3787/2302 3585/3758/2277
f 3470/3643/2141 3467/3640/2138 3617/3790/2305 3616/3789/2304
f 3473/3646/2144 3470/3643/2141 3616/3789/2304 3583/3756/2276
f 3617/3790/2305 3618/3791/2306 3620/3793/2307 3615/3788/2303
f 3467/3640/2138 3464/3637/2135 3618/3791/2306 3617/3790/2305
f 3618/3791/2306 3619/3792/2308 3621/3794/2309 3620/3793/2307
f 3464/3637/2135 3461/3634/2132 3619/3792/2308 3618/3791/2306
f 3620/3793/2307 3621/3794/2309 3623/3796/2310 3622/3795/2311
f 3615/3788/2303 3620/3793/2307 3622/3795/2311 3613/3786/2301
f 3622/3795/2311 3623/3796/2310 3625/3798/2312 3624/3797/2313
f 3613/3786/2301 3622/3795/2311 3624/3797/2313 3611/3784/2299
f 3624/3797/2313 3625/3798/2312 3627/3800/2314 3626/3799/2315
f 3611/3784/2299 3624/3797/2313 3626/3799/2315 3609/3782/2297
f 3626/3799/2315 3627/3800/2314 3629/3802/2316 3628/3801/2317
f 3609/3782/2297 3626/3799/2315 3628/3801/2317 3607/3780/2295
f 3628/3801/2317 3629/3802/2316 3631/3804/2318 3630/3803/2319
f 3607/3780/2295 3628/3801/2317 3630/3803/2319 3605/3778/2293
f 3630/3803/2319 3631/3804/2318 3633/3806/2320 3632/3805/2321
f 3605/3778/2293 3630/3803/2319 3632/3805/2321 3603/3776/2291
f 3632/3805/2321 3633/3806/2320 3635/3808/2208 3634/3807/2207
f 3603/3776/2291 3632/3805/2321 3634/3807/2207 3601/3774/2206
f 3633/3806/2320 3638/3811/2322 3636/3809/2209 3635/3808/2208
f 3638/3811/2322 3639/3812/2323 3637/3810/2210 3636/3809/2209
f 3640/3813/2324 3641/3814/2325 3639/3812/2323 3638/3811/2322
f 3631/3804/2318 3640/3813/2324 3638/3811/2322 3633/3806/2320
f 3642/3815/2326 3643/3816/2327 3641/3814/2325 3640/3813/2324
f 3629/3802/2316 3642/3815/2326 3640/3813/2324 3631/3804/2318
f 3644/3817/2328 3645/3818/2329 3643/3816/2327 3642/3815/2326
f 3627/3800/2314 3644/3817/2328 3642/3815/2326 3629/3802/2316
f 3646/3819/2330 3647/3820/2331 3645/3818/2329 3644/3817/2328
f 3625/3798/2312 3646/3819/2330 3644/3817/2328 3627/3800/2314
f 3648/3821/2332 3649/3822/2333 3647/3820/2331 3646/3819/2330
f 3623/3796/2310 3648/3821/2332 3646/3819/2330 3625/3798/2312
f 3650/3823/2334 3651/3824/2335 3649/3822/2333 3648/3821/2332
f 3621/3794/2309 3650/3823/2334 3648/3821/2332 3623/3796/2310
f 3652/3825/2336 3653/3826/2337 3651/3824/2335 3650/3823/2334
f 3619/3792/2308 3652/3825/2336 3650/3823/2334 3621/3794/2309
f 3458/3631/2129 3455/3628/2126 3653/3826/2337 3652/3825/2336
f 3461/3634/2132 3458/3631/2129 3652/3825/2336 3619/3792/2308
f 3653/3826/2337 3654/3827/2338 3656/3829/2339 3651/3824/2335
f 3455/3628/2126 3452/3625/2123 3654/3827/2338 3653/3826/2337
f 3654/3827/2338 3655/3828/2340 3657/3830/2341 3656/3829/2339
f 3452/3625/2123 3449/3622/2120 3655/3828/2340 3654/3827/2338
f 3656/3829/2339 3657/3830/2341 3659/3832/2342 3658/3831/2343
f 3651/3824/2335 3656/3829/2339 3658/3831/2343 3649/3822/2333
f 3658/3831/2343 3659/3832/2342 3661/3834/2344 3660/3833/2345
f 3649/3822/2333 3658/3831/2343 3660/3833/2345 3647/3820/2331
f 3660/3833/2345 3661/3834/2344 3663/3836/2346 3662/3835/2347
f 3647/3820/2331 3660/3833/2345 3662/3835/2347 3645/3818/2329
f 3662/3835/2347 3663/3836/2346 3665/3838/2348 3664/3837/2349
f 3645/3818/2329 3662/3835/2347 3664/3837/2349 3643/3816/2327
f 3664/3837/2349 3665/3838/2348 3667/3840/2350 3666/3839/2351
f 3643/3816/2327 3664/3837/2349 3666/3839/2351 3641/3814/2325
f 3666/3839/2351 3667/3840/2350 3669/3842/2352 3668/3841/2353
f 3641/3814/2325 3666/3839/2351 3668/3841/2353 3639/3812/2323
f 3668/3841/2353 3669/3842/2352 3671/3844/2212 3670/3843/2211
f 3639/3812/2323 3668/3841/2353 3670/3843/2211 3637/3810/2210
f 3669/3842/2352 3674/3847/2354 3672/3845/2213 3671/3844/2212
f 3674/3847/2354 3675/3848/2355 3673/3846/2214 3672/3845/2213
f 3676/3849/2356 3677/3850/2357 3675/3848/2355 3674/3847/2354
f 3667/3840/2350 3676/3849/2356 3674/3847/2354 3669/3842/2352
f 3678/3851/2358 3679/3852/2359 3677/3850/2357 3676/3849/2356
f 3665/3838/2348 3678/3851/2358 3676/3849/2356 3667/3840/2350
f 3680/3853/2360 3681/3854/2361 3679/3852/2359 3678/3851/2358
f 3663/3836/2346 3680/3853/2360 3678/3851/2358 3665/3838/2348
f 3682/3855/2362 3683/3856/2363 3681/3854/2361 3680/3853/2360
f 3661/3834/2344 3682/3855/2362 3680/3853/2360 3663/3836/2346
f 3684/3857/2364 3685/3858/2365 3683/3856/2363 3682/3855/2362
f 3659/3832/2342 3684/3857/2364 3682/3855/2362 3661/3834/2344
f 3686/3859/2366 3687/3860/2367 3685/3858/2365 3684/3857/2364
f 3657/3830/2341 3686/3859/2366 3684/3857/2364 3659/3832/2342
f 3688/3861/2368 3689/3862/2369 3687/3860/2367 3686/3859/2366
f 3655/3828/2340 3688/3861/2368 3686/3859/2366 3657/3830/2341
f 3446/3619/2117 3443/3616/2114 3689/3862/2369 3688/3861/2368
f 3449/3622/2120 3446/3619/2117 3688/3861/2368 3655/3828/2340
f 3443/3616/2114 3440/3613/2111 3690/3863/2370 3689/3862/2369
f 3689/3862/2369 3690/3863/2370 3692/3865/2371 3687/3860/2367
f 3690/3863/2370 3691/3864/2372 3693/3866/2373 3692/3865/2371
f 3440/3613/2111 3437/3610/2108 3691/3864/2372 3690/3863/2370
f 3692/3865/2371 3693/3866/2373 3695/3868/2374 3694/3867/2375
f 3687/3860/2367 3692/3865/2371 3694/3867/2375 3685/3858/2365
f 3694/3867/2375 3695/3868/2374 3697/3870/2376 3696/3869/2377
f 3685/3858/2365 3694/3867/2375 3696/3869/2377 3683/3856/2363
f 3696/3869/2377 3697/3870/2376 3699/3872/2378 3698/3871/2379
f 3683/3856/2363 3696/3869/2377 3698/3871/2379 3681/3854/2361
f 3698/3871/2379 3699/3872/2378 3701/3874/2380 3700/3873/2381
f 3681/3854/2361 3698/3871/2379 3700/3873/2381 3679/3852/2359
f 3700/3873/2381 3701/3874/2380 3703/3876/2382 3702/3875/2383
f 3679/3852/2359 3700/3873/2381 3702/3875/2383 3677/3850/2357
f 3702/3875/2383 3703/3876/2382 3705/3878/2384 3704/3877/2385
f 3677/3850/2357 3702/3875/2383 3704/3877/2385 3675/3848/2355
f 3704/3877/2385 3705/3878/2384 3707/3880/2216 3706/3879/2215
f 3675/3848/2355 3704/3877/2385 3706/3879/2215 3673/3846/2214
f 3705/3878/2384 3710/3883/2386 3708/3881/2217 3707/3880/2216
f 3710/3883/2386 3711/3884/2387 3709/3882/2218 3708/3881/2217
f 3712/3885/2388 3713/3886/2389 3711/3884/2387 3710/3883/2386
f 3703/3876/2382 3712/3885/2388 3710/3883/2386 3705/3878/2384
f 3714/3887/2390 3715/3888/2391 3713/3886/2389 3712/3885/2388
f 3701/3874/2380 3714/3887/2390 3712/3885/2388 3703/3876/2382
f 3716/3889/2392 3717/3890/2393 3715/3888/2391 3714/3887/2390
f 3699/3872/2378 3716/3889/2392 3714/3887/2390 3701/3874/2380
f 3718/3891/2394 3719/3892/2395 3717/3890/2393 3716/3889/2392
f 3697/3870/2376 3718/3891/2394 3716/3889/2392 3699/3872/2378
f 3720/3893/2396 3721/3894/2397 3719/3892/2395 3718/3891/2394
f 3695/3868/2374 3720/3893/2396 3718/3891/2394 3697/3870/2376
f 3722/3895/2398 3723/3896/2399 3721/3894/2397 3720/3893/2396
f 3693/3866/2373 3722/3895/2398 3720/3893/2396 3695/3868/2374
f 3724/3897/2400 3725/3898/2401 3723/3896/2399 3722/3895/2398
f 3691/3864/2372 3724/3897/2400 3722/3895/2398 3693/3866/2373
f 3434/3607/2105 3431/3604/2102 3725/3898/2401 3724/3897/2400
f 3437/3610/2108 3434/3607/2105 3724/3897/2400 3691/3864/2372
f 3725/3898/2401 3726/3899/2402 3728/3901/2403 3723/3896/2399
f 3431/3604/2102 3428/3601/2099 3726/3899/2402 3725/3898/2401
f 3726/3899/2402 3727/3900/2404 3729/3902/2405 3728/3901/2403
f 3428/3601/2099 3425/3598/2096 3727/3900/2404 3726/3899/2402
f 3728/3901/2403 3729/3902/2405 3731/3904/2406 3730/3903/2407
f 3723/3896/2399 3728/3901/2403 3730/3903/2407 3721/3894/2397
f 3730/3903/2407 3731/3904/2406 3733/3906/2408 3732/3905/2409
f 3721/3894/2397 3730/3903/2407 3732/3905/2409 3719/3892/2395
f 3732/3905/2409 3733/3906/2408 3735/3908/2410 3734/3907/2411
f 3719/3892/2395 3732/3905/2409 3734/3907/2411 3717/3890/2393
f 3734/3907/2411 3735/3908/2410 3737/3910/2412 3736/3909/2413
f 3717/3890/2393 3734/3907/2411 3736/3909/2413 3715/3888/2391
f 3736/3909/2413 3737/3910/2412 3739/3912/2414 3738/3911/2415
f 3715/3888/2391 3736/3909/2413 3738/3911/2415 3713/3886/2389
f 3738/3911/2415 3739/3912/2414 3741/3914/2416 3740/3913/2417
f 3713/3886/2389 3738/3911/2415 3740/3913/2417 3711/3884/2387
f 3740/3913/2417 3741/3914/2416 3743/3916/2220 3742/3915/2219
f 3711/3884/2387 3740/3913/2417 3742/3915/2219 3709/3882/2218
f 3741/3914/2416 3746/3919/2418 3744/3917/2221 3743/3916/2220
f 3746/3919/2418 3747/3920/2419 3745/3918/2222 3744/3917/2221
f 3748/3921/2420 3749/3922/2421 3747/3920/2419 3746/3919/2418
f 3739/3912/2414 3748/3921/2420 3746/3919/2418 3741/3914/2416
f 3750/3923/2422 3751/3924/2423 3749/3922/2421 3748/3921/2420
f 3737/3910/2412 3750/3923/2422 3748/3921/2420 3739/3912/2414
f 3752/3925/2424 3753/3926/2425 3751/3924/2423 3750/3923/2422
f 3735/3908/2410 3752/3925/2424 3750/3923/2422 3737/3910/2412
f 3754/3927/2426 3755/3928/2427 3753/3926/2425 3752/3925/2424
f 3733/3906/2408 3754/3927/2426 3752/3925/2424 3735/3908/2410
f 3756/3929/2428 3757/3930/2429 3755/3928/2427 3754/3927/2426
f 3731/3904/2406 3756/3929/2428 3754/3927/2426 3733/3906/2408
f 3758/3931/2430 3759/3932/2431 3757/3930/2429 3756/3929/2428
f 3729/3902/2405 3758/3931/2430 3756/3929/2428 3731/3904/2406
f 3760/3933/2432 3761/3934/2433 3759/3932/2431 3758/3931/2430
f 3727/3900/2404 3760/3933/2432 3758/3931/2430 3729/3902/2405
f 3422/3595/2093 3419/3592/2090 3761/3934/2433 3760/3933/2432
f 3425/3598/2096 3422/3595/2093 3760/3933/2432 3727/3900/2404
f 3761/3934/2433 3762/3935/2434 3764/3939/2435 3759/3932/2431
f 3419/3592/2090 3416/3588/2087 3762/3935/2434 3761/3934/2433
f 3762/3936/2434 3763/3937/2436 3765/3940/2437 3764/3938/2435
f 3416/3589/2087 3413/3583/2083 3763/3937/2436 3762/3936/2434
f 3764/3938/2435 3765/3940/2437 3767/3943/2438 3766/3941/2439
f 3759/3932/2431 3764/3939/2435 3766/3942/2439 3757/3930/2429
f 3766/3941/2439 3767/3943/2438 3769/3946/2440 3768/3944/2441
f 3757/3930/2429 3766/3942/2439 3768/3945/2441 3755/3928/2427
f 3768/3944/2441 3769/3946/2440 3771/3949/2442 3770/3947/2443
f 3755/3928/2427 3768/3945/2441 3770/3948/2443 3753/3926/2425
f 3770/3947/2443 3771/3949/2442 3773/3952/2444 3772/3950/2445
f 3753/3926/2425 3770/3948/2443 3772/3951/2445 3751/3924/2423
f 3772/3950/2445 3773/3952/2444 3775/3955/2446 3774/3953/2447
f 3751/3924/2423 3772/3951/2445 3774/3954/2447 3749/3922/2421
f 3774/3953/2447 3775/3955/2446 3777/3958/2448 3776/3956/2449
f 3749/3922/2421 3774/3954/2447 3776/3957/2449 3747/3920/2419
f 3776/3956/2449 3777/3958/2448 3779/3960/2224 3778/3959/2223
f 3747/3920/2419 3776/3957/2449 3778/3959/2223 3745/3918/2222
f 3777/3958/2448 3781/3962/2450 3780/3961/2225 3779/3960/2224
f 3781/3962/2450 3524/3697/2192 3526/3699/2196 3780/3961/2225
f 3782/3963/2451 3520/3693/2190 3524/3697/2192 3781/3962/2450
f 3775/3955/2446 3782/3963/2451 3781/3962/2450 3777/3958/2448
f 3783/3964/2452 3518/3691/2186 3520/3693/2190 3782/3963/2451
f 3773/3952/2444 3783/3964/2452 3782/3963/2451 3775/3955/2446
f 3784/3965/2453 3514/3687/2184 3518/3691/2186 3783/3964/2452
f 3771/3949/2442 3784/3965/2453 3783/3964/2452 3773/3952/2444
f 3785/3966/2454 3512/3685/2181 3514/3687/2184 3784/3965/2453
f 3769/3946/2440 3785/3966/2454 3784/3965/2453 3771/3949/2442
f 3786/3967/2455 3509/3682/2178 3512/3685/2181 3785/3966/2454
f 3767/3943/2438 3786/3967/2455 3785/3966/2454 3769/3946/2440
f 3787/3968/2456 3506/3679/2174 3509/3682/2178 3786/3967/2455
f 3765/3940/2437 3787/3968/2456 3786/3967/2455 3767/3943/2438
f 3788/3969/2457 3502/3675/2172 3506/3679/2174 3787/3968/2456
f 3763/3937/2436 3788/3969/2457 3787/3968/2456 3765/3940/2437
f 3411/3581/2082 3500/3673/2084 3502/3675/2172 3788/3969/2457
f 3413/3583/2083 3411/3581/2082 3788/3969/2457 3763/3937/2436
f 3789/3970/2071 3790/3971/2070 3493/3666/2163 3496/3669/2166
f 3403/3573/2072 3789/3970/2071 3496/3669/2166 3406/3576/2074
f 3790/3971/2070 3791/3972/2069 3490/3663/2160 3493/3666/2163
f 3791/3972/2069 3792/3973/2068 3487/3660/2157 3490/3663/2160
f 3792/3973/2068 3793/3974/2067 3484/3657/2154 3487/3660/2157
f 3793/3974/2067 3794/3975/2066 3481/3654/2151 3484/3657/2154
f 3794/3975/2066 3795/3976/2065 3478/3651/2148 3481/3654/2151
f 3795/3976/2065 3796/3977/2064 3475/3648/2145 3478/3651/2148
f 3796/3977/2064 3797/3978/2063 3472/3645/2142 3475/3648/2145
f 3797/3978/2063 3798/3979/2062 3469/3642/2139 3472/3645/2142
f 3798/3979/2062 3799/3980/2061 3466/3639/2136 3469/3642/2139
f 3799/3980/2061 3800/3981/2060 3463/3636/2133 3466/3639/2136
f 3800/3981/2060 3801/3982/2059 3460/3633/2130 3463/3636/2133
f 3801/3982/2059 3802/3983/2058 3457/3630/2127 3460/3633/2130
f 3802/3983/2058 3803/3984/2057 3454/3627/2124 3457/3630/2127
f 3803/3984/2057 3804/3985/2056 3451/3624/2121 3454/3627/2124
f 3804/3985/2056 3805/3986/2055 3448/3621/2118 3451/3624/2121
f 3805/3986/2055 3806/3987/2054 3445/3618/2115 3448/3621/2118
f 3806/3987/2054 3807/3988/2053 3442/3615/2112 3445/3618/2115
f 3807/3988/2053 3808/3989/2052 3439/3612/2109 3442/3615/2112
f 3808/3989/2052 3809/3990/2051 3436/3609/2106 3439/3612/2109
f 3809/3990/2051 3810/3991/2050 3433/3606/2103 3436/3609/2106
f 3810/3991/2050 3811/3992/2049 3430/3603/2100 3433/3606/2103
f 3811/3992/2049 3812/3993/2048 3427/3600/2097 3430/3603/2100
f 3812/3993/2048 3813/3994/2047 3424/3597/2094 3427/3600/2097
f 3813/3994/2047 3814/3995/2046 3421/3594/2091 3424/3597/2094
f 3814/3995/2046 3815/3996/2045 3418/3591/2088 3421/3594/2091
f 3815/3996/2045 3816/3997/2044 3415/3586/2085 3418/3591/2088
f 3816/3997/2044 3817/3998/2043 3409/3579/2080 3415/3587/2085
o Cube.001
v -0.543630 -0.363275 -0.414753
v -0.571825 1.084239 -0.415530
v -0.533355 -0.363275 0.176232
v -0.711226 -0.704935 -0.456868
v -0.834002 1.272097 -0.461314
v -0.694701 -0.704934 0.296683
v -1.136029 -0.953479 -0.221539
v -1.748083 -1.042899 -0.207180
v -1.108327 -0.953479 0.372035
v -1.494222 1.159642 -0.235152
v -1.864928 1.001380 -0.198199
v -1.466380 1.159642 0.383479
v -1.844111 1.001381 0.362425
v -0.817427 1.272097 0.301265
v -0.561540 1.084239 0.177324
v -1.726342 -1.042899 0.318496
v -2.565945 0.511365 0.184145
v -3.053331 0.397554 0.091218
v -2.546568 0.511366 -0.271041
v -3.719671 -1.087789 0.017181
v -4.637802 -1.073636 -0.098638
v -3.705663 -1.087789 -0.383211
v -4.611296 -1.073636 -0.483582
v -3.022571 0.397554 -0.316945
v -5.397331 0.265107 -0.550134
v -5.181299 -1.737124 -0.505540
v -5.201084 -1.737124 -0.204029
v -5.811135 -1.045834 -0.563743
v -5.290984 -2.424618 -0.515330
v -5.310218 -2.424618 -0.218734
v -5.808265 -2.256526 -0.563131
v -5.265663 -3.338171 -0.513806
v -5.285187 -3.338171 -0.214621
v -5.582090 -3.280985 -0.543047
v -5.146474 -3.993527 -0.504019
v -5.104303 -4.177148 -0.462550
v -5.166663 -3.993527 -0.198892
v -5.390283 -3.783079 -0.526331
v -5.303053 -3.941857 -0.481328
v -5.409467 -3.783079 -0.230175
v -5.600247 -3.280985 -0.256066
v -5.317738 -3.941857 -0.256567
v -5.119464 -4.177148 -0.233526
v -5.825265 -2.256526 -0.286486
v -5.828200 -1.045834 -0.286524
v -5.419570 0.265107 -0.209225
v -4.114777 0.578002 -0.055989
v -5.323296 0.948979 -0.221226
v -5.303581 0.948979 -0.522111
v -4.481737 0.855268 -0.106674
v -5.262694 1.323067 -0.210433
v -5.210222 1.468273 -0.241060
v -5.242624 1.323067 -0.514497
v -4.856155 1.463314 -0.155992
v -5.004745 1.629645 -0.215265
v -4.834250 1.463313 -0.476440
v -4.458089 0.855268 -0.442702
v -4.988856 1.629645 -0.450785
v -5.194951 1.468274 -0.471060
v -4.089110 0.578002 -0.410048
v -0.550736 0.363809 -0.479644
v -0.528822 -0.517792 -0.119314
v -0.586410 -0.589089 -0.489992
v -0.775717 0.283581 -0.601228
v -0.679948 -1.075628 -0.080105
v -0.927765 -0.831847 -0.339411
v -1.299883 -1.016170 -0.176006
v -1.055030 -1.349689 0.075451
v -1.320333 0.103082 -0.341990
v -1.170342 1.214262 -0.348511
v -1.675941 1.115784 -0.188645
v -1.547449 1.555852 0.073960
v -1.646858 1.115784 0.396908
v -1.148130 1.214262 0.342719
v -1.282146 0.103082 0.491401
v -0.627359 1.268011 0.263795
v -0.752961 0.283581 0.441111
v -0.848730 1.642791 -0.080012
v -0.538208 0.363809 0.241190
v -0.560121 1.245409 -0.119140
v -1.876515 1.384683 0.087074
v -1.781237 -0.020759 0.442301
v -2.205021 0.758476 0.274797
v -2.776932 0.394105 0.134629
v -2.339430 0.811207 -0.017279
v -3.145937 -0.288212 0.180874
v -2.712523 -1.067149 0.170127
v -4.249490 -1.096061 -0.060833
v -3.929494 -1.387630 -0.209184
v -4.226363 -1.096061 -0.432150
v -2.716639 -1.067149 -0.294143
v -3.122986 -0.288212 -0.407336
v -3.770072 -0.239271 -0.461498
v -4.746513 -1.439781 -0.304789
v -4.956538 -0.416144 -0.556759
v -5.032038 -1.429324 -0.495557
v -5.073352 -1.866741 -0.341594
v -5.492763 -1.391479 -0.588898
v -5.256184 -2.053701 -0.512099
v -5.203820 -2.456135 -0.356198
v -5.546227 -2.340572 -0.592972
v -5.293670 -2.877938 -0.515897
v -5.216224 -3.348893 -0.357587
v -5.420344 -3.309578 -0.583379
v -5.210472 -3.718895 -0.509274
v -5.100603 -4.148090 -0.493848
v -5.110949 -4.032986 -0.346431
v -5.264687 -3.888303 -0.571545
v -5.470522 -3.597959 -0.533278
v -5.343526 -3.878381 -0.515926
v -5.445494 -3.743621 -0.383278
v -5.489277 -3.597960 -0.240953
v -5.362098 -3.878381 -0.230583
v -5.291757 -3.888303 -0.158164
v -5.330244 -3.919856 -0.371066
v -5.216726 -4.066753 -0.219883
v -5.085012 -4.213650 -0.345349
v -5.120047 -4.148090 -0.200709
v -5.650371 -3.270263 -0.406184
v -5.446249 -3.309578 -0.180391
v -5.724807 -2.815909 -0.272951
v -5.913546 -2.225009 -0.435642
v -5.571139 -2.340572 -0.198869
v -5.864553 -1.662365 -0.291670
v -5.937507 -0.916217 -0.438324
v -5.518095 -1.391479 -0.191021
v -5.701757 -0.408402 -0.266809
v -4.704061 0.460542 -0.067650
v -5.667824 0.369989 -0.409007
v -4.987247 -0.416144 -0.103766
v -5.376570 0.728028 -0.224431
v -5.471600 0.966550 -0.389853
v -4.906581 0.902124 -0.104239
v -5.285351 1.153389 -0.215275
v -5.243901 1.417313 -0.213684
v -5.329057 1.296771 -0.371137
v -5.063360 1.393191 -0.124664
v -4.667242 1.162522 -0.131198
v -4.956456 1.611701 -0.175992
v -4.768806 1.489610 -0.307544
v -4.644465 1.162522 -0.459444
v -4.935932 1.611701 -0.478769
v -5.034503 1.393190 -0.554017
v -4.976891 1.652126 -0.330797
v -5.091112 1.553327 -0.486506
v -5.224322 1.454529 -0.358493
v -5.224579 1.417313 -0.505722
v -4.337954 0.678767 -0.431887
v -4.876770 0.902124 -0.542117
v -4.311753 0.837697 -0.256504
v -3.888922 0.618939 -0.209054
v -4.671846 0.460542 -0.530168
v -3.559023 0.475671 -0.363840
v -5.110102 1.553328 -0.202784
v -5.265460 1.153389 -0.517748
v -4.362224 0.678767 -0.090303
v -5.356658 0.728028 -0.528960
v -3.587529 0.475671 0.016660
v -5.198530 -4.066753 -0.496531
v -5.230345 -3.718895 -0.206973
v -5.707300 -2.815908 -0.554120
v -5.312962 -2.877938 -0.218774
v -5.847726 -1.662365 -0.566763
v -5.275565 -2.053701 -0.214190
v -5.683655 -0.408402 -0.555165
v -5.053052 -1.429325 -0.180694
v -2.760558 0.625815 -0.081709
v -2.747622 0.394105 -0.292078
v -3.808410 -0.239271 0.067006
v -2.206023 0.758477 -0.234338
v -1.715218 -1.426201 0.050698
v -1.270825 -1.016170 0.379943
v -1.810496 -0.020759 -0.304530
v -0.905648 -0.831847 0.334612
v -0.572936 -0.589089 0.261493
v -0.640857 1.268011 -0.491841
v -0.615368 0.339789 -0.632528
v -0.527440 0.370789 -0.119322
v -0.568975 -0.937782 -0.114295
v -1.053209 0.191208 -0.471954
v -0.871232 -1.215492 -0.002306
v -1.214845 -1.415911 0.101563
v -1.493362 0.049807 -0.289341
v -1.204710 1.597908 -0.002989
v -1.731908 1.515525 0.104537
v -1.453391 0.049807 0.495441
v -1.022733 0.191208 0.466658
v -0.643206 1.617360 -0.113987
v -0.596812 0.339789 0.404246
v -2.110073 1.100781 0.035649
v -2.458292 -0.154336 0.313719
v -2.487140 0.667242 -0.047443
v -3.516568 -0.340463 0.111030
v -2.810030 -1.409454 -0.077427
v -4.501079 -1.382674 -0.276427
v -3.480630 -0.340463 -0.435905
v -2.461811 -0.154336 -0.355498
v -4.229729 0.091018 -0.500117
v -4.942035 -1.626698 -0.326870
v -5.344714 -0.916195 -0.578868
v -5.155200 -2.127077 -0.350756
v -5.548560 -1.858033 -0.593150
v -5.225927 -2.889569 -0.358673
v -5.497034 -2.846923 -0.589223
v -5.171753 -3.741570 -0.352688
v -5.336875 -3.658427 -0.577022
v -5.064035 -4.200277 -0.342342
v -5.218143 -4.013951 -0.559248
v -5.528553 -3.575284 -0.392551
v -5.398410 -3.827624 -0.378135
v -5.363433 -3.658427 -0.168216
v -5.244301 -4.013951 -0.161229
v -5.200259 -4.081969 -0.357609
v -5.793441 -2.804278 -0.422198
v -5.522335 -2.846923 -0.191648
v -5.966814 -1.588990 -0.441605
v -5.573453 -1.858033 -0.199211
v -5.823585 -0.230691 -0.425675
v -5.371375 -0.916195 -0.168069
v -4.867088 0.703649 -0.096791
v -4.265867 0.091018 0.001790
v -5.557965 0.746271 -0.398472
v -5.391571 1.151677 -0.379860
v -4.980297 1.157956 -0.114107
v -5.288109 1.381094 -0.365748
v -5.104014 1.514938 -0.138932
v -4.539688 1.164234 -0.281973
v -4.892504 1.648781 -0.321356
v -4.950962 1.157956 -0.547726
v -5.076600 1.514938 -0.548172
v -5.102523 1.562495 -0.344859
v -4.163479 0.668970 -0.239862
v -4.836781 0.703649 -0.539576
v -3.324508 0.612142 -0.145716
vn 0.9663 0.1254 -0.2247
vn 0.9526 0.0241 -0.3034
vn 0.1841 0.0074 -0.9829
vn 0.3422 0.2552 -0.9043
vn 0.9819 -0.0519 -0.1819
vn 0.4492 -0.2073 -0.8690
vn -0.1281 -0.3028 -0.9444
vn -0.2527 -0.0156 -0.9674
vn -0.2818 0.2510 -0.9261
vn 0.9997 0.0187 -0.0171
vn 0.9982 -0.0577 -0.0189
vn 0.9904 0.1369 -0.0178
vn 0.9755 0.1232 0.1824
vn 0.9662 0.0246 0.2567
vn 0.9888 -0.0502 0.1403
vn 0.9307 -0.3539 -0.0926
vn 0.6017 -0.7946 -0.0808
vn 0.7348 -0.1944 0.6498
vn 0.3700 -0.2481 0.8953
vn -0.3899 -0.0367 -0.9201
vn -0.3772 0.2171 -0.9003
vn -0.2719 -0.3252 -0.9057
vn -0.1979 -0.3210 -0.9262
vn -0.3341 -0.0485 -0.9413
vn -0.3226 0.2007 -0.9250
vn 0.4637 -0.8855 -0.0307
vn 0.4491 -0.8795 0.1575
vn 0.2928 -0.2334 0.9273
vn 0.2087 -0.2132 0.9544
vn 0.0856 -0.2252 -0.9705
vn -0.0383 -0.2927 -0.9554
vn 0.1700 -0.9600 0.2223
vn -0.0005 -0.9998 -0.0208
vn 0.0259 -0.2309 0.9726
vn -0.1284 -0.2573 0.9578
vn -0.1106 -0.0225 -0.9936
vn -0.1850 0.2438 -0.9520
vn 0.0567 0.0068 -0.9984
vn -0.0954 0.2462 -0.9645
vn -0.2121 0.9764 -0.0401
vn -0.0751 0.9960 -0.0479
vn -0.2391 0.9710 0.0039
vn 0.0355 0.2446 0.9690
vn 0.0695 0.2748 0.9590
vn 0.1247 0.2912 0.9485
vn -0.4684 0.8573 0.2135
vn -0.6595 0.7512 0.0272
vn -0.3039 0.1973 0.9321
vn -0.1356 0.1975 0.9709
vn -0.1735 -0.0244 0.9845
vn -0.0451 -0.0121 0.9989
vn 0.0860 0.0063 0.9963
vn 0.1306 0.0103 0.9914
vn 0.1878 0.0092 0.9822
vn 0.8043 0.5905 -0.0664
vn 0.5900 0.2704 0.7607
vn 0.4674 0.0200 0.8838
vn -0.1035 0.2679 -0.9579
vn -0.6816 0.7285 -0.0684
vn -0.1019 0.3000 -0.9485
vn -0.6546 0.7530 -0.0674
vn -0.3899 0.3201 0.8634
vn -0.3663 0.2382 0.8995
vn -0.2004 -0.0004 0.9797
vn -0.2014 0.0287 0.9791
vn -0.1470 -0.2206 0.9642
vn -0.1454 -0.2412 0.9595
vn 0.0190 0.2827 -0.9590
vn -0.4742 0.8802 -0.0208
vn 0.1085 0.2462 -0.9631
vn -0.0419 0.9987 -0.0281
vn -0.1224 0.2625 0.9571
vn -0.2762 0.3538 0.8936
vn -0.1501 0.0110 0.9886
vn -0.1201 0.0100 0.9927
vn -0.0891 -0.1703 0.9814
vn -0.1274 -0.2174 0.9677
vn -0.0180 -0.9996 -0.0200
vn -0.0184 -0.9998 -0.0017
vn 0.0946 -0.2293 -0.9687
vn 0.0941 -0.2257 -0.9696
vn 0.0446 -0.9989 0.0129
vn 0.4509 -0.8919 0.0346
vn 0.1441 -0.1653 -0.9757
vn 0.1025 -0.2221 -0.9696
vn 0.0974 -0.0042 -0.9952
vn 0.0703 0.0172 -0.9974
vn 0.1082 0.0048 -0.9941
vn 0.0677 0.0139 -0.9976
vn 0.0647 -0.0173 -0.9978
vn 0.1071 0.0417 -0.9934
vn -0.1546 0.0628 -0.9860
vn 0.0981 0.0679 -0.9929
vn 0.1850 0.3251 -0.9274
vn 0.1354 0.2721 -0.9527
vn 0.0689 -0.1690 0.9832
vn 0.7696 -0.6290 0.1102
vn 0.1961 -0.1169 0.9736
vn 0.9225 -0.3667 0.1202
vn 0.3950 -0.1079 -0.9123
vn 0.2839 -0.1575 -0.9458
vn 0.0576 -0.0082 -0.9983
vn 0.0583 -0.0034 -0.9983
vn -0.3319 0.0480 -0.9421
vn -0.2588 0.0835 -0.9623
vn 0.2857 -0.0680 0.9559
vn 0.9745 -0.1921 0.1159
vn 0.3595 -0.0225 0.9329
vn 0.9914 -0.0736 0.1080
vn 0.5378 -0.0208 -0.8428
vn 0.4708 -0.0620 -0.8801
vn 0.0558 -0.0062 -0.9984
vn 0.0528 -0.0122 -0.9985
vn -0.4048 -0.0584 -0.9125
vn -0.3788 -0.0031 -0.9255
vn 0.4285 0.0196 0.9033
vn 0.9955 0.0072 0.0950
vn 0.5069 0.0723 0.8590
vn 0.9930 0.0859 0.0813
vn 0.6746 0.0688 -0.7350
vn 0.6044 0.0184 -0.7965
vn 0.0473 -0.0201 -0.9987
vn 0.0366 -0.0317 -0.9988
vn -0.4835 -0.1637 -0.8599
vn -0.4313 -0.1099 -0.8955
vn 0.5962 0.1430 0.7900
vn 0.9819 0.1739 0.0750
vn 0.6265 0.1774 0.7590
vn 0.9662 0.2475 0.0720
vn 0.7741 0.1801 -0.6069
vn 0.7470 0.1382 -0.6503
vn 0.0340 -0.0442 -0.9984
vn 0.0636 -0.0693 -0.9956
vn -0.6448 -0.3134 -0.6972
vn -0.5610 -0.2310 -0.7949
vn 0.5224 -0.1361 0.8418
vn 0.9850 -0.1146 0.1287
vn -0.1031 -0.9082 0.4056
vn 0.0219 -0.9979 -0.0605
vn -0.0281 -0.9211 -0.3882
vn 0.6621 -0.1859 -0.7260
vn 0.1644 -0.1442 -0.9758
vn -0.6935 -0.6603 -0.2882
vn -0.7817 -0.6076 -0.1406
vn -0.7470 -0.4644 -0.4757
vn -0.9226 -0.3814 -0.0576
vn -0.9485 -0.3095 -0.0677
vn -0.8955 -0.4417 -0.0543
vn -0.7683 -0.3122 0.5588
vn -0.7203 -0.2373 0.6518
vn -0.6657 -0.1708 0.7264
vn -0.8535 -0.5189 -0.0487
vn -0.7934 -0.6066 -0.0503
vn -0.7946 -0.6065 0.0284
vn -0.8123 -0.4608 0.3574
vn -0.0778 -0.0141 0.9969
vn -0.0991 -0.0137 0.9950
vn -0.0333 -0.0295 0.9990
vn 0.0622 -0.0980 0.9932
vn -0.7433 -0.6474 0.1686
vn -0.7618 -0.6458 -0.0511
vn -0.9695 -0.2281 -0.0894
vn -0.9840 -0.1258 -0.1262
vn -0.6210 -0.1149 0.7753
vn -0.5926 -0.0608 0.8032
vn -0.1134 -0.0116 0.9935
vn -0.1267 -0.0098 0.9919
vn -0.9865 -0.0080 -0.1634
vn -0.9758 0.1128 -0.1873
vn -0.5625 -0.0033 0.8268
vn -0.5148 0.0479 0.8559
vn -0.1365 -0.0077 0.9906
vn -0.1448 -0.0071 0.9894
vn -0.9498 0.2323 -0.2097
vn -0.9393 0.2597 -0.2243
vn -0.4460 0.0825 0.8912
vn -0.3416 0.0578 0.9381
vn -0.1555 -0.0116 0.9878
vn -0.1558 -0.0183 0.9876
vn -0.0311 0.3236 0.9457
vn 0.1016 0.2742 0.9563
vn -0.1342 0.0468 0.9898
vn -0.1201 0.0747 0.9899
vn 0.1815 0.1916 0.9646
vn -0.1101 0.0433 0.9930
vn -0.4601 0.0832 0.8840
vn -0.4398 0.0870 0.8939
vn -0.0815 0.2713 0.9590
vn -0.1152 0.0446 0.9923
vn -0.9460 0.2450 -0.2125
vn -0.9411 0.3003 -0.1556
vn -0.2553 0.0827 -0.9633
vn -0.2407 0.0815 -0.9672
vn -0.5257 0.0647 0.8482
vn -0.9551 0.2787 -0.1010
vn -0.5947 0.0832 0.7996
vn -0.9549 0.2899 -0.0636
vn -0.3969 0.0856 -0.9139
vn -0.3206 0.0709 -0.9446
vn 0.2287 0.2073 0.9512
vn -0.1105 0.0421 0.9930
vn 0.2675 0.2503 0.9305
vn -0.1402 0.0674 0.9878
vn -0.6893 0.2743 0.6705
vn -0.8962 0.4418 -0.0402
vn -0.7228 0.6787 0.1298
vn -0.7263 0.6860 -0.0425
vn -0.6899 0.6793 -0.2500
vn -0.5290 0.2511 -0.8106
vn 0.1835 0.4372 0.8805
vn -0.2963 0.1980 0.9344
vn -0.3025 0.8968 0.3229
vn -0.5926 0.7315 0.3373
vn 0.3966 0.1908 -0.8980
vn 0.4410 0.2157 -0.8712
vn 0.8290 0.5552 0.0673
vn 0.8015 0.5935 0.0733
vn 0.4694 0.2586 -0.8443
vn 0.8141 0.5776 0.0601
vn 0.3191 0.4476 -0.8354
vn 0.5936 0.8046 0.0185
vn -0.2682 0.9045 -0.3316
vn -0.2660 0.9634 -0.0341
vn 0.0831 0.0387 -0.9958
vn 0.0962 0.0384 -0.9946
vn 0.0291 0.0601 -0.9978
vn -0.1342 0.1910 -0.9724
vn -0.4987 0.7515 -0.4319
vn -0.6176 0.7854 -0.0422
vn 0.3238 0.2608 -0.9095
vn 0.5067 0.8584 0.0805
vn 0.1527 0.9883 -0.0002
vn 0.0785 0.0389 -0.9962
vn 0.0630 0.9978 -0.0199
vt 0.819443 0.136222
vt 0.815939 0.164417
vt 0.901155 0.099068
vt 0.940458 0.301479
vt 0.807089 0.129930
vt 0.799561 0.170170
vt 0.897744 0.063177
vt 0.927973 0.313889
vt 0.796064 0.110905
vt 0.750757 0.106032
vt 0.880298 0.030618
vt 0.900042 0.341669
vt 0.777832 0.180925
vt 0.756159 0.184789
vt 0.828373 0.260848
vt 0.799240 0.272803
vt 0.865868 0.233058
vt 0.899918 0.206262
vt 0.833740 0.357477
vt 0.815224 0.019744
vt 0.728241 0.287770
vt 0.679508 0.292942
vt 0.699777 0.187083
vt 0.598819 0.389240
vt 0.572478 0.016626
vt 0.491431 0.018675
vt 0.521509 0.401944
vt 0.583171 0.108475
vt 0.504033 0.118800
vt 0.658064 0.191740
vt 0.447501 0.192400
vt 0.449098 0.104686
vt 0.464402 0.021041
vt 0.504078 0.419098
vt 0.403605 0.165994
vt 0.426797 0.095253
vt 0.440820 0.021166
vt 0.498553 0.439623
vt 0.386392 0.137468
vt 0.402761 0.081679
vt 0.410282 0.019526
vt 0.505177 0.467394
vt 0.378754 0.108011
vt 0.387331 0.072064
vt 0.379152 0.067688
vt 0.385245 0.019302
vt 0.519893 0.486154
vt 0.376436 0.091092
vt 0.372178 0.082320
vt 0.322452 0.075106
vt 0.487839 0.485639
vt 0.320319 0.102215
vt 0.466681 0.476708
vt 0.492830 0.487192
vt 0.330666 0.061800
vt 0.531912 0.493154
vt 0.362674 0.029306
vt 0.325443 0.154274
vt 0.434533 0.451420
vt 0.348057 0.208255
vt 0.419036 0.411097
vt 0.426038 0.365796
vt 0.387969 0.252338
vt 0.572977 0.297858
vt 0.412854 0.270688
vt 0.437129 0.342156
vt 0.455779 0.215514
vt 0.533532 0.296294
vt 0.429807 0.282302
vt 0.448011 0.326768
vt 0.451956 0.321160
vt 0.442678 0.288060
vt 0.459289 0.226090
vt 0.490503 0.292229
vt 0.468001 0.300877
vt 0.492365 0.231543
vt 0.529542 0.218622
vt 0.477677 0.240784
vt 0.461156 0.235988
vt 0.563988 0.208971
vt 0.812235 0.150574
vt 0.850279 0.121728
vt 0.811480 0.134606
vt 0.791184 0.150544
vt 0.846072 0.099703
vt 0.801619 0.120382
vt 0.787788 0.106505
vt 0.833252 0.072052
vt 0.776984 0.145894
vt 0.788705 0.175658
vt 0.770194 0.183603
vt 0.797345 0.219818
vt 0.816943 0.267902
vt 0.846920 0.247300
vt 0.863485 0.301502
vt 0.877943 0.223079
vt 0.898764 0.272455
vt 0.828761 0.197940
vt 0.897474 0.147743
vt 0.915987 0.257008
vt 0.844435 0.176987
vt 0.776708 0.228147
vt 0.817894 0.315774
vt 0.763961 0.280440
vt 0.707207 0.291206
vt 0.734849 0.235328
vt 0.676319 0.339106
vt 0.717636 0.373360
vt 0.695278 0.017732
vt 0.539742 0.397199
vt 0.511462 0.017196
vt 0.565882 0.064467
vt 0.537681 0.110323
vt 0.668121 0.107094
vt 0.637583 0.146996
vt 0.583295 0.155494
vt 0.490213 0.066724
vt 0.481214 0.157426
vt 0.465232 0.109299
vt 0.459517 0.064621
vt 0.429370 0.138444
vt 0.437761 0.100448
vt 0.435934 0.060761
vt 0.410114 0.120657
vt 0.414540 0.088578
vt 0.407310 0.053382
vt 0.394577 0.099941
vt 0.393613 0.076011
vt 0.383155 0.069676
vt 0.386509 0.048182
vt 0.386089 0.086734
vt 0.377193 0.097604
vt 0.375354 0.087230
vt 0.353428 0.085757
vt 0.321140 0.085129
vt 0.479572 0.482772
vt 0.324075 0.069816
vt 0.491584 0.486805
vt 0.503866 0.485896
vt 0.356658 0.075295
vt 0.512371 0.490173
vt 0.345647 0.045654
vt 0.372776 0.052405
vt 0.375151 0.021300
vt 0.526324 0.490541
vt 0.352567 0.107430
vt 0.485929 0.472051
vt 0.321344 0.126477
vt 0.450291 0.466181
vt 0.357312 0.147615
vt 0.466543 0.445521
vt 0.333863 0.181791
vt 0.423614 0.432965
vt 0.376082 0.188471
vt 0.461557 0.415097
vt 0.368051 0.232948
vt 0.420855 0.387010
vt 0.518475 0.334621
vt 0.409673 0.222755
vt 0.497509 0.374512
vt 0.431512 0.351757
vt 0.402295 0.263741
vt 0.430023 0.239457
vt 0.493339 0.324027
vt 0.422370 0.277107
vt 0.443084 0.333556
vt 0.434706 0.285226
vt 0.450679 0.323043
vt 0.443523 0.249657
vt 0.472378 0.313191
vt 0.512044 0.294127
vt 0.478935 0.291974
vt 0.497306 0.260612
vt 0.511000 0.225225
vt 0.482579 0.235569
vt 0.477553 0.219311
vt 0.476455 0.262513
vt 0.470144 0.234502
vt 0.453275 0.255335
vt 0.460149 0.229735
vt 0.541481 0.214224
vt 0.493979 0.206144
vt 0.545158 0.254981
vt 0.587338 0.250373
vt 0.511876 0.190456
vt 0.610779 0.200121
vt 0.464494 0.310500
vt 0.457305 0.293225
vt 0.458168 0.221273
vt 0.547351 0.297898
vt 0.451641 0.208958
vt 0.626014 0.295613
vt 0.377561 0.077066
vt 0.396635 0.019063
vt 0.512283 0.478521
vt 0.381673 0.122037
vt 0.425887 0.020389
vt 0.500428 0.453421
vt 0.393416 0.152138
vt 0.452943 0.021414
vt 0.499726 0.428625
vt 0.418850 0.179395
vt 0.477570 0.020074
vt 0.511566 0.409570
vt 0.694877 0.239632
vt 0.682468 0.188050
vt 0.611169 0.344324
vt 0.728160 0.186015
vt 0.777039 0.063915
vt 0.868537 0.022604
vt 0.886017 0.349124
vt 0.745111 0.145154
vt 0.888976 0.046621
vt 0.913769 0.328078
vt 0.901978 0.075425
vt 0.936226 0.305663
vt 0.806901 0.166818
vt 0.796996 0.151310
vt 0.847189 0.148983
vt 0.849555 0.108537
vt 0.784136 0.148250
vt 0.839668 0.085735
vt 0.823393 0.065451
vt 0.769617 0.144914
vt 0.812956 0.209119
vt 0.788022 0.225264
vt 0.850538 0.309061
vt 0.880884 0.287333
vt 0.838145 0.190109
vt 0.909225 0.263261
vt 0.755809 0.231883
vt 0.747814 0.327536
vt 0.720995 0.237126
vt 0.638453 0.344422
vt 0.672841 0.063887
vt 0.511479 0.065543
vt 0.607466 0.148432
vt 0.692016 0.146048
vt 0.546898 0.172706
vt 0.473530 0.065882
vt 0.445395 0.147006
vt 0.447888 0.063115
vt 0.418917 0.129997
vt 0.421679 0.057231
vt 0.401780 0.110089
vt 0.395473 0.050221
vt 0.389380 0.092014
vt 0.379723 0.047962
vt 0.383570 0.083262
vt 0.352795 0.093889
vt 0.354011 0.081391
vt 0.495928 0.480647
vt 0.508954 0.488673
vt 0.364311 0.063973
vt 0.353717 0.126290
vt 0.475359 0.459801
vt 0.364432 0.168485
vt 0.461670 0.430795
vt 0.392472 0.207285
vt 0.468579 0.397358
vt 0.499696 0.329458
vt 0.565657 0.339470
vt 0.421434 0.233059
vt 0.437639 0.245122
vt 0.483094 0.318141
vt 0.447350 0.252436
vt 0.466933 0.310716
vt 0.521183 0.257829
vt 0.484652 0.262165
vt 0.486085 0.213034
vt 0.473112 0.223879
vt 0.464934 0.258685
vt 0.560646 0.253163
vt 0.498313 0.200296
vt 0.641182 0.244942
s 1
usemtl Material.001
f 3819/4000/2458 3878/4079/2459 3994/4216/2460 3993/4215/2461
f 3878/4079/2459 3818/3999/2462 3880/4081/2463 3994/4216/2460
f 3994/4216/2460 3880/4081/2463 3821/4003/2464 3881/4082/2465
f 3993/4215/2461 3994/4216/2460 3881/4082/2465 3822/4004/2466
f 3818/3999/2462 3878/4079/2459 3995/4217/2467 3879/4080/2468
f 3878/4079/2459 3819/4000/2458 3897/4099/2469 3995/4217/2467
f 3995/4217/2467 3897/4099/2469 3832/4016/2470 3896/4097/2471
f 3879/4080/2468 3995/4217/2467 3896/4097/2471 3820/4001/2472
f 3821/4003/2464 3880/4081/2463 3996/4218/2473 3882/4083/2474
f 3880/4081/2463 3818/3999/2462 3879/4080/2468 3996/4218/2473
f 3996/4218/2473 3879/4080/2468 3820/4001/2472 3992/4213/2475
f 3882/4083/2474 3996/4218/2473 3992/4213/2475 3823/4005/2476
f 3822/4004/2466 3881/4082/2465 3997/4219/2477 3887/4088/2478
f 3881/4082/2465 3821/4003/2464 3883/4084/2479 3997/4219/2477
f 3997/4219/2477 3883/4084/2479 3824/4007/2480 3886/4087/2481
f 3887/4088/2478 3997/4219/2477 3886/4087/2481 3827/4011/2482
f 3824/4007/2480 3883/4084/2479 3998/4220/2483 3885/4086/2484
f 3883/4084/2479 3821/4003/2464 3882/4083/2474 3998/4220/2483
f 3998/4220/2483 3882/4083/2474 3823/4005/2476 3991/4211/2485
f 3885/4086/2484 3998/4220/2483 3991/4211/2485 3826/4009/2486
f 3825/4008/2487 3884/4085/2488 3999/4221/2489 3988/4207/2490
f 3884/4085/2488 3824/4007/2480 3885/4086/2484 3999/4221/2489
f 3999/4221/2489 3885/4086/2484 3826/4009/2486 3989/4208/2491
f 3988/4207/2490 3999/4221/2489 3989/4208/2491 3833/4018/2492
f 3827/4011/2482 3886/4087/2481 4000/4222/2493 3888/4089/2494
f 3886/4087/2481 3824/4007/2480 3884/4085/2488 4000/4222/2493
f 4000/4222/2493 3884/4085/2488 3825/4008/2487 3990/4210/2495
f 3888/4089/2494 4000/4222/2493 3990/4210/2495 3828/4012/2496
f 3822/4004/2466 3887/4088/2478 4001/4223/2497 3895/4096/2498
f 3887/4088/2478 3827/4011/2482 3889/4090/2499 4001/4223/2497
f 4001/4223/2497 3889/4090/2499 3829/4013/2500 3891/4092/2501
f 3895/4096/2498 4001/4223/2497 3891/4092/2501 3831/4015/2502
f 3827/4011/2482 3888/4089/2494 4002/4224/2503 3889/4090/2499
f 3888/4089/2494 3828/4012/2496 3898/4100/2504 4002/4224/2503
f 4002/4224/2503 3898/4100/2504 3830/4014/2505 3890/4091/2506
f 3889/4090/2499 4002/4224/2503 3890/4091/2506 3829/4013/2500
f 3830/4014/2505 3899/4101/2507 4003/4225/2508 3890/4091/2506
f 3899/4101/2507 3833/4017/2492 3989/4209/2491 4003/4225/2508
f 4003/4225/2508 3989/4209/2491 3826/4010/2486 3892/4093/2509
f 3890/4091/2506 4003/4225/2508 3892/4093/2509 3829/4013/2500
f 3829/4013/2500 3892/4093/2509 4004/4226/2510 3891/4092/2501
f 3892/4093/2509 3826/4010/2486 3991/4212/2485 4004/4226/2510
f 4004/4226/2510 3991/4212/2485 3823/4006/2476 3894/4095/2511
f 3891/4092/2501 4004/4226/2510 3894/4095/2511 3831/4015/2502
f 3819/4000/2458 3993/4215/2461 4005/4227/2512 3897/4099/2469
f 3993/4215/2461 3822/4004/2466 3895/4096/2498 4005/4227/2512
f 4005/4227/2512 3895/4096/2498 3831/4015/2502 3893/4094/2513
f 3897/4099/2469 4005/4227/2512 3893/4094/2513 3832/4016/2470
f 3831/4015/2502 3894/4095/2511 4006/4228/2514 3893/4094/2513
f 3894/4095/2511 3823/4006/2476 3992/4214/2475 4006/4228/2514
f 4006/4228/2514 3992/4214/2475 3820/4002/2472 3896/4098/2471
f 3893/4094/2513 4006/4228/2514 3896/4098/2471 3832/4016/2470
f 3828/4012/2496 3987/4206/2515 4007/4229/2516 3898/4100/2504
f 3987/4206/2515 3836/4021/2517 3902/4104/2518 4007/4229/2516
f 4007/4229/2516 3902/4104/2518 3834/4019/2519 3900/4102/2520
f 3898/4100/2504 4007/4229/2516 3900/4102/2520 3830/4014/2505
f 3830/4014/2505 3900/4102/2520 4008/4230/2521 3899/4101/2507
f 3900/4102/2520 3834/4019/2519 3903/4105/2522 4008/4230/2521
f 4008/4230/2521 3903/4105/2522 3837/4022/2523 3904/4106/2524
f 3899/4101/2507 4008/4230/2521 3904/4106/2524 3833/4017/2492
f 3836/4021/2517 3985/4204/2525 4009/4231/2526 3902/4104/2518
f 3985/4204/2525 3841/4028/2527 3984/4203/2528 4009/4231/2526
f 4009/4231/2526 3984/4203/2528 3835/4020/2529 3901/4103/2530
f 3902/4104/2518 4009/4231/2526 3901/4103/2530 3834/4019/2519
f 3834/4019/2519 3901/4103/2530 4010/4232/2531 3903/4105/2522
f 3901/4103/2530 3835/4020/2529 3986/4205/2532 4010/4232/2531
f 4010/4232/2531 3986/4205/2532 3838/4025/2533 3905/4108/2534
f 3903/4105/2522 4010/4232/2531 3905/4108/2534 3837/4022/2523
f 3833/4018/2492 3904/4107/2524 4011/4233/2535 3988/4207/2490
f 3904/4107/2524 3837/4023/2523 3906/4110/2536 4011/4233/2535
f 4011/4233/2535 3906/4110/2536 3839/4026/2537 3908/4112/2538
f 3988/4207/2490 4011/4233/2535 3908/4112/2538 3825/4008/2487
f 3837/4023/2523 3905/4109/2534 4012/4234/2539 3906/4110/2536
f 3905/4109/2534 3838/4024/2533 3911/4115/2540 4012/4234/2539
f 4012/4234/2539 3911/4115/2540 3840/4027/2541 3907/4111/2542
f 3906/4110/2536 4012/4234/2539 3907/4111/2542 3839/4026/2537
f 3839/4026/2537 3907/4111/2542 4013/4235/2543 3909/4113/2544
f 3907/4111/2542 3840/4027/2541 3910/4114/2545 4013/4235/2543
f 4013/4235/2543 3910/4114/2545 3841/4028/2527 3985/4204/2525
f 3909/4113/2544 4013/4235/2543 3985/4204/2525 3836/4021/2517
f 3825/4008/2487 3908/4112/2538 4014/4236/2546 3990/4210/2495
f 3908/4112/2538 3839/4026/2537 3909/4113/2544 4014/4236/2546
f 4014/4236/2546 3909/4113/2544 3836/4021/2517 3987/4206/2515
f 3990/4210/2495 4014/4236/2546 3987/4206/2515 3828/4012/2496
f 3840/4027/2541 3912/4116/2547 4015/4237/2548 3910/4114/2545
f 3912/4116/2547 3842/4029/2549 3969/4183/2550 4015/4237/2548
f 4015/4237/2548 3969/4183/2550 3877/4078/2551 3970/4184/2552
f 3910/4114/2545 4015/4237/2548 3970/4184/2552 3841/4028/2527
f 3838/4024/2533 3983/4201/2553 4016/4238/2554 3911/4115/2540
f 3983/4201/2553 3844/4031/2555 3914/4118/2556 4016/4238/2554
f 4016/4238/2554 3914/4118/2556 3843/4030/2557 3913/4117/2558
f 3911/4115/2540 4016/4238/2554 3913/4117/2558 3840/4027/2541
f 3840/4027/2541 3913/4117/2558 4017/4239/2559 3912/4116/2547
f 3913/4117/2558 3843/4030/2557 3915/4119/2560 4017/4239/2559
f 4017/4239/2559 3915/4119/2560 3845/4033/2561 3982/4200/2562
f 3912/4116/2547 4017/4239/2559 3982/4200/2562 3842/4029/2549
f 3844/4031/2555 3981/4198/2563 4018/4240/2564 3914/4118/2556
f 3981/4198/2563 3847/4035/2565 3917/4121/2566 4018/4240/2564
f 4018/4240/2564 3917/4121/2566 3846/4034/2567 3916/4120/2568
f 3914/4118/2556 4018/4240/2564 3916/4120/2568 3843/4030/2557
f 3843/4030/2557 3916/4120/2568 4019/4241/2569 3915/4119/2560
f 3916/4120/2568 3846/4034/2567 3918/4122/2570 4019/4241/2569
f 4019/4241/2569 3918/4122/2570 3848/4037/2571 3980/4197/2572
f 3915/4119/2560 4019/4241/2569 3980/4197/2572 3845/4033/2561
f 3847/4035/2565 3979/4195/2573 4020/4242/2574 3917/4121/2566
f 3979/4195/2573 3850/4039/2575 3920/4124/2576 4020/4242/2574
f 4020/4242/2574 3920/4124/2576 3849/4038/2577 3919/4123/2578
f 3917/4121/2566 4020/4242/2574 3919/4123/2578 3846/4034/2567
f 3846/4034/2567 3919/4123/2578 4021/4243/2579 3918/4122/2570
f 3919/4123/2578 3849/4038/2577 3921/4125/2580 4021/4243/2579
f 4021/4243/2579 3921/4125/2580 3851/4041/2581 3978/4194/2582
f 3918/4122/2570 4021/4243/2579 3978/4194/2582 3848/4037/2571
f 3850/4039/2575 3977/4192/2583 4022/4244/2584 3920/4124/2576
f 3977/4192/2583 3854/4044/2585 3924/4128/2586 4022/4244/2584
f 4022/4244/2584 3924/4128/2586 3852/4042/2587 3922/4126/2588
f 3920/4124/2576 4022/4244/2584 3922/4126/2588 3849/4038/2577
f 3849/4038/2577 3922/4126/2588 4023/4245/2589 3921/4125/2580
f 3922/4126/2588 3852/4042/2587 3925/4129/2590 4023/4245/2589
f 4023/4245/2589 3925/4129/2590 3855/4046/2591 3926/4130/2592
f 3921/4125/2580 4023/4245/2589 3926/4130/2592 3851/4041/2581
f 3854/4044/2585 3935/4142/2593 4024/4246/2594 3924/4128/2586
f 3935/4142/2593 3860/4055/2595 3934/4141/2596 4024/4246/2594
f 4024/4246/2594 3934/4141/2596 3853/4043/2597 3923/4127/2598
f 3924/4128/2586 4024/4246/2594 3923/4127/2598 3852/4042/2587
f 3852/4042/2587 3923/4127/2598 4025/4247/2599 3925/4129/2590
f 3923/4127/2598 3853/4043/2597 3976/4191/2600 4025/4247/2599
f 4025/4247/2599 3976/4191/2600 3856/4047/2601 3927/4131/2602
f 3925/4129/2590 4025/4247/2599 3927/4131/2602 3855/4046/2591
f 3851/4041/2581 3926/4130/2592 4026/4248/2603 3936/4144/2604
f 3926/4130/2592 3855/4046/2591 3928/4132/2605 4026/4248/2603
f 4026/4248/2603 3928/4132/2605 3857/4048/2606 3929/4133/2607
f 3936/4144/2604 4026/4248/2603 3929/4133/2607 3858/4050/2608
f 3855/4046/2591 3927/4131/2602 4027/4249/2609 3928/4132/2605
f 3927/4131/2602 3856/4047/2601 3932/4138/2610 4027/4249/2609
f 4027/4249/2609 3932/4138/2610 3859/4053/2611 3930/4135/2612
f 3928/4132/2605 4027/4249/2609 3930/4135/2612 3857/4048/2606
f 3858/4051/2608 3929/4134/2607 4028/4250/2613 3937/4145/2614
f 3929/4134/2607 3857/4049/2606 3931/4137/2615 4028/4250/2613
f 4028/4250/2613 3931/4137/2615 3854/4045/2585 3977/4193/2583
f 3937/4145/2614 4028/4250/2613 3977/4193/2583 3850/4040/2575
f 3857/4049/2606 3930/4136/2612 4029/4251/2616 3931/4137/2615
f 3930/4136/2612 3859/4052/2611 3933/4139/2617 4029/4251/2616
f 4029/4251/2616 3933/4139/2617 3860/4054/2595 3935/4143/2593
f 3931/4137/2615 4029/4251/2616 3935/4143/2593 3854/4045/2585
f 3860/4055/2595 3933/4140/2617 4030/4252/2618 3934/4141/2596
f 3933/4140/2617 3859/4053/2611 3932/4138/2610 4030/4252/2618
f 4030/4252/2618 3932/4138/2610 3856/4047/2601 3976/4191/2600
f 3934/4141/2596 4030/4252/2618 3976/4191/2600 3853/4043/2597
f 3848/4037/2571 3978/4194/2582 4031/4253/2619 3939/4148/2620
f 3978/4194/2582 3851/4041/2581 3936/4144/2604 4031/4253/2619
f 4031/4253/2619 3936/4144/2604 3858/4050/2608 3938/4146/2621
f 3939/4148/2620 4031/4253/2619 3938/4146/2621 3861/4056/2622
f 3861/4057/2622 3938/4147/2621 4032/4254/2623 3940/4149/2624
f 3938/4147/2621 3858/4051/2608 3937/4145/2614 4032/4254/2623
f 4032/4254/2623 3937/4145/2614 3850/4040/2575 3979/4196/2573
f 3940/4149/2624 4032/4254/2623 3979/4196/2573 3847/4036/2565
f 3845/4033/2561 3980/4197/2572 4033/4255/2625 3942/4152/2626
f 3980/4197/2572 3848/4037/2571 3939/4148/2620 4033/4255/2625
f 4033/4255/2625 3939/4148/2620 3861/4056/2622 3941/4150/2627
f 3942/4152/2626 4033/4255/2625 3941/4150/2627 3862/4058/2628
f 3862/4059/2628 3941/4151/2627 4034/4256/2629 3943/4153/2630
f 3941/4151/2627 3861/4057/2622 3940/4149/2624 4034/4256/2629
f 4034/4256/2629 3940/4149/2624 3847/4036/2565 3981/4199/2563
f 3943/4153/2630 4034/4256/2629 3981/4199/2563 3844/4032/2555
f 3842/4029/2549 3982/4200/2562 4035/4257/2631 3946/4157/2632
f 3982/4200/2562 3845/4033/2561 3942/4152/2626 4035/4257/2631
f 4035/4257/2631 3942/4152/2626 3862/4058/2628 3944/4154/2633
f 3946/4157/2632 4035/4257/2631 3944/4154/2633 3863/4061/2634
f 3863/4060/2634 3944/4155/2633 4036/4258/2635 3947/4158/2636
f 3944/4155/2633 3862/4059/2628 3943/4153/2630 4036/4258/2635
f 4036/4258/2635 3943/4153/2630 3844/4032/2555 3983/4202/2553
f 3947/4158/2636 4036/4258/2635 3983/4202/2553 3838/4025/2533
f 3864/4062/2637 3973/4188/2638 4037/4259/2639 3945/4156/2640
f 3973/4188/2638 3867/4066/2641 3950/4162/2642 4037/4259/2639
f 4037/4259/2639 3950/4162/2642 3865/4064/2643 3948/4159/2644
f 3945/4156/2640 4037/4259/2639 3948/4159/2644 3863/4060/2634
f 3835/4020/2529 3975/4190/2645 4038/4260/2646 3986/4205/2532
f 3975/4190/2645 3864/4062/2637 3945/4156/2640 4038/4260/2646
f 4038/4260/2646 3945/4156/2640 3863/4060/2634 3947/4158/2636
f 3986/4205/2532 4038/4260/2646 3947/4158/2636 3838/4025/2533
f 3863/4061/2634 3948/4160/2644 4039/4261/2647 3946/4157/2632
f 3948/4160/2644 3865/4063/2643 3949/4161/2648 4039/4261/2647
f 4039/4261/2647 3949/4161/2648 3866/4065/2649 3974/4189/2650
f 3946/4157/2632 4039/4261/2647 3974/4189/2650 3842/4029/2549
f 3865/4063/2643 3951/4163/2651 4040/4262/2652 3949/4161/2648
f 3951/4163/2651 3868/4067/2653 3953/4167/2654 4040/4262/2652
f 4040/4262/2652 3953/4167/2654 3870/4071/2655 3972/4187/2656
f 3949/4161/2648 4040/4262/2652 3972/4187/2656 3866/4065/2649
f 3867/4066/2641 3955/4169/2657 4041/4263/2658 3950/4162/2642
f 3955/4169/2657 3871/4072/2659 3954/4168/2660 4041/4263/2658
f 4041/4263/2658 3954/4168/2660 3868/4068/2653 3951/4164/2651
f 3950/4162/2642 4041/4263/2658 3951/4164/2651 3865/4064/2643
f 3868/4067/2653 3952/4165/2661 4042/4264/2662 3953/4167/2654
f 3952/4165/2661 3869/4070/2663 3963/4177/2664 4042/4264/2662
f 4042/4264/2662 3963/4177/2664 3876/4077/2665 3964/4178/2666
f 3953/4167/2654 4042/4264/2662 3964/4178/2666 3870/4071/2655
f 3871/4072/2659 3956/4170/2667 4043/4265/2668 3954/4168/2660
f 3956/4170/2667 3872/4073/2669 3971/4185/2670 4043/4265/2668
f 4043/4265/2668 3971/4185/2670 3869/4069/2663 3952/4166/2661
f 3954/4168/2660 4043/4265/2668 3952/4166/2661 3868/4068/2653
f 3874/4075/2671 3958/4172/2672 4044/4266/2673 3967/4181/2674
f 3958/4172/2672 3873/4074/2675 3957/4171/2676 4044/4266/2673
f 4044/4266/2673 3957/4171/2676 3871/4072/2659 3955/4169/2657
f 3967/4181/2674 4044/4266/2673 3955/4169/2657 3867/4066/2641
f 3873/4074/2675 3959/4173/2677 4045/4267/2678 3957/4171/2676
f 3959/4173/2677 3875/4076/2679 3961/4175/2680 4045/4267/2678
f 4045/4267/2678 3961/4175/2680 3872/4073/2669 3956/4170/2667
f 3957/4171/2676 4045/4267/2678 3956/4170/2667 3871/4072/2659
f 3866/4065/2649 3972/4187/2656 4046/4268/2681 3966/4180/2682
f 3972/4187/2656 3870/4071/2655 3960/4174/2683 4046/4268/2681
f 4046/4268/2681 3960/4174/2683 3873/4074/2675 3958/4172/2672
f 3966/4180/2682 4046/4268/2681 3958/4172/2672 3874/4075/2671
f 3870/4071/2655 3964/4178/2666 4047/4269/2684 3960/4174/2683
f 3964/4178/2666 3876/4077/2665 3962/4176/2685 4047/4269/2684
f 4047/4269/2684 3962/4176/2685 3875/4076/2679 3959/4173/2677
f 3960/4174/2683 4047/4269/2684 3959/4173/2677 3873/4074/2675
f 3875/4076/2679 3962/4176/2685 4048/4270/2686 3961/4175/2680
f 3962/4176/2685 3876/4077/2665 3963/4177/2664 4048/4270/2686
f 4048/4270/2686 3963/4177/2664 3869/4070/2663 3971/4186/2670
f 3961/4175/2680 4048/4270/2686 3971/4186/2670 3872/4073/2669
f 3877/4078/2551 3965/4179/2687 4049/4271/2688 3968/4182/2689
f 3965/4179/2687 3874/4075/2671 3967/4181/2674 4049/4271/2688
f 4049/4271/2688 3967/4181/2674 3867/4066/2641 3973/4188/2638
f 3968/4182/2689 4049/4271/2688 3973/4188/2638 3864/4062/2637
f 3842/4029/2549 3974/4189/2650 4050/4272/2690 3969/4183/2550
f 3974/4189/2650 3866/4065/2649 3966/4180/2682 4050/4272/2690
f 4050/4272/2690 3966/4180/2682 3874/4075/2671 3965/4179/2687
f 3969/4183/2550 4050/4272/2690 3965/4179/2687 3877/4078/2551
f 3841/4028/2527 3970/4184/2552 4051/4273/2691 3984/4203/2528
f 3970/4184/2552 3877/4078/2551 3968/4182/2689 4051/4273/2691
f 4051/4273/2691 3968/4182/2689 3864/4062/2637 3975/4190/2645
f 3984/4203/2528 4051/4273/2691 3975/4190/2645 3835/4020/2529
