# Blender 3.4.1
# www.blender.org
mtllib space_ship_broken.mtl
o Sphere.002
v 0.000000 2.449739 0.195090
v 0.000000 2.496741 0.000000
v 0.000000 1.907119 0.470762
v 0.000000 2.449739 -0.195090
v 0.000000 2.200919 0.136671
v -0.000000 2.165887 -0.876384
v 0.000000 2.238727 -0.044138
v 0.191342 2.403640 0.195090
v 0.035274 0.647574 0.864849
v 0.195090 2.449739 0.000000
v 0.069193 1.009598 0.812109
v 0.191342 2.403640 -0.195090
v 0.100452 1.343242 0.726464
v 0.127851 1.635683 0.611205
v 0.180240 2.267116 -0.382683
v 0.150337 1.875683 0.470762
v 0.239075 2.124019 -0.876384
v 0.167045 2.054019 0.310531
v 0.203286 1.744433 -0.876273
v 0.161719 1.308076 -0.869753
v 0.177335 2.163838 0.136671
v 0.076426 0.970583 -0.917941
v 0.180809 2.200919 -0.044138
v 0.038060 0.518654 -0.980785
v 0.069192 0.625730 0.864849
v 0.375330 2.267116 0.195090
v 0.135726 0.966749 0.812109
v 0.382683 2.310540 0.000000
v 0.197044 1.281034 0.726464
v 0.375330 2.267116 -0.195090
v 0.250789 1.556508 0.611205
v 0.348591 2.117993 -0.365004
v 0.294897 1.782583 0.470762
v 0.301344 1.860015 -0.495554
v 0.327671 1.950572 0.310531
v 0.257886 1.596058 -0.661818
v 0.347854 2.054019 0.136671
v 0.353445 2.083887 -0.039777
v 0.212923 1.306491 -0.830411
v 0.146447 0.915446 -0.923879
v 0.100452 0.590256 0.864849
v 0.074658 0.491498 -0.980785
v 0.197044 0.897166 0.812109
v 0.286063 1.180015 0.726464
v 0.544895 2.045412 0.195090
v 0.551738 2.068645 0.013654
v 0.364089 1.427934 0.611205
v 0.525489 1.965169 -0.125953
v 0.428123 1.631396 0.470762
v 0.472347 1.760418 -0.236855
v 0.475705 1.782583 0.310531
v 0.414748 1.546588 -0.387444
v 0.500995 1.859097 0.150961
v 0.494885 1.824357 0.027169
v 0.372514 1.404704 -0.634666
v 0.308658 1.180573 -0.831469
v 0.127851 0.542517 0.864849
v 0.212607 0.828941 -0.923879
v 0.250789 0.803522 0.812109
v 0.108386 0.447398 -0.980785
v 0.364089 1.044066 0.726464
v 0.689632 1.730972 0.208942
v 0.463397 1.254904 0.611205
v 0.681153 1.672968 0.092463
v 0.544898 1.427934 0.470762
v 0.637712 1.516286 0.003734
v 0.605458 1.556508 0.310531
v 0.580226 1.346542 -0.122413
v 0.632209 1.592092 0.174228
v 0.536243 1.275028 -0.371401
v 0.618386 1.509603 0.087526
v 0.489382 1.229769 -0.669278
v 0.150337 0.484347 0.864849
v 0.392847 1.011564 -0.831469
v 0.294897 0.689417 0.812109
v 0.270598 0.712526 -0.923879
v 0.428123 0.878411 0.726464
v 0.137950 0.388050 -0.980785
v 0.544898 1.044066 0.611205
v 0.768177 1.306158 0.382683
v 0.640732 1.180015 0.470762
v 0.758484 1.560479 0.207590
v 0.711943 1.281034 0.310531
v 0.816623 1.348216 0.052893
v 0.753538 1.333911 0.144710
v 0.782415 1.246719 -0.077246
v 0.751959 1.287160 0.022279
v 0.000000 0.271081 0.882657
v 0.734810 1.168184 -0.263805
v 0.678468 1.127342 -0.509707
v 0.167045 0.417981 0.864849
v 0.587938 1.011564 -0.707107
v 0.327671 0.559236 0.812109
v 0.461940 0.805626 -0.831469
v 0.475705 0.689417 0.726464
v 0.318190 0.570673 -0.923879
v 0.605458 0.803522 0.611205
v 0.162212 0.315734 -0.980785
v 0.711943 0.897165 0.470762
v 0.804001 0.536212 0.555570
v 0.791069 0.966749 0.310531
v 0.853553 0.915446 0.382683
v 0.839794 1.009598 0.136671
v 0.906127 0.968715 0.195090
v 0.856247 1.024066 -0.044138
v 0.923879 0.986701 0.000000
v 0.177334 0.345970 0.864849
v 0.906127 0.968715 -0.195090
v 0.347854 0.417981 0.812109
v 0.853553 0.915446 -0.382683
v 0.505006 0.484347 0.726464
v 0.768177 0.828941 -0.555570
v 0.642751 0.542517 0.611205
v 0.653281 0.712526 -0.707107
v 0.755795 0.590256 0.470762
v 0.513280 0.570673 -0.831469
v 0.839794 0.625730 0.310531
v 0.353553 0.408835 -0.923879
v 0.891521 0.647574 0.136671
v 0.180240 0.233230 -0.980785
v 0.908987 0.654949 -0.044138
v 0.815493 0.447398 0.555570
v 0.180809 0.271081 0.864849
v 0.906127 0.491498 0.382683
v 0.354669 0.271081 0.812109
v 0.961939 0.518654 0.195090
v 0.514900 0.271081 0.726464
v 0.655343 0.271081 0.611205
v 0.980785 0.527823 0.000000
v 0.961939 0.518654 -0.195090
v 0.770602 0.271081 0.470762
v 0.906127 0.491498 -0.382683
v 0.856247 0.271081 0.310531
v 0.815493 0.447398 -0.555570
v 0.908987 0.271081 0.136671
v 0.693520 0.388050 -0.707107
v 0.926795 0.271081 -0.044138
v 0.544895 0.315734 -0.831469
v -0.180809 0.271081 0.864849
v 0.375330 0.233230 -0.923879
v -0.354669 0.271081 0.812109
v 0.191342 0.143707 -0.980785
v -0.514899 0.271082 0.726464
v 0.831469 0.050606 0.555570
v -0.655343 0.271081 0.611205
v 0.923879 0.050607 0.382683
v -0.770601 0.271082 0.470762
v -0.856247 0.271081 0.310531
v 0.980785 0.050606 0.195090
v -0.908986 0.271082 0.136671
v 0.998725 0.051087 0.001678
v -0.926794 0.271082 -0.044138
v 0.972609 0.053694 -0.184322
v 0.907287 0.056873 -0.360831
v -0.177334 0.345970 0.864849
v 0.809503 0.058903 -0.526641
v -0.347854 0.417981 0.812109
v 0.685461 0.058782 -0.678600
v -0.505006 0.484347 0.726464
v 0.539784 0.056569 -0.810679
v -0.642751 0.542517 0.611205
v 0.375390 0.053361 -0.914274
v -0.755794 0.590256 0.470762
v -0.839794 0.625730 0.310531
v 0.194240 0.050927 -0.979666
v -0.891520 0.647574 0.136671
v 0.815493 -0.271568 0.555570
v 0.905835 -0.301640 0.383068
v -0.908986 0.654950 -0.044138
v -0.167045 0.417981 0.864849
v 0.950849 -0.316148 0.209696
v -0.327671 0.559236 0.812109
v 0.948043 -0.314246 0.043120
v -0.475705 0.689417 0.726464
v 0.904572 -0.298669 -0.119537
v -0.605458 0.803522 0.611205
v 0.829803 -0.272923 -0.282165
v 0.733124 -0.240458 -0.447091
v -0.711943 0.897166 0.470762
v 0.620676 -0.203437 -0.611171
v -0.791069 0.966749 0.310531
v 0.493527 -0.162055 -0.763818
v -0.839794 1.009598 0.136671
v 0.349338 -0.115172 -0.889648
v -0.856246 1.024067 -0.044138
v 0.185217 -0.061406 -0.972719
v -0.150337 0.484347 0.864849
v 0.768177 -0.532700 0.555570
v -0.294896 0.689417 0.812109
v 0.847660 -0.589679 0.390444
v -0.428123 0.878411 0.726464
v 0.877572 -0.617578 0.232697
v -0.544898 1.044066 0.611205
v 0.861999 -0.617301 0.081495
v -0.640731 1.180015 0.470762
v 0.808985 -0.591673 -0.067155
v -0.711943 1.281034 0.310531
v 0.729784 -0.545158 -0.219681
v -0.755794 1.343242 0.136671
v 0.637307 -0.483272 -0.383215
v -0.770230 1.364638 -0.042892
v -0.127851 0.542517 0.864849
v 0.539474 -0.410040 -0.557223
v -0.250789 0.803522 0.812109
v 0.433826 -0.325930 -0.726829
v -0.364089 1.044065 0.726464
v 0.313234 -0.229947 -0.870780
v 0.170383 -0.121266 -0.967804
v 0.691341 -0.773360 0.555570
v 0.760052 -0.856243 0.393384
v 0.783442 -0.900136 0.237300
v -0.642750 1.635682 0.136671
v -0.655342 1.662416 -0.044138
v 0.764961 -0.904993 0.087590
v -0.100452 0.590256 0.864849
v 0.710891 -0.872734 -0.057330
v -0.197043 0.897165 0.812109
v 0.631198 -0.807576 -0.202282
v 0.540220 -0.716283 -0.356544
v 0.452123 -0.606393 -0.528240
v 0.364237 -0.479842 -0.702796
v 0.267000 -0.336605 -0.856463
v 0.149118 -0.176511 -0.963541
v -0.505006 1.875682 0.136671
v 0.587937 -0.984301 0.555570
v -0.514899 1.907117 -0.044138
v -0.069192 0.625729 0.864849
v 0.649209 -1.092158 0.388047
v -0.135726 0.966749 0.812109
v 0.672902 -1.153275 0.222243
v 0.659950 -1.165998 0.062104
v 0.613715 -1.130921 -0.089989
v 0.541217 -1.051371 -0.235095
v -0.327671 1.950571 0.310531
v 0.454550 -0.933922 -0.379900
v -0.347854 2.054018 0.136671
v 0.369076 -0.787631 -0.534681
v -0.354668 2.088947 -0.044138
v 0.291504 -0.619413 -0.698001
v -0.035274 0.647573 0.864849
v 0.214306 -0.431763 -0.849743
v -0.069192 1.009598 0.812109
v 0.122742 -0.225206 -0.960757
v 0.464244 -1.278134 0.558342
v 0.515712 -1.278086 0.384761
v 0.536427 -1.273909 0.210795
v 0.524362 -1.265301 0.044750
v -0.167045 2.054018 0.310531
v -0.177334 2.163837 0.136671
v 0.489662 -1.256247 -0.119743
v -0.180808 2.200917 -0.044138
v 0.442566 -1.250459 -0.288091
v 0.389407 -1.249869 -0.459782
v 0.000000 0.654949 0.864849
v 0.286318 -0.944066 -0.566809
v 0.000000 1.024066 0.812109
v 0.217085 -0.738774 -0.710868
v 0.000000 2.088948 0.310531
v 0.157466 -0.511874 -0.851259
v 0.092522 -0.265576 -0.959893
v 0.319777 -1.278134 0.603708
v 0.259937 -1.255534 -0.479534
v 0.195057 -1.065166 -0.607619
v 0.138940 -0.831489 -0.734451
v 0.097617 -0.573462 -0.859572
v 0.059617 -0.296069 -0.960976
v 0.163021 -1.278134 0.630910
v 0.123358 -1.263154 -0.506107
v 0.091092 -1.143365 -0.645396
v 0.055138 -0.892129 -0.761342
v 0.035378 -0.613527 -0.872148
v 0.025081 -0.315434 -0.963691
v -0.000000 -1.278134 0.630910
v -0.019007 -1.270956 -0.533310
v -0.024679 -1.174488 -0.674605
v -0.034267 -0.917170 -0.786340
v -0.028497 -0.629910 -0.886350
v -0.010096 -0.322799 -0.967489
v -0.163021 -1.278134 0.630910
v -0.167080 -1.276601 -0.552995
v -0.147890 -1.157308 -0.694016
v -0.127209 -0.905131 -0.806680
v -0.092789 -0.621514 -0.900001
v -0.044951 -0.317734 -0.971711
v -0.319777 -1.278134 0.603708
v -0.319777 -1.278134 -0.558342
v -0.272603 -1.092939 -0.704467
v -0.220367 -0.856381 -0.821250
v -0.155840 -0.588357 -0.911509
v -0.078527 -0.300289 -0.975689
v -0.464244 -1.278134 0.558342
v -0.515840 -1.278134 0.384592
v -0.547613 -1.278134 0.196063
v -0.558341 -1.278134 0.000000
v -0.547613 -1.278134 -0.196063
v -0.515840 -1.278134 -0.384592
v -0.464244 -1.278134 -0.558342
v -0.392847 -0.984301 -0.707107
v -0.310072 -0.772826 -0.829607
v -0.215773 -0.531504 -0.919711
v -0.109886 -0.271001 -0.978810
v -0.587937 -0.984300 0.555570
v -0.653281 -1.093696 0.382683
v -0.693520 -1.161062 0.195090
v -0.707106 -1.183807 0.000000
v -0.693520 -1.161062 -0.195090
v -0.653281 -1.093696 -0.382683
v -0.587937 -0.984300 -0.555570
v -0.500000 -0.837079 -0.707107
v -0.392847 -0.657688 -0.831469
v -0.270766 -0.452960 -0.923658
v -0.138124 -0.230884 -0.980556
v 0.000000 0.050607 -1.000000
v -0.691341 -0.773360 0.555570
v -0.768177 -0.859312 0.382683
v -0.815493 -0.912240 0.195090
v -0.831469 -0.930111 0.000000
v -0.815493 -0.912240 -0.195090
v -0.768177 -0.859312 -0.382683
v -0.691341 -0.773360 -0.555570
v -0.587938 -0.657689 -0.707107
v -0.461939 -0.516742 -0.831469
v -0.318190 -0.355939 -0.923879
v -0.162212 -0.181456 -0.980785
v -0.768177 -0.532699 0.555570
v -0.853553 -0.591904 0.382683
v -0.906127 -0.628362 0.195090
v -0.923879 -0.640672 0.000000
v -0.906127 -0.628362 -0.195090
v -0.853553 -0.591904 -0.382683
v -0.768177 -0.532699 -0.555570
v -0.653281 -0.453024 -0.707107
v -0.513279 -0.355938 -0.831469
v -0.353553 -0.245175 -0.923879
v -0.180240 -0.124989 -0.980785
v -0.815493 -0.271568 0.555570
v -0.906127 -0.301750 0.382683
v -0.961939 -0.320336 0.195090
v -0.980784 -0.326611 0.000000
v -0.961939 -0.320336 -0.195090
v -0.906127 -0.301750 -0.382683
v -0.815493 -0.271568 -0.555570
v -0.693520 -0.230950 -0.707107
v -0.544895 -0.181456 -0.831469
v -0.375330 -0.124989 -0.923879
v -0.191342 -0.063719 -0.980785
v -0.831469 0.050607 0.555570
v -0.923879 0.050607 0.382683
v -0.980785 0.050607 0.195090
v -0.999999 0.050608 0.000000
v -0.980785 0.050607 -0.195090
v -0.923879 0.050607 -0.382683
v -0.831469 0.050607 -0.555570
v -0.707106 0.050607 -0.707107
v -0.555570 0.050607 -0.831469
v -0.382683 0.050607 -0.923879
v -0.195090 0.050607 -0.980785
v -0.815492 0.447398 0.555570
v -0.906127 0.491498 0.382683
v -0.961939 0.518654 0.195090
v -0.980784 0.527824 0.000000
v -0.961939 0.518654 -0.195090
v -0.906127 0.491498 -0.382683
v -0.815492 0.447398 -0.555570
v -0.693520 0.388050 -0.707107
v -0.544894 0.315734 -0.831469
v -0.375330 0.233230 -0.923879
v -0.191341 0.143707 -0.980785
v -0.804001 0.536213 0.555570
v -0.853553 0.915445 0.382683
v -0.906127 0.968715 0.195090
v -0.923878 0.986702 0.000000
v -0.905741 0.969123 -0.193795
v -0.844777 0.924720 -0.353210
v -0.752474 0.845536 -0.502835
v -0.642616 0.723796 -0.671290
v -0.512693 0.571293 -0.829500
v -0.353553 0.408835 -0.923879
v -0.180240 0.233229 -0.980785
v -0.768177 1.306158 0.382683
v -0.761992 1.574986 0.195090
v -0.831468 1.409606 0.000000
v -0.808005 1.391405 -0.169946
v -0.734705 1.341531 -0.270274
v -0.632103 1.243174 -0.356632
v -0.530995 1.071739 -0.515878
v -0.438418 0.830483 -0.752478
v -0.318189 0.570673 -0.923879
v -0.162211 0.315734 -0.980785
v -0.693519 1.747049 0.195090
v -0.707106 1.780284 0.000000
v -0.693194 1.747393 -0.193997
v -0.634578 1.668385 -0.319875
v -0.531141 1.548801 -0.364835
v -0.417883 1.360453 -0.431334
v -0.341018 1.066335 -0.657414
v -0.266036 0.717346 -0.908559
v -0.137949 0.388050 -0.980785
v -0.544894 2.045412 0.195090
v -0.555569 2.084491 0.000000
v -0.544894 2.045412 -0.195090
v -0.513119 1.929841 -0.382144
v -0.439557 1.765373 -0.480406
v -0.330560 1.554604 -0.497930
v -0.247254 1.245463 -0.625258
v -0.200827 0.841390 -0.884317
v -0.108386 0.447398 -0.980785
v -0.375330 2.267115 0.195090
v -0.382682 2.310538 0.000000
v -0.375330 2.267115 -0.195090
v -0.353553 2.138512 -0.382683
v -0.316981 1.930948 -0.551512
v -0.239914 1.681046 -0.604063
v -0.161663 1.359994 -0.660384
v -0.131662 0.931069 -0.874230
v -0.074658 0.491497 -0.980785
v -0.191341 2.403639 0.195090
v -0.195090 2.449736 0.000000
v -0.191341 2.403639 -0.195090
v -0.180240 2.267115 -0.382683
v -0.239075 2.124018 -0.876384
v -0.192654 1.755829 -0.840577
v -0.119629 1.348381 -0.741664
v -0.062194 0.981886 -0.882022
v -0.038060 0.518654 -0.980785
v 0.000000 2.310539 -0.382683
v 0.017001 1.351927 -0.819292
v 0.007040 0.994141 -0.900236
v 0.000000 0.527823 -0.980785
v 0.411765 -1.321419 0.492449
v 0.493795 -1.321411 0.368204
v 0.515416 -1.318089 0.199307
v 0.506259 -1.310751 0.037200
v 0.475140 -1.302877 -0.123036
v 0.430973 -1.297683 -0.285407
v 0.379442 -1.296876 -0.448924
v 0.254945 -1.302089 -0.467102
v 0.306125 -1.321419 0.534505
v 0.122790 -1.308853 -0.490688
v 0.156061 -1.321419 0.534505
v -0.015391 -1.315606 -0.514235
v -0.000000 -1.321419 0.534505
v -0.493819 -1.321419 0.368174
v -0.406861 -1.355913 0.303341
v 0.128580 -1.355913 0.440383
v 0.396341 -1.342475 -0.107784
v -0.156061 -1.321419 0.534505
v 0.213992 -1.341476 -0.390039
v 0.419521 -1.348034 0.027474
v -0.411765 -1.321419 0.492449
v -0.366165 -1.355913 0.440383
v -0.444425 -1.321419 -0.534505
v -0.366165 -1.355913 -0.440383
v -0.306125 -1.321419 0.534505
v -0.252219 -1.355913 0.440383
v -0.158968 -1.320322 -0.530678
v 0.424688 -1.353182 0.164167
v 0.103897 -1.346591 -0.407875
v -0.493819 -1.321419 -0.368174
v -0.406861 -1.355913 -0.303341
v -0.000000 -1.355913 0.440383
v -0.128580 -1.355913 0.440383
v 0.406650 -1.355834 0.303619
v -0.011808 -1.351454 -0.424832
v -0.524235 -1.321419 -0.187693
v -0.431921 -1.355913 -0.154642
v -0.431921 -1.355913 0.154642
v -0.524235 -1.321419 0.187693
v -0.306125 -1.321419 -0.534505
v -0.534505 -1.321419 0.000000
v -0.440383 -1.355913 0.000000
v 0.366165 -1.355913 0.440383
v 0.252219 -1.355913 0.440383
v -0.252219 -1.355913 -0.440383
v -0.131304 -1.354885 -0.436796
v 0.316317 -1.337086 -0.374734
v 0.360612 -1.338446 -0.242431
v 0.280251 -1.355913 0.303341
v 0.293954 -1.354569 0.159328
v 0.289379 -1.350640 0.018387
v 0.271452 -1.346071 -0.120321
v 0.245209 -1.342678 -0.257191
v 0.280165 -1.375812 0.247583
v 0.280090 -1.394031 0.225852
v 0.142871 -1.394092 0.225640
v 0.142871 -1.375844 0.247471
v 0.121374 -1.347794 -0.275031
v 0.000000 -1.355913 0.303341
v -0.000000 -1.355913 0.154642
v -0.000553 -1.355705 0.000728
v -0.004308 -1.354286 -0.148968
v -0.008807 -1.352587 -0.291742
v -0.142871 -1.355913 0.303341
v -0.151671 -1.355913 0.154642
v -0.154642 -1.355913 0.000000
v -0.151671 -1.355913 -0.154642
v -0.143841 -1.355547 -0.302063
v -0.280251 -1.355913 0.303341
v -0.297513 -1.355913 0.154642
v -0.303341 -1.355913 0.000000
v -0.297513 -1.355913 -0.154642
v -0.280251 -1.355913 -0.303341
v 0.035735 0.510092 0.958368
v 0.070098 0.932663 0.904939
v 0.101766 1.322106 0.818173
v 0.129524 1.663456 0.701407
v 0.152304 1.943594 0.559126
v 0.169231 2.151756 0.396800
v 0.179654 2.279941 0.220665
v 0.000000 1.980288 0.559126
v 0.000000 2.323224 0.220665
v 0.070098 0.484595 0.958368
v 0.137501 0.882647 0.904939
v 0.199621 1.249495 0.818173
v 0.254070 1.571039 0.701407
v 0.298754 1.834924 0.559126
v 0.331958 2.031008 0.396800
v 0.352405 2.151756 0.220665
v 0.101766 0.443189 0.958368
v 0.199621 0.801427 0.904939
v 0.289805 1.131581 0.818173
v 0.368852 1.420963 0.701407
v 0.433724 1.658453 0.559126
v 0.481928 1.834924 0.396800
v 0.511612 1.943594 0.220665
v 0.129523 0.387466 0.958368
v 0.254070 0.692122 0.904939
v 0.368852 0.972895 0.818173
v 0.469459 1.218994 0.701407
v 0.552026 1.420963 0.559126
v 0.613378 1.571039 0.396800
v 0.648421 1.652137 0.230418
v 0.152304 0.319567 0.958368
v 0.298754 0.558934 0.904939
v 0.433724 0.779536 0.818173
v 0.552026 0.972895 0.701407
v 0.649113 1.131581 0.559126
v 0.721256 1.249495 0.396800
v 0.713909 1.495534 0.226152
v 0.000000 0.070634 0.976410
v 0.169231 0.242102 0.958368
v 0.331958 0.406981 0.904939
v 0.481928 0.558934 0.818173
v 0.613378 0.692122 0.701407
v 0.754892 0.526578 0.559126
v 0.801417 0.882647 0.396800
v 0.179654 0.158047 0.958368
v 0.352405 0.242102 0.904939
v 0.511612 0.319567 0.818173
v 0.651159 0.387466 0.701407
v 0.765681 0.443188 0.559126
v 0.183174 0.070634 0.958368
v 0.359308 0.070634 0.904939
v 0.521635 0.070634 0.818173
v 0.663916 0.070634 0.701407
v 0.780682 0.070633 0.559126
v 0.179654 -0.036709 0.958369
v 0.352405 -0.094236 0.904939
v 0.511612 -0.147254 0.818173
v 0.651159 -0.193725 0.701407
v 0.765681 -0.231862 0.559126
v 0.169231 -0.094236 0.958369
v 0.331958 -0.207081 0.904939
v 0.481928 -0.311079 0.818173
v 0.613378 -0.402234 0.701407
v 0.721256 -0.477044 0.559126
v 0.152303 -0.147254 0.958369
v 0.298754 -0.311079 0.904939
v 0.433724 -0.462061 0.818173
v 0.552026 -0.594398 0.701407
v 0.649113 -0.703004 0.559126
v 0.129523 -0.193725 0.958369
v 0.254069 -0.402235 0.904939
v 0.368852 -0.594398 0.818173
v 0.469459 -0.762831 0.701407
v 0.552025 -0.901060 0.559126
v 0.101766 -0.231862 0.958369
v 0.199621 -0.477044 0.904939
v 0.289805 -0.703004 0.818173
v 0.368852 -0.901060 0.701407
v 0.435887 -1.176946 0.561728
v 0.070098 -0.260201 0.958369
v 0.137501 -0.532632 0.904939
v 0.199621 -0.783706 0.818173
v 0.254069 -1.003774 0.701407
v 0.300244 -1.176946 0.604324
v 0.035735 -0.277651 0.958369
v 0.070098 -0.566863 0.904939
v 0.101766 -0.833402 0.818173
v 0.129523 -1.067025 0.701407
v 0.153063 -1.176946 0.629865
v -0.000000 -0.283544 0.958369
v -0.000000 -0.578421 0.904939
v -0.000000 -0.850182 0.818173
v -0.000000 -1.088382 0.701407
v -0.000000 -1.176946 0.629865
v -0.035735 -0.277651 0.958369
v -0.070098 -0.566863 0.904939
v -0.101766 -0.833402 0.818173
v -0.129523 -1.067025 0.701407
v -0.153063 -1.176946 0.629865
v -0.070098 -0.260201 0.958369
v -0.137501 -0.532632 0.904939
v -0.199621 -0.783706 0.818173
v -0.254069 -1.003774 0.701407
v -0.300244 -1.176946 0.604324
v -0.101766 -0.231862 0.958369
v -0.199621 -0.477044 0.904939
v -0.289805 -0.703004 0.818173
v -0.368852 -0.901060 0.701407
v -0.435887 -1.176946 0.561728
v -0.129523 -0.193725 0.958369
v -0.254069 -0.402234 0.904939
v -0.368852 -0.594398 0.818173
v -0.469459 -0.762831 0.701407
v -0.552025 -0.901060 0.559126
v -0.152303 -0.147254 0.958369
v -0.298754 -0.311079 0.904939
v -0.433724 -0.462061 0.818173
v -0.552026 -0.594398 0.701407
v -0.649113 -0.703004 0.559126
v -0.169230 -0.094236 0.958369
v -0.331958 -0.207081 0.904939
v -0.481928 -0.311079 0.818173
v -0.613378 -0.402234 0.701407
v -0.721256 -0.477043 0.559126
v -0.179654 -0.036709 0.958369
v -0.352404 -0.094236 0.904939
v -0.511612 -0.147254 0.818173
v -0.651159 -0.193725 0.701407
v -0.765681 -0.231862 0.559126
v -0.183174 0.070634 0.958368
v -0.359308 0.070634 0.904939
v -0.521635 0.070634 0.818173
v -0.663915 0.070634 0.701407
v -0.780682 0.070634 0.559126
v -0.179654 0.158047 0.958368
v -0.352404 0.242102 0.904939
v -0.511612 0.319567 0.818173
v -0.651158 0.387466 0.701407
v -0.765681 0.443189 0.559126
v -0.169230 0.242102 0.958368
v -0.331958 0.406981 0.904939
v -0.481928 0.558934 0.818173
v -0.613378 0.692122 0.701407
v -0.754891 0.526579 0.559126
v -0.801417 0.882647 0.396800
v -0.152303 0.319567 0.958368
v -0.298754 0.558934 0.904939
v -0.433723 0.779536 0.818173
v -0.552025 0.972895 0.701407
v -0.649113 1.131581 0.559126
v -0.721256 1.249494 0.396800
v -0.715448 1.501902 0.220665
v -0.129523 0.387465 0.958368
v -0.254069 0.692122 0.904939
v -0.368851 0.972895 0.818173
v -0.651158 1.663455 0.220665
v -0.101766 0.443188 0.958368
v -0.199621 0.801426 0.904939
v -0.511611 1.943594 0.220665
v -0.070098 0.484594 0.958368
v -0.137501 0.882647 0.904939
v -0.331958 2.031007 0.396800
v -0.352404 2.151755 0.220665
v -0.035735 0.510092 0.958368
v -0.070098 0.932662 0.904939
v -0.169230 2.151755 0.396800
v -0.179654 2.279940 0.220665
v 0.000000 0.518701 0.958368
v 0.000000 0.949551 0.904939
v 0.000000 2.192527 0.396800
v -0.180581 2.289751 0.218637
v 0.354223 2.160905 0.218637
v -0.654518 1.670085 0.218637
v 0.769632 0.443522 0.558844
v 0.438136 -1.184971 0.561460
v -0.719140 1.507699 0.218637
v -0.724977 -0.481457 0.558844
v 0.301793 -1.184971 0.604275
v 0.758787 0.527342 0.558844
v 0.724977 -0.481458 0.558844
v -0.438136 -1.184971 0.561460
v -0.301794 -1.184971 0.604275
v -0.769632 0.443523 0.558844
v 0.805552 0.885249 0.395680
v -0.758786 0.527343 0.558844
v -0.652462 -0.708584 0.558844
v -0.554874 -0.907662 0.558844
v 0.724977 1.253989 0.395680
v 0.717449 1.500705 0.224662
v 0.153853 -1.184971 0.629948
v 0.651659 1.658262 0.228824
v 0.514252 1.951670 0.218637
v 0.769632 -0.235011 0.558844
v 0.784710 0.069045 0.558844
v -0.724977 1.253989 0.395680
v -0.805552 0.885248 0.395680
v -0.784710 0.069046 0.558844
v -0.769632 -0.235011 0.558844
v -0.354222 2.160904 0.218637
v -0.514251 1.951669 0.218637
v -0.153853 -1.184971 0.629948
v -0.000000 -1.184971 0.629948
v 0.554874 -0.907662 0.558844
v 0.652462 -0.708584 0.558844
v 0.180581 2.289752 0.218637
v 0.000000 2.333258 0.218637
v -0.190592 2.395704 0.196731
v -0.759006 1.570298 0.196731
v 0.800851 0.535594 0.555798
v -0.462425 -1.271643 0.558559
v 0.850209 0.913342 0.383589
v -0.688633 -0.768847 0.555798
v 0.765168 1.302524 0.383589
v 0.686958 1.725789 0.210429
v 0.812298 -0.269021 0.555798
v -0.828211 0.051892 0.555798
v -0.373859 2.259715 0.196731
v -0.162382 -1.271643 0.630843
v 0.585634 -0.978961 0.555798
v 0.190592 2.395705 0.196731
v 0.373860 2.259716 0.196731
v -0.690802 1.741687 0.196731
v 0.812298 0.447128 0.555798
v 0.462425 -1.271643 0.558559
v -0.765167 -0.529129 0.555798
v 0.318524 -1.271643 0.603747
v 0.765168 -0.529130 0.555798
v -0.318524 -1.271643 0.603747
v -0.812297 0.447128 0.555798
v -0.800851 0.535595 0.555798
v -0.585634 -0.978961 0.555798
v 0.755620 1.556293 0.208797
v 0.162382 -1.271643 0.630843
v 0.542760 2.038881 0.196731
v 0.828211 0.051891 0.555798
v -0.850208 0.913341 0.383589
v -0.812297 -0.269021 0.555798
v -0.542759 2.038880 0.196731
v -0.000000 -1.271643 0.630843
v 0.688633 -0.768847 0.555798
v 0.000000 2.441623 0.196731
v 0.000198 1.777840 -0.875719
v -0.142871 -1.270495 0.303341
v -0.151671 -1.270495 0.154642
v -0.154642 -1.270495 0.000000
v -0.152326 -1.270248 -0.153778
v -0.146167 -1.269251 -0.299000
v -0.134783 -1.268153 -0.432214
v -0.280251 -1.270495 0.303341
v -0.297513 -1.270495 0.154642
v -0.303341 -1.270495 0.000000
v -0.297513 -1.270495 -0.154642
v -0.280251 -1.270495 -0.303341
v -0.252493 -1.270392 -0.440022
v -0.282778 -1.397292 0.173280
v -0.159139 -1.397292 0.173280
v -0.282778 -1.368915 0.173280
v -0.159139 -1.368915 0.173280
v -0.282778 -1.443212 0.261509
v -0.159139 -1.443212 0.261509
v -0.282778 -1.414835 0.261509
v -0.159139 -1.414835 0.261509
v 0.252219 -1.305795 0.440383
v 0.280220 -1.305784 0.303381
v 0.291771 -1.303627 0.162203
v 0.285150 -1.298925 0.023957
v 0.265589 -1.293738 -0.112598
v 0.238309 -1.289954 -0.248104
v 0.128580 -1.305795 0.440383
v 0.142871 -1.305795 0.303341
v 0.150320 -1.305285 0.156421
v 0.145793 -1.302453 0.011653
v 0.132889 -1.298702 -0.129907
v 0.116084 -1.295678 -0.268063
v -0.000000 -1.305795 0.440383
v 0.000000 -1.305795 0.303341
v -0.000000 -1.305795 0.154642
v -0.001546 -1.305211 0.002036
v -0.006693 -1.303267 -0.145828
v -0.012166 -1.301200 -0.287319
v 0.000000 -1.394092 0.225640
v 0.000000 -1.375844 0.247471
v 0.142871 -1.429941 0.351488
v 0.142871 -1.431127 0.309956
v 0.280251 -1.431127 0.309956
v 0.280251 -1.429941 0.351488
v 0.000000 -1.431127 0.309956
v 0.000000 -1.429941 0.351488
v 0.142871 -1.518973 0.411622
v 0.142871 -1.498728 0.370090
v 0.280251 -1.498728 0.370090
v 0.280251 -1.518973 0.411622
v 0.000000 -1.498728 0.370090
v 0.000000 -1.518973 0.411622
v -0.722820 1.347743 0.330256
v -0.724582 1.271147 0.383707
v -0.720791 1.269685 0.382710
v -0.719035 1.346033 0.329433
v 0.000000 1.194026 0.851518
v 0.062396 1.331591 0.818173
v 0.073091 1.356889 0.808821
v 0.079786 1.517418 0.754423
v 0.058014 1.680684 0.701407
v 0.050112 1.721211 0.682167
v 0.000000 1.886990 0.605601
v -0.617922 1.101032 0.598348
v -0.604489 1.088148 0.615154
v -0.527616 1.045651 0.701407
v -0.647207 1.137262 0.559126
v -0.717563 1.260501 0.396800
v -0.675273 1.529115 0.289992
v -0.641855 1.640698 0.264037
v -0.393054 1.032098 0.790083
v -0.466691 1.023372 0.745008
v -0.269179 1.056071 0.838017
v -0.334639 1.041575 0.818173
v -0.637839 1.651350 0.261325
v -0.554552 1.809891 0.270387
v -0.497560 1.892152 0.304042
v -0.329274 2.015161 0.409918
v -0.352192 2.004552 0.396800
v -0.451193 1.936237 0.323796
v -0.171095 1.081035 0.858016
v -0.084218 1.106306 0.866252
v -0.270577 2.027593 0.432807
v -0.158192 2.016015 0.502651
v -0.039911 1.970672 0.559126
v -0.049223 1.981063 0.549463
v -0.080767 1.107440 0.866186
v -0.022724 1.145186 0.860994
v -0.013505 1.926927 0.584086
v -0.765902 1.299160 0.383589
v -0.746036 1.279420 0.389345
v -0.763353 1.291028 0.384619
v -0.765020 1.308927 0.379120
v -0.724244 1.348387 0.330566
v -0.768046 1.305999 0.382723
v 0.024590 1.293281 0.743036
v 0.030093 1.357954 0.726464
v 0.000000 1.238101 0.758223
v 0.033581 1.575952 0.641914
v 0.020970 1.658032 0.611205
v 0.018054 1.671011 0.604106
v 0.000000 1.724779 0.575413
v -0.373109 1.063216 0.715995
v -0.441596 1.055004 0.674361
v -0.528218 1.087215 0.611205
v -0.638528 1.185716 0.470762
v -0.555079 1.102462 0.580203
v -0.694199 1.280095 0.336844
v -0.672172 1.383921 0.310531
v -0.695952 1.284183 0.332000
v -0.696010 1.283445 0.332331
v -0.615044 1.576860 0.265839
v -0.581989 1.651350 0.245459
v -0.531013 1.737443 0.248747
v -0.481616 1.801365 0.275454
v -0.257057 1.087851 0.754370
v -0.351010 1.066853 0.726464
v -0.164022 1.111781 0.772586
v -0.392197 1.877347 0.310531
v -0.353350 1.904445 0.323796
v -0.321363 1.918240 0.341369
v -0.240233 1.934201 0.372118
v -0.155051 1.925994 0.425557
v -0.082663 1.153380 0.775200
v -0.140747 1.118630 0.774557
v -0.019614 1.195192 0.767993
v -0.100094 1.886188 0.470762
v -0.010615 1.753040 0.557919
v -0.133787 1.919624 0.435089
v -0.000294 2.081956 -0.932678
v 0.001902 2.149252 -0.850604
v 0.038070 2.075641 -0.932678
v 0.038834 2.141645 -0.850604
v 0.074960 2.056939 -0.932678
v 0.074347 2.119113 -0.850604
v 0.108959 2.026569 -0.932678
v 0.107075 2.082524 -0.850604
v 0.138758 1.985697 -0.932678
v 0.135762 2.033283 -0.850604
v 0.163214 1.918954 -0.932678
v 0.159304 1.975495 -0.850604
v 0.181387 1.833029 -0.932678
v 0.176798 1.871975 -0.850604
v 0.192577 1.739795 -0.932678
v 0.187571 1.759650 -0.850604
v 0.196356 1.642836 -0.932678
v 0.191156 1.642565 -0.850370
v 0.192577 1.545876 -0.932678
v 0.187504 1.525675 -0.850305
v 0.181472 1.452732 -0.932392
v 0.176888 1.413815 -0.850226
v 0.164533 1.368111 -0.928248
v 0.160633 1.311934 -0.845019
v 0.142444 1.295299 -0.920300
v 0.139376 1.224221 -0.835414
v 0.115807 1.236833 -0.909678
v 0.113675 1.153705 -0.822864
v 0.085558 1.194866 -0.897090
v 0.084499 1.103072 -0.807933
v 0.052867 1.171022 -0.882987
v 0.053107 1.074447 -0.790615
v 0.019000 1.166226 -0.867881
v 0.020867 1.069147 -0.770896
v -0.014849 1.180548 -0.852716
v -0.010955 1.087411 -0.749420
v -0.047705 1.213092 -0.839171
v -0.041406 1.128178 -0.728148
v -0.078881 1.262003 -0.829691
v -0.069988 1.188995 -0.710719
v -0.107900 1.324636 -0.827070
v -0.096613 1.266185 -0.702057
v -0.134272 1.397925 -0.833505
v -0.121291 1.355419 -0.706828
v -0.157177 1.478849 -0.849396
v -0.143586 1.452590 -0.727005
v -0.175246 1.564813 -0.872499
v -0.162179 1.554572 -0.759872
v -0.186622 1.653745 -0.898010
v -0.174875 1.659405 -0.797947
v -0.189299 1.743882 -0.919691
v -0.179099 1.765822 -0.830989
v -0.181658 1.833365 -0.931610
v -0.172642 1.872440 -0.849126
v -0.163803 1.918954 -0.932678
v -0.155500 1.975495 -0.850604
v -0.139347 1.985697 -0.932678
v -0.131957 2.033283 -0.850604
v -0.109547 2.026569 -0.932678
v -0.103270 2.082524 -0.850604
v -0.075549 2.056939 -0.932678
v -0.070542 2.119113 -0.850604
v -0.038659 2.075641 -0.932678
v -0.035029 2.141645 -0.850604
v -0.000294 1.816520 -0.921418
v -0.000294 1.820184 -0.958625
v -0.000294 1.816520 -0.995831
v -0.000294 1.788043 -1.064579
v 0.036197 1.812925 -0.921418
v 0.036912 1.816520 -0.958625
v 0.036197 1.812925 -0.995831
v 0.034080 1.802281 -1.031608
v 0.030641 1.784996 -1.064579
v 0.026014 1.761734 -1.093479
v 0.020376 1.733389 -1.117197
v 0.013944 1.701051 -1.134821
v 0.006964 1.665962 -1.145674
v 0.071286 1.802281 -0.921418
v 0.072688 1.805667 -0.958625
v 0.071286 1.802281 -0.995831
v 0.067133 1.792255 -1.031608
v 0.060389 1.775972 -1.064579
v 0.051312 1.754060 -1.093479
v 0.040253 1.727360 -1.117197
v 0.027635 1.696898 -1.134821
v 0.013944 1.663845 -1.145674
v 0.103624 1.784996 -0.921418
v 0.105660 1.788043 -0.958625
v 0.103624 1.784996 -0.995831
v 0.097595 1.775972 -1.031608
v 0.087804 1.761319 -1.064579
v 0.074627 1.741598 -1.093479
v 0.058571 1.717569 -1.117197
v 0.040253 1.690154 -1.134821
v 0.020376 1.660407 -1.145674
v 0.131969 1.761734 -0.921418
v 0.134560 1.764325 -0.958625
v 0.131969 1.761734 -0.995831
v 0.124295 1.754060 -1.031608
v 0.111833 1.741598 -1.064579
v 0.095062 1.724827 -1.093479
v 0.074627 1.704392 -1.117197
v 0.051312 1.681077 -1.134821
v 0.026014 1.655780 -1.145674
v 0.155231 1.733389 -0.921418
v 0.158278 1.735425 -0.958625
v 0.155231 1.733389 -0.995831
v 0.146207 1.727360 -1.031608
v 0.131554 1.717569 -1.064579
v 0.111833 1.704392 -1.093479
v 0.087804 1.688336 -1.117197
v 0.060389 1.670018 -1.134821
v 0.030641 1.650141 -1.145674
v 0.172516 1.701051 -0.921418
v 0.175902 1.702453 -0.958625
v 0.172516 1.701051 -0.995831
v 0.162490 1.696898 -1.031608
v 0.146207 1.690154 -1.064579
v 0.124295 1.681077 -1.093479
v 0.097595 1.670018 -1.117197
v 0.067133 1.657400 -1.134821
v 0.034080 1.643709 -1.145674
v 0.183160 1.665962 -0.921418
v 0.186754 1.666677 -0.958625
v 0.183160 1.665962 -0.995831
v 0.172516 1.663845 -1.031608
v 0.155231 1.660406 -1.064579
v 0.131969 1.655780 -1.093479
v 0.103624 1.650141 -1.117197
v 0.071286 1.643709 -1.134821
v 0.036197 1.636729 -1.145674
v 0.186754 1.629471 -0.921418
v 0.190419 1.629471 -0.958625
v 0.186754 1.629471 -0.995831
v 0.175902 1.629471 -1.031608
v 0.158278 1.629471 -1.064579
v 0.134560 1.629471 -1.093479
v 0.105660 1.629471 -1.117197
v 0.072688 1.629471 -1.134821
v 0.036912 1.629471 -1.145674
v 0.183160 1.592979 -0.921418
v 0.186754 1.592264 -0.958625
v 0.183160 1.592979 -0.995831
v 0.172516 1.595096 -1.031608
v 0.155231 1.598535 -1.064579
v 0.131969 1.603162 -1.093479
v 0.103624 1.608800 -1.117197
v 0.071286 1.615232 -1.134821
v 0.036197 1.622212 -1.145674
v 0.172516 1.557890 -0.921418
v 0.175902 1.556488 -0.958625
v 0.172516 1.557890 -0.995831
v 0.162490 1.562043 -1.031608
v 0.146207 1.568788 -1.064579
v 0.124295 1.577864 -1.093479
v 0.097595 1.588924 -1.117197
v 0.067133 1.601541 -1.134821
v 0.034080 1.615232 -1.145674
v 0.155258 1.525580 -0.921329
v 0.158278 1.523516 -0.958625
v 0.155231 1.525552 -0.995831
v 0.146207 1.531581 -1.031608
v 0.131554 1.541373 -1.064579
v 0.111833 1.554549 -1.093479
v 0.087804 1.570605 -1.117197
v 0.060389 1.588924 -1.134821
v 0.030641 1.608800 -1.145674
v 0.132539 1.497810 -0.919503
v 0.134849 1.494921 -0.957656
v 0.132076 1.497321 -0.995470
v 0.124313 1.504901 -1.031546
v 0.111833 1.517343 -1.064579
v 0.095062 1.534114 -1.093479
v 0.074627 1.554549 -1.117197
v 0.051312 1.577864 -1.134821
v 0.026014 1.603162 -1.145674
v 0.105479 1.475905 -0.915191
v 0.106989 1.472303 -0.954161
v 0.104488 1.474858 -0.992932
v 0.098084 1.483486 -1.029966
v 0.088026 1.497858 -1.063831
v 0.074692 1.517413 -1.093259
v 0.058574 1.541376 -1.117185
v 0.040253 1.568788 -1.134821
v 0.020376 1.598535 -1.145674
v 0.075129 1.460721 -0.908514
v 0.075788 1.456550 -0.948216
v 0.073603 1.459109 -0.988049
v 0.068708 1.468352 -1.026317
v 0.061329 1.483963 -1.061421
v 0.051771 1.505366 -1.091939
v 0.040404 1.531741 -1.116689
v 0.027648 1.562057 -1.134776
v 0.013944 1.595096 -1.145674
v 0.042584 1.452766 -0.899968
v 0.042369 1.448189 -0.940297
v 0.040539 1.450605 -0.981248
v 0.037251 1.460012 -1.020956
v 0.032715 1.476136 -1.057617
v 0.027169 1.498427 -1.089602
v 0.020865 1.526068 -1.115556
v 0.014051 1.558004 -1.134459
v 0.006964 1.592979 -1.145674
v 0.008945 1.452186 -0.890389
v 0.007864 1.447379 -0.931227
v 0.006418 1.449516 -0.973287
v 0.004791 1.458649 -1.014528
v 0.003178 1.474568 -1.052919
v 0.001755 1.496782 -1.086596
v 0.000661 1.524525 -1.113989
v -0.000026 1.556772 -1.133919
v -0.000289 1.592270 -1.145656
v -0.024706 1.458781 -0.880852
v -0.026619 1.453921 -0.922081
v -0.027653 1.455667 -0.965160
v -0.027603 1.464126 -1.007881
v -0.026291 1.479166 -1.047990
v -0.023596 1.500385 -1.083381
v -0.019495 1.527106 -1.112259
v -0.014072 1.558377 -1.133274
v -0.007530 1.593004 -1.145595
v -0.057316 1.472046 -0.872524
v -0.059999 1.467307 -0.914032
v -0.060597 1.468578 -0.957956
v -0.058890 1.476020 -1.001947
v -0.054717 1.489585 -1.043555
v -0.048024 1.508979 -1.080458
v -0.038895 1.533638 -1.110661
v -0.027579 1.562725 -1.132656
v -0.014486 1.595145 -1.145518
v -0.087857 1.491230 -0.866490
v -0.091226 1.486775 -0.908172
v -0.091367 1.487521 -0.952690
v -0.088055 1.493673 -0.997592
v -0.081159 1.505267 -1.040287
v -0.070693 1.522122 -1.078292
v -0.056858 1.543805 -1.109466
v -0.040056 1.569617 -1.132184
v -0.020899 1.598605 -1.145451
v -0.115331 1.515412 -0.863565
v -0.119278 1.511388 -0.905325
v -0.118948 1.511590 -0.950125
v -0.114122 1.516254 -0.995467
v -0.104713 1.525490 -1.038689
v -0.090813 1.539227 -1.077230
v -0.072738 1.557167 -1.108878
v -0.051046 1.578767 -1.131950
v -0.026527 1.603243 -1.145417
v -0.000294 1.629471 -1.149338
v -0.138768 1.543571 -0.864154
v -0.143166 1.540108 -0.905899
v -0.142364 1.539772 -0.950642
v -0.136162 1.542819 -0.995896
v -0.124529 1.549418 -1.039011
v -0.107647 1.559595 -1.077445
v -0.085951 1.573186 -1.108997
v -0.060137 1.589812 -1.131998
v -0.031156 1.608878 -1.145424
v -0.157251 1.574644 -0.868176
v -0.161955 1.571848 -0.909812
v -0.160698 1.571002 -0.954165
v -0.153313 1.572363 -0.998813
v -0.139836 1.576143 -1.041204
v -0.120543 1.582452 -1.078901
v -0.095982 1.591251 -1.109802
v -0.066976 1.602329 -1.132318
v -0.034608 1.615296 -1.145471
v -0.169950 1.607562 -0.875077
v -0.174801 1.605519 -0.916504
v -0.173131 1.604200 -0.960173
v -0.164817 1.603854 -1.003776
v -0.149967 1.604720 -1.044925
v -0.128950 1.606975 -1.081363
v -0.102415 1.610700 -1.111158
v -0.071288 1.615853 -1.132850
v -0.036747 1.622253 -1.145544
v -0.176181 1.641266 -0.883933
v -0.181009 1.640037 -0.925045
v -0.178997 1.638291 -0.967802
v -0.170071 1.636255 -1.010048
v -0.154407 1.634184 -1.049603
v -0.132457 1.632316 -1.084437
v -0.104949 1.630844 -1.112832
v -0.072881 1.629889 -1.133491
v -0.037484 1.629488 -1.145619
v -0.175469 1.674712 -0.893612
v -0.180098 1.674333 -0.934294
v -0.177842 1.672204 -0.975994
v -0.168673 1.668528 -1.016725
v -0.152829 1.663568 -1.054534
v -0.130819 1.657617 -1.087639
v -0.103422 1.650977 -1.114540
v -0.071665 1.643931 -1.134116
v -0.036784 1.636731 -1.145668
v -0.167608 1.706860 -0.902959
v -0.171865 1.707341 -0.943092
v -0.169484 1.704877 -0.983671
v -0.160481 1.699643 -1.022886
v -0.145136 1.691908 -1.059004
v -0.123988 1.682024 -1.090469
v -0.097824 1.670397 -1.115991
v -0.067654 1.657471 -1.134594
v -0.034669 1.643709 -1.145674
v -0.152706 1.736679 -0.910963
v -0.156428 1.738003 -0.950434
v -0.154055 1.735254 -0.989906
v -0.145644 1.728577 -1.027738
v -0.131491 1.718257 -1.062392
v -0.112131 1.704700 -1.092501
v -0.088313 1.688420 -1.116931
v -0.060976 1.670020 -1.134815
v -0.031230 1.650141 -1.145674
v -0.131211 1.763157 -0.916894
v -0.134249 1.765276 -0.955602
v -0.132025 1.762297 -0.994042
v -0.124621 1.754337 -1.030726
v -0.112329 1.741696 -1.064268
v -0.095638 1.724841 -1.093435
v -0.075216 1.704392 -1.117197
v -0.051901 1.681077 -1.134821
v -0.026603 1.655780 -1.145674
v -0.103903 1.785323 -0.920378
v -0.106136 1.788162 -0.958247
v -0.104196 1.785014 -0.995774
v -0.098184 1.775972 -1.031608
v -0.088392 1.761319 -1.064579
v -0.075216 1.741598 -1.093479
v -0.059160 1.717569 -1.117197
v -0.040841 1.690154 -1.134821
v -0.020965 1.660406 -1.145674
v -0.071875 1.802281 -0.921418
v -0.073277 1.805666 -0.958625
v -0.071875 1.802281 -0.995831
v -0.067722 1.792254 -1.031608
v -0.060977 1.775972 -1.064579
v -0.051901 1.754060 -1.093479
v -0.040841 1.727360 -1.117197
v -0.028224 1.696898 -1.134821
v -0.014533 1.663845 -1.145674
v -0.036786 1.812925 -0.921418
v -0.037501 1.816519 -0.958625
v -0.036786 1.812925 -0.995831
v -0.034669 1.802281 -1.031608
v -0.031230 1.784996 -1.064579
v -0.026603 1.761734 -1.093479
v -0.020965 1.733389 -1.117197
v -0.014533 1.701051 -1.134821
v -0.007553 1.665962 -1.145674
v -0.000294 1.805666 -1.031608
v -0.000294 1.764325 -1.093479
v -0.000294 1.735425 -1.117197
v -0.000294 1.702453 -1.134821
v -0.000294 1.666677 -1.145674
v -0.268805 1.836491 -1.131866
v 0.268216 1.836491 -1.131866
v -0.268805 1.832930 -1.168013
v 0.268216 1.832930 -1.168013
v -0.268805 1.822387 -1.202772
v 0.268216 1.822387 -1.202772
v -0.268805 1.805264 -1.234805
v 0.268216 1.805264 -1.234805
v -0.268805 1.782221 -1.262883
v 0.268216 1.782221 -1.262883
v -0.268805 1.754144 -1.285926
v 0.268216 1.754144 -1.285926
v -0.268805 1.722110 -1.303048
v 0.268216 1.722110 -1.303048
v -0.268805 1.687351 -1.313592
v 0.268216 1.687351 -1.313592
v -0.268766 1.651244 -1.317024
v 0.268216 1.651204 -1.317152
v -0.268405 1.615479 -1.312250
v 0.268216 1.615056 -1.313592
v -0.267549 1.581624 -1.298833
v 0.268216 1.580298 -1.303048
v -0.266106 1.551116 -1.276863
v 0.268216 1.548264 -1.285926
v -0.264050 1.525211 -1.246915
v 0.268216 1.520186 -1.262883
v -0.261443 1.504923 -1.210082
v 0.268216 1.497144 -1.234805
v -0.258434 1.490980 -1.167946
v 0.268216 1.480021 -1.202772
v -0.255255 1.483796 -1.122511
v 0.268216 1.469477 -1.168013
v -0.252192 1.483473 -1.076076
v 0.268216 1.465917 -1.131866
v -0.249553 1.489822 -1.031066
v 0.268216 1.469477 -1.095718
v -0.247625 1.502403 -0.989832
v 0.268216 1.480021 -1.060959
v -0.246628 1.520579 -0.954449
v 0.268216 1.497144 -1.028926
v -0.246678 1.543569 -0.926541
v 0.268216 1.520186 -1.000848
v -0.247771 1.570492 -0.907167
v 0.268216 1.548264 -0.977805
v -0.249777 1.600406 -0.896783
v 0.268216 1.580298 -0.960683
v -0.252469 1.632319 -0.895280
v 0.268216 1.615056 -0.950139
v -0.255556 1.665204 -0.902088
v 0.268216 1.651204 -0.946579
v -0.258731 1.697997 -0.916309
v 0.268216 1.687351 -0.950139
v -0.261710 1.729607 -0.936857
v 0.268216 1.722110 -0.960683
v -0.264270 1.758936 -0.962577
v 0.268216 1.754144 -0.977805
v -0.266269 1.784901 -0.992333
v 0.268216 1.782221 -1.000848
v -0.267655 1.806479 -1.025064
v 0.268216 1.805264 -1.028926
v -0.268458 1.822752 -1.059797
v 0.268216 1.822387 -1.060959
v -0.268780 1.832957 -1.095634
v 0.268216 1.832930 -1.095718
v -0.138625 1.836491 -1.131866
v 0.138036 1.836491 -1.131866
v 0.138036 1.832930 -1.168013
v -0.138625 1.832930 -1.168013
v 0.138036 1.822387 -1.202772
v -0.138625 1.822387 -1.202772
v 0.138036 1.805264 -1.234805
v -0.138625 1.805264 -1.234805
v 0.138036 1.782221 -1.262883
v -0.138625 1.782221 -1.262883
v 0.138036 1.754144 -1.285926
v -0.138625 1.754144 -1.285926
v 0.138036 1.722110 -1.303048
v -0.138625 1.722110 -1.303048
v 0.138036 1.687351 -1.313592
v -0.138625 1.687351 -1.313592
v 0.138036 1.651204 -1.317152
v -0.138625 1.651204 -1.317153
v 0.138036 1.615056 -1.313592
v -0.138625 1.615056 -1.313592
v 0.138036 1.580298 -1.303048
v -0.138625 1.580298 -1.303047
v 0.138036 1.548264 -1.285926
v -0.138345 1.548560 -1.284986
v 0.138036 1.520186 -1.262883
v -0.137514 1.521361 -1.259151
v 0.138036 1.497144 -1.234805
v -0.136148 1.499762 -1.226485
v 0.138036 1.480021 -1.202772
v -0.134349 1.484540 -1.188410
v 0.138036 1.469477 -1.168013
v -0.132295 1.476167 -1.146753
v 0.138036 1.465917 -1.131866
v -0.130217 1.474802 -1.103630
v 0.138036 1.469477 -1.095718
v -0.128372 1.480312 -1.061286
v 0.138036 1.480021 -1.060959
v -0.126998 1.492308 -1.021913
v 0.138037 1.497144 -1.028925
v -0.126280 1.510189 -0.987469
v 0.138036 1.520187 -1.000848
v -0.126317 1.533193 -0.959513
v 0.138036 1.548264 -0.977805
v -0.127103 1.560441 -0.939110
v 0.138036 1.580298 -0.960683
v -0.128530 1.590966 -0.926782
v 0.138036 1.615056 -0.950139
v -0.130408 1.623739 -0.922545
v 0.138036 1.651204 -0.946579
v -0.132494 1.657683 -0.925989
v 0.138036 1.687351 -0.950139
v -0.134533 1.691676 -0.936397
v 0.138036 1.722110 -0.960683
v -0.136298 1.724570 -0.952867
v 0.138036 1.754144 -0.977805
v -0.137616 1.755210 -0.974417
v 0.138036 1.782221 -1.000848
v -0.138395 1.782465 -1.000076
v 0.138036 1.805264 -1.028926
v -0.138625 1.805264 -1.028926
v 0.138036 1.822387 -1.060959
v -0.138625 1.822387 -1.060959
v 0.138036 1.832930 -1.095718
v -0.138625 1.832930 -1.095718
v -0.138625 1.747084 -1.131866
v 0.138036 1.747084 -1.131866
v 0.138036 1.745242 -1.150571
v -0.138625 1.745242 -1.150571
v 0.138036 1.739786 -1.168558
v -0.138625 1.739786 -1.168558
v 0.138036 1.730926 -1.185134
v -0.138625 1.730926 -1.185134
v 0.138036 1.719002 -1.199664
v -0.138625 1.719002 -1.199664
v 0.138036 1.704472 -1.211588
v -0.138625 1.704472 -1.211588
v 0.138036 1.687896 -1.220448
v -0.138625 1.687896 -1.220448
v 0.138036 1.669909 -1.225904
v -0.138625 1.669909 -1.225904
v 0.138036 1.651204 -1.227746
v -0.138606 1.651225 -1.227681
v 0.138036 1.632499 -1.225904
v -0.138492 1.632639 -1.225457
v 0.138036 1.614512 -1.220448
v -0.138246 1.614912 -1.219175
v 0.138036 1.597935 -1.211588
v -0.137846 1.598758 -1.208972
v 0.138036 1.583406 -1.199664
v -0.137290 1.584817 -1.195179
v 0.138036 1.571482 -1.185134
v -0.136596 1.573626 -1.178320
v 0.138036 1.562621 -1.168558
v -0.135808 1.565599 -1.159096
v 0.138036 1.557165 -1.150571
v -0.134985 1.561012 -1.138347
v 0.138036 1.555323 -1.131866
v -0.134202 1.559997 -1.117010
v 0.138036 1.557165 -1.113160
v -0.133533 1.562546 -1.096060
v 0.138036 1.562621 -1.095173
v -0.133048 1.568515 -1.076444
v 0.138036 1.571482 -1.078597
v -0.132799 1.577639 -1.059029
v 0.138036 1.583406 -1.064067
v -0.132811 1.589550 -1.044542
v 0.138036 1.597935 -1.052143
v -0.133085 1.603790 -1.033537
v 0.138036 1.614512 -1.043283
v -0.133590 1.619833 -1.026372
v 0.138036 1.632499 -1.037827
v -0.134272 1.637099 -1.023208
v 0.138036 1.651204 -1.035985
v -0.135063 1.654969 -1.024021
v 0.138036 1.669909 -1.037827
v -0.135885 1.672805 -1.028625
v 0.138036 1.687896 -1.043283
v -0.136667 1.689965 -1.036706
v 0.138036 1.704472 -1.052143
v -0.137349 1.705821 -1.047858
v 0.138036 1.719002 -1.064067
v -0.137891 1.719777 -1.061602
v 0.138036 1.730926 -1.078597
v -0.138276 1.731295 -1.077424
v 0.138036 1.739786 -1.095173
v -0.138508 1.739910 -1.094780
v 0.138036 1.745242 -1.113160
v -0.138611 1.745257 -1.113112
v -0.136306 1.722850 -0.957024
v -0.136160 1.503466 -1.224041
v -0.138625 1.832020 -1.131866
v -0.137596 1.752747 -0.978067
v -0.134414 1.488601 -1.186918
v -0.138625 1.828546 -1.167141
v -0.138373 1.779327 -1.003163
v -0.132429 1.480410 -1.146333
v -0.138625 1.818256 -1.201061
v -0.138625 1.818256 -1.062670
v -0.138625 1.801547 -1.031409
v -0.128652 1.484401 -1.063097
v -0.130427 1.479051 -1.104334
v -0.138625 1.779060 -1.259722
v -0.138625 1.801547 -1.232322
v -0.137495 1.524541 -1.255928
v -0.134593 1.690741 -0.940981
v -0.138323 1.551067 -1.281193
v -0.132622 1.657548 -0.930887
v -0.138623 1.582011 -1.298910
v -0.130611 1.624397 -0.927609
v -0.138625 1.615928 -1.309208
v -0.128804 1.592387 -0.931831
v -0.138625 1.651204 -1.312682
v -0.127432 1.562576 -0.943932
v -0.138625 1.686479 -1.309208
v -0.126677 1.535974 -0.963884
v -0.138625 1.720399 -1.298918
v -0.126642 1.513524 -0.991167
v -0.138625 1.751660 -1.282209
v -0.127332 1.496086 -1.024743
v -0.138625 1.828546 -1.096590
v 0.138036 1.720399 -0.964813
v 0.138036 1.500860 -1.232322
v 0.138036 1.832020 -1.131866
v 0.138036 1.751660 -0.981522
v 0.138036 1.484151 -1.201061
v 0.138036 1.828546 -1.167141
v 0.138036 1.779060 -1.004009
v 0.138036 1.473862 -1.167141
v 0.138036 1.818256 -1.201061
v 0.138036 1.801547 -1.031409
v 0.138036 1.470387 -1.131866
v 0.138036 1.801547 -1.232322
v 0.138036 1.779060 -1.259722
v 0.138036 1.818256 -1.062670
v 0.138036 1.828546 -1.096590
v 0.138036 1.473862 -1.096590
v 0.138036 1.484151 -1.062670
v 0.138036 1.523347 -1.259722
v 0.138036 1.686479 -0.954523
v 0.138036 1.550748 -1.282209
v 0.138036 1.651204 -0.951049
v 0.138036 1.582008 -1.298918
v 0.138036 1.615928 -0.954523
v 0.138036 1.615928 -1.309208
v 0.138036 1.582008 -0.964813
v 0.138036 1.651204 -1.312682
v 0.138036 1.550748 -0.981522
v 0.138036 1.686479 -1.309208
v 0.138036 1.523347 -1.004009
v 0.138036 1.720399 -1.298918
v 0.138036 1.500860 -1.031409
v 0.138036 1.751660 -1.282209
v -0.136640 1.691619 -1.032694
v -0.136566 1.570127 -1.180578
v -0.138625 1.751331 -1.131866
v -0.137355 1.708174 -1.044345
v -0.135734 1.561754 -1.160472
v -0.138625 1.749407 -1.151399
v -0.137916 1.722754 -1.058682
v -0.134861 1.556978 -1.138759
v -0.138625 1.743710 -1.170183
v -0.138306 1.734794 -1.075166
v -0.134027 1.555935 -1.116425
v -0.138625 1.734457 -1.187494
v -0.137293 1.581811 -1.198192
v -0.135815 1.673707 -1.024225
v -0.137870 1.596374 -1.212582
v -0.134944 1.655095 -1.019374
v -0.138277 1.613255 -1.223201
v -0.134103 1.636449 -1.018473
v -0.138517 1.631784 -1.229706
v -0.133375 1.618435 -1.021726
v -0.138616 1.651213 -1.231964
v -0.132835 1.601695 -1.029168
v -0.138625 1.670738 -1.230069
v -0.132543 1.586831 -1.040638
v -0.138625 1.689521 -1.224372
v -0.132529 1.574393 -1.055765
v -0.138625 1.706832 -1.215119
v -0.132796 1.564858 -1.073973
v -0.138620 1.749413 -1.112314
v -0.138532 1.743808 -1.093235
v -0.133314 1.558612 -1.094496
v -0.138625 1.722005 -1.202667
v 0.138036 1.722005 -1.202667
v 0.138036 1.749407 -1.112332
v 0.138036 1.558698 -1.093548
v 0.138036 1.689521 -1.039360
v 0.138036 1.567951 -1.187494
v 0.138036 1.751331 -1.131866
v 0.138036 1.706832 -1.048612
v 0.138036 1.558698 -1.170183
v 0.138036 1.749407 -1.151399
v 0.138036 1.722005 -1.061065
v 0.138036 1.553000 -1.151399
v 0.138036 1.743710 -1.170183
v 0.138036 1.734457 -1.076238
v 0.138036 1.551076 -1.131866
v 0.138036 1.734457 -1.187494
v 0.138036 1.743710 -1.093548
v 0.138036 1.553000 -1.112332
v 0.138036 1.580403 -1.202667
v 0.138036 1.670738 -1.033662
v 0.138036 1.595576 -1.215119
v 0.138036 1.651204 -1.031738
v 0.138036 1.612887 -1.224372
v 0.138036 1.631670 -1.033662
v 0.138036 1.631670 -1.230069
v 0.138036 1.612887 -1.039360
v 0.138036 1.651204 -1.231993
v 0.138036 1.595576 -1.048612
v 0.138036 1.670738 -1.230069
v 0.138036 1.580403 -1.061065
v 0.138036 1.689521 -1.224372
v 0.138036 1.567951 -1.076238
v 0.138036 1.706832 -1.215119
v -0.262296 1.832930 -1.168013
v -0.262296 1.822387 -1.202772
v -0.262296 1.805264 -1.234805
v -0.262296 1.782221 -1.262883
v -0.262296 1.754144 -1.285926
v -0.262296 1.722110 -1.303048
v -0.262296 1.687351 -1.313592
v -0.262273 1.651227 -1.317078
v -0.261954 1.615418 -1.312444
v -0.261146 1.581513 -1.299186
v -0.259754 1.550950 -1.277390
v -0.257752 1.524987 -1.247626
v -0.255201 1.504641 -1.210979
v -0.252247 1.490640 -1.169025
v -0.249118 1.483403 -1.123760
v -0.246100 1.483032 -1.077475
v -0.243497 1.489343 -1.032586
v -0.241594 1.501898 -0.991436
v -0.240609 1.520061 -0.956095
v -0.240659 1.543052 -0.928185
v -0.241737 1.569989 -0.908765
v -0.243717 1.599931 -0.898292
v -0.246373 1.631883 -0.896665
v -0.249415 1.664816 -0.903321
v -0.252538 1.697662 -0.917371
v -0.255463 1.729331 -0.937737
v -0.257967 1.758717 -0.963270
v -0.259912 1.784740 -0.992844
v -0.261246 1.806373 -1.025402
v -0.262003 1.822696 -1.059977
v -0.262283 1.832943 -1.095677
v -0.262296 1.836491 -1.131866
v 0.261707 1.836491 -1.131866
v 0.261707 1.832930 -1.168013
v 0.261707 1.822387 -1.202772
v 0.261707 1.805264 -1.234805
v 0.261707 1.782221 -1.262883
v 0.261707 1.754144 -1.285926
v 0.261707 1.722110 -1.303048
v 0.261707 1.687351 -1.313592
v 0.261707 1.651204 -1.317152
v 0.261707 1.615056 -1.313592
v 0.261707 1.580298 -1.303048
v 0.261707 1.548264 -1.285926
v 0.261707 1.520186 -1.262883
v 0.261707 1.497144 -1.234805
v 0.261707 1.480021 -1.202772
v 0.261707 1.469477 -1.168013
v 0.261707 1.465917 -1.131866
v 0.261707 1.469477 -1.095718
v 0.261707 1.480021 -1.060959
v 0.261707 1.497144 -1.028926
v 0.261707 1.520186 -1.000848
v 0.261707 1.548264 -0.977805
v 0.261707 1.580298 -0.960683
v 0.261707 1.615056 -0.950139
v 0.261707 1.651204 -0.946579
v 0.261707 1.687351 -0.950139
v 0.261707 1.722110 -0.960683
v 0.261707 1.754144 -0.977805
v 0.261707 1.782221 -1.000848
v 0.261707 1.805264 -1.028926
v 0.261707 1.822387 -1.060959
v 0.261707 1.832930 -1.095718
v -0.268770 1.809284 -1.131750
v -0.268805 1.806210 -1.162698
v 0.268216 1.806210 -1.162698
v 0.268216 1.809247 -1.131866
v -0.268805 1.797217 -1.192346
v 0.268216 1.797217 -1.192346
v -0.268805 1.782612 -1.219670
v 0.268216 1.782612 -1.219670
v -0.268805 1.762957 -1.243619
v 0.268216 1.762957 -1.243619
v -0.268805 1.739008 -1.263274
v 0.268216 1.739008 -1.263274
v -0.268805 1.711684 -1.277879
v 0.268216 1.711684 -1.277879
v -0.268760 1.682084 -1.286721
v 0.268216 1.682037 -1.286872
v -0.268524 1.651500 -1.288968
v 0.268216 1.651204 -1.289909
v -0.267988 1.621234 -1.284130
v 0.268216 1.620371 -1.286872
v -0.267057 1.592570 -1.272009
v 0.268216 1.590723 -1.277879
v -0.265674 1.566707 -1.252762
v 0.268216 1.563400 -1.263274
v -0.263837 1.544700 -1.226937
v 0.268216 1.539450 -1.243619
v -0.261605 1.527404 -1.195490
v 0.268216 1.519796 -1.219670
v -0.259101 1.515445 -1.159760
v 0.268216 1.505191 -1.192346
v -0.256509 1.509191 -1.121405
v 0.268216 1.496197 -1.162698
v -0.254047 1.508756 -1.082305
v 0.268216 1.493160 -1.131866
v -0.251948 1.514011 -1.044424
v 0.268216 1.496197 -1.101033
v -0.250425 1.524613 -1.009662
v 0.268216 1.505191 -1.071385
v -0.249641 1.540047 -0.979705
v 0.268216 1.519796 -1.044061
v -0.249681 1.559660 -0.955888
v 0.268216 1.539450 -1.020112
v -0.250540 1.582701 -0.939120
v 0.268216 1.563400 -1.000457
v -0.252125 1.608349 -0.929839
v 0.268216 1.590723 -0.985852
v -0.254268 1.635733 -0.928042
v 0.268216 1.620371 -0.976859
v -0.256752 1.663940 -0.933348
v 0.268216 1.651204 -0.973822
v -0.259346 1.692032 -0.945093
v 0.268216 1.682037 -0.976859
v -0.261830 1.719055 -0.962431
v 0.268216 1.711684 -0.985852
v -0.264030 1.744054 -0.984422
v 0.268216 1.739008 -1.000457
v -0.265825 1.766106 -1.010107
v 0.268216 1.762957 -1.020112
v -0.267164 1.784346 -1.038551
v 0.268216 1.782612 -1.044061
v -0.268054 1.798010 -1.068866
v 0.268216 1.797217 -1.071385
v -0.268558 1.806471 -1.100204
v 0.268216 1.806210 -1.101033
v -0.239889 1.808428 -1.131866
v -0.239889 1.805407 -1.162539
v 0.239301 1.805407 -1.162539
v 0.239301 1.808428 -1.131866
v -0.239889 1.796460 -1.192033
v 0.239301 1.796460 -1.192033
v -0.239889 1.781931 -1.219215
v 0.239301 1.781931 -1.219215
v -0.239889 1.762378 -1.243040
v 0.239301 1.762378 -1.243040
v -0.239889 1.738553 -1.262593
v 0.239301 1.738553 -1.262593
v -0.239889 1.711371 -1.277122
v 0.239301 1.711371 -1.277122
v -0.239889 1.681877 -1.286069
v 0.239301 1.681877 -1.286069
v -0.239785 1.651314 -1.288740
v 0.239301 1.651204 -1.289090
v -0.239408 1.621039 -1.284453
v 0.239301 1.620531 -1.286069
v -0.238662 1.592334 -1.273000
v 0.239301 1.591037 -1.277122
v -0.237484 1.566396 -1.254516
v 0.239301 1.563855 -1.262593
v -0.235866 1.544281 -1.229529
v 0.239301 1.540029 -1.243040
v -0.233859 1.526849 -1.198964
v 0.239301 1.520476 -1.219215
v -0.231579 1.514730 -1.164123
v 0.239301 1.505947 -1.192033
v -0.229196 1.508301 -1.126627
v 0.239301 1.497000 -1.162539
v -0.226920 1.507686 -1.088310
v 0.239301 1.493979 -1.131866
v -0.224971 1.512766 -1.051094
v 0.239301 1.497000 -1.101193
v -0.223554 1.523210 -1.016840
v 0.239301 1.505947 -1.071698
v -0.222823 1.538512 -0.987203
v 0.239301 1.520476 -1.044516
v -0.222860 1.558025 -0.963502
v 0.239301 1.540029 -1.020691
v -0.223661 1.581004 -0.946639
v 0.239301 1.563855 -1.001138
v -0.225136 1.606627 -0.937064
v 0.239301 1.591037 -0.986609
v -0.227125 1.634020 -0.934795
v 0.239301 1.620531 -0.977662
v -0.229421 1.662267 -0.939484
v 0.239301 1.651204 -0.974641
v -0.231803 1.690423 -0.950504
v 0.239301 1.681877 -0.977662
v -0.234064 1.717528 -0.967044
v 0.239301 1.711371 -0.986609
v -0.236038 1.742624 -0.988203
v 0.239301 1.738553 -1.001138
v -0.237615 1.764781 -1.013054
v 0.239301 1.762378 -1.020691
v -0.238751 1.783135 -1.040691
v 0.239301 1.781931 -1.044516
v -0.239459 1.796916 -1.070252
v 0.239301 1.796460 -1.071698
v -0.239805 1.805496 -1.100910
v 0.239301 1.805407 -1.101193
v -0.239885 1.802434 -1.131851
v -0.239889 1.799523 -1.161368
v 0.239301 1.799523 -1.161368
v 0.239301 1.802429 -1.131866
v -0.239889 1.790918 -1.189737
v 0.239301 1.790918 -1.189737
v -0.239889 1.776943 -1.215882
v 0.239301 1.776943 -1.215882
v -0.239889 1.758136 -1.238798
v 0.239301 1.758136 -1.238798
v -0.239889 1.735220 -1.257605
v 0.239301 1.735220 -1.257605
v -0.239889 1.709075 -1.271579
v 0.239301 1.709075 -1.271579
v -0.239881 1.680715 -1.280157
v 0.239301 1.680706 -1.280185
v -0.239734 1.651368 -1.282569
v 0.239301 1.651204 -1.283091
v -0.239325 1.622298 -1.278289
v 0.239301 1.621701 -1.280185
v -0.238566 1.594731 -1.267136
v 0.239301 1.593332 -1.271579
v -0.237404 1.569814 -1.249258
v 0.239301 1.567188 -1.257605
v -0.235832 1.548559 -1.225172
v 0.239301 1.544272 -1.238798
v -0.233902 1.531792 -1.195773
v 0.239301 1.525465 -1.215882
v -0.231723 1.520120 -1.162312
v 0.239301 1.511490 -1.189737
v -0.229457 1.513909 -1.126334
v 0.239301 1.502885 -1.161368
v -0.227300 1.513283 -1.089587
v 0.239301 1.499979 -1.131866
v -0.225458 1.518135 -1.053899
v 0.239301 1.502885 -1.102363
v -0.224121 1.528154 -1.021038
v 0.239301 1.511490 -1.073994
v -0.223431 1.542857 -0.992578
v 0.239301 1.525465 -1.047849
v -0.223466 1.561627 -0.969779
v 0.239301 1.544272 -1.024933
v -0.224222 1.583745 -0.953509
v 0.239301 1.567188 -1.006126
v -0.225614 1.608419 -0.944210
v 0.239301 1.593332 -0.992152
v -0.227494 1.634800 -0.941920
v 0.239301 1.621701 -0.983546
v -0.229671 1.662003 -0.946323
v 0.239301 1.651204 -0.980640
v -0.231936 1.689111 -0.956837
v 0.239301 1.680706 -0.983546
v -0.234098 1.715196 -0.972701
v 0.239301 1.709075 -0.992152
v -0.235998 1.739333 -0.993057
v 0.239301 1.735220 -1.006126
v -0.237532 1.760627 -1.017017
v 0.239301 1.758136 -1.024933
v -0.238655 1.778247 -1.043704
v 0.239301 1.776943 -1.047849
v -0.239378 1.791458 -1.072275
v 0.239301 1.790918 -1.073994
v -0.239758 1.799662 -1.101921
v 0.239301 1.799523 -1.102363
v -0.000294 2.892175 -1.122747
v -0.000100 1.576016 -1.122093
v 0.013886 2.892175 -1.124143
v 0.013950 1.575878 -1.123929
v 0.027522 2.892175 -1.128280
v 0.027524 1.575812 -1.128273
v 0.040089 2.892175 -1.134997
v 0.040089 1.575811 -1.134997
v 0.051103 2.892175 -1.144036
v 0.051103 1.575811 -1.144036
v 0.060143 2.892175 -1.155051
v 0.060143 1.575811 -1.155051
v 0.066860 2.892175 -1.167618
v 0.066860 1.575811 -1.167618
v 0.070996 2.892175 -1.181253
v 0.070996 1.575811 -1.181253
v 0.072393 2.892175 -1.195434
v 0.072393 1.575811 -1.195434
v 0.070996 2.892175 -1.209615
v 0.070996 1.575811 -1.209615
v 0.066860 2.892175 -1.223250
v 0.066860 1.575811 -1.223250
v 0.060143 2.892175 -1.235817
v 0.060143 1.575811 -1.235817
v 0.051103 2.892175 -1.246832
v 0.051103 1.575811 -1.246832
v 0.040089 2.892175 -1.255871
v 0.040089 1.575811 -1.255871
v 0.027522 2.892175 -1.262589
v 0.027522 1.575811 -1.262589
v 0.013886 2.892175 -1.266725
v 0.013886 1.575811 -1.266725
v -0.000294 2.892175 -1.268121
v -0.000294 1.575811 -1.268121
v -0.014475 2.892175 -1.266725
v -0.014475 1.575811 -1.266725
v -0.028111 2.892175 -1.262589
v -0.028111 1.575811 -1.262589
v -0.040677 2.892175 -1.255871
v -0.040677 1.575811 -1.255871
v -0.051692 2.892175 -1.246832
v -0.051692 1.575811 -1.246832
v -0.060732 2.892175 -1.235817
v -0.060731 1.575812 -1.235814
v -0.067449 2.892175 -1.223250
v -0.067391 1.575872 -1.223055
v -0.071585 2.892175 -1.209615
v -0.071400 1.576006 -1.208992
v -0.072982 2.892175 -1.195434
v -0.072631 1.576182 -1.194254
v -0.071585 2.892175 -1.181253
v -0.071066 1.576360 -1.179508
v -0.067449 2.892175 -1.167618
v -0.066793 1.576504 -1.165415
v -0.060732 2.892175 -1.155051
v -0.059999 1.576585 -1.152590
v -0.051692 2.892175 -1.144036
v -0.050957 1.576587 -1.141568
v -0.040677 2.892175 -1.134997
v -0.040015 1.576510 -1.132772
v -0.028111 2.892175 -1.128280
v -0.027582 1.576370 -1.126503
v -0.014475 2.892175 -1.124143
v -0.014113 1.576193 -1.122928
v -0.000294 2.639906 -1.122747
v 0.013886 2.639906 -1.124143
v 0.027522 2.639906 -1.128280
v 0.040089 2.639906 -1.134997
v 0.051103 2.639906 -1.144036
v 0.060143 2.639906 -1.155051
v 0.066860 2.639906 -1.167618
v 0.070996 2.639906 -1.181253
v 0.072393 2.639906 -1.195434
v 0.070996 2.639906 -1.209615
v 0.066860 2.639906 -1.223250
v 0.060143 2.639906 -1.235817
v 0.051103 2.639906 -1.246832
v 0.040089 2.639906 -1.255871
v 0.027522 2.639906 -1.262589
v 0.013886 2.639906 -1.266725
v -0.000294 2.639906 -1.268121
v -0.014475 2.639906 -1.266725
v -0.028111 2.639906 -1.262589
v -0.040677 2.639906 -1.255871
v -0.051692 2.639906 -1.246832
v -0.060732 2.639906 -1.235817
v -0.067449 2.639906 -1.223250
v -0.071585 2.639906 -1.209615
v -0.072982 2.639906 -1.195434
v -0.071585 2.639906 -1.181253
v -0.067449 2.639906 -1.167618
v -0.060732 2.639906 -1.155051
v -0.051692 2.639906 -1.144036
v -0.040677 2.639906 -1.134997
v -0.028111 2.639906 -1.128280
v -0.014475 2.639906 -1.124143
v -0.000294 1.864521 -1.122747
v 0.013886 1.864521 -1.124143
v 0.027522 1.864521 -1.128280
v 0.040089 1.864521 -1.134997
v 0.051103 1.864521 -1.144036
v 0.060143 1.864521 -1.155051
v 0.066860 1.864521 -1.167618
v 0.070996 1.864521 -1.181253
v 0.072393 1.864521 -1.195434
v 0.070996 1.864521 -1.209615
v 0.066860 1.864521 -1.223250
v 0.060143 1.864521 -1.235817
v 0.051103 1.864521 -1.246832
v 0.040089 1.864521 -1.255871
v 0.027522 1.864521 -1.262589
v 0.013886 1.864521 -1.266725
v -0.000294 1.864521 -1.268121
v -0.014475 1.864521 -1.266725
v -0.028111 1.864521 -1.262589
v -0.040677 1.864521 -1.255871
v -0.051692 1.864521 -1.246832
v -0.060732 1.864521 -1.235817
v -0.067449 1.864521 -1.223250
v -0.071585 1.864521 -1.209615
v -0.072982 1.864521 -1.195434
v -0.071585 1.864521 -1.181253
v -0.067449 1.864521 -1.167618
v -0.060732 1.864521 -1.155051
v -0.051692 1.864521 -1.144036
v -0.040677 1.864521 -1.134997
v -0.028111 1.864521 -1.128280
v -0.014475 1.864521 -1.124143
v 0.006737 1.864521 -1.160086
v 0.006737 2.639906 -1.160086
v 0.013498 1.864521 -1.162136
v 0.013498 2.639906 -1.162136
v 0.019729 1.864521 -1.165467
v 0.019729 2.639906 -1.165467
v 0.025191 1.864521 -1.169949
v 0.025191 2.639906 -1.169949
v 0.029673 1.864521 -1.175411
v 0.029673 2.639906 -1.175411
v 0.033003 1.864521 -1.181642
v 0.033003 2.639906 -1.181642
v 0.035054 1.864521 -1.188403
v 0.035054 2.639906 -1.188403
v 0.035747 1.864521 -1.195434
v 0.035747 2.639906 -1.195434
v 0.035054 1.864521 -1.202465
v 0.035054 2.639906 -1.202465
v 0.033003 1.864521 -1.209226
v 0.033003 2.639906 -1.209226
v 0.029673 1.864521 -1.215458
v 0.029673 2.639906 -1.215458
v 0.025191 1.864521 -1.220919
v 0.025191 2.639906 -1.220919
v 0.019729 1.864521 -1.225401
v 0.019729 2.639906 -1.225401
v 0.013498 1.864521 -1.228732
v 0.013498 2.639906 -1.228732
v 0.006737 1.864521 -1.230783
v 0.006737 2.639906 -1.230783
v -0.000294 1.864521 -1.231475
v -0.000294 2.639906 -1.231475
v -0.007326 1.864521 -1.230783
v -0.007326 2.639906 -1.230783
v -0.014087 1.864521 -1.228732
v -0.014087 2.639906 -1.228732
v -0.020318 1.864521 -1.225401
v -0.020318 2.639906 -1.225401
v -0.025779 1.864521 -1.220919
v -0.025779 2.639906 -1.220919
v -0.030262 1.864521 -1.215458
v -0.030262 2.639906 -1.215458
v -0.033592 1.864521 -1.209226
v -0.033592 2.639906 -1.209226
v -0.035643 1.864521 -1.202465
v -0.035643 2.639906 -1.202465
v -0.036336 1.864521 -1.195434
v -0.036336 2.639906 -1.195434
v -0.035643 1.864521 -1.188403
v -0.035643 2.639906 -1.188403
v -0.033592 1.864521 -1.181642
v -0.033592 2.639906 -1.181642
v -0.030262 1.864521 -1.175411
v -0.030262 2.639906 -1.175411
v -0.025779 1.864521 -1.169949
v -0.025779 2.639906 -1.169949
v -0.020318 1.864521 -1.165467
v -0.020318 2.639906 -1.165467
v -0.014087 1.864521 -1.162136
v -0.014087 2.639906 -1.162136
v -0.007326 1.864521 -1.160086
v -0.007326 2.639906 -1.160086
v -0.000294 2.639906 -1.159393
v -0.000294 1.864521 -1.159393
v 0.013886 2.667936 -1.124143
v 0.013886 2.695966 -1.124143
v 0.013886 2.723996 -1.124143
v 0.013886 2.752026 -1.124143
v 0.013886 2.780056 -1.124143
v 0.013886 2.808086 -1.124143
v 0.013886 2.836116 -1.124143
v 0.013886 2.864146 -1.124143
v 0.027522 2.667936 -1.128280
v 0.027522 2.695966 -1.128280
v 0.027522 2.723996 -1.128280
v 0.027522 2.752026 -1.128280
v 0.027522 2.780056 -1.128280
v 0.027522 2.808086 -1.128280
v 0.027522 2.836116 -1.128280
v 0.027522 2.864146 -1.128280
v 0.040089 2.667936 -1.134997
v 0.040089 2.695966 -1.134997
v 0.040089 2.723996 -1.134997
v 0.040089 2.752026 -1.134997
v 0.040089 2.780056 -1.134997
v 0.040089 2.808086 -1.134997
v 0.040089 2.836116 -1.134997
v 0.040089 2.864146 -1.134997
v 0.051103 2.667936 -1.144036
v 0.051103 2.695966 -1.144036
v 0.051103 2.723996 -1.144036
v 0.051103 2.752026 -1.144036
v 0.051103 2.780056 -1.144036
v 0.051103 2.808086 -1.144036
v 0.051103 2.836116 -1.144036
v 0.051103 2.864146 -1.144036
v 0.060143 2.667936 -1.155051
v 0.060143 2.695966 -1.155051
v 0.060143 2.723996 -1.155051
v 0.060143 2.752026 -1.155051
v 0.060143 2.780056 -1.155051
v 0.060143 2.808086 -1.155051
v 0.060143 2.836116 -1.155051
v 0.060143 2.864146 -1.155051
v 0.066860 2.667936 -1.167618
v 0.066860 2.695966 -1.167618
v 0.066860 2.723996 -1.167618
v 0.066860 2.752026 -1.167618
v 0.066860 2.780056 -1.167618
v 0.066860 2.808086 -1.167618
v 0.066860 2.836116 -1.167618
v 0.066860 2.864146 -1.167618
v 0.070996 2.667936 -1.181253
v 0.070996 2.695966 -1.181253
v 0.070996 2.723996 -1.181253
v 0.070996 2.752026 -1.181253
v 0.070996 2.780056 -1.181253
v 0.070996 2.808086 -1.181253
v 0.070996 2.836116 -1.181253
v 0.070996 2.864146 -1.181253
v 0.072393 2.667936 -1.195434
v 0.072393 2.695966 -1.195434
v 0.072393 2.723996 -1.195434
v 0.072393 2.752026 -1.195434
v 0.072393 2.780056 -1.195434
v 0.072393 2.808086 -1.195434
v 0.072393 2.836116 -1.195434
v 0.072393 2.864146 -1.195434
v 0.070996 2.667936 -1.209615
v 0.070996 2.695966 -1.209615
v 0.070996 2.723996 -1.209615
v 0.070996 2.752026 -1.209615
v 0.070996 2.780056 -1.209615
v 0.070996 2.808086 -1.209615
v 0.070996 2.836116 -1.209615
v 0.070996 2.864146 -1.209615
v 0.066860 2.667936 -1.223250
v 0.066860 2.695966 -1.223250
v 0.066860 2.723996 -1.223250
v 0.066860 2.752026 -1.223250
v 0.066860 2.780056 -1.223250
v 0.066860 2.808086 -1.223250
v 0.066860 2.836116 -1.223250
v 0.066860 2.864146 -1.223250
v 0.060143 2.667936 -1.235817
v 0.060143 2.695966 -1.235817
v 0.060143 2.723996 -1.235817
v 0.060143 2.752026 -1.235817
v 0.060143 2.780056 -1.235817
v 0.060143 2.808086 -1.235817
v 0.060143 2.836116 -1.235817
v 0.060143 2.864146 -1.235817
v 0.051103 2.667936 -1.246832
v 0.051103 2.695966 -1.246832
v 0.051103 2.723996 -1.246832
v 0.051103 2.752026 -1.246832
v 0.051103 2.780056 -1.246832
v 0.051103 2.808086 -1.246832
v 0.051103 2.836116 -1.246832
v 0.051103 2.864146 -1.246832
v 0.040089 2.667936 -1.255871
v 0.040089 2.695966 -1.255871
v 0.040089 2.723996 -1.255871
v 0.040089 2.752026 -1.255871
v 0.040089 2.780056 -1.255871
v 0.040089 2.808086 -1.255871
v 0.040089 2.836116 -1.255871
v 0.040089 2.864146 -1.255871
v 0.027522 2.667936 -1.262589
v 0.027522 2.695966 -1.262589
v 0.027522 2.723996 -1.262589
v 0.027522 2.752026 -1.262589
v 0.027522 2.780056 -1.262589
v 0.027522 2.808086 -1.262589
v 0.027522 2.836116 -1.262589
v 0.027522 2.864146 -1.262589
v 0.013886 2.667936 -1.266725
v 0.013886 2.695966 -1.266725
v 0.013886 2.723996 -1.266725
v 0.013886 2.752026 -1.266725
v 0.013886 2.780056 -1.266725
v 0.013886 2.808086 -1.266725
v 0.013886 2.836116 -1.266725
v 0.013886 2.864146 -1.266725
v -0.000294 2.667936 -1.268121
v -0.000294 2.695966 -1.268121
v -0.000294 2.723996 -1.268121
v -0.000294 2.752026 -1.268121
v -0.000294 2.780056 -1.268121
v -0.000294 2.808086 -1.268121
v -0.000294 2.836116 -1.268121
v -0.000294 2.864146 -1.268121
v -0.014475 2.667936 -1.266725
v -0.014475 2.695966 -1.266725
v -0.014475 2.723996 -1.266725
v -0.014475 2.752026 -1.266725
v -0.014475 2.780056 -1.266725
v -0.014475 2.808086 -1.266725
v -0.014475 2.836116 -1.266725
v -0.014475 2.864146 -1.266725
v -0.028111 2.667936 -1.262589
v -0.028111 2.695966 -1.262589
v -0.028111 2.723996 -1.262589
v -0.028111 2.752026 -1.262589
v -0.028111 2.780056 -1.262589
v -0.028111 2.808086 -1.262589
v -0.028111 2.836116 -1.262589
v -0.028111 2.864146 -1.262589
v -0.040677 2.667936 -1.255871
v -0.040677 2.695966 -1.255871
v -0.040677 2.723996 -1.255871
v -0.040677 2.752026 -1.255871
v -0.040677 2.780056 -1.255871
v -0.040677 2.808086 -1.255871
v -0.040677 2.836116 -1.255871
v -0.040677 2.864146 -1.255871
v -0.051692 2.667936 -1.246832
v -0.051692 2.695966 -1.246832
v -0.051692 2.723996 -1.246832
v -0.051692 2.752026 -1.246832
v -0.051692 2.780056 -1.246832
v -0.051692 2.808086 -1.246832
v -0.051692 2.836116 -1.246832
v -0.051692 2.864146 -1.246832
v -0.060732 2.667936 -1.235817
v -0.060732 2.695966 -1.235817
v -0.060732 2.723996 -1.235817
v -0.060732 2.752026 -1.235817
v -0.060732 2.780056 -1.235817
v -0.060732 2.808086 -1.235817
v -0.060732 2.836116 -1.235817
v -0.060732 2.864146 -1.235817
v -0.067449 2.667936 -1.223250
v -0.067449 2.695966 -1.223250
v -0.067449 2.723996 -1.223250
v -0.067449 2.752026 -1.223250
v -0.067449 2.780056 -1.223250
v -0.067449 2.808086 -1.223250
v -0.067449 2.836116 -1.223250
v -0.067449 2.864146 -1.223250
v -0.071585 2.667936 -1.209615
v -0.071585 2.695966 -1.209615
v -0.071585 2.723996 -1.209615
v -0.071585 2.752026 -1.209615
v -0.071585 2.780056 -1.209615
v -0.071585 2.808086 -1.209615
v -0.071585 2.836116 -1.209615
v -0.071585 2.864146 -1.209615
v -0.072982 2.667936 -1.195434
v -0.072982 2.695966 -1.195434
v -0.072982 2.723996 -1.195434
v -0.072982 2.752026 -1.195434
v -0.072982 2.780056 -1.195434
v -0.072982 2.808086 -1.195434
v -0.072982 2.836116 -1.195434
v -0.072982 2.864146 -1.195434
v -0.071585 2.667936 -1.181253
v -0.071585 2.695966 -1.181253
v -0.071585 2.723996 -1.181253
v -0.071585 2.752026 -1.181253
v -0.071585 2.780056 -1.181253
v -0.071585 2.808086 -1.181253
v -0.071585 2.836116 -1.181253
v -0.071585 2.864146 -1.181253
v -0.067449 2.667936 -1.167618
v -0.067449 2.695966 -1.167618
v -0.067449 2.723996 -1.167618
v -0.067449 2.752026 -1.167618
v -0.067449 2.780056 -1.167618
v -0.067449 2.808086 -1.167618
v -0.067449 2.836116 -1.167618
v -0.067449 2.864146 -1.167618
v -0.060732 2.667936 -1.155051
v -0.060732 2.695966 -1.155051
v -0.060732 2.723996 -1.155051
v -0.060732 2.752026 -1.155051
v -0.060732 2.780056 -1.155051
v -0.060732 2.808086 -1.155051
v -0.060732 2.836116 -1.155051
v -0.060732 2.864146 -1.155051
v -0.051692 2.667936 -1.144036
v -0.051692 2.695966 -1.144036
v -0.051692 2.723996 -1.144036
v -0.051692 2.752026 -1.144036
v -0.051692 2.780056 -1.144036
v -0.051692 2.808086 -1.144036
v -0.051692 2.836116 -1.144036
v -0.051692 2.864146 -1.144036
v -0.040677 2.667936 -1.134997
v -0.040677 2.695966 -1.134997
v -0.040677 2.723996 -1.134997
v -0.040677 2.752026 -1.134997
v -0.040677 2.780056 -1.134997
v -0.040677 2.808086 -1.134997
v -0.040677 2.836116 -1.134997
v -0.040677 2.864146 -1.134997
v -0.028111 2.667936 -1.128280
v -0.028111 2.695966 -1.128280
v -0.028111 2.723996 -1.128280
v -0.028111 2.752026 -1.128280
v -0.028111 2.780056 -1.128280
v -0.028111 2.808086 -1.128280
v -0.028111 2.836116 -1.128280
v -0.028111 2.864146 -1.128280
v -0.014475 2.667936 -1.124143
v -0.014475 2.695966 -1.124143
v -0.014475 2.723996 -1.124143
v -0.014475 2.752026 -1.124143
v -0.014475 2.780056 -1.124143
v -0.014475 2.808086 -1.124143
v -0.014475 2.836116 -1.124143
v -0.014475 2.864146 -1.124143
v -0.000294 2.864146 -1.122747
v -0.000294 2.836116 -1.122747
v -0.000294 2.808086 -1.122747
v -0.000294 2.780056 -1.122747
v -0.000294 2.752026 -1.122747
v -0.000294 2.723996 -1.122747
v -0.000294 2.695966 -1.122747
v -0.000294 2.667936 -1.122747
v 0.010864 2.667936 -1.139338
v 0.010864 2.695966 -1.139338
v 0.010864 2.723996 -1.139338
v 0.010864 2.752026 -1.139338
v 0.010864 2.780056 -1.139338
v 0.010864 2.808086 -1.139338
v 0.010864 2.836116 -1.139338
v 0.010864 2.864146 -1.139338
v 0.021593 2.667936 -1.142593
v 0.021593 2.695966 -1.142593
v 0.021593 2.723996 -1.142593
v 0.021593 2.752026 -1.142593
v 0.021593 2.780056 -1.142593
v 0.021593 2.808086 -1.142593
v 0.021593 2.836116 -1.142593
v 0.021593 2.864146 -1.142593
v 0.031481 2.667936 -1.147878
v 0.031481 2.695966 -1.147878
v 0.031481 2.723996 -1.147878
v 0.031481 2.752026 -1.147878
v 0.031481 2.780056 -1.147878
v 0.031481 2.808086 -1.147878
v 0.031481 2.836116 -1.147878
v 0.031481 2.864146 -1.147878
v 0.040148 2.667936 -1.154991
v 0.040148 2.695966 -1.154991
v 0.040148 2.723996 -1.154991
v 0.040148 2.752026 -1.154991
v 0.040148 2.780056 -1.154991
v 0.040148 2.808086 -1.154991
v 0.040148 2.836116 -1.154991
v 0.040148 2.864146 -1.154991
v 0.047261 2.667936 -1.163658
v 0.047261 2.695966 -1.163658
v 0.047261 2.723996 -1.163658
v 0.047261 2.752026 -1.163658
v 0.047261 2.780056 -1.163658
v 0.047261 2.808086 -1.163658
v 0.047261 2.836116 -1.163658
v 0.047261 2.864146 -1.163658
v 0.052547 2.667936 -1.173547
v 0.052547 2.695966 -1.173547
v 0.052547 2.723996 -1.173547
v 0.052547 2.752026 -1.173547
v 0.052547 2.780056 -1.173547
v 0.052547 2.808086 -1.173547
v 0.052547 2.836116 -1.173547
v 0.052547 2.864146 -1.173547
v 0.055801 2.667936 -1.184276
v 0.055801 2.695966 -1.184276
v 0.055801 2.723996 -1.184276
v 0.055801 2.752026 -1.184276
v 0.055801 2.780056 -1.184276
v 0.055801 2.808086 -1.184276
v 0.055801 2.836116 -1.184276
v 0.055801 2.864146 -1.184276
v 0.056900 2.667936 -1.195434
v 0.056900 2.695966 -1.195434
v 0.056900 2.723996 -1.195434
v 0.056900 2.752026 -1.195434
v 0.056900 2.780056 -1.195434
v 0.056900 2.808086 -1.195434
v 0.056900 2.836116 -1.195434
v 0.056900 2.864146 -1.195434
v 0.055801 2.667936 -1.206592
v 0.055801 2.695966 -1.206592
v 0.055801 2.723996 -1.206592
v 0.055801 2.752026 -1.206592
v 0.055801 2.780056 -1.206592
v 0.055801 2.808086 -1.206592
v 0.055801 2.836116 -1.206592
v 0.055801 2.864146 -1.206592
v 0.052547 2.667936 -1.217322
v 0.052547 2.695966 -1.217322
v 0.052547 2.723996 -1.217322
v 0.052547 2.752026 -1.217322
v 0.052547 2.780056 -1.217322
v 0.052547 2.808086 -1.217322
v 0.052547 2.836116 -1.217322
v 0.052547 2.864146 -1.217322
v 0.047261 2.667936 -1.227210
v 0.047261 2.695966 -1.227210
v 0.047261 2.723996 -1.227210
v 0.047261 2.752026 -1.227210
v 0.047261 2.780056 -1.227210
v 0.047261 2.808086 -1.227210
v 0.047261 2.836116 -1.227210
v 0.047261 2.864146 -1.227210
v 0.040148 2.667936 -1.235877
v 0.040148 2.695966 -1.235877
v 0.040148 2.723996 -1.235877
v 0.040148 2.752026 -1.235877
v 0.040148 2.780056 -1.235877
v 0.040148 2.808086 -1.235877
v 0.040148 2.836116 -1.235877
v 0.040148 2.864146 -1.235877
v 0.031481 2.667936 -1.242990
v 0.031481 2.695966 -1.242990
v 0.031481 2.723996 -1.242990
v 0.031481 2.752026 -1.242990
v 0.031481 2.780056 -1.242990
v 0.031481 2.808086 -1.242990
v 0.031481 2.836116 -1.242990
v 0.031481 2.864146 -1.242990
v 0.021593 2.667936 -1.248276
v 0.021593 2.695966 -1.248276
v 0.021593 2.723996 -1.248276
v 0.021593 2.752026 -1.248276
v 0.021593 2.780056 -1.248276
v 0.021593 2.808086 -1.248276
v 0.021593 2.836116 -1.248276
v 0.021593 2.864146 -1.248276
v 0.010864 2.667936 -1.251530
v 0.010864 2.695966 -1.251530
v 0.010864 2.723996 -1.251530
v 0.010864 2.752026 -1.251530
v 0.010864 2.780056 -1.251530
v 0.010864 2.808086 -1.251530
v 0.010864 2.836116 -1.251530
v 0.010864 2.864146 -1.251530
v -0.000294 2.667936 -1.252629
v -0.000294 2.695966 -1.252629
v -0.000294 2.723996 -1.252629
v -0.000294 2.752026 -1.252629
v -0.000294 2.780056 -1.252629
v -0.000294 2.808086 -1.252629
v -0.000294 2.836116 -1.252629
v -0.000294 2.864146 -1.252629
v -0.011453 2.667936 -1.251530
v -0.011453 2.695966 -1.251530
v -0.011453 2.723996 -1.251530
v -0.011453 2.752026 -1.251530
v -0.011453 2.780056 -1.251530
v -0.011453 2.808086 -1.251530
v -0.011453 2.836116 -1.251530
v -0.011453 2.864146 -1.251530
v -0.022182 2.667936 -1.248276
v -0.022182 2.695966 -1.248276
v -0.022182 2.723996 -1.248276
v -0.022182 2.752026 -1.248276
v -0.022182 2.780056 -1.248276
v -0.022182 2.808086 -1.248276
v -0.022182 2.836116 -1.248276
v -0.022182 2.864146 -1.248276
v -0.032070 2.667936 -1.242990
v -0.032070 2.695966 -1.242990
v -0.032070 2.723996 -1.242990
v -0.032070 2.752026 -1.242990
v -0.032070 2.780056 -1.242990
v -0.032070 2.808086 -1.242990
v -0.032070 2.836116 -1.242990
v -0.032070 2.864146 -1.242990
v -0.040737 2.667936 -1.235877
v -0.040737 2.695966 -1.235877
v -0.040737 2.723996 -1.235877
v -0.040737 2.752026 -1.235877
v -0.040737 2.780056 -1.235877
v -0.040737 2.808086 -1.235877
v -0.040737 2.836116 -1.235877
v -0.040737 2.864146 -1.235877
v -0.047850 2.667936 -1.227210
v -0.047850 2.695966 -1.227210
v -0.047850 2.723996 -1.227210
v -0.047850 2.752026 -1.227210
v -0.047850 2.780056 -1.227210
v -0.047850 2.808086 -1.227210
v -0.047850 2.836116 -1.227210
v -0.047850 2.864146 -1.227210
v -0.053136 2.667936 -1.217322
v -0.053136 2.695966 -1.217322
v -0.053136 2.723996 -1.217322
v -0.053136 2.752026 -1.217322
v -0.053136 2.780056 -1.217322
v -0.053136 2.808086 -1.217322
v -0.053136 2.836116 -1.217322
v -0.053136 2.864146 -1.217322
v -0.056390 2.667936 -1.206592
v -0.056390 2.695966 -1.206592
v -0.056390 2.723996 -1.206592
v -0.056390 2.752026 -1.206592
v -0.056390 2.780056 -1.206592
v -0.056390 2.808086 -1.206592
v -0.056390 2.836116 -1.206592
v -0.056390 2.864146 -1.206592
v -0.057489 2.667936 -1.195434
v -0.057489 2.695966 -1.195434
v -0.057489 2.723996 -1.195434
v -0.057489 2.752026 -1.195434
v -0.057489 2.780056 -1.195434
v -0.057489 2.808086 -1.195434
v -0.057489 2.836116 -1.195434
v -0.057489 2.864146 -1.195434
v -0.056390 2.667936 -1.184276
v -0.056390 2.695966 -1.184276
v -0.056390 2.723996 -1.184276
v -0.056390 2.752026 -1.184276
v -0.056390 2.780056 -1.184276
v -0.056390 2.808086 -1.184276
v -0.056390 2.836116 -1.184276
v -0.056390 2.864146 -1.184276
v -0.053136 2.667936 -1.173547
v -0.053136 2.695966 -1.173547
v -0.053136 2.723996 -1.173547
v -0.053136 2.752026 -1.173547
v -0.053136 2.780056 -1.173547
v -0.053136 2.808086 -1.173547
v -0.053136 2.836116 -1.173547
v -0.053136 2.864146 -1.173547
v -0.047850 2.667936 -1.163658
v -0.047850 2.695966 -1.163658
v -0.047850 2.723996 -1.163658
v -0.047850 2.752026 -1.163658
v -0.047850 2.780056 -1.163658
v -0.047850 2.808086 -1.163658
v -0.047850 2.836116 -1.163658
v -0.047850 2.864146 -1.163658
v -0.040737 2.667936 -1.154991
v -0.040737 2.695966 -1.154991
v -0.040737 2.723996 -1.154991
v -0.040737 2.752026 -1.154991
v -0.040737 2.780056 -1.154991
v -0.040737 2.808086 -1.154991
v -0.040737 2.836116 -1.154991
v -0.040737 2.864146 -1.154991
v -0.032070 2.667936 -1.147878
v -0.032070 2.695966 -1.147878
v -0.032070 2.723996 -1.147878
v -0.032070 2.752026 -1.147878
v -0.032070 2.780056 -1.147878
v -0.032070 2.808086 -1.147878
v -0.032070 2.836116 -1.147878
v -0.032070 2.864146 -1.147878
v -0.022182 2.667936 -1.142593
v -0.022182 2.695966 -1.142593
v -0.022182 2.723996 -1.142593
v -0.022182 2.752026 -1.142593
v -0.022182 2.780056 -1.142593
v -0.022182 2.808086 -1.142593
v -0.022182 2.836116 -1.142593
v -0.022182 2.864146 -1.142593
v -0.011453 2.667936 -1.139338
v -0.011453 2.695966 -1.139338
v -0.011453 2.723996 -1.139338
v -0.011453 2.752026 -1.139338
v -0.011453 2.780056 -1.139338
v -0.011453 2.808086 -1.139338
v -0.011453 2.836116 -1.139338
v -0.011453 2.864146 -1.139338
v -0.000294 2.864146 -1.138239
v -0.000294 2.836116 -1.138239
v -0.000294 2.808086 -1.138239
v -0.000294 2.780056 -1.138239
v -0.000294 2.752026 -1.138239
v -0.000294 2.723996 -1.138239
v -0.000294 2.695966 -1.138239
v -0.000294 2.667936 -1.138239
v -0.000294 2.892175 -1.156879
v 0.007227 2.892175 -1.157620
v 0.014460 2.892175 -1.159814
v 0.021126 2.892175 -1.163377
v 0.026968 2.892175 -1.168172
v 0.031763 2.892175 -1.174014
v 0.035326 2.892175 -1.180680
v 0.037520 2.892175 -1.187912
v 0.038261 2.892175 -1.195434
v 0.037520 2.892175 -1.202956
v 0.035326 2.892175 -1.210189
v 0.031763 2.892175 -1.216854
v 0.026968 2.892175 -1.222697
v 0.021126 2.892175 -1.227491
v 0.014460 2.892175 -1.231054
v 0.007227 2.892175 -1.233248
v -0.000294 2.892175 -1.233989
v -0.007816 2.892175 -1.233248
v -0.015049 2.892175 -1.231054
v -0.021715 2.892175 -1.227491
v -0.027557 2.892175 -1.222697
v -0.032352 2.892175 -1.216854
v -0.035915 2.892175 -1.210189
v -0.038109 2.892175 -1.202956
v -0.038850 2.892175 -1.195434
v -0.038109 2.892175 -1.187912
v -0.035915 2.892175 -1.180680
v -0.032352 2.892175 -1.174014
v -0.027557 2.892175 -1.168172
v -0.021715 2.892175 -1.163377
v -0.015049 2.892175 -1.159814
v -0.007816 2.892175 -1.157620
v -0.000294 2.786365 -1.156879
v 0.007227 2.786365 -1.157620
v 0.014460 2.786365 -1.159814
v 0.021126 2.786365 -1.163377
v 0.026968 2.786365 -1.168172
v 0.031763 2.786365 -1.174014
v 0.035326 2.786365 -1.180680
v 0.037520 2.786365 -1.187912
v 0.038261 2.786365 -1.195434
v 0.037520 2.786365 -1.202956
v 0.035326 2.786365 -1.210189
v 0.031763 2.786365 -1.216854
v 0.026968 2.786365 -1.222697
v 0.021126 2.786365 -1.227491
v 0.014460 2.786365 -1.231054
v 0.007227 2.786365 -1.233248
v -0.000294 2.786365 -1.233989
v -0.007816 2.786365 -1.233248
v -0.015049 2.786365 -1.231054
v -0.021714 2.786365 -1.227491
v -0.027557 2.786365 -1.222697
v -0.032352 2.786365 -1.216854
v -0.035915 2.786365 -1.210189
v -0.038109 2.786365 -1.202956
v -0.038849 2.786365 -1.195434
v -0.038109 2.786365 -1.187912
v -0.035915 2.786365 -1.180680
v -0.032352 2.786365 -1.174014
v -0.027557 2.786365 -1.168172
v -0.021714 2.786365 -1.163377
v -0.015049 2.786365 -1.159814
v -0.007816 2.786365 -1.157620
v -0.038207 2.892175 -1.179730
v -0.040542 2.892175 -1.187428
v 0.028723 2.892175 -1.166417
v 0.022504 2.892175 -1.161314
v 0.022504 2.892175 -1.229555
v 0.028723 2.892175 -1.224451
v -0.038207 2.892175 -1.211138
v -0.034415 2.892175 -1.218233
v -0.008300 2.892175 -1.155186
v -0.015998 2.892175 -1.157521
v 0.039953 2.892175 -1.203440
v 0.040742 2.892175 -1.195434
v -0.015998 2.892175 -1.233347
v -0.008300 2.892175 -1.235682
v -0.034415 2.892175 -1.172635
v 0.033826 2.892175 -1.172635
v 0.015410 2.892175 -1.233347
v -0.040542 2.892175 -1.203440
v 0.007711 2.892175 -1.155186
v -0.000294 2.892175 -1.154398
v 0.037618 2.892175 -1.211138
v -0.023093 2.892175 -1.229555
v -0.029312 2.892175 -1.166417
v 0.037618 2.892175 -1.179730
v 0.007711 2.892175 -1.235682
v -0.041331 2.892175 -1.195434
v 0.015410 2.892175 -1.157521
v 0.033826 2.892175 -1.218233
v -0.029312 2.892175 -1.224451
v -0.023093 2.892175 -1.161314
v 0.039953 2.892175 -1.187428
v -0.000294 2.892175 -1.236470
v -0.069590 2.892175 -1.181650
v 0.038958 2.892175 -1.136688
v 0.049665 2.892175 -1.245393
v -0.059040 2.892175 -1.234687
v -0.027332 2.892175 -1.130159
v 0.070358 2.892175 -1.195434
v -0.014078 2.892175 -1.264729
v -0.000294 2.892175 -1.124781
v -0.065569 2.892175 -1.168396
v 0.049665 2.892175 -1.145475
v 0.038958 2.892175 -1.254180
v -0.065569 2.892175 -1.222472
v -0.014078 2.892175 -1.126139
v 0.069001 2.892175 -1.209218
v -0.027332 2.892175 -1.260709
v -0.059040 2.892175 -1.156181
v 0.058451 2.892175 -1.156181
v 0.026743 2.892175 -1.260709
v -0.069590 2.892175 -1.209218
v 0.013489 2.892175 -1.126139
v 0.064980 2.892175 -1.222472
v -0.039547 2.892175 -1.254180
v -0.050253 2.892175 -1.145475
v 0.064980 2.892175 -1.168396
v 0.013489 2.892175 -1.264729
v -0.070947 2.892175 -1.195434
v 0.026743 2.892175 -1.130159
v 0.058451 2.892175 -1.234687
v -0.050253 2.892175 -1.245393
v -0.039547 2.892175 -1.136688
v 0.069001 2.892175 -1.181650
v -0.000294 2.892175 -1.266087
v 0.013886 2.834714 -1.124143
v 0.027522 2.834714 -1.128280
v 0.040089 2.834714 -1.134997
v 0.051103 2.834714 -1.144036
v 0.060143 2.834714 -1.155051
v 0.066860 2.834714 -1.167618
v 0.070996 2.834714 -1.181253
v 0.072393 2.834714 -1.195434
v 0.070996 2.834714 -1.209615
v 0.066860 2.834714 -1.223250
v 0.060143 2.834714 -1.235817
v 0.051103 2.834714 -1.246832
v 0.040089 2.834714 -1.255871
v 0.027522 2.834714 -1.262589
v 0.013886 2.834714 -1.266725
v -0.000294 2.834714 -1.268121
v -0.014475 2.834714 -1.266725
v -0.028111 2.834714 -1.262589
v -0.040677 2.834714 -1.255871
v -0.051692 2.834714 -1.246832
v -0.060732 2.834714 -1.235817
v -0.067449 2.834714 -1.223250
v -0.071585 2.834714 -1.209615
v -0.072982 2.834714 -1.195434
v -0.071585 2.834714 -1.181253
v -0.067449 2.834714 -1.167618
v -0.060732 2.834714 -1.155051
v -0.051692 2.834714 -1.144036
v -0.040677 2.834714 -1.134997
v -0.028111 2.834714 -1.128280
v -0.014475 2.834714 -1.124143
v -0.000294 2.834714 -1.122747
v 0.013886 2.778655 -1.124143
v 0.027522 2.778655 -1.128280
v 0.040089 2.778655 -1.134997
v 0.051103 2.778655 -1.144036
v 0.060143 2.778655 -1.155051
v 0.066860 2.778655 -1.167618
v 0.070996 2.778655 -1.181253
v 0.072393 2.778655 -1.195434
v 0.070996 2.778655 -1.209615
v 0.066860 2.778655 -1.223250
v 0.060143 2.778655 -1.235817
v 0.051103 2.778655 -1.246832
v 0.040089 2.778655 -1.255871
v 0.027522 2.778655 -1.262589
v 0.013886 2.778655 -1.266725
v -0.000294 2.778655 -1.268121
v -0.014475 2.778655 -1.266725
v -0.028111 2.778655 -1.262589
v -0.040677 2.778655 -1.255871
v -0.051692 2.778655 -1.246832
v -0.060732 2.778655 -1.235817
v -0.067449 2.778655 -1.223250
v -0.071585 2.778655 -1.209615
v -0.072982 2.778655 -1.195434
v -0.071585 2.778655 -1.181253
v -0.067449 2.778655 -1.167618
v -0.060732 2.778655 -1.155051
v -0.051692 2.778655 -1.144036
v -0.040677 2.778655 -1.134997
v -0.028111 2.778655 -1.128280
v -0.014475 2.778655 -1.124143
v -0.000294 2.778655 -1.122747
v 0.013886 2.722594 -1.124143
v 0.027522 2.722594 -1.128280
v 0.040089 2.722594 -1.134997
v 0.051103 2.722594 -1.144036
v 0.060143 2.722594 -1.155051
v 0.066860 2.722594 -1.167618
v 0.070996 2.722594 -1.181253
v 0.072393 2.722594 -1.195434
v 0.070996 2.722594 -1.209615
v 0.066860 2.722594 -1.223250
v 0.060143 2.722594 -1.235817
v 0.051103 2.722594 -1.246832
v 0.040089 2.722594 -1.255871
v 0.027522 2.722594 -1.262589
v 0.013886 2.722594 -1.266725
v -0.000294 2.722594 -1.268121
v -0.014475 2.722594 -1.266725
v -0.028111 2.722594 -1.262589
v -0.040677 2.722594 -1.255871
v -0.051692 2.722594 -1.246832
v -0.060732 2.722594 -1.235817
v -0.067449 2.722594 -1.223250
v -0.071585 2.722594 -1.209615
v -0.072982 2.722594 -1.195434
v -0.071585 2.722594 -1.181253
v -0.067449 2.722594 -1.167618
v -0.060732 2.722594 -1.155051
v -0.051692 2.722594 -1.144036
v -0.040677 2.722594 -1.134997
v -0.028111 2.722594 -1.128280
v -0.014475 2.722594 -1.124143
v -0.000294 2.722594 -1.122747
v -0.000294 2.666535 -1.122747
v 0.013886 2.666535 -1.124143
v 0.027522 2.666535 -1.128280
v 0.040089 2.666535 -1.134997
v 0.051103 2.666535 -1.144036
v 0.060143 2.666535 -1.155051
v 0.066860 2.666535 -1.167618
v 0.070996 2.666535 -1.181253
v 0.072393 2.666535 -1.195434
v 0.070996 2.666535 -1.209615
v 0.066860 2.666535 -1.223250
v 0.060143 2.666535 -1.235817
v 0.051103 2.666535 -1.246832
v 0.040089 2.666535 -1.255871
v 0.027522 2.666535 -1.262589
v 0.013886 2.666535 -1.266725
v -0.000294 2.666535 -1.268121
v -0.014475 2.666535 -1.266725
v -0.028111 2.666535 -1.262589
v -0.040677 2.666535 -1.255871
v -0.051692 2.666535 -1.246832
v -0.060732 2.666535 -1.235817
v -0.067449 2.666535 -1.223250
v -0.071585 2.666535 -1.209615
v -0.072982 2.666535 -1.195434
v -0.071585 2.666535 -1.181253
v -0.067449 2.666535 -1.167618
v -0.060732 2.666535 -1.155051
v -0.051692 2.666535 -1.144036
v -0.040677 2.666535 -1.134997
v -0.028111 2.666535 -1.128280
v -0.014475 2.666535 -1.124143
v -0.000294 2.809417 -1.122747
v 0.013886 2.809417 -1.124143
v 0.027522 2.809417 -1.128280
v 0.040089 2.809417 -1.134997
v 0.051103 2.809417 -1.144036
v 0.060143 2.809417 -1.155051
v 0.066860 2.809417 -1.167618
v 0.070996 2.809417 -1.181253
v 0.072393 2.809417 -1.195434
v 0.070996 2.809417 -1.209615
v 0.066860 2.809417 -1.223250
v 0.060143 2.809417 -1.235817
v 0.051103 2.809417 -1.246832
v 0.040089 2.809417 -1.255871
v 0.027522 2.809417 -1.262589
v 0.013886 2.809417 -1.266725
v -0.000294 2.809417 -1.268121
v -0.014475 2.809417 -1.266725
v -0.028111 2.809417 -1.262589
v -0.040677 2.809417 -1.255871
v -0.051692 2.809417 -1.246832
v -0.060732 2.809417 -1.235817
v -0.067449 2.809417 -1.223250
v -0.071585 2.809417 -1.209615
v -0.072982 2.809417 -1.195434
v -0.071585 2.809417 -1.181253
v -0.067449 2.809417 -1.167618
v -0.060732 2.809417 -1.155051
v -0.051692 2.809417 -1.144036
v -0.040677 2.809417 -1.134997
v -0.028111 2.809417 -1.128280
v -0.014475 2.809417 -1.124143
v -0.000294 2.753357 -1.122747
v 0.013886 2.753358 -1.124143
v 0.027522 2.753358 -1.128280
v 0.040089 2.753358 -1.134997
v 0.051103 2.753358 -1.144036
v 0.060143 2.753358 -1.155051
v 0.066860 2.753358 -1.167618
v 0.070996 2.753358 -1.181253
v 0.072393 2.753358 -1.195434
v 0.070996 2.753358 -1.209615
v 0.066860 2.753358 -1.223250
v 0.060143 2.753358 -1.235817
v 0.051103 2.753358 -1.246832
v 0.040089 2.753358 -1.255871
v 0.027522 2.753358 -1.262589
v 0.013886 2.753358 -1.266725
v -0.000294 2.753358 -1.268121
v -0.014475 2.753358 -1.266725
v -0.028111 2.753358 -1.262589
v -0.040677 2.753358 -1.255871
v -0.051692 2.753358 -1.246832
v -0.060732 2.753358 -1.235817
v -0.067449 2.753358 -1.223250
v -0.071585 2.753358 -1.209615
v -0.072982 2.753358 -1.195434
v -0.071585 2.753358 -1.181253
v -0.067449 2.753358 -1.167618
v -0.060732 2.753358 -1.155051
v -0.051692 2.753358 -1.144036
v -0.040677 2.753358 -1.134997
v -0.028111 2.753358 -1.128280
v -0.014475 2.753358 -1.124143
v -0.000294 2.697298 -1.122747
v 0.013886 2.697298 -1.124143
v 0.027522 2.697298 -1.128280
v 0.040089 2.697298 -1.134997
v 0.051103 2.697298 -1.144036
v 0.060143 2.697298 -1.155051
v 0.066860 2.697298 -1.167618
v 0.070996 2.697298 -1.181253
v 0.072393 2.697298 -1.195434
v 0.070996 2.697298 -1.209615
v 0.066860 2.697298 -1.223250
v 0.060143 2.697298 -1.235817
v 0.051103 2.697298 -1.246832
v 0.040089 2.697298 -1.255871
v 0.027522 2.697298 -1.262589
v 0.013886 2.697298 -1.266725
v -0.000294 2.697298 -1.268121
v -0.014475 2.697298 -1.266725
v -0.028111 2.697298 -1.262589
v -0.040677 2.697298 -1.255871
v -0.051692 2.697298 -1.246832
v -0.060732 2.697298 -1.235817
v -0.067449 2.697298 -1.223250
v -0.071585 2.697298 -1.209615
v -0.072982 2.697298 -1.195434
v -0.071585 2.697298 -1.181253
v -0.067449 2.697298 -1.167618
v -0.060732 2.697298 -1.155051
v -0.051692 2.697298 -1.144036
v -0.040677 2.697298 -1.134997
v -0.028111 2.697298 -1.128280
v -0.014475 2.697298 -1.124143
v -0.000294 2.641238 -1.122747
v 0.013886 2.641238 -1.124143
v 0.027522 2.641238 -1.128280
v 0.040089 2.641238 -1.134997
v 0.051103 2.641238 -1.144036
v 0.060143 2.641238 -1.155051
v 0.066860 2.641238 -1.167618
v 0.070996 2.641238 -1.181253
v 0.072393 2.641238 -1.195434
v 0.070996 2.641238 -1.209615
v 0.066860 2.641238 -1.223250
v 0.060143 2.641238 -1.235817
v 0.051103 2.641238 -1.246832
v 0.040089 2.641238 -1.255871
v 0.027522 2.641238 -1.262589
v 0.013886 2.641238 -1.266725
v -0.000294 2.641238 -1.268121
v -0.014475 2.641238 -1.266725
v -0.028111 2.641238 -1.262589
v -0.040677 2.641238 -1.255871
v -0.051692 2.641238 -1.246832
v -0.060732 2.641238 -1.235817
v -0.067449 2.641238 -1.223250
v -0.071585 2.641238 -1.209615
v -0.072982 2.641238 -1.195434
v -0.071585 2.641238 -1.181253
v -0.067449 2.641238 -1.167618
v -0.060732 2.641238 -1.155051
v -0.051692 2.641238 -1.144036
v -0.040677 2.641238 -1.134997
v -0.028111 2.641238 -1.128280
v -0.014475 2.641238 -1.124143
v 0.013886 2.890774 -1.124143
v 0.027522 2.890774 -1.128280
v 0.040089 2.890774 -1.134997
v 0.051103 2.890774 -1.144036
v 0.060143 2.890774 -1.155051
v 0.066860 2.890774 -1.167618
v 0.070996 2.890774 -1.181253
v 0.072393 2.890774 -1.195434
v 0.070996 2.890774 -1.209615
v 0.066860 2.890774 -1.223250
v 0.060143 2.890774 -1.235817
v 0.051103 2.890774 -1.246832
v 0.040089 2.890774 -1.255871
v 0.027522 2.890774 -1.262589
v 0.013886 2.890774 -1.266725
v -0.000294 2.890774 -1.268121
v -0.014475 2.890774 -1.266725
v -0.028111 2.890774 -1.262589
v -0.040677 2.890774 -1.255871
v -0.051692 2.890774 -1.246832
v -0.060732 2.890774 -1.235817
v -0.067449 2.890774 -1.223250
v -0.071585 2.890774 -1.209615
v -0.072982 2.890774 -1.195434
v -0.071585 2.890774 -1.181253
v -0.067449 2.890774 -1.167618
v -0.060732 2.890774 -1.155051
v -0.051692 2.890774 -1.144036
v -0.040677 2.890774 -1.134997
v -0.028111 2.890774 -1.128280
v -0.014475 2.890774 -1.124143
v -0.000294 2.890774 -1.122747
v -0.000294 2.865477 -1.122747
v 0.013886 2.865477 -1.124143
v 0.027522 2.865477 -1.128280
v 0.040089 2.865477 -1.134997
v 0.051103 2.865477 -1.144036
v 0.060143 2.865477 -1.155051
v 0.066860 2.865477 -1.167618
v 0.070996 2.865477 -1.181253
v 0.072393 2.865477 -1.195434
v 0.070996 2.865477 -1.209615
v 0.066860 2.865477 -1.223250
v 0.060143 2.865477 -1.235817
v 0.051103 2.865477 -1.246832
v 0.040089 2.865477 -1.255871
v 0.027522 2.865477 -1.262589
v 0.013886 2.865477 -1.266725
v -0.000294 2.865477 -1.268121
v -0.014475 2.865477 -1.266725
v -0.028111 2.865477 -1.262589
v -0.040677 2.865477 -1.255871
v -0.051692 2.865477 -1.246832
v -0.060732 2.865477 -1.235817
v -0.067449 2.865477 -1.223250
v -0.071585 2.865477 -1.209615
v -0.072982 2.865477 -1.195434
v -0.071585 2.865477 -1.181253
v -0.067449 2.865477 -1.167618
v -0.060732 2.865477 -1.155051
v -0.051692 2.865477 -1.144036
v -0.040677 2.865477 -1.134997
v -0.028111 2.865477 -1.128280
v -0.014475 2.865477 -1.124143
vn -0.1294 -0.0793 -0.9884
vn -0.2878 0.0354 -0.9571
vn -0.6584 0.0195 -0.7524
vn -0.6350 -0.1814 -0.7509
vn -0.2507 0.2006 -0.9471
vn 0.2556 0.0703 -0.9642
vn -0.0023 0.1592 -0.9872
vn -0.0851 0.1111 -0.9902
vn -0.0065 0.0956 -0.9954
vn -0.0000 1.0000 -0.0000
vn -0.0000 0.6061 0.7954
vn 0.2739 0.5703 0.7744
vn 0.4315 0.9021 -0.0000
vn 0.0188 -0.0230 -0.9996
vn -0.0000 0.9031 -0.4294
vn 0.4075 0.8144 -0.4131
vn -0.0000 0.8917 -0.4527
vn 0.5431 0.7178 -0.4357
vn -0.0282 0.4592 -0.8879
vn 0.6229 0.3181 -0.7148
vn 0.5581 -0.0497 -0.8283
vn 0.9150 0.1844 -0.3587
vn 0.8949 0.1263 -0.4280
vn 0.6494 0.1611 -0.7432
vn 0.1838 0.1410 -0.9728
vn 0.0708 0.0804 -0.9942
vn 0.4939 0.4852 0.7216
vn 0.7415 0.6690 -0.0510
vn 0.7473 0.5167 -0.4177
vn 0.8338 0.3216 -0.4487
vn 0.1153 0.0691 -0.9909
vn 0.9009 0.3928 -0.1845
vn 0.8698 0.2217 -0.4407
vn 0.8626 0.1487 -0.4835
vn 0.8708 0.2601 -0.4171
vn 0.7537 0.3805 -0.5358
vn 0.4394 0.2853 -0.8518
vn 0.2273 0.1386 -0.9639
vn 0.6787 0.3831 0.6266
vn 0.6659 0.4629 -0.5850
vn 0.4435 0.2405 -0.8634
vn 0.2848 0.1155 -0.9516
vn 0.1449 0.0580 -0.9877
vn 0.7473 0.3206 0.5820
vn 0.8867 0.3228 -0.3311
vn 0.7446 0.2947 -0.5989
vn 0.7436 0.4092 -0.5287
vn 0.7774 0.5238 -0.3482
vn 0.8906 0.3658 -0.2704
vn 0.7100 0.4999 -0.4960
vn 0.6807 0.6052 -0.4128
vn 0.7391 0.5061 -0.4445
vn 0.6511 0.3105 -0.6925
vn 0.4835 0.1530 -0.8619
vn 0.3293 0.0892 -0.9400
vn 0.1684 0.0450 -0.9847
vn 0.8002 0.3909 0.4549
vn 0.6855 0.1340 -0.7156
vn 0.5267 0.0890 -0.8454
vn 0.3610 0.0606 -0.9306
vn 0.4147 0.3670 0.8327
vn 0.7247 0.1890 0.6627
vn 0.9653 0.1788 0.1903
vn 0.1854 0.0307 -0.9822
vn 0.9717 0.2280 -0.0625
vn 0.9164 0.2916 -0.2743
vn 0.8742 0.2782 -0.3979
vn 0.8105 0.2088 -0.5473
vn 0.9754 0.0681 -0.2099
vn 0.9162 0.0487 -0.3978
vn 0.8268 0.0265 -0.5619
vn 0.7119 0.0081 -0.7023
vn 0.5711 -0.0021 -0.8208
vn 0.4375 0.1949 0.8779
vn 0.5538 0.0445 0.8315
vn 0.9190 0.0755 0.3869
vn 0.4021 -0.0029 -0.9156
vn 0.9772 0.0799 0.1966
vn 0.2075 -0.0001 -0.9782
vn 0.9969 0.0787 -0.0058
vn 0.5597 -0.0030 0.8287
vn 0.9263 -0.0072 0.3768
vn 0.6080 -0.1738 -0.7747
vn 0.4499 -0.1252 -0.8843
vn 0.9847 -0.0224 0.1729
vn 0.2343 -0.0671 -0.9698
vn 0.9969 -0.0585 -0.0519
vn 0.9592 -0.1066 -0.2617
vn 0.8908 -0.1522 -0.4281
vn 0.8108 -0.1840 -0.5557
vn 0.7211 -0.1932 -0.6653
vn 0.8952 -0.2857 -0.3421
vn 0.8111 -0.3424 -0.4742
vn 0.7465 -0.3737 -0.5505
vn 0.6924 -0.3710 -0.6189
vn 0.6165 -0.3297 -0.7151
vn 0.5570 -0.0649 0.8280
vn 0.9239 -0.1162 0.3644
vn 0.4806 -0.2477 -0.8412
vn 0.9799 -0.1569 0.1235
vn 0.2510 -0.1450 -0.9571
vn 0.9671 -0.2178 -0.1317
vn 0.6256 -0.3809 -0.6808
vn 0.4954 -0.3078 -0.8123
vn 0.9028 -0.2333 0.3614
vn 0.9587 -0.2717 0.0838
vn 0.2505 -0.1842 -0.9504
vn 0.9298 -0.3036 -0.2083
vn 0.8440 -0.3285 -0.4240
vn 0.7659 -0.3579 -0.5342
vn 0.7217 -0.3898 -0.5720
vn 0.6882 -0.4037 -0.6029
vn 0.5291 -0.1324 0.8382
vn 0.7771 -0.2743 -0.5665
vn 0.7427 -0.2990 -0.5991
vn 0.7112 -0.3443 -0.6129
vn 0.6420 -0.3646 -0.6745
vn 0.4849 -0.1932 0.8530
vn 0.8610 -0.3398 0.3786
vn 0.5051 -0.3219 -0.8008
vn 0.9303 -0.3572 0.0838
vn 0.2538 -0.1960 -0.9472
vn 0.9153 -0.3336 -0.2255
vn 0.8430 -0.2917 -0.4519
vn 0.5039 -0.3164 -0.8037
vn 0.2575 -0.1970 -0.9460
vn 0.8319 -0.5480 0.0876
vn 0.8210 -0.5335 -0.2033
vn 0.8048 -0.4244 -0.4149
vn 0.8158 -0.2734 -0.5097
vn 0.7915 -0.1812 -0.5837
vn 0.7247 -0.2325 -0.6487
vn 0.6454 -0.3248 -0.6914
vn 0.4500 -0.2243 0.8644
vn 0.8110 -0.4653 0.3546
vn 0.6809 -0.2247 -0.6971
vn 0.6280 -0.2233 -0.7455
vn 0.6115 -0.2998 -0.7322
vn 0.4698 -0.4154 0.7789
vn 0.7655 -0.5861 0.2655
vn 0.4793 -0.3065 -0.8224
vn 0.8135 -0.5790 0.0551
vn 0.2553 -0.1939 -0.9472
vn 0.8249 -0.5438 -0.1546
vn 0.8615 -0.4075 -0.3028
vn 0.8966 -0.2548 -0.3623
vn 0.2396 -0.1903 -0.9520
vn 0.2840 -0.3204 -0.9037
vn 0.4860 -0.3554 -0.7985
vn 0.5298 -0.3044 -0.7916
vn 0.4218 -0.3011 -0.8552
vn 0.2635 -0.4625 -0.8466
vn 0.3814 -0.4951 -0.7806
vn 0.3989 -0.3302 -0.8555
vn 0.3304 -0.2996 -0.8950
vn 0.2058 -0.1864 -0.9607
vn 0.1541 -0.1801 -0.9715
vn 0.1623 -0.5718 -0.8042
vn 0.1974 -0.5787 -0.7913
vn 0.2268 -0.3576 -0.9059
vn 0.2119 -0.2962 -0.9313
vn -0.0108 -0.5690 -0.8223
vn 0.0353 -0.3672 -0.9295
vn 0.0791 -0.2841 -0.9555
vn 0.0888 -0.1689 -0.9816
vn 0.0228 -0.5857 -0.8102
vn -0.0717 -0.5185 -0.8521
vn -0.1792 -0.4839 -0.8566
vn -0.1486 -0.3497 -0.9250
vn -0.0533 -0.2591 -0.9644
vn 0.0165 -0.1509 -0.9884
vn -0.3988 -0.3693 -0.8394
vn -0.3016 -0.3071 -0.9026
vn -0.1735 -0.2208 -0.9598
vn -0.0565 -0.1252 -0.9905
vn -0.5456 -0.4827 -0.6851
vn -0.8074 -0.5201 -0.2785
vn -0.7781 -0.6123 -0.1403
vn -0.7894 -0.5793 -0.2031
vn -0.7922 -0.4716 -0.3874
vn -0.7067 -0.3599 -0.6092
vn -0.5536 -0.3008 -0.7766
vn -0.4110 -0.2514 -0.8763
vn -0.7532 -0.5913 0.2882
vn -0.4682 -0.4156 0.7798
vn -0.4472 -0.2244 0.8658
vn -0.7922 -0.4716 0.3874
vn -0.2672 -0.1748 -0.9477
vn -0.7781 -0.6123 0.1403
vn -0.7894 -0.5793 0.2031
vn -0.1210 -0.0940 -0.9882
vn -0.7599 -0.6500 -0.0000
vn -0.7840 -0.6207 -0.0000
vn -0.4805 -0.1919 -0.8558
vn -0.3267 -0.1311 -0.9360
vn -0.8439 -0.3368 0.4176
vn -0.9069 -0.3620 0.2156
vn -0.1630 -0.0669 -0.9844
vn -0.9288 -0.3707 -0.0000
vn -0.9069 -0.3620 -0.2156
vn -0.8439 -0.3368 -0.4176
vn -0.7462 -0.2978 -0.5953
vn -0.6224 -0.2484 -0.7422
vn -0.4814 -0.1924 0.8552
vn -0.8910 -0.2205 -0.3969
vn -0.7964 -0.1970 -0.5718
vn -0.6722 -0.1663 -0.7214
vn -0.5250 -0.1299 -0.8412
vn -0.5267 -0.1306 0.8399
vn -0.8910 -0.2205 0.3969
vn -0.3609 -0.0893 -0.9283
vn -0.9504 -0.2352 0.2034
vn -0.1835 -0.0456 -0.9820
vn -0.9707 -0.2402 -0.0000
vn -0.9504 -0.2352 -0.2034
vn -0.9172 -0.1050 0.3844
vn -0.9742 -0.1117 0.1961
vn -0.3824 -0.0421 -0.9230
vn -0.1977 -0.0214 -0.9800
vn -0.9935 -0.1140 -0.0000
vn -0.9742 -0.1117 -0.1961
vn -0.9172 -0.1050 -0.3844
vn -0.8250 -0.0941 -0.5572
vn -0.7016 -0.0795 -0.7081
vn -0.5521 -0.0619 -0.8315
vn -0.5563 -0.0638 0.8285
vn -0.9246 -0.0046 -0.3808
vn -0.8331 -0.0038 -0.5531
vn -0.7097 -0.0028 -0.7045
vn -0.5591 -0.0016 -0.8291
vn -0.5596 -0.0030 0.8287
vn -0.9246 -0.0046 0.3808
vn -0.3868 -0.0004 -0.9222
vn -0.9810 -0.0051 0.1941
vn -0.1990 0.0003 -0.9800
vn -1.0000 -0.0052 -0.0000
vn -0.9810 -0.0051 -0.1941
vn -0.3804 0.0318 -0.9243
vn -0.1957 0.0156 -0.9805
vn -0.9770 0.0802 0.1973
vn -0.9966 0.0820 -0.0003
vn -0.9743 0.0850 -0.2088
vn -0.9051 0.0979 -0.4138
vn -0.8106 0.1094 -0.5753
vn -0.7041 0.0958 -0.7036
vn -0.5590 0.0608 -0.8269
vn -0.5538 0.0445 0.8315
vn -0.9190 0.0755 0.3869
vn -0.6789 0.3042 -0.6682
vn -0.6254 0.3045 -0.7184
vn -0.5250 0.2156 -0.8233
vn -0.4375 0.1949 0.8779
vn -0.7242 0.1881 0.6635
vn -0.3609 0.0995 -0.9273
vn -0.9633 0.1701 0.2076
vn -0.1854 0.0307 -0.9822
vn -0.9848 0.1737 -0.0003
vn -0.9408 0.1901 -0.2806
vn -0.8007 0.2435 -0.5474
vn -0.7774 0.3262 0.5377
vn -0.9649 0.2623 -0.0089
vn -0.1574 0.0561 -0.9859
vn -0.9072 0.2530 -0.3362
vn -0.6975 0.2231 -0.6809
vn -0.5048 0.2755 -0.8181
vn -0.5042 0.4185 -0.7554
vn -0.4833 0.4042 -0.7766
vn 0.1805 0.1786 0.9672
vn 0.0937 0.1931 0.9767
vn 0.2115 0.4395 0.8730
vn 0.3914 0.3901 0.8334
vn -0.3245 0.2119 -0.9219
vn -0.4137 0.3692 0.8322
vn -0.5402 0.0432 -0.8404
vn -0.5521 0.1814 -0.8138
vn 0.0707 0.0060 0.9975
vn 0.0309 0.2036 0.9786
vn 0.5255 0.1601 0.8356
vn 0.4390 0.0373 0.8977
vn -0.5433 0.3987 -0.7388
vn -0.0000 0.1981 0.9802
vn -0.0937 0.1931 0.9767
vn -0.2115 0.4395 0.8730
vn -0.0000 0.4582 0.8889
vn -0.3146 0.2943 -0.9025
vn -0.0346 0.3111 0.9498
vn 0.2611 0.1214 0.9576
vn 0.6034 0.2587 0.7543
vn 0.3300 0.4075 0.8515
vn -0.1137 0.0944 -0.9890
vn -0.7062 0.3030 0.6398
vn -0.9232 0.3840 -0.0140
vn -0.3031 0.1350 0.9434
vn 0.0085 0.3351 0.9421
vn -0.3372 0.4301 0.8374
vn -0.6090 0.2656 0.7474
vn -0.8823 0.3241 -0.3413
vn 0.0586 -0.0144 0.9982
vn 0.0654 -0.0073 0.9978
vn 0.4290 -0.0484 0.9020
vn 0.4066 -0.1002 0.9081
vn -0.7096 0.1624 -0.6857
vn -0.2355 0.0396 0.9711
vn -0.0858 0.0187 0.9961
vn -0.1072 -0.2364 0.9657
vn -0.2503 -0.1804 0.9512
vn -0.0586 -0.0144 0.9982
vn -0.0506 -0.0201 0.9985
vn -0.3686 -0.1468 0.9179
vn -0.4066 -0.1002 0.9081
vn -0.0988 0.1194 -0.9879
vn -0.8498 0.5271 -0.0002
vn -0.8164 0.4887 -0.3076
vn -0.0707 0.0060 0.9975
vn -0.0697 -0.0003 0.9976
vn -0.4439 -0.0016 0.8961
vn -0.4390 0.0373 0.8977
vn -0.7155 0.2949 -0.6333
vn -0.1805 0.1786 0.9672
vn -0.3914 0.3901 0.8334
vn -0.6003 0.0356 -0.7990
vn 0.2311 0.1586 0.9599
vn 0.5086 0.3243 0.7976
vn -0.6058 0.0036 -0.7956
vn 0.1814 0.0179 0.9832
vn 0.0537 -0.0195 0.9984
vn 0.3498 -0.1725 0.9208
vn 0.2781 -0.1049 0.9548
vn -0.6266 0.2502 -0.7381
vn -0.0537 -0.0195 0.9984
vn -0.1814 0.0179 0.9832
vn -0.2781 -0.1049 0.9548
vn -0.3498 -0.1725 0.9208
vn -0.3686 0.3096 -0.8765
vn -0.2549 0.1564 0.9542
vn -0.5260 0.3246 0.7861
vn -0.6258 0.3873 0.6770
vn 0.0697 -0.0003 0.9976
vn 0.4439 -0.0016 0.8961
vn -0.8142 -0.1156 -0.5689
vn -0.7822 0.0563 -0.6205
vn 0.2355 0.0396 0.9711
vn 0.2503 -0.1804 0.9512
vn -0.4381 0.2684 -0.8579
vn 0.0580 0.2863 0.9564
vn -0.5786 0.2538 0.7751
vn 0.2666 0.6992 0.6633
vn 0.4187 0.6624 0.6212
vn 0.3373 0.3205 0.8852
vn 0.1626 0.3559 0.9203
vn -0.1179 0.1251 -0.9851
vn -0.4858 0.4855 0.7268
vn -0.7062 0.7080 -0.0000
vn -0.0654 -0.0073 0.9978
vn -0.4290 -0.0484 0.9020
vn -0.6639 0.6644 -0.3433
vn 0.0858 0.0187 0.9961
vn 0.1072 -0.2364 0.9657
vn -0.7084 0.5154 -0.4822
vn 0.1189 0.2270 0.9666
vn 0.4313 0.2401 0.8697
vn -0.8262 0.1589 -0.5405
vn 0.0506 -0.0201 0.9985
vn 0.3686 -0.1468 0.9179
vn -0.0309 0.2036 0.9786
vn -0.5255 0.1601 0.8356
vn -0.3959 0.8262 -0.4009
vn -0.4852 0.7628 -0.4275
vn -0.0638 0.2834 0.9569
vn 0.5763 0.2569 0.7758
vn -0.6136 0.2782 -0.7390
vn -0.1189 0.2270 0.9666
vn -0.4313 0.2401 0.8697
vn -0.3957 0.2234 -0.8908
vn -0.0000 0.0103 0.9999
vn -0.0000 -0.2632 0.9647
vn -0.1210 0.1214 -0.9852
vn -0.2739 0.5703 0.7744
vn -0.4315 0.9021 -0.0000
vn -0.6191 -0.7662 0.1721
vn -0.3283 -0.8819 0.3382
vn 0.7930 -0.5709 -0.2129
vn 0.7935 -0.5573 -0.2445
vn 0.2238 -0.3638 0.9042
vn 0.0786 -0.9015 0.4255
vn 0.3285 -0.8819 0.3381
vn 0.7791 -0.6119 -0.1360
vn -0.2238 -0.3638 0.9042
vn -0.0786 -0.9015 0.4255
vn -0.4015 -0.7213 -0.5643
vn -0.6688 -0.7280 -0.1506
vn -0.0781 -0.3849 0.9196
vn -0.0099 -0.9208 0.3899
vn 0.0781 -0.3849 0.9196
vn -0.0000 -0.4104 0.9119
vn -0.0000 -0.9261 0.3774
vn 0.0099 -0.9208 0.3899
vn 0.7446 -0.6675 -0.0075
vn -0.6924 -0.7176 -0.0749
vn 0.6386 -0.7547 0.1502
vn 0.1390 -0.6453 -0.7512
vn 0.0719 -0.6828 -0.7271
vn -0.7001 -0.7141 -0.0000
vn 0.1592 -0.5864 -0.7942
vn 0.1691 -0.6110 -0.7734
vn 0.5569 -0.5264 -0.6424
vn -0.6924 -0.7176 0.0749
vn 0.0146 -0.7123 -0.7017
vn -0.1814 -0.9832 0.0186
vn -0.1805 -0.9822 0.0513
vn -0.0117 -0.9897 -0.1424
vn -0.1089 -0.9810 -0.1606
vn 0.2430 -0.9659 -0.0891
vn 0.2466 -0.9648 -0.0914
vn -0.1476 -0.9684 0.2013
vn 0.4746 -0.8373 -0.2716
vn -0.0000 -0.5960 -0.8030
vn -0.4570 -0.8119 -0.3633
vn 0.2309 -0.9707 -0.0672
vn 0.1967 -0.9594 -0.2022
vn 0.0784 -0.9724 -0.2198
vn 0.0779 -0.9741 -0.2121
vn 0.2101 -0.9774 -0.0237
vn -0.0130 -0.9825 0.1860
vn -0.1730 -0.9842 -0.0371
vn -0.0000 -0.9840 0.1782
vn 0.1909 -0.9809 0.0381
vn 0.0622 -0.9771 -0.2033
vn -0.1814 -0.9832 -0.0186
vn 0.1476 -0.9684 0.2010
vn 0.0447 -0.9737 -0.2232
vn -0.1842 -0.9829 -0.0000
vn -0.8275 -0.5606 -0.0306
vn -0.8058 -0.5898 0.0535
vn -0.7812 -0.6140 0.1129
vn 0.0513 -0.9987 -0.0014
vn -0.8365 -0.5333 -0.1258
vn -0.0000 -0.5128 -0.8585
vn -0.5798 -0.3990 -0.7104
vn 0.8585 -0.5128 -0.0000
vn 0.8606 -0.5093 -0.0031
vn 0.8607 -0.5091 -0.0064
vn 0.8586 -0.5126 -0.0004
vn 0.7239 0.1895 0.6634
vn 0.0160 -0.9993 -0.0337
vn -0.8514 -0.5119 -0.1140
vn -0.8387 0.5158 0.1746
vn -0.7929 -0.5990 0.1117
vn 0.0169 -0.3274 0.9447
vn 0.6514 -0.3891 -0.6514
vn 0.0344 -0.9980 -0.0538
vn -0.8246 -0.5634 0.0520
vn 0.0801 -0.0308 0.9963
vn -0.0161 0.9480 0.3178
vn 0.8319 0.5297 0.1652
vn -0.8502 -0.5254 -0.0334
vn -0.8539 -0.5047 -0.1274
vn 0.8766 -0.4802 -0.0309
vn 0.8783 -0.4766 -0.0384
vn -0.4389 -0.7977 -0.4137
vn -0.8606 -0.5081 0.0336
vn 0.8682 -0.4959 -0.0174
vn -0.8601 -0.5102 -0.0005
vn -0.8549 -0.5178 -0.0311
vn -0.8472 -0.5275 -0.0628
vn -0.8431 -0.5346 -0.0590
vn -0.7616 0.1411 0.6325
vn 0.1638 -0.2347 0.9582
vn -0.8439 0.5146 0.1520
vn 0.8218 0.5347 0.1967
vn 0.8502 -0.5224 -0.0653
vn 0.8529 -0.5220 -0.0000
vn 0.8638 -0.5038 -0.0002
vn 0.8614 -0.5036 -0.0661
vn 0.4320 -0.7603 -0.4851
vn -0.6712 -0.3865 -0.6326
vn -0.8549 -0.5177 0.0335
vn 0.8416 -0.5230 0.1344
vn 0.8552 -0.5005 0.1344
vn 0.8502 -0.5224 0.0653
vn -0.0000 0.7103 0.7039
vn -0.0000 0.5300 0.8480
vn 0.2449 0.5063 0.8268
vn 0.3205 0.6660 0.6736
vn -0.0000 0.0852 0.9964
vn -0.0000 -0.0037 1.0000
vn 0.0414 0.0833 0.9957
vn -0.0000 0.1718 0.9851
vn 0.0824 0.1678 0.9824
vn 0.1280 0.2620 0.9565
vn -0.4598 0.4266 0.7789
vn -0.4855 0.4021 0.7763
vn 0.1810 0.3725 0.9102
vn -0.5406 0.2405 0.8062
vn -0.5170 0.2698 0.8124
vn -0.5102 0.3741 0.7744
vn -0.5728 0.2345 0.7854
vn -0.5533 0.2099 0.8061
vn 0.3413 0.3373 0.8774
vn 0.4489 0.4457 0.7745
vn 0.5636 0.5622 0.6052
vn 0.0804 0.0777 0.9937
vn 0.1597 0.1561 0.9747
vn 0.2455 0.2415 0.9388
vn 0.1153 0.0691 0.9909
vn 0.2279 0.1382 0.9638
vn 0.3457 0.2109 0.9144
vn 0.4697 0.2879 0.8346
vn 0.5977 0.3679 0.7123
vn 0.7218 0.4441 0.5308
vn 0.5654 0.2316 0.7916
vn 0.6985 0.2872 0.6554
vn 0.8091 0.3391 0.4799
vn 0.1449 0.0580 0.9877
vn 0.2848 0.1155 0.9516
vn 0.4257 0.1736 0.8881
vn 0.1684 0.0450 0.9847
vn 0.3293 0.0892 0.9400
vn 0.4855 0.1323 0.8641
vn 0.6450 0.1691 0.7453
vn 0.7676 0.1993 0.6091
vn 0.1854 0.0307 0.9822
vn 0.3610 0.0606 0.9306
vn 0.5267 0.0890 0.8454
vn 0.6859 0.1182 0.7180
vn 0.1957 0.0156 0.9805
vn 0.3800 0.0307 0.9245
vn 0.5506 0.0447 0.8336
vn 0.7014 0.0574 0.7104
vn 0.1990 0.0003 0.9800
vn 0.3868 -0.0004 0.9222
vn 0.5591 -0.0016 0.8291
vn 0.7097 -0.0028 0.7045
vn 0.3824 -0.0421 0.9230
vn 0.5521 -0.0619 0.8315
vn 0.7016 -0.0795 0.7081
vn 0.1977 -0.0214 0.9800
vn 0.1835 -0.0456 0.9820
vn 0.3609 -0.0893 0.9283
vn 0.5250 -0.1299 0.8412
vn 0.6722 -0.1663 0.7214
vn 0.4806 -0.1918 0.8557
vn 0.6224 -0.2484 0.7422
vn 0.1646 -0.0659 0.9842
vn 0.3274 -0.1307 0.9358
vn 0.1397 -0.0836 0.9867
vn 0.2812 -0.1679 0.9448
vn 0.4174 -0.2493 0.8738
vn 0.5546 -0.3006 0.7759
vn 0.3352 -0.2997 0.8932
vn 0.4303 -0.3448 0.8343
vn 0.1096 -0.0982 0.9891
vn 0.2231 -0.1994 0.9542
vn 0.0754 -0.1090 0.9912
vn 0.1550 -0.2235 0.9623
vn 0.2354 -0.3395 0.9107
vn 0.2615 -0.4118 0.8729
vn 0.1292 -0.4800 0.8677
vn 0.0384 -0.1156 0.9925
vn 0.0795 -0.2386 0.9679
vn 0.1216 -0.3653 0.9229
vn -0.0000 -0.1179 0.9930
vn -0.0000 -0.2438 0.9698
vn -0.0000 -0.3742 0.9274
vn -0.0000 -0.5125 0.8587
vn -0.1292 -0.4800 0.8677
vn -0.0384 -0.1156 0.9925
vn -0.0795 -0.2386 0.9679
vn -0.1216 -0.3653 0.9229
vn -0.0754 -0.1090 0.9912
vn -0.1550 -0.2235 0.9623
vn -0.2354 -0.3395 0.9107
vn -0.2615 -0.4118 0.8729
vn -0.1096 -0.0982 0.9891
vn -0.2231 -0.1994 0.9542
vn -0.3352 -0.2997 0.8932
vn -0.4303 -0.3448 0.8343
vn -0.2812 -0.1679 0.9448
vn -0.4174 -0.2493 0.8738
vn -0.5546 -0.3006 0.7759
vn -0.1397 -0.0836 0.9867
vn -0.1646 -0.0659 0.9842
vn -0.3274 -0.1307 0.9358
vn -0.4806 -0.1918 0.8557
vn -0.6224 -0.2484 0.7422
vn -0.3609 -0.0893 0.9283
vn -0.5250 -0.1299 0.8412
vn -0.6722 -0.1663 0.7214
vn -0.1835 -0.0456 0.9820
vn -0.1977 -0.0214 0.9800
vn -0.3824 -0.0421 0.9230
vn -0.5521 -0.0619 0.8315
vn -0.7016 -0.0795 0.7081
vn -0.5591 -0.0016 0.8291
vn -0.7097 -0.0028 0.7045
vn -0.1990 0.0003 0.9800
vn -0.3868 -0.0004 0.9222
vn -0.1957 0.0156 0.9805
vn -0.3800 0.0307 0.9245
vn -0.5506 0.0447 0.8336
vn -0.7014 0.0574 0.7104
vn -0.5267 0.0890 0.8454
vn -0.6859 0.1182 0.7180
vn -0.1854 0.0307 0.9822
vn -0.3610 0.0606 0.9306
vn -0.1684 0.0450 0.9847
vn -0.3293 0.0892 0.9400
vn -0.4855 0.1323 0.8641
vn -0.6450 0.1691 0.7453
vn -0.7676 0.1993 0.6091
vn -0.3626 0.6061 0.7079
vn -0.4134 0.5306 0.7399
vn -0.4169 0.5664 0.7109
vn -0.3791 0.5577 0.7384
vn -0.4453 0.6625 0.6024
vn -0.3659 0.2971 0.8819
vn -0.3622 0.3163 0.8768
vn -0.1449 0.0580 0.9877
vn -0.2848 0.1155 0.9516
vn -0.4257 0.1736 0.8881
vn -0.4752 0.5212 0.7089
vn -0.4309 0.5384 0.7242
vn -0.1153 0.0691 0.9909
vn -0.2279 0.1382 0.9638
vn -0.3741 0.5104 0.7743
vn -0.3298 0.5137 0.7920
vn -0.2742 0.2672 0.9238
vn -0.4458 0.0498 0.8938
vn -0.5222 0.0971 0.8473
vn -0.5636 0.5622 0.6052
vn -0.5698 -0.0093 0.8217
vn -0.4115 -0.0097 0.9113
vn -0.4813 0.0492 0.8752
vn -0.0804 0.0777 0.9937
vn -0.1597 0.1561 0.9747
vn -0.2681 0.5306 0.8041
vn -0.0414 0.0833 0.9957
vn -0.0824 0.1678 0.9824
vn -0.1986 0.5438 0.8154
vn -0.3205 0.6660 0.6736
vn -0.4461 -0.0469 0.8937
vn -0.4371 0.0180 0.8992
vn -0.5333 0.2266 0.8150
vn -0.5600 0.1587 0.8131
vn -0.2294 0.5285 0.8173
vn -0.3806 0.4817 0.7894
vn -0.5647 0.1677 0.8081
vn 0.1954 0.1832 0.9635
vn 0.0653 0.4206 0.9049
vn 0.1841 0.2729 0.9443
vn 0.2630 0.1274 0.9563
vn 0.2325 0.1610 0.9592
vn -0.0625 0.2825 0.9572
vn -0.0333 0.3147 0.9486
vn 0.5164 0.3988 0.7578
vn 0.4652 0.3745 0.8021
vn 0.1789 0.2567 0.9498
vn -0.8520 -0.5228 -0.0286
vn -0.8553 -0.5181 0.0007
vn 0.8618 -0.5030 0.0651
vn 0.6111 -0.3945 -0.6862
vn -0.6438 0.3081 0.7005
vn 0.6438 0.3081 0.7005
vn -0.8721 -0.4641 -0.1552
vn 0.8759 -0.4677 -0.1188
vn -0.6659 -0.4700 0.5794
vn 0.6659 -0.4700 0.5794
vn 0.0020 -1.0000 -0.0026
vn 0.0100 -0.9999 -0.0127
vn 0.0237 -0.9994 -0.0243
vn 0.0374 -0.9989 -0.0277
vn 0.8676 -0.4967 -0.0240
vn 0.0124 -0.9668 -0.2553
vn 0.8972 -0.4049 -0.1761
vn 0.8543 -0.4141 -0.3141
vn 0.0001 -0.7978 -0.6030
vn -0.8544 -0.4145 -0.3132
vn -0.7778 0.4574 0.4310
vn 0.7779 0.4573 0.4310
vn 0.5713 -0.2566 0.7796
vn 0.7989 -0.4736 -0.3707
vn -0.0000 -0.7875 -0.6164
vn -0.7989 -0.4736 -0.3707
vn -0.0001 0.7277 0.6858
vn -0.0000 -0.3127 0.9499
vn -0.5713 -0.2566 0.7796
vn -0.0097 -0.0463 -0.9989
vn -0.0296 -0.1414 -0.9895
vn -0.0510 -0.2438 -0.9685
vn -0.0752 -0.3595 -0.9301
vn -0.1035 -0.4951 -0.8626
vn -0.1369 -0.6549 -0.7432
vn -0.1731 -0.8280 -0.5333
vn -0.2005 -0.9589 -0.2005
vn -0.5421 -0.8233 -0.1680
vn -0.0287 -0.0445 -0.9986
vn -0.0873 -0.1356 -0.9869
vn -0.1498 -0.2326 -0.9610
vn -0.2189 -0.3400 -0.9146
vn -0.2971 -0.4614 -0.8360
vn -0.3844 -0.5968 -0.7043
vn -0.4718 -0.7326 -0.4907
vn -0.3452 -0.3042 -0.8879
vn -0.4575 -0.4031 -0.7926
vn -0.5726 -0.5046 -0.6461
vn -0.6926 -0.5911 -0.4135
vn -0.8399 -0.5426 0.0103
vn -0.0466 -0.0410 -0.9981
vn -0.1411 -0.1244 -0.9821
vn -0.2399 -0.2114 -0.9475
vn -0.8935 -0.3510 0.2801
vn -0.0626 -0.0359 -0.9974
vn -0.1887 -0.1083 -0.9760
vn -0.3171 -0.1820 -0.9307
vn -0.4480 -0.2571 -0.8563
vn -0.5786 -0.3321 -0.7449
vn -0.7014 -0.4026 -0.5882
vn -0.8315 -0.4551 -0.3187
vn -0.6643 -0.2568 -0.7019
vn -0.7850 -0.3034 -0.5402
vn -0.8819 -0.3596 -0.3048
vn -0.7921 -0.4915 0.3621
vn -0.0762 -0.0295 -0.9967
vn -0.2284 -0.0883 -0.9695
vn -0.3793 -0.1466 -0.9136
vn -0.5263 -0.2034 -0.8256
vn -0.0869 -0.0219 -0.9960
vn -0.2591 -0.0652 -0.9637
vn -0.4256 -0.1072 -0.8985
vn -0.5818 -0.1465 -0.8000
vn -0.7215 -0.1816 -0.6682
vn -0.8371 -0.2107 -0.5049
vn -0.9210 -0.2346 -0.3110
vn -0.9516 -0.3069 -0.0140
vn -0.7562 -0.1080 -0.6454
vn -0.8673 -0.1239 -0.4821
vn -0.9449 -0.1350 -0.2981
vn -0.9849 -0.1407 -0.1009
vn -0.0943 -0.0135 -0.9955
vn -0.2798 -0.0400 -0.9592
vn -0.4562 -0.0652 -0.8875
vn -0.6171 -0.0882 -0.7820
vn -0.2903 -0.0135 -0.9569
vn -0.4713 -0.0219 -0.8817
vn -0.6341 -0.0294 -0.7727
vn -0.7725 -0.0358 -0.6340
vn -0.8812 -0.0409 -0.4710
vn -0.9560 -0.0443 -0.2900
vn -0.9941 -0.0461 -0.0979
vn -0.0980 -0.0045 -0.9952
vn 0.4713 -0.0219 -0.8817
vn 0.6341 -0.0294 -0.7727
vn 0.7725 -0.0358 -0.6340
vn 0.8812 -0.0409 -0.4710
vn 0.9560 -0.0444 -0.2900
vn 0.9941 -0.0461 -0.0979
vn 0.0980 -0.0045 -0.9952
vn 0.2903 -0.0135 -0.9569
vn 0.9449 -0.1350 -0.2981
vn 0.9849 -0.1407 -0.1009
vn 0.0943 -0.0135 -0.9955
vn 0.2798 -0.0400 -0.9592
vn 0.4562 -0.0652 -0.8875
vn 0.6171 -0.0882 -0.7820
vn 0.7562 -0.1080 -0.6454
vn 0.8673 -0.1239 -0.4821
vn 0.5818 -0.1465 -0.8000
vn 0.7215 -0.1816 -0.6682
vn 0.8371 -0.2107 -0.5049
vn 0.9204 -0.2317 -0.3150
vn 0.9641 -0.2429 -0.1068
vn 0.0869 -0.0219 -0.9960
vn 0.2591 -0.0652 -0.9637
vn 0.4256 -0.1072 -0.8985
vn 0.9263 -0.3580 -0.1173
vn 0.0763 -0.0295 -0.9967
vn 0.2284 -0.0883 -0.9695
vn 0.3793 -0.1466 -0.9136
vn 0.5263 -0.2034 -0.8256
vn 0.6643 -0.2568 -0.7019
vn 0.7850 -0.3034 -0.5402
vn 0.8764 -0.3388 -0.3423
vn 0.8017 -0.4601 -0.3815
vn 0.8596 -0.4934 -0.1328
vn 0.0626 -0.0359 -0.9974
vn 0.1887 -0.1083 -0.9760
vn 0.3171 -0.1820 -0.9307
vn 0.4480 -0.2571 -0.8563
vn 0.0466 -0.0410 -0.9981
vn 0.1411 -0.1244 -0.9822
vn 0.2399 -0.2114 -0.9475
vn 0.5726 -0.5046 -0.6461
vn 0.6763 -0.5959 -0.4331
vn 0.7413 -0.6532 -0.1541
vn 0.3844 -0.5968 -0.7043
vn 0.4718 -0.7326 -0.4907
vn 0.5326 -0.8270 -0.1798
vn 0.0287 -0.0445 -0.9986
vn 0.0873 -0.1356 -0.9869
vn 0.1498 -0.2326 -0.9610
vn 0.0296 -0.1414 -0.9895
vn 0.0510 -0.2438 -0.9685
vn 0.1035 -0.4951 -0.8626
vn 0.1369 -0.6549 -0.7432
vn 0.1731 -0.8280 -0.5333
vn 0.2005 -0.9589 -0.2005
vn 0.0097 -0.0463 -0.9989
vn -0.0260 -0.0126 0.9996
vn 0.2706 0.1405 0.9524
vn 0.2680 -0.1947 0.9435
vn -0.1024 -0.3151 0.9435
vn -0.8691 0.1909 0.4562
vn 0.0327 0.9078 0.4181
vn -0.8701 0.4457 0.2105
vn -0.2925 0.9072 0.3023
vn -0.4727 0.7826 0.4050
vn -0.9250 -0.0000 0.3799
vn -0.9034 -0.0784 0.4215
vn -0.4713 -0.5831 0.6617
vn -0.1876 -0.5773 0.7947
vn 0.6077 0.2844 0.7415
vn 0.4208 0.8010 0.4258
vn -0.7710 -0.1073 0.6277
vn 0.1348 0.8355 0.5328
vn -0.0910 0.3260 -0.9410
vn 0.2523 0.7617 0.5968
vn 0.4467 0.6936 0.5652
vn 0.0534 0.3237 -0.9447
vn 0.5871 0.5947 0.5492
vn 0.1992 0.3103 -0.9296
vn 0.6781 0.4872 0.5503
vn 0.3421 0.2821 -0.8963
vn 0.7398 0.3727 0.5602
vn 0.5000 0.2298 -0.8350
vn 0.7905 0.2576 0.5557
vn 0.6064 0.1228 -0.7856
vn 0.7815 0.1579 0.6035
vn 0.6624 0.0454 -0.7477
vn 0.7737 0.1041 0.6249
vn 0.6897 -0.0099 -0.7240
vn 0.7712 0.0564 0.6341
vn 0.6969 -0.0637 -0.7144
vn 0.7774 0.0099 0.6289
vn 0.6845 -0.1156 -0.7198
vn 0.7982 -0.0410 0.6010
vn 0.6470 -0.1632 -0.7448
vn 0.8152 -0.1050 0.5696
vn 0.5971 -0.2100 -0.7742
vn 0.8215 -0.2005 0.5337
vn 0.5149 -0.2638 -0.8156
vn 0.7871 -0.3480 0.5093
vn 0.3796 -0.3209 -0.8677
vn 0.6243 -0.5604 0.5442
vn 0.1803 -0.3676 -0.9123
vn 0.1979 -0.7261 0.6585
vn -0.0603 -0.3860 -0.9205
vn -0.2689 -0.6324 0.7265
vn -0.2846 -0.3727 -0.8832
vn -0.4850 -0.4572 0.7455
vn -0.4528 -0.3441 -0.8225
vn -0.5538 -0.3313 0.7640
vn -0.5674 -0.3155 -0.7606
vn -0.5712 -0.2496 0.7819
vn -0.6471 -0.2902 -0.7050
vn -0.5745 -0.1919 0.7957
vn -0.7049 -0.2642 -0.6583
vn -0.5758 -0.1429 0.8050
vn -0.7467 -0.2311 -0.6237
vn -0.5791 -0.0930 0.8100
vn -0.7752 -0.1876 -0.6032
vn -0.5872 -0.0376 0.8086
vn -0.7920 -0.1356 -0.5952
vn -0.6114 0.0227 0.7910
vn -0.7988 -0.0803 -0.5961
vn -0.6526 0.0914 0.7522
vn -0.7933 -0.0251 -0.6083
vn -0.6743 0.1792 0.7164
vn -0.7716 0.0312 -0.6354
vn -0.6242 0.3162 0.7144
vn -0.7291 0.1091 -0.6757
vn -0.5141 0.4620 0.7226
vn -0.6398 0.2116 -0.7389
vn -0.3870 0.6006 0.6996
vn -0.5066 0.2665 -0.8200
vn -0.2079 0.7117 0.6710
vn -0.3742 0.2996 -0.8776
vn 0.0199 0.7718 0.6355
vn -0.2338 0.3184 -0.9187
vn -0.0000 0.8302 -0.5574
vn -0.0000 0.9233 -0.3841
vn 0.1819 0.9052 -0.3841
vn 0.1634 0.8140 -0.5574
vn -0.0000 0.7052 -0.7090
vn 0.1386 0.6915 -0.7089
vn -0.0000 0.5533 -0.8330
vn 0.1084 0.5427 -0.8329
vn -0.0000 0.3810 -0.9246
vn 0.0741 0.3739 -0.9245
vn -0.0000 0.1955 -0.9807
vn 0.0372 0.1921 -0.9807
vn 0.0881 0.5654 0.8201
vn 0.1827 0.5558 0.8110
vn 0.1970 0.9804 -0.0000
vn -0.0020 -0.0010 -1.0000
vn -0.0000 0.9806 -0.1959
vn 0.1932 0.9614 -0.1958
vn 0.3863 0.9224 -0.0000
vn 0.3788 0.9046 -0.1958
vn 0.3565 0.8518 -0.3840
vn 0.3204 0.7661 -0.5572
vn 0.2718 0.6511 -0.7087
vn 0.2127 0.5114 -0.8326
vn 0.1456 0.3529 -0.9243
vn 0.0735 0.1819 -0.9806
vn 0.2769 0.5359 0.7975
vn 0.3944 0.5856 -0.7082
vn 0.3089 0.4607 -0.8321
vn 0.2119 0.3187 -0.9239
vn 0.1077 0.1652 -0.9804
vn 0.3723 0.5042 0.7792
vn 0.5602 0.8283 -0.0000
vn 0.5493 0.8124 -0.1957
vn 0.5171 0.7651 -0.3837
vn 0.4647 0.6885 -0.5568
vn 0.6982 0.6888 -0.1954
vn 0.6573 0.6490 -0.3832
vn 0.5909 0.5845 -0.5561
vn 0.5018 0.4978 -0.7074
vn 0.3937 0.3925 -0.8313
vn 0.2709 0.2725 -0.9232
vn 0.1386 0.1421 -0.9801
vn 0.4689 0.4573 0.7556
vn 0.7120 0.7022 -0.0000
vn 0.4640 0.3093 -0.8301
vn 0.3205 0.2155 -0.9224
vn 0.1652 0.1132 -0.9797
vn 0.5643 0.3911 0.7270
vn 0.8356 0.5493 -0.0000
vn 0.8195 0.5389 -0.1949
vn 0.7717 0.5082 -0.3823
vn 0.6943 0.4583 -0.5549
vn 0.5903 0.3912 -0.7061
vn 0.8562 0.3488 -0.3811
vn 0.7711 0.3151 -0.5533
vn 0.6566 0.2696 -0.7044
vn 0.5173 0.2138 -0.8286
vn 0.3585 0.1496 -0.9215
vn 0.1862 0.0792 -0.9793
vn 0.6513 0.3014 0.6964
vn 0.9265 0.3764 -0.0000
vn 0.9087 0.3694 -0.1943
vn 0.3829 0.0768 -0.9206
vn 0.2000 0.0409 -0.9790
vn 0.7164 0.1882 0.6719
vn 0.9816 0.1909 -0.0000
vn 0.9630 0.1875 -0.1935
vn 0.9080 0.1772 -0.3797
vn 0.8185 0.1604 -0.5517
vn 0.6980 0.1376 -0.7028
vn 0.5510 0.1094 -0.8273
vn 0.9253 -0.0000 -0.3791
vn 0.8346 -0.0000 -0.5509
vn 0.7121 -0.0000 -0.7021
vn 0.5625 -0.0000 -0.8268
vn 0.3913 -0.0000 -0.9203
vn 0.2049 -0.0000 -0.9788
vn 0.7444 0.0599 0.6651
vn 1.0000 -0.0000 -0.0000
vn 0.9812 -0.0000 -0.1932
vn 0.3829 -0.0768 -0.9206
vn 0.2000 -0.0409 -0.9790
vn 0.7277 -0.0678 0.6825
vn 0.9816 -0.1909 -0.0000
vn 0.9630 -0.1875 -0.1935
vn 0.9080 -0.1772 -0.3797
vn 0.8185 -0.1604 -0.5517
vn 0.6980 -0.1376 -0.7028
vn 0.5510 -0.1094 -0.8273
vn 0.7711 -0.3151 -0.5533
vn 0.6566 -0.2696 -0.7044
vn 0.5173 -0.2138 -0.8286
vn 0.3585 -0.1496 -0.9215
vn 0.1862 -0.0792 -0.9793
vn 0.6722 -0.1801 0.7181
vn 0.9265 -0.3763 -0.0001
vn 0.9087 -0.3694 -0.1943
vn 0.8562 -0.3488 -0.3811
vn 0.5966 -0.2739 0.7544
vn 0.8361 -0.5486 -0.0013
vn 0.1652 -0.1132 -0.9797
vn 0.8192 -0.5394 -0.1950
vn 0.7715 -0.5086 -0.3821
vn 0.6943 -0.4584 -0.5548
vn 0.5903 -0.3912 -0.7061
vn 0.4640 -0.3093 -0.8301
vn 0.3205 -0.2155 -0.9224
vn 0.5865 -0.5900 -0.5548
vn 0.4997 -0.5011 -0.7066
vn 0.3931 -0.3936 -0.8310
vn 0.2709 -0.2726 -0.9232
vn 0.1386 -0.1421 -0.9801
vn 0.5036 -0.3452 0.7920
vn 0.7112 -0.7030 -0.0016
vn 0.6927 -0.6946 -0.1944
vn 0.6513 -0.6559 -0.3816
vn 0.1072 -0.1656 -0.9803
vn 0.5502 -0.8350 0.0032
vn 0.5265 -0.8295 -0.1863
vn 0.4906 -0.7878 -0.3724
vn 0.4416 -0.7109 -0.5474
vn 0.3781 -0.6029 -0.7026
vn 0.2998 -0.4706 -0.8299
vn 0.2085 -0.3224 -0.9233
vn 0.3973 -0.3950 0.8283
vn 0.2258 -0.6904 -0.6873
vn 0.1826 -0.5395 -0.8220
vn 0.1309 -0.3661 -0.9213
vn 0.0693 -0.1850 -0.9803
vn 0.2842 -0.4267 0.8586
vn 0.3565 -0.9342 0.0119
vn 0.3272 -0.9293 -0.1714
vn 0.2962 -0.8876 -0.3528
vn 0.2630 -0.8079 -0.5274
vn 0.1111 -0.9822 -0.1517
vn 0.0869 -0.9415 -0.3257
vn 0.0702 -0.8644 -0.4978
vn 0.0592 -0.7473 -0.6619
vn 0.0513 -0.5897 -0.8060
vn 0.0422 -0.4002 -0.9154
vn 0.0268 -0.1995 -0.9795
vn 0.1696 -0.4417 0.8810
vn 0.1432 -0.9894 0.0234
vn -0.0817 -0.6143 -0.7848
vn -0.0489 -0.4195 -0.9064
vn -0.0187 -0.2074 -0.9781
vn 0.0580 -0.4425 0.8949
vn -0.0712 -0.9968 0.0357
vn -0.1013 -0.9864 -0.1297
vn -0.1173 -0.9482 -0.2951
vn -0.1191 -0.8782 -0.4633
vn -0.1067 -0.7687 -0.6307
vn -0.2942 -0.9495 -0.1090
vn -0.3016 -0.9156 -0.2659
vn -0.2912 -0.8549 -0.4294
vn -0.2604 -0.7574 -0.5988
vn -0.2079 -0.6130 -0.7622
vn -0.1373 -0.4222 -0.8960
vn -0.0636 -0.2077 -0.9761
vn -0.0484 -0.4317 0.9007
vn -0.2698 -0.9618 0.0471
vn -0.3215 -0.5884 -0.7419
vn -0.2182 -0.4087 -0.8862
vn -0.1040 -0.2007 -0.9741
vn -0.1494 -0.4113 0.8992
vn -0.4438 -0.8944 0.0561
vn -0.4604 -0.8829 -0.0923
vn -0.4598 -0.8544 -0.2421
vn -0.4400 -0.8034 -0.4013
vn -0.3957 -0.7189 -0.5715
vn -0.5925 -0.7732 -0.2261
vn -0.5652 -0.7311 -0.3821
vn -0.5106 -0.6590 -0.5523
vn -0.4194 -0.5437 -0.7270
vn -0.2892 -0.3802 -0.8785
vn -0.1394 -0.1873 -0.9724
vn -0.2462 -0.3817 0.8909
vn -0.5918 -0.8037 0.0621
vn -0.6003 -0.7957 -0.0812
vn -0.3488 -0.3382 -0.8741
vn -0.1696 -0.1678 -0.9711
vn -0.3405 -0.3416 0.8760
vn -0.7166 -0.6945 0.0647
vn -0.7177 -0.6921 -0.0764
vn -0.7035 -0.6761 -0.2191
vn -0.6694 -0.6422 -0.3735
vn -0.6059 -0.5812 -0.5433
vn -0.5006 -0.4814 -0.7195
vn -0.7960 -0.5633 -0.2214
vn -0.7551 -0.5372 -0.3758
vn -0.6825 -0.4869 -0.5451
vn -0.5648 -0.4034 -0.7200
vn -0.3958 -0.2835 -0.8735
vn -0.1944 -0.1419 -0.9706
vn -0.4336 -0.2877 0.8539
vn -0.8210 -0.5673 0.0639
vn -0.8163 -0.5723 -0.0781
vn -0.4291 -0.2171 -0.8768
vn -0.2132 -0.1092 -0.9709
vn -0.5240 -0.2147 0.8242
vn -0.9056 -0.4199 0.0595
vn -0.8970 -0.4335 -0.0862
vn -0.8711 -0.4324 -0.2327
vn -0.8227 -0.4148 -0.3888
vn -0.7405 -0.3759 -0.5572
vn -0.6110 -0.3102 -0.7283
vn -0.8697 -0.2729 -0.4112
vn -0.7773 -0.2477 -0.5783
vn -0.6375 -0.2028 -0.7433
vn -0.4468 -0.1396 -0.8837
vn -0.2240 -0.0693 -0.9721
vn -0.6039 -0.1158 0.7886
vn -0.9667 -0.2508 0.0513
vn -0.9568 -0.2729 -0.1004
vn -0.9261 -0.2806 -0.2522
vn -0.2246 -0.0231 -0.9742
vn -0.9973 -0.0622 0.0389
vn -0.9886 -0.0911 -0.1201
vn -0.9544 -0.1077 -0.2786
vn -0.8905 -0.1119 -0.4410
vn -0.7886 -0.1034 -0.6062
vn -0.6405 -0.0829 -0.7635
vn -0.4461 -0.0531 -0.8934
vn -0.6554 0.0127 0.7552
vn -0.7686 0.0522 -0.6376
vn -0.6164 0.0447 -0.7862
vn -0.4249 0.0380 -0.9045
vn -0.2134 0.0261 -0.9766
vn -0.6537 0.1634 0.7389
vn -0.9899 0.1394 0.0240
vn -0.9839 0.1066 -0.1431
vn -0.9476 0.0815 -0.3090
vn -0.8777 0.0638 -0.4750
vn -0.9388 0.3443 0.0103
vn -0.9360 0.3108 -0.1654
vn -0.8989 0.2779 -0.3388
vn -0.8257 0.2451 -0.5082
vn -0.7140 0.2105 -0.6678
vn -0.5644 0.1721 -0.8073
vn -0.3845 0.1272 -0.9143
vn -0.1928 0.0726 -0.9786
vn -0.5862 0.3110 0.7481
vn -0.6262 0.3605 -0.6913
vn -0.4883 0.2905 -0.8229
vn -0.3305 0.2077 -0.9207
vn -0.1668 0.1117 -0.9796
vn -0.4710 0.4266 0.7721
vn -0.8434 0.5373 0.0007
vn -0.8426 0.5067 -0.1825
vn -0.8062 0.4675 -0.3626
vn -0.7338 0.4191 -0.5347
vn -0.7101 0.6772 -0.1929
vn -0.6751 0.6337 -0.3777
vn -0.6086 0.5711 -0.5509
vn -0.5145 0.4891 -0.7043
vn -0.3997 0.3888 -0.8301
vn -0.2724 0.2717 -0.9230
vn -0.1387 0.1421 -0.9801
vn -0.3423 0.5003 0.7953
vn -0.7121 0.7021 -0.0039
vn -0.3091 0.4606 -0.8320
vn -0.2119 0.3187 -0.9239
vn -0.1077 0.1652 -0.9804
vn -0.2219 0.5409 0.8113
vn -0.5573 0.8303 -0.0040
vn -0.5520 0.8104 -0.1964
vn -0.5209 0.7628 -0.3831
vn -0.4675 0.6872 -0.5560
vn -0.3954 0.5853 -0.7079
vn -0.3787 0.9045 -0.1958
vn -0.3565 0.8518 -0.3839
vn -0.3204 0.7661 -0.5572
vn -0.2718 0.6511 -0.7087
vn -0.2127 0.5114 -0.8326
vn -0.1456 0.3529 -0.9243
vn -0.0735 0.1819 -0.9806
vn -0.1107 0.5578 0.8226
vn -0.3851 0.9229 -0.0010
vn -0.1084 0.5427 -0.8329
vn -0.0741 0.3739 -0.9245
vn -0.0372 0.1921 -0.9807
vn -0.0087 0.5653 0.8249
vn -0.1970 0.9804 -0.0000
vn -0.1932 0.9614 -0.1958
vn -0.1819 0.9052 -0.3841
vn -0.1634 0.8140 -0.5574
vn -0.1386 0.6915 -0.7089
vn 0.8501 0.5266 -0.0000
vn 0.8469 0.5214 -0.1044
vn -0.0000 0.9805 -0.1963
vn 0.8370 0.5050 -0.2106
vn -0.0000 0.9229 -0.3849
vn 0.8196 0.4752 -0.3200
vn -0.0000 0.8295 -0.5585
vn 0.7937 0.4281 -0.4321
vn -0.0000 0.7039 -0.7103
vn 0.7593 0.3587 -0.5429
vn -0.0000 0.5513 -0.8343
vn 0.7200 0.2625 -0.6424
vn -0.0000 0.3782 -0.9257
vn 0.6861 0.1397 -0.7140
vn -0.0000 0.1921 -0.9814
vn 0.6723 -0.0000 -0.7403
vn -0.0000 -0.0000 -1.0000
vn 0.6861 -0.1397 -0.7140
vn -0.0000 -0.1921 -0.9814
vn 0.7200 -0.2625 -0.6424
vn -0.0000 -0.3782 -0.9257
vn 0.7593 -0.3587 -0.5429
vn -0.0000 -0.5513 -0.8343
vn 0.7937 -0.4281 -0.4321
vn -0.0000 -0.7039 -0.7103
vn 0.8196 -0.4752 -0.3200
vn -0.0000 -0.8295 -0.5585
vn 0.8370 -0.5050 -0.2106
vn -0.0000 -0.9229 -0.3849
vn 0.8469 -0.5214 -0.1044
vn -0.0000 -0.9805 -0.1963
vn 0.8501 -0.5266 -0.0000
vn -0.0000 -1.0000 -0.0000
vn 0.8469 -0.5214 0.1044
vn -0.0000 -0.9805 0.1963
vn 0.8370 -0.5050 0.2106
vn -0.0000 -0.9229 0.3849
vn 0.8196 -0.4752 0.3200
vn -0.0000 -0.8295 0.5585
vn 0.7937 -0.4281 0.4321
vn -0.0000 -0.7039 0.7103
vn 0.7593 -0.3587 0.5429
vn -0.0000 -0.5513 0.8343
vn 0.7200 -0.2625 0.6424
vn -0.0000 -0.3782 0.9257
vn 0.6861 -0.1398 0.7140
vn -0.0000 -0.1921 0.9814
vn 0.6723 -0.0000 0.7403
vn -0.0000 -0.0000 1.0000
vn 0.6861 0.1398 0.7140
vn -0.0000 0.1921 0.9814
vn 0.7200 0.2625 0.6424
vn -0.0000 0.3782 0.9257
vn 0.7593 0.3587 0.5429
vn -0.0000 0.5513 0.8343
vn 0.7937 0.4281 0.4321
vn -0.0000 0.7039 0.7103
vn 0.8196 0.4752 0.3200
vn -0.0000 0.8295 0.5585
vn 0.8370 0.5050 0.2106
vn -0.0000 0.9229 0.3849
vn 0.8481 0.4393 0.2962
vn 0.8608 0.4697 0.1961
vn 0.8469 0.5214 0.1044
vn -0.0000 0.9805 0.1963
vn -0.5483 -0.1778 0.8172
vn -0.5614 0.0227 0.8272
vn -0.8376 -0.1037 -0.5363
vn -0.8498 0.0377 -0.5258
vn 0.0035 0.9818 0.1899
vn 0.8472 0.5214 0.1022
vn 0.8501 0.5266 -0.0001
vn 0.0004 1.0000 -0.0002
vn 0.9989 0.0407 -0.0238
vn 0.9986 0.0461 -0.0273
vn 0.7698 0.0813 0.6331
vn 0.7732 0.2002 0.6017
vn 0.0137 0.9328 0.3602
vn 0.8393 0.5054 0.2004
vn 0.9995 0.0211 -0.0228
vn 0.9998 0.0150 -0.0161
vn 0.8032 -0.3311 -0.4953
vn 0.8272 -0.3955 -0.3991
vn 0.0336 0.8625 0.5049
vn 0.8280 0.4807 0.2885
vn -1.0000 -0.0000 -0.0000
vn -0.7782 0.2770 0.5636
vn -0.7513 0.1750 0.6364
vn 0.0619 0.7800 0.6227
vn 0.8161 0.4513 0.3609
vn -0.8509 -0.4501 -0.2710
vn -0.8332 -0.4081 -0.3731
vn 0.0958 0.6875 0.7198
vn 0.8040 0.4162 0.4247
vn 0.9992 0.0338 -0.0199
vn 0.7881 0.2981 0.5386
vn 0.1328 0.5800 0.8037
vn 0.7913 0.3691 0.4875
vn 0.9992 0.0264 -0.0287
vn 0.8467 -0.4384 -0.3016
vn 0.1698 0.4485 0.8775
vn 0.7767 0.3020 0.5528
vn -0.8049 0.3542 0.4760
vn 0.2023 0.2807 0.9382
vn 0.7609 0.2020 0.6166
vn -0.8622 -0.4758 -0.1740
vn 0.2224 0.0681 0.9726
vn 0.7538 0.0593 0.6545
vn -0.8645 0.4929 -0.0987
vn -0.8670 0.4983 -0.0001
vn 0.2210 -0.1827 0.9580
vn 0.7718 -0.1097 0.6263
vn 0.9995 0.0261 -0.0155
vn 0.8074 0.3719 0.4580
vn 0.1921 -0.4448 0.8748
vn 0.8096 -0.2615 0.5255
vn 0.9989 0.0311 -0.0337
vn 0.8611 -0.4647 -0.2064
vn 0.1398 -0.6717 0.7275
vn 0.8427 -0.3678 0.3932
vn 1.0000 0.0003 -0.0001
vn 0.8668 0.4987 -0.0003
vn 0.8645 0.4929 -0.0987
vn 0.0790 -0.8306 0.5512
vn 0.8605 -0.4331 0.2681
vn -0.8275 0.4106 0.3830
vn 0.0234 -0.9256 0.3777
vn 0.8664 -0.4725 0.1614
vn -0.8679 -0.4899 -0.0818
vn -0.0216 -0.9759 0.2170
vn 0.8651 -0.4967 0.0695
vn -0.8568 0.4759 -0.1985
vn -0.0553 -0.9963 0.0653
vn 0.8594 -0.5111 -0.0141
vn 0.9998 0.0180 -0.0107
vn 0.8263 0.4246 0.3702
vn -0.0783 -0.9933 -0.0856
vn 0.8503 -0.5176 -0.0957
vn 0.9987 0.0351 -0.0375
vn 0.8710 -0.4781 -0.1135
vn -0.0912 -0.9656 -0.2436
vn 0.8374 -0.5155 -0.1817
vn 0.8568 0.4759 -0.1985
vn -0.0939 -0.9060 -0.4127
vn 0.8190 -0.5016 -0.2785
vn -0.8449 0.4505 0.2884
vn -0.0862 -0.8034 -0.5892
vn 0.7923 -0.4688 -0.3905
vn -0.8689 -0.4949 0.0083
vn -0.0685 -0.6490 -0.7577
vn 0.7548 -0.4052 -0.5158
vn -0.8436 0.4454 -0.2999
vn -0.0449 -0.4503 -0.8917
vn 0.7153 -0.2984 -0.6320
vn 0.9999 0.0108 -0.0067
vn 0.8425 0.4604 0.2797
vn -0.0224 -0.2312 -0.9726
vn 0.6855 -0.1584 -0.7106
vn 0.9984 0.0387 -0.0400
vn 0.8768 -0.4804 -0.0211
vn -0.0074 -0.0127 -0.9999
vn 0.6719 -0.0059 -0.7406
vn 0.8436 0.4454 -0.2999
vn -0.0011 0.1911 -0.9816
vn 0.6860 0.1394 -0.7141
vn -0.8572 0.4774 0.1931
vn -0.8652 -0.4914 0.0997
vn -0.8245 0.3982 -0.4019
vn 1.0000 0.0054 -0.0038
vn 0.8552 0.4830 0.1882
vn 0.9983 0.0420 -0.0412
vn 0.8786 -0.4719 0.0731
vn 0.8245 0.3982 -0.4019
vn -0.8645 0.4931 0.0972
vn -0.8563 -0.4780 0.1958
vn 0.8636 0.4951 0.0954
vn -0.7326 0.0492 0.6789
vn 0.7812 -0.0476 0.6225
vn -0.7327 -0.0897 0.6746
vn 0.8032 -0.1720 0.5703
vn -0.7541 -0.2221 0.6180
vn 0.8289 -0.2785 0.4852
vn -0.7866 -0.3291 0.5225
vn 0.8514 -0.3594 0.3821
vn -0.8174 -0.4039 0.4106
vn 0.8671 -0.4153 0.2750
vn -0.8408 -0.4510 0.2995
vn 0.8758 -0.4512 0.1714
vn -0.8089 -0.3441 -0.4768
vn 0.7775 -0.2414 -0.5807
vn -0.7807 -0.2530 -0.5714
vn 0.7568 -0.1284 -0.6409
vn -0.7565 -0.1359 -0.6397
vn 0.7484 -0.0014 -0.6633
vn -0.7462 -0.0040 -0.6657
vn 0.7542 0.1258 -0.6445
vn -0.7537 0.1257 -0.6451
vn 0.7746 0.2392 -0.5855
vn -0.7746 0.2392 -0.5855
vn 0.8005 0.3304 -0.5001
vn -0.8005 0.3304 -0.5001
vn 0.9999 0.0090 -0.0095
vn 0.9983 0.0498 -0.0305
vn 1.0000 0.0046 -0.0045
vn 0.9981 0.0515 -0.0335
vn 1.0000 0.0018 -0.0016
vn 0.9980 0.0513 -0.0361
vn 1.0000 0.0003 -0.0003
vn 0.9980 0.0499 -0.0385
vn 0.9980 0.0477 -0.0403
vn 0.9981 0.0450 -0.0413
vn 1.0000 0.0019 -0.0014
vn 1.0000 0.0014 -0.0010
vn 1.0000 0.0003 -0.0004
vn 0.9979 0.0448 -0.0470
vn 0.9977 0.0489 -0.0467
vn 0.9976 0.0529 -0.0451
vn 0.9975 0.0563 -0.0425
vn 0.9975 0.0585 -0.0392
vn 1.0000 0.0004 -0.0002
vn 0.9976 0.0590 -0.0356
vn 1.0000 0.0011 -0.0011
vn 0.9979 0.0571 -0.0317
vn 1.0000 0.0043 -0.0050
vn 0.9982 0.0526 -0.0277
vn 0.9998 0.0112 -0.0132
vn 0.9981 0.0406 -0.0457
vn 1.0000 0.0053 -0.0029
vn 0.9984 0.0361 -0.0426
vn 0.9999 0.0141 -0.0077
vn 0.9988 0.0312 -0.0376
vn 0.9996 0.0257 -0.0136
vn 0.9992 0.0255 -0.0309
vn 0.9992 0.0364 -0.0188
vn 0.9996 0.0189 -0.0226
vn 0.9987 0.0456 -0.0235
vn -0.7937 0.4281 -0.4321
vn -0.7593 0.3587 -0.5429
vn -0.8469 0.5214 0.1044
vn -0.8501 0.5266 -0.0000
vn -0.8370 -0.5050 0.2106
vn -0.8196 -0.4752 0.3200
vn -0.7200 0.2625 -0.6424
vn -0.7937 -0.4282 0.4321
vn -0.6861 0.1397 -0.7140
vn -0.7593 -0.3587 0.5429
vn -0.6723 -0.0000 -0.7403
vn -0.7200 -0.2625 0.6424
vn -0.6861 -0.1397 -0.7140
vn -0.6861 -0.1398 0.7140
vn -0.7200 -0.2625 -0.6424
vn -0.6723 -0.0000 0.7403
vn -0.7593 -0.3587 -0.5429
vn -0.6861 0.1398 0.7140
vn -0.7937 -0.4281 -0.4321
vn -0.8469 -0.5214 0.1044
vn -0.8370 0.5050 0.2106
vn -0.8196 0.4752 -0.3200
vn -0.8501 -0.5266 -0.0000
vn -0.8196 0.4752 0.3200
vn -0.8370 0.5050 -0.2106
vn -0.8469 -0.5214 -0.1044
vn -0.7937 0.4281 0.4321
vn -0.8469 0.5214 -0.1044
vn -0.8370 -0.5050 -0.2106
vn -0.7593 0.3587 0.5429
vn -0.8196 -0.4752 -0.3200
vn -0.7200 0.2625 0.6424
vn -0.8512 0.5249 0.0013
vn -0.8470 0.5212 -0.1042
vn -0.7202 0.2622 -0.6423
vn -0.6875 0.1370 -0.7131
vn -0.6763 -0.0176 -0.7364
vn -0.7040 -0.1852 -0.6856
vn -0.7565 -0.3280 -0.5658
vn -0.8030 -0.4243 -0.4185
vn -0.8311 -0.4801 -0.2806
vn -0.8438 -0.5108 -0.1645
vn -0.8464 -0.5282 -0.0682
vn -0.8423 -0.5388 0.0147
vn -0.8328 -0.5459 0.0912
vn -0.8178 -0.5501 0.1694
vn -0.7945 -0.5489 0.2599
vn -0.7571 -0.5344 0.3758
vn -0.6960 -0.4858 0.5287
vn -0.6110 -0.3683 0.7008
vn -0.6263 0.1799 0.7585
vn -0.6944 0.2844 0.6609
vn -0.7472 0.3526 0.5633
vn -0.7854 0.4006 0.4720
vn -0.8127 0.4380 0.3842
vn -0.8321 0.4690 0.2960
vn -0.8449 0.4947 0.2036
vn -0.8510 0.5145 0.1052
vn 0.8298 0.3925 -0.3966
vn 0.8481 0.4393 -0.2962
vn 0.8247 0.4693 -0.3156
vn 0.7998 0.4228 -0.4261
vn -0.7825 -0.2347 0.5767
vn -0.7632 -0.1193 0.6350
vn -0.6888 -0.1333 0.7126
vn -0.7281 -0.2589 0.6347
vn -0.8699 -0.4932 0.0033
vn -0.8666 -0.4919 -0.0841
vn 0.7822 0.2353 -0.5768
vn 0.7625 0.1241 -0.6350
vn -0.8068 -0.3254 0.4931
vn 0.8682 -0.4866 -0.0975
vn 0.8706 -0.4920 -0.0000
vn -0.8732 0.4772 0.0987
vn -0.8629 0.4726 0.1789
vn 0.8068 -0.3254 0.4931
vn 0.7822 -0.2353 0.5768
vn -0.8304 -0.2222 -0.5109
vn 0.8682 0.4866 0.0975
vn 0.7549 -0.0000 -0.6559
vn -0.8814 0.4720 0.0207
vn 0.7625 -0.1241 0.6350
vn -0.8296 -0.3105 -0.4640
vn 0.8706 0.4920 -0.0000
vn 0.7625 -0.1241 -0.6350
vn -0.7534 0.0147 0.6573
vn -0.8876 0.4566 -0.0601
vn 0.7549 -0.0000 0.6559
vn -0.8329 -0.3722 -0.4097
vn 0.8682 0.4866 -0.0975
vn 0.7822 -0.2353 -0.5768
vn -0.7597 0.1529 0.6320
vn -0.8913 0.4283 -0.1492
vn 0.7625 0.1241 0.6350
vn -0.8681 -0.4866 0.0979
vn -0.8382 -0.4152 -0.3535
vn 0.8608 0.4697 -0.1961
vn 0.8682 -0.4866 0.0975
vn 0.8068 -0.3254 -0.4931
vn -0.7811 0.2749 0.5606
vn -0.8902 0.3802 -0.2508
vn 0.7822 0.2353 0.5768
vn -0.8449 -0.4461 -0.2950
vn -0.8608 -0.4697 0.1961
vn 0.8298 -0.3925 -0.3966
vn -0.8079 0.3652 0.4626
vn 0.8608 -0.4697 0.1961
vn -0.8817 0.3017 -0.3628
vn 0.8068 0.3254 0.4931
vn -0.8525 -0.4684 -0.2320
vn -0.8481 -0.4393 0.2962
vn 0.8481 -0.4393 -0.2962
vn -0.8314 0.4230 0.3604
vn 0.8481 -0.4393 0.2962
vn -0.8658 0.1834 -0.4656
vn 0.8298 0.3925 0.3966
vn -0.8601 -0.4836 -0.1622
vn 0.8068 0.3254 -0.4931
vn -0.8298 -0.3925 0.3966
vn 0.8608 -0.4697 -0.1961
vn -0.8494 0.4562 0.2653
vn 0.8298 -0.3925 0.3966
vn -0.7998 -0.4228 0.4261
vn -0.7667 -0.3543 0.5354
vn -0.9997 -0.0183 0.0147
vn -0.9997 -0.0185 0.0149
vn -0.8743 0.4817 -0.0601
vn -0.8756 0.4586 -0.1513
vn -0.9976 -0.0513 0.0459
vn -0.9977 -0.0490 0.0460
vn 0.7288 -0.2594 0.6337
vn 0.6960 -0.1382 0.7046
vn -0.8167 0.2495 -0.5203
vn -0.8514 0.3564 -0.3848
vn -0.6657 0.0208 0.7460
vn 0.7667 0.3543 -0.5354
vn 0.6826 -0.0000 0.7308
vn -0.7773 0.0930 -0.6222
vn -0.6804 0.1810 0.7101
vn 0.7288 0.2594 -0.6337
vn 0.6960 0.1382 0.7046
vn -0.7617 -0.0830 -0.6425
vn -0.7231 0.3148 0.6148
vn 0.6960 0.1382 -0.7046
vn 0.7288 0.2594 0.6337
vn -0.7730 -0.2295 -0.5915
vn -0.7688 0.4058 0.4943
vn 0.6826 -0.0000 -0.7308
vn 0.7667 0.3543 0.5354
vn -0.7904 -0.3290 -0.5168
vn -0.8044 0.4592 0.3770
vn 0.6960 -0.1382 -0.7046
vn 0.7998 0.4228 0.4261
vn -0.8046 -0.3939 -0.4443
vn -0.8294 0.4872 0.2734
vn 0.7288 -0.2594 -0.6337
vn 0.8247 0.4693 0.3156
vn -0.8158 -0.4383 -0.3774
vn -0.8469 0.4994 0.1829
vn -0.8510 -0.5150 0.1031
vn -0.8534 -0.5212 0.0033
vn 0.7667 -0.3543 -0.5354
vn 0.8415 0.4988 0.2078
vn 0.8541 -0.5202 -0.0000
vn 0.8510 -0.5150 0.1030
vn -0.8255 -0.4702 -0.3120
vn -0.8594 0.5012 0.1010
vn -0.8415 -0.4988 0.2078
vn 0.7998 -0.4228 -0.4261
vn 0.8510 0.5150 0.1030
vn 0.8415 -0.4988 0.2078
vn -0.8347 -0.4938 -0.2440
vn -0.8685 0.4952 0.0219
vn -0.8247 -0.4693 0.3156
vn 0.8247 -0.4693 -0.3156
vn 0.8541 0.5202 -0.0000
vn 0.8247 -0.4693 0.3156
vn -0.8431 -0.5102 -0.1699
vn 0.8415 -0.4988 -0.2078
vn 0.8510 0.5150 -0.1030
vn 0.7998 -0.4228 0.4261
vn -0.8500 -0.5195 -0.0879
vn 0.8510 -0.5150 -0.1030
vn 0.8415 0.4988 -0.2078
vn 0.7667 -0.3543 0.5354
vn -0.8697 0.4205 -0.2582
vn -0.9997 -0.0202 0.0160
vn -0.9997 -0.0190 0.0152
vn -0.9997 -0.0188 0.0151
vn -0.9997 -0.0187 0.0150
vn -0.9997 -0.0180 0.0146
vn -0.9997 -0.0188 0.0154
vn -0.9996 -0.0218 0.0186
vn -0.9994 -0.0261 0.0235
vn -0.9991 -0.0303 0.0285
vn -0.9989 -0.0340 0.0332
vn -0.9986 -0.0372 0.0371
vn -0.9984 -0.0400 0.0403
vn -0.9982 -0.0424 0.0427
vn -0.9980 -0.0446 0.0444
vn -0.9979 -0.0467 0.0455
vn -0.9975 -0.0538 0.0453
vn -0.9974 -0.0562 0.0442
vn -0.9974 -0.0584 0.0427
vn -0.9974 -0.0597 0.0407
vn -0.9975 -0.0591 0.0382
vn -0.9978 -0.0566 0.0356
vn -0.9980 -0.0530 0.0331
vn -0.9983 -0.0486 0.0307
vn -0.9986 -0.0436 0.0283
vn -0.9989 -0.0384 0.0258
vn -0.9992 -0.0331 0.0232
vn -0.9994 -0.0280 0.0206
vn -0.9996 -0.0234 0.0180
vn 0.0152 0.4918 0.8706
vn 0.0141 -0.4894 0.8719
vn 0.1784 -0.4917 0.8523
vn 0.1800 0.4909 0.8524
vn 0.3346 -0.4920 0.8037
vn 0.3367 0.4904 0.8038
vn 0.4826 -0.4904 0.7257
vn 0.4843 0.4904 0.7246
vn 0.6148 -0.4905 0.6176
vn 0.6162 0.4904 0.6162
vn 0.7235 -0.4906 0.4857
vn 0.7246 0.4904 0.4842
vn 0.8043 -0.4908 0.3351
vn 0.8052 0.4904 0.3335
vn 0.8542 -0.4909 0.1715
vn 0.8548 0.4904 0.1700
vn 0.8711 -0.4910 0.0013
vn 0.8715 0.4904 -0.0000
vn 0.8545 -0.4911 -0.1690
vn 0.8548 0.4904 -0.1700
vn 0.8050 -0.4912 -0.3328
vn 0.8052 0.4904 -0.3335
vn 0.7243 -0.4912 -0.4837
vn 0.7246 0.4904 -0.4842
vn 0.6158 -0.4912 -0.6160
vn 0.6162 0.4904 -0.6162
vn 0.4835 -0.4912 -0.7246
vn 0.4842 0.4904 -0.7246
vn 0.3325 -0.4911 -0.8051
vn 0.3335 0.4904 -0.8052
vn 0.1687 -0.4910 -0.8546
vn 0.1700 0.4904 -0.8548
vn -0.0015 -0.4909 -0.8712
vn -0.0000 0.4904 -0.8715
vn -0.1717 -0.4908 -0.8542
vn -0.1700 0.4904 -0.8548
vn -0.3352 -0.4906 -0.8043
vn -0.3335 0.4904 -0.8052
vn -0.4858 -0.4905 -0.7235
vn -0.4842 0.4904 -0.7246
vn -0.6177 -0.4903 -0.6149
vn -0.6163 0.4904 -0.6162
vn -0.7273 -0.4894 -0.4811
vn -0.7258 0.4904 -0.4824
vn -0.8083 -0.4898 -0.3267
vn -0.8075 0.4901 -0.3282
vn -0.8561 -0.4909 -0.1617
vn -0.8564 0.4897 -0.1634
vn -0.8710 -0.4913 0.0062
vn -0.8719 0.4896 0.0046
vn -0.8540 -0.4907 0.1727
vn -0.8547 0.4900 0.1711
vn -0.8057 -0.4892 0.3340
vn -0.8055 0.4909 0.3320
vn -0.7261 -0.4871 0.4852
vn -0.7248 0.4920 0.4823
vn -0.6163 -0.4853 0.6202
vn -0.6142 0.4931 0.6162
vn -0.4796 -0.4845 0.7316
vn -0.4775 0.4936 0.7268
vn -0.3230 -0.4851 0.8126
vn -0.3214 0.4936 0.8081
vn -0.1554 -0.4869 0.8595
vn -0.1543 0.4928 0.8563
vn 0.7790 0.5377 -0.3227
vn 0.8269 0.5377 -0.1645
vn -0.1951 -0.0000 0.9808
vn -0.1700 -0.4904 0.8548
vn -0.0000 -0.4904 0.8715
vn -0.3827 -0.0000 0.9239
vn -0.3335 -0.4904 0.8052
vn -0.5556 -0.0000 0.8315
vn -0.4842 -0.4904 0.7246
vn -0.7071 -0.0000 0.7071
vn -0.6162 -0.4904 0.6163
vn -0.8315 -0.0000 0.5556
vn -0.7246 -0.4904 0.4842
vn -0.9239 -0.0000 0.3827
vn -0.8052 -0.4904 0.3335
vn -0.9808 -0.0000 0.1951
vn -0.8548 -0.4904 0.1700
vn -0.8715 -0.4904 -0.0000
vn -0.9808 -0.0000 -0.1951
vn -0.8548 -0.4904 -0.1700
vn -0.9239 -0.0000 -0.3827
vn -0.8052 -0.4904 -0.3335
vn -0.8315 -0.0000 -0.5556
vn -0.7246 -0.4904 -0.4842
vn -0.7071 -0.0000 -0.7071
vn -0.6162 -0.4904 -0.6163
vn -0.5556 -0.0000 -0.8315
vn -0.4842 -0.4904 -0.7246
vn -0.3827 -0.0000 -0.9239
vn -0.3335 -0.4904 -0.8052
vn -0.1951 -0.0000 -0.9808
vn -0.1700 -0.4904 -0.8548
vn -0.0000 -0.4904 -0.8715
vn 0.1951 -0.0000 -0.9808
vn 0.1700 -0.4904 -0.8548
vn 0.3827 -0.0000 -0.9239
vn 0.3335 -0.4904 -0.8052
vn 0.5556 -0.0000 -0.8315
vn 0.4842 -0.4904 -0.7246
vn 0.7071 -0.0000 -0.7071
vn 0.6162 -0.4904 -0.6163
vn 0.8315 -0.0000 -0.5556
vn 0.7246 -0.4904 -0.4842
vn 0.9239 -0.0000 -0.3827
vn 0.8052 -0.4904 -0.3335
vn 0.9808 -0.0000 -0.1951
vn 0.8548 -0.4904 -0.1700
vn 0.8715 -0.4904 -0.0000
vn 0.9808 -0.0000 0.1951
vn 0.8548 -0.4904 0.1700
vn 0.9239 -0.0000 0.3827
vn 0.8052 -0.4904 0.3335
vn 0.8315 -0.0000 0.5556
vn 0.7246 -0.4904 0.4842
vn 0.7071 -0.0000 0.7071
vn 0.6162 -0.4904 0.6163
vn 0.5556 -0.0000 0.8315
vn 0.4842 -0.4904 0.7246
vn 0.3827 -0.0000 0.9239
vn 0.3335 -0.4904 0.8052
vn 0.1951 -0.0000 0.9808
vn 0.1700 -0.4904 0.8548
vn -0.7790 -0.5377 0.3227
vn -0.7011 -0.5377 0.4684
vn -0.0000 -0.5377 0.8431
vn 0.1645 -0.5377 0.8269
vn 0.4684 0.5377 -0.7010
vn 0.5962 0.5377 -0.5962
vn -0.5962 -0.5377 0.5962
vn 0.3226 -0.5377 0.7790
vn 0.3227 0.5377 -0.7790
vn -0.4684 -0.5377 0.7011
vn 0.4684 -0.5377 0.7010
vn 0.1645 0.5377 -0.8269
vn -0.3226 -0.5377 0.7790
vn 0.5962 -0.5377 0.5962
vn -0.0000 0.5377 -0.8431
vn -0.1645 -0.5377 0.8269
vn 0.7010 -0.5377 0.4684
vn -0.1645 0.5377 -0.8269
vn 0.7790 -0.5377 0.3227
vn -0.3227 0.5377 -0.7790
vn 0.8269 -0.5377 0.1645
vn -0.4684 0.5377 -0.7010
vn 0.8431 -0.5377 -0.0000
vn -0.5962 0.5377 -0.5962
vn 0.8269 -0.5377 -0.1645
vn -0.7010 0.5377 -0.4684
vn 0.7790 -0.5377 -0.3227
vn -0.7790 0.5377 -0.3227
vn 0.7010 -0.5377 -0.4684
vn -0.8269 0.5377 -0.1645
vn 0.5962 -0.5377 -0.5962
vn -0.8431 0.5377 -0.0000
vn 0.4684 -0.5377 -0.7010
vn -0.8269 0.5377 0.1645
vn -0.1645 0.5377 0.8269
vn -0.0000 0.5377 0.8431
vn -0.3226 0.5377 0.7790
vn -0.4684 0.5377 0.7010
vn -0.5962 0.5377 0.5962
vn -0.7010 0.5377 0.4684
vn -0.7790 0.5377 0.3227
vn -0.8269 -0.5377 0.1645
vn -0.8431 -0.5377 -0.0000
vn -0.8269 -0.5377 -0.1645
vn -0.7790 -0.5377 -0.3227
vn -0.7010 -0.5377 -0.4684
vn -0.5962 -0.5377 -0.5962
vn -0.4684 -0.5377 -0.7010
vn -0.3227 -0.5377 -0.7790
vn -0.1645 -0.5377 -0.8269
vn -0.0000 -0.5377 -0.8431
vn 0.1645 -0.5377 -0.8269
vn 0.3227 -0.5377 -0.7790
vn 0.7010 0.5377 -0.4684
vn 0.8431 0.5377 -0.0000
vn 0.8269 0.5377 0.1645
vn 0.7790 0.5377 0.3227
vn 0.7010 0.5377 0.4684
vn 0.5962 0.5377 0.5962
vn 0.4684 0.5377 0.7010
vn 0.3226 0.5377 0.7790
vn 0.1645 0.5377 0.8269
vn -0.8052 0.4904 -0.3335
vn -0.8548 0.4904 -0.1700
vn 0.4841 -0.4904 0.7247
vn 0.5555 -0.0000 0.8315
vn 0.6163 -0.4904 0.6162
vn -0.7246 0.4904 -0.4842
vn -0.6162 0.4904 -0.6163
vn -0.6162 0.4904 -0.6162
vn -0.6163 -0.4904 -0.6162
vn 0.6163 -0.4904 -0.6162
vn -0.4841 0.4904 -0.7247
vn 0.4841 -0.4904 -0.7247
vn 0.5555 -0.0000 -0.8315
vn -0.1700 0.4904 0.8548
vn -0.0000 0.4904 0.8715
vn 0.7011 -0.5377 0.4684
vn 0.7011 0.5377 0.4684
vn 0.6162 0.4904 0.6163
vn -0.3335 0.4904 0.8052
vn -0.3227 0.5377 0.7790
vn -0.3227 -0.5377 0.7790
vn -0.6163 -0.4904 0.6162
vn 0.4842 0.4904 0.7246
vn -0.4841 0.4904 0.7247
vn -0.4684 -0.5377 0.7010
vn -0.4842 0.4904 0.7246
vn 0.4684 0.5377 0.7011
vn 0.3227 0.5377 0.7790
vn 0.3227 -0.5377 0.7790
vn 0.4684 -0.5377 0.7011
vn 0.7011 -0.5377 -0.4684
vn -0.7010 -0.5377 0.4684
vn -0.8715 0.4904 -0.0000
vn -0.8548 0.4904 0.1700
vn 0.6163 0.4904 -0.6162
vn 0.6162 0.4904 -0.6163
vn -0.8052 0.4904 0.3335
vn -0.7246 0.4904 0.4842
vn 0.1700 0.4904 0.8548
vn -0.6162 0.4904 0.6162
vn 0.3335 0.4904 0.8052
vn -0.6162 0.4904 0.6163
vn -0.4684 0.5377 -0.7011
vn -0.7011 0.5377 -0.4684
vn -0.7790 0.5377 -0.3226
vn 0.4684 0.5377 -0.7011
vn 0.6163 0.4904 0.6162
vn -0.6163 0.4904 0.6162
vn -0.5555 -0.0000 -0.8315
vn -0.5555 -0.0000 0.8315
vt 0.520412 0.690291
vt 0.485417 0.690677
vt 0.211364 0.251764
vt 0.457965 0.690951
vt 0.232918 0.259273
vt 0.389541 0.691443
vt 0.236574 0.263492
vt 0.517691 0.727616
vt 0.230339 0.300072
vt 0.483397 0.720657
vt 0.219387 0.303248
vt 0.455447 0.716003
vt 0.201101 0.294282
vt 0.201992 0.273069
vt 0.430282 0.711542
vt 0.213811 0.262978
vt 0.387847 0.703403
vt 0.223674 0.261825
vt 0.375614 0.705614
vt 0.353528 0.705975
vt 0.229879 0.263632
vt 0.334466 0.698322
vt 0.233642 0.265999
vt 0.310598 0.694975
vt 0.230165 0.298717
vt 0.507852 0.766039
vt 0.220894 0.299009
vt 0.474788 0.751939
vt 0.210599 0.290946
vt 0.447180 0.741838
vt 0.210497 0.277870
vt 0.422327 0.733383
vt 0.216926 0.270131
vt 0.398253 0.726407
vt 0.223487 0.267655
vt 0.375859 0.720861
vt 0.228391 0.267715
vt 0.231819 0.268730
vt 0.354394 0.712223
vt 0.331669 0.704749
vt 0.230326 0.297418
vt 0.309202 0.698068
vt 0.222896 0.296043
vt 0.216695 0.289455
vt 0.488739 0.806236
vt 0.458200 0.784235
vt 0.216357 0.280823
vt 0.432273 0.767858
vt 0.219964 0.274954
vt 0.409138 0.754435
vt 0.224285 0.272198
vt 0.387452 0.742930
vt 0.227995 0.271341
vt 0.230892 0.271409
vt 0.366924 0.732272
vt 0.347067 0.721105
vt 0.230730 0.296243
vt 0.326910 0.710600
vt 0.224960 0.293987
vt 0.306931 0.700899
vt 0.221061 0.288731
vt 0.457421 0.847302
vt 0.220715 0.282744
vt 0.431461 0.815823
vt 0.222789 0.278301
vt 0.409472 0.792191
vt 0.225625 0.275713
vt 0.389842 0.773377
vt 0.228363 0.274460
vt 0.371568 0.757283
vt 0.230748 0.274003
vt 0.354225 0.742663
vt 0.231296 0.295217
vt 0.337393 0.728735
vt 0.226906 0.292540
vt 0.320598 0.715598
vt 0.224394 0.288341
vt 0.303892 0.703341
vt 0.224116 0.284016
vt 0.408647 0.915521
vt 0.225346 0.280635
vt 0.436015 0.865975
vt 0.227212 0.278385
vt 0.393236 0.839763
vt 0.229195 0.277036
vt 0.378728 0.811266
vt 0.231073 0.276288
vt 0.236342 0.296080
vt 0.364801 0.788251
vt 0.351415 0.768560
vt 0.231960 0.294341
vt 0.338456 0.750954
vt 0.228666 0.291487
vt 0.325729 0.734708
vt 0.227042 0.288088
vt 0.313010 0.719525
vt 0.226849 0.284846
vt 0.300219 0.705292
vt 0.227604 0.282245
vt 0.289346 0.975358
vt 0.228839 0.280367
vt 0.352596 0.934420
vt 0.230258 0.279106
vt 0.352276 0.887639
vt 0.231726 0.278296
vt 0.348559 0.851376
vt 0.232677 0.293600
vt 0.342665 0.822131
vt 0.230223 0.290679
vt 0.335682 0.797298
vt 0.229203 0.287882
vt 0.328215 0.775686
vt 0.229082 0.285357
vt 0.320510 0.756365
vt 0.229556 0.283317
vt 0.312618 0.738681
vt 0.230365 0.281776
vt 0.304493 0.722209
vt 0.231340 0.280685
vt 0.296074 0.706677
vt 0.232461 0.279898
vt 0.275741 0.972621
vt 0.233426 0.292973
vt 0.290236 0.925619
vt 0.231596 0.290021
vt 0.299383 0.886342
vt 0.231016 0.287697
vt 0.230933 0.285642
vt 0.303877 0.852930
vt 0.305330 0.824414
vt 0.231211 0.283990
vt 0.305078 0.799781
vt 0.231713 0.282707
vt 0.303691 0.778045
vt 0.232329 0.281800
vt 0.301518 0.758453
vt 0.232944 0.281240
vt 0.298743 0.740434
vt 0.240038 0.298602
vt 0.295446 0.723546
vt 0.243528 0.299831
vt 0.291636 0.707445
vt 0.246738 0.297318
vt 0.214958 0.949793
vt 0.249793 0.293496
vt 0.235829 0.907823
vt 0.251892 0.289349
vt 0.252548 0.285621
vt 0.250901 0.873448
vt 0.252457 0.282510
vt 0.261832 0.844506
vt 0.251776 0.280152
vt 0.269773 0.818451
vt 0.275481 0.795855
vt 0.239471 0.299594
vt 0.279650 0.775658
vt 0.243807 0.301940
vt 0.282688 0.757184
vt 0.249270 0.300632
vt 0.284852 0.739938
vt 0.254443 0.296434
vt 0.286295 0.723519
vt 0.257385 0.290554
vt 0.257684 0.284883
vt 0.287096 0.707582
vt 0.256182 0.280495
vt 0.171770 0.923385
vt 0.198215 0.886447
vt 0.253709 0.277507
vt 0.238710 0.300640
vt 0.217738 0.856359
vt 0.243433 0.304861
vt 0.232634 0.830816
vt 0.251705 0.305816
vt 0.244395 0.808744
vt 0.261003 0.301008
vt 0.253802 0.788853
vt 0.261473 0.770696
vt 0.265686 0.291418
vt 0.267845 0.753800
vt 0.264762 0.282064
vt 0.273210 0.737785
vt 0.260541 0.276262
vt 0.277763 0.722315
vt 0.256327 0.273303
vt 0.281633 0.707080
vt 0.237686 0.301638
vt 0.140052 0.897049
vt 0.241992 0.308481
vt 0.170120 0.864564
vt 0.253600 0.314295
vt 0.192835 0.838454
vt 0.272105 0.309634
vt 0.210635 0.816479
vt 0.278829 0.291267
vt 0.225171 0.797204
vt 0.274636 0.273627
vt 0.237319 0.779842
vt 0.263632 0.269228
vt 0.247697 0.763834
vt 0.257043 0.268526
vt 0.236389 0.302443
vt 0.256763 0.748754
vt 0.238897 0.312338
vt 0.264825 0.734299
vt 0.252031 0.326489
vt 0.272098 0.720177
vt 0.278751 0.706098
vt 0.112616 0.867256
vt 0.146078 0.839770
vt 0.171662 0.817771
vt 0.262470 0.260181
vt 0.255369 0.263972
vt 0.191753 0.799532
vt 0.234891 0.302888
vt 0.208658 0.783226
vt 0.233936 0.314867
vt 0.223047 0.768529
vt 0.235656 0.754916
vt 0.246986 0.741936
vt 0.257359 0.729402
vt 0.267003 0.717044
vt 0.276130 0.704590
vt 0.254718 0.253403
vt 0.089545 0.834863
vt 0.251197 0.261286
vt 0.233361 0.302851
vt 0.126238 0.812271
vt 0.228066 0.314976
vt 0.153975 0.795106
vt 0.176618 0.780193
vt 0.194997 0.767257
vt 0.211171 0.755298
vt 0.243354 0.238110
vt 0.225573 0.744315
vt 0.245470 0.252484
vt 0.238717 0.733627
vt 0.245871 0.260511
vt 0.251008 0.723305
vt 0.231988 0.302316
vt 0.262631 0.713055
vt 0.222816 0.312566
vt 0.273860 0.702620
vt 0.077366 0.788006
vt 0.110737 0.783746
vt 0.140991 0.774538
vt 0.166098 0.763190
vt 0.231321 0.245971
vt 0.237954 0.255210
vt 0.186560 0.751840
vt 0.240691 0.261504
vt 0.202696 0.740879
vt 0.214239 0.730755
vt 0.230926 0.301357
vt 0.232143 0.724115
vt 0.219751 0.308146
vt 0.245932 0.716237
vt 0.225672 0.254295
vt 0.259108 0.708365
vt 0.272016 0.700266
vt 0.054346 0.765481
vt 0.212706 0.719335
vt 0.227490 0.713707
vt 0.242271 0.708476
vt 0.256532 0.703146
vt 0.270656 0.697616
vt 0.037538 0.731520
vt 0.211214 0.705909
vt 0.224802 0.702756
vt 0.240064 0.700243
vt 0.254963 0.697570
vt 0.269822 0.694765
vt 0.031965 0.690420
vt 0.210646 0.691616
vt 0.224036 0.691659
vt 0.239342 0.691782
vt 0.254437 0.691817
vt 0.269541 0.691811
vt 0.038077 0.649366
vt 0.211335 0.677343
vt 0.224867 0.680592
vt 0.240092 0.683325
vt 0.254964 0.686066
vt 0.269819 0.688859
vt 0.055391 0.615561
vt 0.212944 0.663974
vt 0.227626 0.669704
vt 0.242321 0.675094
vt 0.256531 0.680494
vt 0.270648 0.686007
vt 0.078811 0.593316
vt 0.112286 0.598279
vt 0.142258 0.608045
vt 0.167022 0.619654
vt 0.187285 0.631295
vt 0.203208 0.642432
vt 0.214580 0.652622
vt 0.232351 0.659396
vt 0.246005 0.667350
vt 0.259100 0.675278
vt 0.272002 0.683356
vt 0.091794 0.546695
vt 0.128543 0.570403
vt 0.155588 0.587913
vt 0.177640 0.602645
vt 0.195905 0.616114
vt 0.211795 0.628262
vt 0.225965 0.639262
vt 0.238971 0.650002
vt 0.251053 0.660340
vt 0.262605 0.670591
vt 0.273840 0.680999
vt 0.287334 0.691787
vt 0.116034 0.515395
vt 0.148428 0.543506
vt 0.173244 0.565457
vt 0.193225 0.584016
vt 0.209550 0.600393
vt 0.223591 0.615206
vt 0.235973 0.628698
vt 0.247131 0.641743
vt 0.257361 0.654256
vt 0.266955 0.666594
vt 0.276102 0.679022
vt 0.144134 0.487187
vt 0.172521 0.519412
vt 0.194481 0.545295
vt 0.212007 0.567616
vt 0.225936 0.586654
vt 0.237715 0.603914
vt 0.247947 0.619938
vt 0.256812 0.634927
vt 0.264776 0.649339
vt 0.272028 0.663440
vt 0.278716 0.677504
vt 0.175815 0.462643
vt 0.200314 0.498280
vt 0.219271 0.528395
vt 0.233544 0.553506
vt 0.244881 0.575235
vt 0.254012 0.594917
vt 0.261534 0.612991
vt 0.267802 0.629814
vt 0.273119 0.645798
vt 0.277676 0.661265
vt 0.281595 0.676507
vt 0.217762 0.437658
vt 0.237400 0.478168
vt 0.251805 0.511884
vt 0.262327 0.540247
vt 0.269987 0.565827
vt 0.275526 0.588112
vt 0.279605 0.608125
vt 0.282596 0.626478
vt 0.284745 0.643658
vt 0.286205 0.660054
vt 0.287051 0.675990
vt 0.276321 0.415872
vt 0.290302 0.461186
vt 0.299197 0.499381
vt 0.303605 0.532025
vt 0.305052 0.560003
vt 0.304821 0.584277
vt 0.303469 0.605780
vt 0.301334 0.625224
vt 0.298600 0.643159
vt 0.295347 0.660013
vt 0.291589 0.676114
vt 0.289429 0.413215
vt 0.350825 0.452374
vt 0.350856 0.497889
vt 0.347466 0.533355
vt 0.341851 0.562123
vt 0.335091 0.586646
vt 0.327797 0.608062
vt 0.320223 0.627260
vt 0.312431 0.644877
vt 0.304382 0.661326
vt 0.296025 0.676869
vt 0.405568 0.470044
vt 0.433117 0.518017
vt 0.391484 0.544337
vt 0.377506 0.572549
vt 0.363958 0.595403
vt 0.350847 0.615004
vt 0.338089 0.632559
vt 0.325509 0.648786
vt 0.312892 0.663977
vt 0.300172 0.678239
vt 0.454483 0.535951
vt 0.429481 0.567392
vt 0.408113 0.591033
vt 0.388908 0.609890
vt 0.370943 0.626035
vt 0.353827 0.640704
vt 0.337162 0.654679
vt 0.320483 0.667865
vt 0.303848 0.680176
vt 0.486232 0.575774
vt 0.456466 0.598137
vt 0.431057 0.614799
vt 0.408289 0.628448
vt 0.386874 0.640140
vt 0.366552 0.650944
vt 0.346855 0.662223
vt 0.326808 0.672825
vt 0.306894 0.682604
vt 0.506082 0.615142
vt 0.473552 0.629847
vt 0.446297 0.640396
vt 0.421701 0.649197
vt 0.397814 0.656464
vt 0.375561 0.662229
vt 0.354231 0.671031
vt 0.331593 0.678643
vt 0.309175 0.685425
vt 0.516785 0.653109
vt 0.482766 0.660800
vt 0.454991 0.665982
vt 0.429963 0.670854
vt 0.387710 0.679516
vt 0.375476 0.677440
vt 0.353415 0.677275
vt 0.334425 0.685047
vt 0.310584 0.688511
vt 0.432626 0.691167
vt 0.353998 0.691619
vt 0.335376 0.691681
vt 0.311071 0.691742
vt 0.084692 0.772943
vt 0.111574 0.777163
vt 0.140006 0.769208
vt 0.164165 0.759110
vt 0.184033 0.748818
vt 0.199826 0.738741
vt 0.211299 0.729506
vt 0.209570 0.718579
vt 0.068546 0.756450
vt 0.208081 0.705533
vt 0.060051 0.725195
vt 0.207544 0.691602
vt 0.056953 0.690593
vt 0.112991 0.604871
vt 0.116907 0.623149
vt 0.079194 0.716364
vt 0.074663 0.331076
vt 0.176664 0.740314
vt 0.060533 0.656018
vt 0.200315 0.715161
vt 0.159556 0.747688
vt 0.085943 0.608577
vt 0.091791 0.621026
vt 0.211642 0.653835
vt 0.202545 0.657928
vt 0.069495 0.624841
vt 0.084669 0.641427
vt 0.208205 0.677691
vt 0.139040 0.754315
vt 0.199064 0.703695
vt 0.200326 0.644523
vt 0.191326 0.650447
vt 0.077854 0.690743
vt 0.052520 0.329768
vt 0.079563 0.665136
vt 0.115848 0.758936
vt 0.198737 0.691560
vt 0.184724 0.634270
vt 0.177265 0.642641
vt 0.139967 0.628142
vt 0.141185 0.613326
vt 0.209812 0.664697
vt 0.165041 0.623696
vt 0.160296 0.635037
vt 0.090731 0.760624
vt 0.083943 0.740131
vt 0.092716 0.324953
vt 0.040936 0.209513
vt 0.200579 0.667936
vt 0.085308 0.208616
vt 0.199159 0.679423
vt 0.202208 0.725299
vt 0.190864 0.732676
vt 0.109344 0.738686
vt 0.101382 0.305032
vt 0.132968 0.735378
vt 0.105903 0.279469
vt 0.154129 0.730777
vt 0.108066 0.251483
vt 0.172349 0.725558
vt 0.108066 0.223023
vt 0.187665 0.720215
vt 0.106533 0.195266
vt 0.100865 0.096669
vt 0.153829 0.730530
vt 0.103176 0.100020
vt 0.151302 0.711751
vt 0.077709 0.095539
vt 0.185664 0.706263
vt 0.044141 0.307785
vt 0.103357 0.690929
vt 0.127391 0.691106
vt 0.041324 0.279287
vt 0.149030 0.691260
vt 0.041058 0.249946
vt 0.168558 0.691388
vt 0.041938 0.220824
vt 0.043443 0.193178
vt 0.185034 0.691557
vt 0.105175 0.666246
vt 0.076225 0.352166
vt 0.129121 0.668278
vt 0.084419 0.326558
vt 0.150714 0.670913
vt 0.085825 0.296654
vt 0.169702 0.673838
vt 0.085825 0.265889
vt 0.185824 0.676726
vt 0.085719 0.235924
vt 0.110064 0.643275
vt 0.052887 0.352353
vt 0.133610 0.646946
vt 0.040438 0.328238
vt 0.154654 0.651844
vt 0.036904 0.297773
vt 0.172770 0.657304
vt 0.036741 0.267054
vt 0.188006 0.662813
vt 0.038304 0.237357
vt 0.498249 0.934922
vt 0.496716 0.923024
vt 0.495260 0.911565
vt 0.493883 0.900612
vt 0.492558 0.890119
vt 0.491218 0.879885
vt 0.533997 0.732355
vt 0.489716 0.869480
vt 0.500017 0.889205
vt 0.537843 0.690074
vt 0.500011 0.868499
vt 0.496654 0.935610
vt 0.493576 0.924349
vt 0.490642 0.913439
vt 0.487853 0.902933
vt 0.485149 0.892790
vt 0.482385 0.882833
vt 0.522114 0.775061
vt 0.479260 0.872690
vt 0.495174 0.936737
vt 0.490635 0.926525
vt 0.486259 0.916536
vt 0.482031 0.906797
vt 0.477873 0.897274
vt 0.473608 0.887846
vt 0.500445 0.818540
vt 0.468844 0.878279
vt 0.493866 0.938263
vt 0.488001 0.929493
vt 0.482255 0.920807
vt 0.476591 0.912198
vt 0.470888 0.903623
vt 0.465068 0.895002
vt 0.466690 0.861993
vt 0.458779 0.886251
vt 0.492782 0.940132
vt 0.485783 0.933164
vt 0.478795 0.926157
vt 0.471814 0.919076
vt 0.464476 0.911908
vt 0.413096 0.929777
vt 0.456794 0.904452
vt 0.442447 0.880863
vt 0.453864 0.891027
vt 0.499833 0.947109
vt 0.491967 0.942276
vt 0.484088 0.937413
vt 0.476073 0.932454
vt 0.467789 0.927314
vt 0.290004 0.989581
vt 0.455938 0.930926
vt 0.354184 0.948936
vt 0.450295 0.916341
vt 0.491456 0.944612
vt 0.483011 0.942078
vt 0.474315 0.939463
vt 0.465152 0.936705
vt 0.273927 0.987053
vt 0.455232 0.933756
vt 0.491271 0.947048
vt 0.482620 0.946965
vt 0.473683 0.946860
vt 0.464234 0.946749
vt 0.211651 0.964116
vt 0.453956 0.946676
vt 0.491407 0.950043
vt 0.482893 0.951676
vt 0.474102 0.953351
vt 0.464850 0.955125
vt 0.166592 0.937360
vt 0.454976 0.957079
vt 0.491885 0.951655
vt 0.483853 0.954908
vt 0.475554 0.958237
vt 0.466818 0.961711
vt 0.132395 0.910343
vt 0.457445 0.965419
vt 0.492667 0.953143
vt 0.485417 0.957894
vt 0.477909 0.962759
vt 0.469973 0.967819
vt 0.102741 0.879337
vt 0.461399 0.973204
vt 0.493724 0.954450
vt 0.487532 0.960523
vt 0.481090 0.966761
vt 0.474232 0.973249
vt 0.077813 0.845478
vt 0.466735 0.980177
vt 0.495016 0.955526
vt 0.490121 0.962694
vt 0.484994 0.970089
vt 0.479456 0.977925
vt 0.064943 0.795945
vt 0.473929 0.989231
vt 0.496493 0.956329
vt 0.493088 0.964320
vt 0.489500 0.972596
vt 0.485613 0.981401
vt 0.039337 0.770505
vt 0.482030 0.988910
vt 0.498099 0.956828
vt 0.496321 0.965335
vt 0.494424 0.974165
vt 0.492357 0.983579
vt 0.021380 0.733645
vt 0.490593 0.988880
vt 0.499772 0.957004
vt 0.499692 0.965697
vt 0.499571 0.974732
vt 0.499400 0.984326
vt 0.015606 0.690316
vt 0.499335 0.989327
vt 0.501446 0.956849
vt 0.503069 0.965390
vt 0.504727 0.974277
vt 0.506469 0.983762
vt 0.021920 0.647022
vt 0.508092 0.989112
vt 0.503058 0.956369
vt 0.506319 0.964427
vt 0.509689 0.972813
vt 0.513280 0.981765
vt 0.040408 0.610302
vt 0.516655 0.989373
vt 0.504545 0.955584
vt 0.509315 0.962847
vt 0.514254 0.970403
vt 0.519553 0.978459
vt 0.066482 0.585139
vt 0.524735 0.989918
vt 0.505850 0.954524
vt 0.511942 0.960713
vt 0.518250 0.967144
vt 0.524945 0.973941
vt 0.080419 0.535759
vt 0.532159 0.981093
vt 0.506923 0.953229
vt 0.514101 0.958111
vt 0.521529 0.963186
vt 0.529371 0.968563
vt 0.106736 0.503062
vt 0.537780 0.974336
vt 0.507722 0.951751
vt 0.515710 0.955139
vt 0.523980 0.958675
vt 0.532716 0.962456
vt 0.137154 0.473965
vt 0.542117 0.966598
vt 0.508217 0.950145
vt 0.516709 0.951910
vt 0.525511 0.953771
vt 0.534843 0.955800
vt 0.171118 0.449011
vt 0.544962 0.958098
vt 0.508395 0.947152
vt 0.517062 0.947192
vt 0.526059 0.947234
vt 0.535645 0.947288
vt 0.214698 0.423869
vt 0.546185 0.947381
vt 0.508243 0.944711
vt 0.516743 0.942281
vt 0.525535 0.939763
vt 0.534843 0.937079
vt 0.274571 0.401996
vt 0.544952 0.934146
vt 0.507761 0.942366
vt 0.515721 0.937583
vt 0.523839 0.932679
vt 0.532242 0.927555
vt 0.290011 0.399520
vt 0.544248 0.931264
vt 0.352228 0.438290
vt 0.549945 0.916518
vt 0.506970 0.940209
vt 0.514064 0.933299
vt 0.521150 0.926319
vt 0.528219 0.919232
vt 0.535635 0.912037
vt 0.409689 0.456112
vt 0.543376 0.904529
vt 0.439144 0.503323
vt 0.546301 0.891030
vt 0.505905 0.938325
vt 0.511873 0.929595
vt 0.517708 0.920919
vt 0.463296 0.521328
vt 0.541357 0.886238
vt 0.504612 0.936784
vt 0.509257 0.926598
vt 0.497515 0.563362
vt 0.531243 0.878250
vt 0.503143 0.935642
vt 0.506328 0.924395
vt 0.517670 0.882829
vt 0.520010 0.605853
vt 0.520792 0.872662
vt 0.501553 0.934938
vt 0.503193 0.923047
vt 0.508822 0.879881
vt 0.532906 0.647986
vt 0.510314 0.869464
vt 0.499902 0.934695
vt 0.499956 0.922585
vt 0.500017 0.878881
vt 0.531537 0.648451
vt 0.520911 0.774272
vt 0.462551 0.522539
vt 0.274117 0.985848
vt 0.065983 0.795272
vt 0.438715 0.504583
vt 0.137719 0.475077
vt 0.040611 0.770085
vt 0.289898 0.988369
vt 0.133020 0.909224
vt 0.067511 0.585832
vt 0.041680 0.610740
vt 0.274753 0.403153
vt 0.354074 0.947739
vt 0.289915 0.400687
vt 0.107497 0.504104
vt 0.081363 0.536662
vt 0.412717 0.928584
vt 0.441984 0.879584
vt 0.022739 0.733463
vt 0.465906 0.860777
vt 0.499465 0.817488
vt 0.167008 0.936184
vt 0.211914 0.962931
vt 0.409337 0.457277
vt 0.352134 0.439451
vt 0.214940 0.425009
vt 0.171492 0.450153
vt 0.518837 0.606664
vt 0.496572 0.564423
vt 0.023279 0.647222
vt 0.016981 0.690325
vt 0.078782 0.844605
vt 0.103555 0.878318
vt 0.532611 0.731924
vt 0.536376 0.690093
vt 0.517742 0.652804
vt 0.433496 0.517054
vt 0.289434 0.976221
vt 0.078084 0.592829
vt 0.352689 0.935338
vt 0.115463 0.514647
vt 0.408966 0.916371
vt 0.457994 0.848128
vt 0.171448 0.924245
vt 0.217572 0.436805
vt 0.506922 0.614586
vt 0.037102 0.649218
vt 0.088833 0.835498
vt 0.518659 0.727899
vt 0.508712 0.766579
vt 0.455030 0.535128
vt 0.275579 0.973484
vt 0.076632 0.788480
vt 0.143700 0.486382
vt 0.053444 0.765782
vt 0.139578 0.897856
vt 0.054492 0.615246
vt 0.276166 0.415040
vt 0.289511 0.412383
vt 0.091101 0.546041
vt 0.436420 0.866951
vt 0.036563 0.731654
vt 0.489452 0.806980
vt 0.214754 0.950677
vt 0.350906 0.451482
vt 0.175522 0.461804
vt 0.486920 0.575023
vt 0.030965 0.690414
vt 0.112010 0.867990
vt 0.521440 0.690279
vt 0.375054 0.691524
vt 0.070349 0.345716
vt 0.075403 0.325133
vt 0.075923 0.296469
vt 0.075651 0.265917
vt 0.075406 0.235987
vt 0.075478 0.209302
vt 0.057248 0.344274
vt 0.050012 0.325505
vt 0.046890 0.297199
vt 0.046820 0.267283
vt 0.048419 0.238095
vt 0.051128 0.210438
vt 0.133670 0.647002
vt 0.046619 0.092860
vt 0.128850 0.668184
vt 0.074369 0.093325
vt 0.049825 0.093940
vt 0.071303 0.094440
vt 0.110114 0.643267
vt 0.050860 0.077175
vt 0.105100 0.666097
vt 0.070014 0.078048
vt 0.052527 0.079722
vt 0.068286 0.080914
vt 0.089441 0.321673
vt 0.096738 0.303748
vt 0.100656 0.278844
vt 0.102612 0.251291
vt 0.102581 0.223185
vt 0.101085 0.195621
vt 0.073960 0.325913
vt 0.073837 0.303815
vt 0.074769 0.278303
vt 0.075541 0.250434
vt 0.075791 0.222057
vt 0.075237 0.194668
vt 0.055500 0.325244
vt 0.049925 0.306446
vt 0.046991 0.278982
vt 0.046696 0.250004
vt 0.047526 0.221054
vt 0.048888 0.193648
vt 0.051564 0.098014
vt 0.149018 0.691297
vt 0.054069 0.094742
vt 0.078317 0.076452
vt 0.123317 0.711954
vt 0.103716 0.085452
vt 0.133065 0.735384
vt 0.101678 0.078918
vt 0.127282 0.691115
vt 0.051737 0.083387
vt 0.054034 0.077071
vt 0.079199 0.716397
vt 0.078696 0.061247
vt 0.105297 0.714941
vt 0.106998 0.073199
vt 0.109201 0.738525
vt 0.083861 0.740007
vt 0.105586 0.064655
vt 0.103399 0.690943
vt 0.049204 0.071430
vt 0.077858 0.690739
vt 0.050856 0.063503
vt 0.420193 0.474758
vt 0.280812 0.272573
vt 0.411324 0.460476
vt 0.281848 0.278837
vt 0.412045 0.459888
vt 0.543610 0.903449
vt 0.281493 0.278957
vt 0.420955 0.474169
vt 0.544495 0.899366
vt 0.280404 0.272513
vt 0.499977 0.915414
vt 0.196894 0.323130
vt 0.497090 0.911323
vt 0.185275 0.311340
vt 0.496589 0.910498
vt 0.183519 0.308813
vt 0.496252 0.905359
vt 0.177029 0.290891
vt 0.497265 0.900179
vt 0.175890 0.270769
vt 0.497624 0.898694
vt 0.177084 0.265691
vt 0.500014 0.892675
vt 0.186639 0.244194
vt 0.533313 0.913644
vt 0.284692 0.305276
vt 0.532317 0.914327
vt 0.284039 0.308319
vt 0.526806 0.917182
vt 0.277354 0.324591
vt 0.535508 0.911873
vt 0.285016 0.299774
vt 0.543091 0.904204
vt 0.281952 0.280505
vt 0.541753 0.892626
vt 0.279114 0.260572
vt 0.539803 0.888404
vt 0.275918 0.252734
vt 0.519087 0.918845
vt 0.255559 0.339184
vt 0.523272 0.918433
vt 0.268401 0.332952
vt 0.512694 0.918895
vt 0.235166 0.341824
vt 0.515979 0.919054
vt 0.245836 0.341824
vt 0.539581 0.888010
vt 0.275497 0.252069
vt 0.533522 0.883864
vt 0.267472 0.241380
vt 0.528984 0.882795
vt 0.261082 0.234804
vt 0.517446 0.883636
vt 0.239895 0.224775
vt 0.518857 0.883507
vt 0.242927 0.225545
vt 0.525802 0.882402
vt 0.255796 0.231454
vt 0.507954 0.918495
vt 0.219998 0.337955
vt 0.503874 0.917937
vt 0.208005 0.332576
vt 0.514169 0.884061
vt 0.232282 0.224583
vt 0.507946 0.886561
vt 0.213645 0.225514
vt 0.501972 0.889446
vt 0.194836 0.234916
vt 0.502442 0.888887
vt 0.196708 0.233760
vt 0.503714 0.917906
vt 0.207588 0.332322
vt 0.501027 0.916833
vt 0.200449 0.327000
vt 0.500672 0.891150
vt 0.190017 0.239935
vt 0.405392 0.469058
vt 0.285187 0.276844
vt 0.407519 0.463530
vt 0.283746 0.278391
vt 0.405103 0.467856
vt 0.284952 0.277262
vt 0.406528 0.470355
vt 0.285048 0.276224
vt 0.419921 0.474960
vt 0.280967 0.272594
vt 0.405581 0.470007
vt 0.285385 0.276493
vt 0.196973 0.304182
vt 0.193583 0.298375
vt 0.201365 0.308760
vt 0.189605 0.274768
vt 0.190912 0.265409
vt 0.191300 0.263904
vt 0.192971 0.257748
vt 0.253897 0.327660
vt 0.264212 0.322022
vt 0.274414 0.311678
vt 0.279231 0.291261
vt 0.275866 0.306487
vt 0.276573 0.276110
vt 0.277176 0.268684
vt 0.276454 0.275488
vt 0.276442 0.275553
vt 0.273203 0.256502
vt 0.269066 0.251919
vt 0.264740 0.246192
vt 0.259607 0.241474
vt 0.237295 0.329715
vt 0.250565 0.328353
vt 0.224496 0.326257
vt 0.250731 0.236355
vt 0.246326 0.235685
vt 0.242313 0.234787
vt 0.232920 0.235054
vt 0.220208 0.236223
vt 0.213887 0.319809
vt 0.221585 0.324847
vt 0.205499 0.311727
vt 0.211611 0.240557
vt 0.195647 0.255351
vt 0.217455 0.237085
vt 0.035249 0.455996
vt 0.094328 0.477945
vt 0.017397 0.422325
vt 0.035400 0.455835
vt 0.022432 0.417494
vt 0.098226 0.478145
vt 0.035551 0.455705
vt 0.027835 0.414295
vt 0.102061 0.477577
vt 0.035703 0.455618
vt 0.033217 0.412729
vt 0.105622 0.476258
vt 0.035854 0.455564
vt 0.038296 0.412577
vt 0.108812 0.474233
vt 0.036005 0.455597
vt 0.042684 0.413550
vt 0.111482 0.471716
vt 0.036178 0.455683
vt 0.048410 0.416629
vt 0.113661 0.466806
vt 0.036308 0.455824
vt 0.053597 0.421373
vt 0.115165 0.461344
vt 0.036437 0.456007
vt 0.058007 0.427587
vt 0.115932 0.455559
vt 0.036545 0.456223
vt 0.061465 0.434990
vt 0.115932 0.449667
vt 0.036632 0.456472
vt 0.063842 0.443267
vt 0.115165 0.443868
vt 0.036675 0.456732
vt 0.065052 0.452063
vt 0.113661 0.438421
vt 0.036675 0.457013
vt 0.065052 0.461032
vt 0.111482 0.433512
vt 0.036654 0.457282
vt 0.063842 0.469785
vt 0.108690 0.429338
vt 0.036589 0.457531
vt 0.061508 0.477977
vt 0.105437 0.426054
vt 0.036480 0.457769
vt 0.058093 0.485270
vt 0.101786 0.423799
vt 0.036350 0.457963
vt 0.053814 0.491376
vt 0.097949 0.422648
vt 0.036200 0.458125
vt 0.048799 0.496055
vt 0.094022 0.422648
vt 0.036048 0.458234
vt 0.043288 0.499114
vt 0.090155 0.423799
vt 0.035854 0.458299
vt 0.037475 0.500432
vt 0.086534 0.426054
vt 0.035681 0.458299
vt 0.031639 0.499967
vt 0.083250 0.429338
vt 0.035486 0.458255
vt 0.025977 0.497752
vt 0.080489 0.433512
vt 0.035314 0.458147
vt 0.020725 0.493872
vt 0.078311 0.438421
vt 0.035184 0.457996
vt 0.016122 0.488502
vt 0.076807 0.443868
vt 0.035054 0.457812
vt 0.012361 0.481856
vt 0.076039 0.449667
vt 0.034946 0.457585
vt 0.009551 0.474205
vt 0.076039 0.455559
vt 0.034881 0.457337
vt 0.007844 0.465874
vt 0.076807 0.461344
vt 0.034838 0.457077
vt 0.007303 0.457175
vt 0.078311 0.466806
vt 0.034838 0.456829
vt 0.007477 0.450853
vt 0.080581 0.470059
vt 0.034903 0.456612
vt 0.008471 0.443656
vt 0.083465 0.472974
vt 0.034990 0.456386
vt 0.086780 0.475306
vt 0.010394 0.436211
vt 0.035097 0.456181
vt 0.090463 0.476994
vt 0.013377 0.428916
vt 0.196453 0.025520
vt 0.182191 0.387675
vt 0.200549 0.037241
vt 0.203640 0.046235
vt 0.208492 0.060380
vt 0.209367 0.022865
vt 0.179508 0.381198
vt 0.210721 0.034795
vt 0.211880 0.044279
vt 0.212870 0.052217
vt 0.213751 0.059102
vt 0.214555 0.065233
vt 0.215315 0.070850
vt 0.216039 0.076115
vt 0.216758 0.081177
vt 0.222208 0.022877
vt 0.175613 0.375369
vt 0.221115 0.034598
vt 0.220309 0.044058
vt 0.219674 0.052005
vt 0.219157 0.058907
vt 0.218725 0.065071
vt 0.218357 0.070722
vt 0.218033 0.076028
vt 0.217746 0.081132
vt 0.234590 0.025389
vt 0.170656 0.370411
vt 0.231230 0.036507
vt 0.228559 0.045539
vt 0.226358 0.053158
vt 0.224482 0.059794
vt 0.222839 0.065737
vt 0.221363 0.071197
vt 0.220005 0.076333
vt 0.218724 0.081281
vt 0.246101 0.030228
vt 0.164826 0.366516
vt 0.240673 0.040359
vt 0.236298 0.048617
vt 0.232649 0.055607
vt 0.229509 0.061715
vt 0.226732 0.067201
vt 0.224215 0.072253
vt 0.221877 0.077019
vt 0.219654 0.081618
vt 0.256343 0.037159
vt 0.158349 0.363833
vt 0.249100 0.045952
vt 0.243230 0.053135
vt 0.238304 0.059234
vt 0.234042 0.064580
vt 0.230252 0.069397
vt 0.226799 0.073848
vt 0.223577 0.078057
vt 0.220500 0.082130
vt 0.264963 0.045882
vt 0.151473 0.362466
vt 0.256215 0.053034
vt 0.249104 0.058889
vt 0.243114 0.063878
vt 0.237910 0.068266
vt 0.233265 0.072234
vt 0.229017 0.075914
vt 0.225039 0.079407
vt 0.221228 0.082798
vt 0.271665 0.056035
vt 0.144463 0.362466
vt 0.261774 0.061308
vt 0.253715 0.065639
vt 0.246905 0.069345
vt 0.240970 0.072621
vt 0.235658 0.075596
vt 0.230784 0.078369
vt 0.226208 0.081014
vt 0.221812 0.083594
vt 0.276228 0.067203
vt 0.137587 0.363833
vt 0.265598 0.070436
vt 0.256911 0.073111
vt 0.249549 0.075417
vt 0.243117 0.077470
vt 0.237345 0.079351
vt 0.232036 0.081117
vt 0.227040 0.082817
vt 0.222230 0.084488
vt 0.278523 0.078935
vt 0.131109 0.366516
vt 0.267584 0.080061
vt 0.258600 0.081015
vt 0.250964 0.081858
vt 0.244279 0.082627
vt 0.238268 0.083351
vt 0.232728 0.084051
vt 0.227504 0.084745
vt 0.222464 0.085446
vt 0.278523 0.090754
vt 0.125280 0.370411
vt 0.267717 0.089822
vt 0.258747 0.089060
vt 0.251113 0.088428
vt 0.244422 0.087897
vt 0.238397 0.087446
vt 0.232836 0.087059
vt 0.227584 0.086724
vt 0.222507 0.086431
vt 0.276335 0.102177
vt 0.120323 0.375369
vt 0.266082 0.099404
vt 0.257370 0.096963
vt 0.250001 0.094888
vt 0.243547 0.093084
vt 0.237733 0.091481
vt 0.232360 0.090027
vt 0.227277 0.088680
vt 0.222358 0.087405
vt 0.272501 0.113278
vt 0.116428 0.381198
vt 0.262557 0.108496
vt 0.254495 0.104450
vt 0.247670 0.101007
vt 0.241691 0.097999
vt 0.236302 0.095307
vt 0.231317 0.092842
vt 0.226597 0.090536
vt 0.222022 0.088331
vt 0.266373 0.123798
vt 0.113745 0.387675
vt 0.257286 0.116774
vt 0.250219 0.111258
vt 0.244202 0.106565
vt 0.238923 0.102461
vt 0.234160 0.098781
vt 0.229751 0.095401
vt 0.225569 0.092225
vt 0.221513 0.089173
vt 0.257752 0.132428
vt 0.112377 0.394551
vt 0.250580 0.123937
vt 0.244716 0.117117
vt 0.239729 0.111345
vt 0.235348 0.106302
vt 0.231389 0.101773
vt 0.227719 0.097606
vt 0.224234 0.093681
vt 0.220849 0.089900
vt 0.247892 0.139020
vt 0.112377 0.401562
vt 0.242626 0.129564
vt 0.238209 0.121777
vt 0.234430 0.115165
vt 0.231104 0.109377
vt 0.228094 0.104173
vt 0.225300 0.099375
vt 0.222643 0.094850
vt 0.220057 0.090484
vt 0.237248 0.143512
vt 0.113745 0.408438
vt 0.233854 0.133590
vt 0.230961 0.125099
vt 0.228508 0.117893
vt 0.226351 0.111577
vt 0.224399 0.105890
vt 0.222584 0.100643
vt 0.220854 0.095688
vt 0.219167 0.090902
vt 0.226120 0.146439
vt 0.116428 0.414915
vt 0.224479 0.135824
vt 0.223221 0.126979
vt 0.222174 0.119438
vt 0.221263 0.112823
vt 0.220441 0.106863
vt 0.219674 0.101361
vt 0.218937 0.096163
vt 0.218212 0.091139
vt 0.214436 0.147243
vt 0.120323 0.420744
vt 0.214808 0.136336
vt 0.215238 0.127369
vt 0.215648 0.119746
vt 0.216023 0.113069
vt 0.216365 0.107054
vt 0.216677 0.101502
vt 0.216963 0.096257
vt 0.217229 0.091186
vt 0.202658 0.145786
vt 0.125280 0.425701
vt 0.205136 0.135009
vt 0.207288 0.126226
vt 0.209164 0.118794
vt 0.210820 0.112300
vt 0.212323 0.106453
vt 0.213707 0.101059
vt 0.215008 0.095965
vt 0.216256 0.091041
vt 0.191236 0.142048
vt 0.131109 0.429596
vt 0.195817 0.131814
vt 0.199667 0.123554
vt 0.202967 0.116596
vt 0.205848 0.110537
vt 0.208466 0.105077
vt 0.210877 0.100047
vt 0.213145 0.095299
vt 0.215328 0.090709
vt 0.217484 0.086166
vt 0.180591 0.136082
vt 0.137587 0.432279
vt 0.187237 0.126794
vt 0.192683 0.119419
vt 0.197306 0.113218
vt 0.201288 0.107841
vt 0.204944 0.102973
vt 0.208294 0.098502
vt 0.211446 0.094282
vt 0.214484 0.090203
vt 0.171102 0.127942
vt 0.144463 0.433647
vt 0.179841 0.120049
vt 0.186624 0.113958
vt 0.192368 0.108805
vt 0.197402 0.104243
vt 0.201901 0.100216
vt 0.206059 0.096481
vt 0.209977 0.092952
vt 0.213753 0.089541
vt 0.164035 0.117675
vt 0.151473 0.433647
vt 0.173872 0.112040
vt 0.181760 0.107408
vt 0.188419 0.103477
vt 0.194216 0.100018
vt 0.199444 0.096918
vt 0.204258 0.094061
vt 0.208794 0.091360
vt 0.213166 0.088749
vt 0.159262 0.106593
vt 0.158349 0.432279
vt 0.169695 0.103058
vt 0.178294 0.100065
vt 0.185597 0.097501
vt 0.191901 0.095233
vt 0.197672 0.093201
vt 0.202963 0.091334
vt 0.207943 0.089567
vt 0.212743 0.087858
vt 0.156719 0.095130
vt 0.164826 0.429596
vt 0.167275 0.093549
vt 0.176304 0.092219
vt 0.183959 0.091105
vt 0.190627 0.090063
vt 0.196665 0.089203
vt 0.202223 0.088403
vt 0.207458 0.087641
vt 0.212503 0.086901
vt 0.155813 0.083453
vt 0.170656 0.425701
vt 0.166758 0.083754
vt 0.175855 0.084134
vt 0.183593 0.084497
vt 0.190364 0.084751
vt 0.196458 0.085081
vt 0.202070 0.085380
vt 0.207358 0.085655
vt 0.212454 0.085914
vt 0.157134 0.071573
vt 0.175613 0.420744
vt 0.168029 0.073958
vt 0.176951 0.076065
vt 0.184511 0.077915
vt 0.191132 0.079479
vt 0.197058 0.080992
vt 0.202511 0.082382
vt 0.207649 0.083686
vt 0.212599 0.084937
vt 0.160764 0.059975
vt 0.179508 0.414915
vt 0.171161 0.064477
vt 0.179592 0.068301
vt 0.186697 0.071605
vt 0.192916 0.074442
vt 0.198447 0.077091
vt 0.203530 0.079524
vt 0.208319 0.081811
vt 0.212932 0.084006
vt 0.166666 0.049132
vt 0.182191 0.408438
vt 0.176130 0.055679
vt 0.183729 0.061140
vt 0.190093 0.065809
vt 0.195663 0.069838
vt 0.200578 0.073531
vt 0.205092 0.076916
vt 0.209344 0.080101
vt 0.213441 0.083158
vt 0.174710 0.039498
vt 0.183558 0.401562
vt 0.182825 0.047941
vt 0.189250 0.054884
vt 0.194592 0.060766
vt 0.199279 0.065859
vt 0.203372 0.070456
vt 0.207137 0.074660
vt 0.210685 0.078623
vt 0.214105 0.082425
vt 0.184705 0.031495
vt 0.183558 0.394551
vt 0.191062 0.041648
vt 0.195976 0.049823
vt 0.200038 0.056683
vt 0.203625 0.062695
vt 0.206721 0.067993
vt 0.209588 0.072844
vt 0.212292 0.077438
vt 0.214901 0.081837
vt 0.206231 0.053801
vt 0.210496 0.066219
vt 0.212361 0.071579
vt 0.214100 0.076591
vt 0.215797 0.081415
vt 0.243996 0.224969
vt 0.246088 0.301069
vt 0.241901 0.225385
vt 0.243813 0.300840
vt 0.239829 0.225583
vt 0.241537 0.300837
vt 0.237767 0.225539
vt 0.239247 0.301013
vt 0.235708 0.225238
vt 0.236978 0.301424
vt 0.233644 0.224661
vt 0.234737 0.302107
vt 0.231566 0.223804
vt 0.232516 0.303086
vt 0.229461 0.222691
vt 0.230285 0.304385
vt 0.227327 0.221368
vt 0.228063 0.306053
vt 0.225209 0.219769
vt 0.225850 0.308145
vt 0.223159 0.217803
vt 0.223613 0.310710
vt 0.221215 0.215404
vt 0.221249 0.313845
vt 0.219419 0.212503
vt 0.218863 0.317679
vt 0.217877 0.208984
vt 0.216507 0.322432
vt 0.216768 0.204693
vt 0.214156 0.328466
vt 0.216415 0.199386
vt 0.211730 0.336399
vt 0.217470 0.192555
vt 0.209275 0.347129
vt 0.220693 0.183231
vt 0.206891 0.362067
vt 0.228180 0.168474
vt 0.249026 0.172152
vt 0.204212 0.382927
vt 0.283337 0.381133
vt 0.256106 0.183659
vt 0.279661 0.359002
vt 0.259429 0.192465
vt 0.276576 0.344338
vt 0.260662 0.199223
vt 0.273599 0.333943
vt 0.260755 0.204560
vt 0.270718 0.326244
vt 0.260142 0.208856
vt 0.267988 0.320405
vt 0.259039 0.212364
vt 0.265321 0.315842
vt 0.257607 0.215252
vt 0.262676 0.312214
vt 0.255947 0.217639
vt 0.260117 0.309291
vt 0.254136 0.219609
vt 0.257678 0.306886
vt 0.252237 0.221224
vt 0.255306 0.304966
vt 0.250254 0.222525
vt 0.252967 0.303482
vt 0.248193 0.223549
vt 0.250655 0.302368
vt 0.246085 0.224345
vt 0.248366 0.301569
vt 0.245170 0.230708
vt 0.247059 0.294765
vt 0.244192 0.294549
vt 0.242547 0.231094
vt 0.241350 0.294549
vt 0.239928 0.231263
vt 0.238513 0.294757
vt 0.237306 0.231212
vt 0.235666 0.295181
vt 0.234666 0.230936
vt 0.232792 0.295833
vt 0.231996 0.230428
vt 0.229868 0.296735
vt 0.229281 0.229679
vt 0.226868 0.297912
vt 0.226507 0.228677
vt 0.223761 0.299396
vt 0.223663 0.227397
vt 0.220510 0.301227
vt 0.220741 0.225797
vt 0.217060 0.303455
vt 0.217732 0.223820
vt 0.213339 0.306144
vt 0.214622 0.221391
vt 0.209257 0.309378
vt 0.211389 0.218407
vt 0.204676 0.313272
vt 0.207993 0.214728
vt 0.199368 0.317983
vt 0.204363 0.210140
vt 0.192945 0.323722
vt 0.200343 0.204316
vt 0.184741 0.330757
vt 0.195589 0.196720
vt 0.173545 0.339388
vt 0.189309 0.186487
vt 0.328184 0.344387
vt 0.156923 0.349630
vt 0.179812 0.172714
vt 0.296229 0.171106
vt 0.311906 0.335470
vt 0.286902 0.186001
vt 0.300341 0.327441
vt 0.281123 0.196279
vt 0.291736 0.320767
vt 0.276819 0.203769
vt 0.284946 0.315303
vt 0.273229 0.209499
vt 0.279320 0.310840
vt 0.270012 0.214034
vt 0.274468 0.307185
vt 0.266999 0.217700
vt 0.270155 0.304191
vt 0.264106 0.220700
vt 0.266240 0.301741
vt 0.261291 0.223167
vt 0.262626 0.299744
vt 0.258531 0.225198
vt 0.259241 0.298135
vt 0.255811 0.226861
vt 0.256031 0.296868
vt 0.253121 0.228207
vt 0.252953 0.295903
vt 0.250453 0.229279
vt 0.249971 0.295210
vt 0.247803 0.230106
vt 0.246717 0.242807
vt 0.248369 0.281605
vt 0.244748 0.281570
vt 0.243327 0.243131
vt 0.241171 0.281652
vt 0.239949 0.243309
vt 0.237603 0.281851
vt 0.236557 0.243342
vt 0.234010 0.282171
vt 0.233122 0.243229
vt 0.230355 0.282618
vt 0.229616 0.242964
vt 0.226603 0.283203
vt 0.226006 0.242538
vt 0.222714 0.283937
vt 0.222261 0.241939
vt 0.218646 0.284835
vt 0.218344 0.241148
vt 0.214353 0.285913
vt 0.214216 0.240141
vt 0.209786 0.287186
vt 0.209833 0.238888
vt 0.204888 0.288668
vt 0.205144 0.237354
vt 0.199599 0.290364
vt 0.200094 0.235501
vt 0.193852 0.292263
vt 0.194617 0.233296
vt 0.187578 0.294322
vt 0.188643 0.230718
vt 0.180704 0.296433
vt 0.182092 0.227785
vt 0.173174 0.298376
vt 0.174884 0.224594
vt 0.164989 0.299753
vt 0.166934 0.221403
vt 0.156278 0.299963
vt 0.328828 0.293429
vt 0.315191 0.214625
vt 0.158274 0.218830
vt 0.320116 0.293596
vt 0.307198 0.217371
vt 0.311710 0.292731
vt 0.300073 0.220822
vt 0.303873 0.291372
vt 0.293686 0.224345
vt 0.296649 0.289844
vt 0.287902 0.227627
vt 0.290028 0.288332
vt 0.282607 0.230546
vt 0.283965 0.286933
vt 0.277713 0.233077
vt 0.278401 0.285695
vt 0.273150 0.235236
vt 0.273272 0.284631
vt 0.268864 0.237057
vt 0.268513 0.283744
vt 0.264808 0.238579
vt 0.264066 0.283024
vt 0.260942 0.239837
vt 0.259876 0.282460
vt 0.257231 0.240864
vt 0.255892 0.282043
vt 0.253642 0.241687
vt 0.252071 0.281761
vt 0.250147 0.242329
vt 0.261573 0.223520
vt 0.207480 0.215174
vt 0.245232 0.231041
vt 0.258763 0.225545
vt 0.203721 0.210627
vt 0.242582 0.231425
vt 0.256000 0.227203
vt 0.199524 0.204872
vt 0.239936 0.231595
vt 0.250572 0.229615
vt 0.253273 0.228546
vt 0.187883 0.187456
vt 0.194517 0.197411
vt 0.234617 0.231273
vt 0.237286 0.231545
vt 0.210973 0.218829
vt 0.264448 0.221061
vt 0.214284 0.221794
vt 0.267414 0.218074
vt 0.217456 0.224208
vt 0.270520 0.214428
vt 0.220517 0.226173
vt 0.273861 0.209928
vt 0.223483 0.227762
vt 0.277622 0.204264
vt 0.226364 0.229033
vt 0.282181 0.196902
vt 0.229171 0.230027
vt 0.288339 0.186889
vt 0.231917 0.230769
vt 0.178092 0.174192
vt 0.298044 0.172586
vt 0.247893 0.230440
vt 0.266516 0.301265
vt 0.204146 0.312653
vt 0.247100 0.294399
vt 0.262850 0.299301
vt 0.198729 0.317253
vt 0.244205 0.294188
vt 0.259421 0.297718
vt 0.192173 0.322817
vt 0.241336 0.294189
vt 0.256170 0.296470
vt 0.183807 0.329570
vt 0.238473 0.294398
vt 0.235598 0.294819
vt 0.253056 0.295520
vt 0.250042 0.294837
vt 0.172451 0.337739
vt 0.329121 0.342087
vt 0.155870 0.347293
vt 0.208816 0.308834
vt 0.270492 0.303671
vt 0.212971 0.305654
vt 0.274878 0.306608
vt 0.216754 0.303004
vt 0.279820 0.310181
vt 0.220256 0.300805
vt 0.285553 0.314526
vt 0.223554 0.298995
vt 0.292470 0.319809
vt 0.226701 0.297526
vt 0.301220 0.326196
vt 0.229738 0.296360
vt 0.312912 0.333765
vt 0.232694 0.295466
vt 0.268502 0.236158
vt 0.195157 0.232065
vt 0.246633 0.242070
vt 0.264507 0.237724
vt 0.189265 0.229370
vt 0.243276 0.242400
vt 0.260695 0.239018
vt 0.182787 0.226300
vt 0.239931 0.242577
vt 0.257032 0.240075
vt 0.175617 0.222948
vt 0.236571 0.242604
vt 0.200552 0.234370
vt 0.272717 0.234283
vt 0.205527 0.236306
vt 0.277202 0.232058
vt 0.210149 0.237911
vt 0.282012 0.229448
vt 0.214473 0.239224
vt 0.287222 0.226431
vt 0.218550 0.240281
vt 0.292934 0.223027
vt 0.222421 0.241112
vt 0.299293 0.219346
vt 0.226125 0.241744
vt 0.306496 0.215692
vt 0.229698 0.242195
vt 0.158637 0.216728
vt 0.314783 0.212737
vt 0.250028 0.241581
vt 0.253485 0.240922
vt 0.167620 0.219549
vt 0.233169 0.242478
vt 0.234090 0.282955
vt 0.252015 0.282575
vt 0.329121 0.295434
vt 0.156082 0.301910
vt 0.273043 0.285699
vt 0.194290 0.293565
vt 0.248342 0.282398
vt 0.268324 0.284738
vt 0.188042 0.295751
vt 0.244747 0.282349
vt 0.263914 0.283956
vt 0.181159 0.298006
vt 0.241197 0.282426
vt 0.259758 0.283344
vt 0.173553 0.300110
vt 0.237656 0.282627
vt 0.255807 0.282887
vt 0.165170 0.301645
vt 0.199995 0.291557
vt 0.278132 0.286850
vt 0.205237 0.289769
vt 0.283657 0.288190
vt 0.210088 0.288209
vt 0.289687 0.289705
vt 0.214610 0.286870
vt 0.296291 0.291348
vt 0.218861 0.285738
vt 0.303528 0.293015
vt 0.222891 0.284797
vt 0.311432 0.294517
vt 0.226745 0.284029
vt 0.320007 0.295531
vt 0.230465 0.283420
vt 0.241939 0.225649
vt 0.239837 0.225845
vt 0.237744 0.225800
vt 0.235652 0.225499
vt 0.233553 0.224923
vt 0.231442 0.224068
vt 0.229307 0.222959
vt 0.227143 0.221636
vt 0.224985 0.220032
vt 0.222885 0.218056
vt 0.220881 0.215641
vt 0.219016 0.212715
vt 0.217388 0.209155
vt 0.216166 0.204792
vt 0.215662 0.199357
vt 0.216489 0.192320
vt 0.219334 0.182660
vt 0.226159 0.167492
vt 0.250633 0.171166
vt 0.257357 0.183067
vt 0.260393 0.192213
vt 0.261416 0.199160
vt 0.261357 0.204606
vt 0.260631 0.208974
vt 0.259441 0.212530
vt 0.257938 0.215451
vt 0.256221 0.217861
vt 0.254361 0.219845
vt 0.252420 0.221471
vt 0.250399 0.222782
vt 0.248306 0.223813
vt 0.246174 0.224611
vt 0.244060 0.225233
vt 0.246135 0.300781
vt 0.243829 0.300553
vt 0.241527 0.300548
vt 0.239211 0.300725
vt 0.236910 0.301138
vt 0.234634 0.301824
vt 0.232374 0.302804
vt 0.230100 0.304102
vt 0.227828 0.305771
vt 0.225560 0.307861
vt 0.223258 0.310418
vt 0.220816 0.313542
vt 0.218331 0.317375
vt 0.215841 0.322128
vt 0.213302 0.328157
vt 0.210599 0.336077
vt 0.207735 0.346798
vt 0.204745 0.361714
vt 0.286263 0.380569
vt 0.201400 0.382496
vt 0.281774 0.358575
vt 0.278069 0.343947
vt 0.274693 0.333570
vt 0.271545 0.325891
vt 0.268628 0.320065
vt 0.265829 0.315507
vt 0.263084 0.311887
vt 0.260450 0.308976
vt 0.257948 0.306582
vt 0.255519 0.304669
vt 0.253131 0.303188
vt 0.250776 0.302077
vt 0.248448 0.301280
vt 0.243584 0.223348
vt 0.241650 0.223776
vt 0.243717 0.302614
vt 0.245796 0.302807
vt 0.239764 0.224006
vt 0.241601 0.302663
vt 0.237904 0.223971
vt 0.239467 0.302777
vt 0.236053 0.223681
vt 0.237402 0.303147
vt 0.234217 0.223095
vt 0.235393 0.303808
vt 0.232377 0.222195
vt 0.233432 0.304786
vt 0.230497 0.221015
vt 0.231458 0.306058
vt 0.228498 0.219735
vt 0.229555 0.307705
vt 0.226596 0.218217
vt 0.227735 0.309809
vt 0.224851 0.216340
vt 0.225983 0.312422
vt 0.223273 0.214051
vt 0.224020 0.315552
vt 0.221860 0.211328
vt 0.222251 0.319315
vt 0.220798 0.208095
vt 0.220787 0.323944
vt 0.220278 0.204269
vt 0.219700 0.329797
vt 0.220674 0.199816
vt 0.218987 0.337531
vt 0.223191 0.194765
vt 0.219154 0.347855
vt 0.228228 0.188801
vt 0.221266 0.361874
vt 0.237927 0.182004
vt 0.240261 0.183467
vt 0.226835 0.381861
vt 0.261975 0.377990
vt 0.249267 0.188601
vt 0.265853 0.359284
vt 0.253827 0.194705
vt 0.267049 0.345576
vt 0.256138 0.200048
vt 0.266662 0.335528
vt 0.257119 0.204576
vt 0.265369 0.327887
vt 0.257206 0.208351
vt 0.263878 0.322168
vt 0.256616 0.211498
vt 0.262132 0.317678
vt 0.255597 0.214143
vt 0.260049 0.314073
vt 0.254274 0.216363
vt 0.257889 0.311146
vt 0.252735 0.218217
vt 0.255921 0.308662
vt 0.251105 0.219760
vt 0.253947 0.306712
vt 0.249359 0.220993
vt 0.251927 0.305226
vt 0.247490 0.221940
vt 0.249874 0.304121
vt 0.245510 0.222662
vt 0.247841 0.303302
vt 0.243219 0.222134
vt 0.241419 0.222578
vt 0.243683 0.303916
vt 0.245590 0.304063
vt 0.239704 0.222861
vt 0.241649 0.304081
vt 0.238010 0.222832
vt 0.239618 0.304066
vt 0.236331 0.222570
vt 0.237724 0.304388
vt 0.234690 0.221989
vt 0.235912 0.305014
vt 0.233054 0.221061
vt 0.234169 0.306000
vt 0.231338 0.219713
vt 0.232372 0.307213
vt 0.229349 0.218574
vt 0.230724 0.308798
vt 0.227629 0.217130
vt 0.229237 0.310861
vt 0.226137 0.215349
vt 0.227944 0.313529
vt 0.224852 0.213163
vt 0.226145 0.316595
vt 0.223667 0.210606
vt 0.224829 0.320180
vt 0.222925 0.207652
vt 0.224030 0.324529
vt 0.222733 0.204245
vt 0.223878 0.329974
vt 0.223307 0.200551
vt 0.224216 0.337430
vt 0.226441 0.197343
vt 0.226263 0.346709
vt 0.231526 0.194048
vt 0.231272 0.358689
vt 0.238905 0.192131
vt 0.238739 0.192022
vt 0.241242 0.373474
vt 0.247448 0.373188
vt 0.246188 0.192700
vt 0.256042 0.356786
vt 0.250462 0.196943
vt 0.260018 0.344778
vt 0.253179 0.201186
vt 0.261438 0.335665
vt 0.254632 0.205007
vt 0.261238 0.328357
vt 0.255158 0.208279
vt 0.260686 0.322983
vt 0.254860 0.211058
vt 0.259565 0.318736
vt 0.254116 0.213471
vt 0.258012 0.315293
vt 0.253025 0.215522
vt 0.256004 0.312393
vt 0.251656 0.217256
vt 0.254511 0.309837
vt 0.250241 0.218743
vt 0.252878 0.307906
vt 0.248689 0.219903
vt 0.251119 0.306458
vt 0.246973 0.220762
vt 0.249240 0.305392
vt 0.245035 0.221339
vt 0.247432 0.304546
vt 0.243098 0.221784
vt 0.241344 0.222227
vt 0.243686 0.304302
vt 0.245529 0.304432
vt 0.239678 0.222527
vt 0.241664 0.304506
vt 0.238039 0.222498
vt 0.239650 0.304448
vt 0.236414 0.222244
vt 0.237818 0.304753
vt 0.234838 0.221669
vt 0.236072 0.305364
vt 0.233277 0.220736
vt 0.234393 0.306351
vt 0.231607 0.219323
vt 0.232648 0.307549
vt 0.229602 0.218210
vt 0.231083 0.309102
vt 0.227944 0.216815
vt 0.229701 0.311131
vt 0.226526 0.215077
vt 0.228545 0.313830
vt 0.225326 0.212923
vt 0.226792 0.316890
vt 0.224205 0.210418
vt 0.225605 0.320380
vt 0.223548 0.207563
vt 0.224986 0.324608
vt 0.223432 0.204281
vt 0.225115 0.329903
vt 0.223990 0.200872
vt 0.225811 0.337171
vt 0.227085 0.198148
vt 0.228260 0.346018
vt 0.232050 0.195286
vt 0.233826 0.357252
vt 0.238964 0.193815
vt 0.244193 0.370804
vt 0.245658 0.193856
vt 0.253430 0.355598
vt 0.249622 0.197635
vt 0.258029 0.344249
vt 0.252392 0.201599
vt 0.259884 0.335545
vt 0.253943 0.205205
vt 0.260015 0.328380
vt 0.254573 0.208307
vt 0.259749 0.323134
vt 0.254349 0.210957
vt 0.258820 0.318993
vt 0.253677 0.213293
vt 0.257395 0.315637
vt 0.252652 0.215283
vt 0.255432 0.312734
vt 0.251332 0.216981
vt 0.254074 0.310141
vt 0.249979 0.218453
vt 0.252547 0.308237
vt 0.248490 0.219583
vt 0.250872 0.306814
vt 0.246832 0.220408
vt 0.249045 0.305759
vt 0.244890 0.220942
vt 0.247302 0.304904
vt 0.081138 0.364871
vt 0.050430 0.354493
vt 0.071911 0.044554
vt 0.051130 0.352161
vt 0.070901 0.046536
vt 0.051983 0.350222
vt 0.070076 0.048341
vt 0.052933 0.348587
vt 0.069364 0.049434
vt 0.053950 0.347189
vt 0.068822 0.050359
vt 0.055017 0.345983
vt 0.068465 0.051349
vt 0.056124 0.344942
vt 0.068230 0.052181
vt 0.057264 0.344048
vt 0.068152 0.053032
vt 0.058431 0.343290
vt 0.068159 0.053738
vt 0.059621 0.342661
vt 0.068248 0.054324
vt 0.060828 0.342155
vt 0.068408 0.054796
vt 0.062049 0.341769
vt 0.068914 0.055411
vt 0.063280 0.341500
vt 0.069448 0.055914
vt 0.064516 0.341347
vt 0.070061 0.056302
vt 0.065756 0.341308
vt 0.070689 0.056588
vt 0.066995 0.341383
vt 0.071354 0.056745
vt 0.068230 0.341575
vt 0.072024 0.056804
vt 0.069455 0.341887
vt 0.072692 0.056759
vt 0.070666 0.342319
vt 0.073353 0.056610
vt 0.071860 0.342874
vt 0.073867 0.056310
vt 0.073032 0.343555
vt 0.074363 0.055901
vt 0.074178 0.344370
vt 0.074770 0.055404
vt 0.075295 0.345328
vt 0.075142 0.054791
vt 0.076377 0.346446
vt 0.075389 0.054114
vt 0.077415 0.347749
vt 0.075562 0.053324
vt 0.078395 0.349278
vt 0.075651 0.052417
vt 0.079252 0.351072
vt 0.075663 0.051369
vt 0.080008 0.352470
vt 0.075422 0.050502
vt 0.080701 0.354181
vt 0.075058 0.049475
vt 0.081244 0.356225
vt 0.074518 0.048453
vt 0.081570 0.358637
vt 0.073809 0.047259
vt 0.081585 0.361489
vt 0.072960 0.045660
vt 0.017921 0.294652
vt 0.130099 0.296748
vt 0.022490 0.295426
vt 0.026685 0.295695
vt 0.030559 0.295649
vt 0.034209 0.295548
vt 0.037706 0.295425
vt 0.041090 0.295298
vt 0.044388 0.295177
vt 0.047619 0.295069
vt 0.050799 0.294977
vt 0.053938 0.294904
vt 0.057049 0.294852
vt 0.060145 0.294819
vt 0.063237 0.294801
vt 0.066338 0.294782
vt 0.069434 0.294930
vt 0.072517 0.295074
vt 0.075598 0.295230
vt 0.078685 0.295405
vt 0.081791 0.295601
vt 0.084925 0.295818
vt 0.088096 0.296054
vt 0.091314 0.296305
vt 0.094589 0.296569
vt 0.097932 0.296839
vt 0.101356 0.297109
vt 0.104876 0.297371
vt 0.108516 0.297611
vt 0.112305 0.297811
vt 0.116291 0.297939
vt 0.120542 0.297931
vt 0.125149 0.297650
vt 0.100114 0.053356
vt 0.043847 0.054183
vt 0.046170 0.056523
vt 0.048265 0.058497
vt 0.050207 0.060171
vt 0.052047 0.061599
vt 0.053818 0.062824
vt 0.055544 0.063880
vt 0.057239 0.064788
vt 0.058912 0.065569
vt 0.060572 0.066234
vt 0.062224 0.066795
vt 0.063873 0.067260
vt 0.065518 0.067634
vt 0.067163 0.067920
vt 0.068808 0.068122
vt 0.070454 0.068241
vt 0.072104 0.068278
vt 0.073760 0.068237
vt 0.075423 0.068120
vt 0.077081 0.067844
vt 0.078732 0.067490
vt 0.080380 0.067052
vt 0.082027 0.066525
vt 0.083677 0.065901
vt 0.085333 0.065172
vt 0.086999 0.064329
vt 0.088683 0.063357
vt 0.090390 0.062239
vt 0.092135 0.060948
vt 0.093937 0.059447
vt 0.095826 0.057690
vt 0.097854 0.055718
vt 0.040707 0.065354
vt 0.024886 0.283497
vt 0.043343 0.066254
vt 0.028094 0.283926
vt 0.045829 0.067164
vt 0.031396 0.284230
vt 0.048190 0.068048
vt 0.034701 0.284463
vt 0.050449 0.068886
vt 0.037992 0.284639
vt 0.052624 0.069664
vt 0.041260 0.284771
vt 0.054733 0.070374
vt 0.044501 0.284871
vt 0.056787 0.071011
vt 0.047715 0.284947
vt 0.058800 0.071573
vt 0.050903 0.285007
vt 0.060779 0.072059
vt 0.054067 0.285056
vt 0.062732 0.072467
vt 0.057209 0.285097
vt 0.064665 0.072799
vt 0.060332 0.285135
vt 0.066583 0.073054
vt 0.063437 0.285173
vt 0.068489 0.073232
vt 0.066527 0.285212
vt 0.070387 0.073333
vt 0.069614 0.285317
vt 0.072277 0.073358
vt 0.072714 0.285425
vt 0.074161 0.073308
vt 0.075828 0.285534
vt 0.076040 0.073180
vt 0.078960 0.285643
vt 0.077922 0.072946
vt 0.082111 0.285749
vt 0.079822 0.072633
vt 0.085286 0.285851
vt 0.081742 0.072243
vt 0.088487 0.285944
vt 0.083686 0.071775
vt 0.091718 0.286026
vt 0.085659 0.071229
vt 0.094982 0.286089
vt 0.087668 0.070605
vt 0.098282 0.286127
vt 0.089722 0.069906
vt 0.101619 0.286133
vt 0.091831 0.069132
vt 0.104992 0.286095
vt 0.094011 0.068288
vt 0.108398 0.286003
vt 0.096280 0.067383
vt 0.111830 0.285841
vt 0.098658 0.066428
vt 0.115274 0.285596
vt 0.101173 0.065447
vt 0.118705 0.285249
vt 0.103856 0.064583
vt 0.122083 0.284791
vt 0.125345 0.284221
vt 0.021783 0.283018
vt 0.106697 0.063801
vt 0.037892 0.064515
vt 0.022676 0.299902
vt 0.025366 0.314627
vt 0.026596 0.318501
vt 0.031714 0.330538
vt 0.033379 0.333610
vt 0.039734 0.342864
vt 0.041709 0.345100
vt 0.048964 0.351042
vt 0.026866 0.299626
vt 0.029166 0.313654
vt 0.030197 0.317289
vt 0.034762 0.329069
vt 0.036224 0.331995
vt 0.041989 0.341089
vt 0.043720 0.343218
vt 0.050192 0.349105
vt 0.030725 0.299407
vt 0.032721 0.312791
vt 0.033618 0.316295
vt 0.037651 0.327754
vt 0.038959 0.330609
vt 0.044121 0.339510
vt 0.045669 0.341596
vt 0.051380 0.347440
vt 0.034370 0.299185
vt 0.036120 0.312045
vt 0.036904 0.315440
vt 0.040448 0.326595
vt 0.041612 0.329389
vt 0.046196 0.338115
vt 0.047571 0.340171
vt 0.052587 0.346002
vt 0.037864 0.298963
vt 0.039402 0.311400
vt 0.040083 0.314697
vt 0.043178 0.325576
vt 0.044203 0.328314
vt 0.048234 0.336887
vt 0.049445 0.338920
vt 0.053824 0.344755
vt 0.041244 0.298753
vt 0.042587 0.310842
vt 0.043174 0.314054
vt 0.045849 0.324688
vt 0.046741 0.327375
vt 0.050246 0.335816
vt 0.051299 0.337829
vt 0.055088 0.343678
vt 0.044534 0.298561
vt 0.045689 0.310363
vt 0.046189 0.313504
vt 0.048470 0.323924
vt 0.049234 0.326565
vt 0.052236 0.334893
vt 0.053139 0.336889
vt 0.056377 0.342754
vt 0.047751 0.298392
vt 0.048724 0.309960
vt 0.049141 0.313040
vt 0.051046 0.323277
vt 0.051688 0.325880
vt 0.054208 0.334110
vt 0.054968 0.336094
vt 0.057684 0.341972
vt 0.050912 0.298250
vt 0.051701 0.309628
vt 0.052039 0.312658
vt 0.053584 0.322743
vt 0.054109 0.325313
vt 0.056165 0.333462
vt 0.056789 0.335435
vt 0.059008 0.341325
vt 0.054028 0.298137
vt 0.054632 0.309367
vt 0.054893 0.312357
vt 0.056091 0.322318
vt 0.056501 0.324860
vt 0.058109 0.332944
vt 0.058601 0.334909
vt 0.060343 0.340806
vt 0.057112 0.298054
vt 0.057527 0.309174
vt 0.057713 0.312133
vt 0.058571 0.321997
vt 0.058871 0.324519
vt 0.060044 0.332551
vt 0.060408 0.334509
vt 0.061688 0.340411
vt 0.060174 0.298004
vt 0.060395 0.309049
vt 0.060506 0.311986
vt 0.061032 0.321780
vt 0.061224 0.324286
vt 0.061971 0.332280
vt 0.062210 0.334233
vt 0.063039 0.340137
vt 0.063226 0.297989
vt 0.063245 0.308991
vt 0.063281 0.311915
vt 0.063479 0.321663
vt 0.063565 0.324160
vt 0.063892 0.332129
vt 0.064008 0.334078
vt 0.064394 0.339980
vt 0.066274 0.298019
vt 0.066084 0.309001
vt 0.066047 0.311918
vt 0.065919 0.321646
vt 0.065899 0.324139
vt 0.065810 0.332096
vt 0.065804 0.334044
vt 0.065750 0.339942
vt 0.069321 0.298111
vt 0.068923 0.309077
vt 0.068812 0.311999
vt 0.068360 0.321726
vt 0.068234 0.324225
vt 0.067729 0.332180
vt 0.067600 0.334131
vt 0.067107 0.340019
vt 0.072367 0.298257
vt 0.071775 0.309211
vt 0.071586 0.312163
vt 0.070812 0.321898
vt 0.070575 0.324422
vt 0.069656 0.332376
vt 0.069397 0.334343
vt 0.068465 0.340209
vt 0.075417 0.298412
vt 0.074637 0.309438
vt 0.074375 0.312385
vt 0.073273 0.322197
vt 0.072928 0.324717
vt 0.071581 0.332718
vt 0.071197 0.334674
vt 0.069812 0.340540
vt 0.078474 0.298607
vt 0.077510 0.309721
vt 0.077175 0.312690
vt 0.075742 0.322588
vt 0.075287 0.325125
vt 0.073505 0.333174
vt 0.072993 0.335134
vt 0.071145 0.340986
vt 0.081551 0.298835
vt 0.080407 0.310067
vt 0.079999 0.313071
vt 0.078230 0.323080
vt 0.077662 0.325644
vt 0.075432 0.333754
vt 0.074787 0.335723
vt 0.072462 0.341557
vt 0.084659 0.299092
vt 0.083340 0.310478
vt 0.082858 0.313526
vt 0.080746 0.323679
vt 0.080062 0.326276
vt 0.077367 0.334464
vt 0.076584 0.336444
vt 0.073762 0.342258
vt 0.087809 0.299378
vt 0.086319 0.310954
vt 0.085764 0.314057
vt 0.083298 0.324386
vt 0.082493 0.327025
vt 0.079311 0.335310
vt 0.078383 0.337304
vt 0.075042 0.343097
vt 0.091011 0.299689
vt 0.089357 0.311496
vt 0.088727 0.314665
vt 0.085896 0.325208
vt 0.084964 0.327897
vt 0.081269 0.336299
vt 0.080187 0.338310
vt 0.076295 0.344082
vt 0.094275 0.300022
vt 0.092465 0.312103
vt 0.091758 0.315351
vt 0.088547 0.326148
vt 0.087482 0.328896
vt 0.083244 0.337439
vt 0.081996 0.339470
vt 0.077520 0.345223
vt 0.097615 0.300372
vt 0.095657 0.312778
vt 0.094871 0.316118
vt 0.091263 0.327213
vt 0.090057 0.330031
vt 0.085239 0.338739
vt 0.083812 0.340793
vt 0.078708 0.346532
vt 0.101044 0.300734
vt 0.098947 0.313521
vt 0.098081 0.316968
vt 0.094055 0.328411
vt 0.092699 0.331309
vt 0.087258 0.340210
vt 0.085636 0.342290
vt 0.079856 0.348011
vt 0.104581 0.301099
vt 0.102353 0.314332
vt 0.101402 0.317904
vt 0.096935 0.329749
vt 0.095419 0.332740
vt 0.089307 0.341868
vt 0.087472 0.343974
vt 0.080952 0.349640
vt 0.108245 0.301457
vt 0.105893 0.315216
vt 0.104854 0.318931
vt 0.099917 0.331238
vt 0.098232 0.334334
vt 0.091392 0.343729
vt 0.089324 0.345863
vt 0.081975 0.351380
vt 0.112065 0.301794
vt 0.109590 0.316176
vt 0.108456 0.320054
vt 0.103019 0.332888
vt 0.101153 0.336104
vt 0.093525 0.345817
vt 0.091201 0.347984
vt 0.082899 0.353323
vt 0.116082 0.302092
vt 0.113473 0.317222
vt 0.112237 0.321284
vt 0.106262 0.334715
vt 0.104208 0.338067
vt 0.095722 0.348162
vt 0.093120 0.350374
vt 0.083708 0.355548
vt 0.120364 0.302344
vt 0.117595 0.318365
vt 0.116241 0.322644
vt 0.109692 0.336738
vt 0.107431 0.340252
vt 0.098023 0.350807
vt 0.095104 0.353089
vt 0.084394 0.358137
vt 0.125036 0.302615
vt 0.122069 0.319588
vt 0.120534 0.324223
vt 0.113415 0.338957
vt 0.110868 0.342752
vt 0.100534 0.353795
vt 0.097163 0.356247
vt 0.085012 0.361207
vt 0.085875 0.364846
vt 0.047485 0.353219
vt 0.099114 0.360061
vt 0.039723 0.347397
vt 0.103556 0.357014
vt 0.037142 0.344706
vt 0.114410 0.345867
vt 0.030486 0.335650
vt 0.117670 0.341164
vt 0.028302 0.331980
vt 0.125093 0.326374
vt 0.022848 0.320184
vt 0.127084 0.320630
vt 0.021157 0.315510
vt 0.018060 0.300593
vt 0.130214 0.303276
vt 0.023582 0.304904
vt 0.024523 0.309914
vt 0.028447 0.322607
vt 0.030175 0.326693
vt 0.035614 0.336778
vt 0.037757 0.339926
vt 0.044201 0.347240
vt 0.046666 0.349268
vt 0.027441 0.304321
vt 0.028262 0.309215
vt 0.031655 0.321335
vt 0.033245 0.325426
vt 0.038102 0.335179
vt 0.040103 0.338341
vt 0.045856 0.345422
vt 0.048115 0.347476
vt 0.031177 0.303848
vt 0.031891 0.308561
vt 0.034843 0.320226
vt 0.036266 0.324243
vt 0.040596 0.333741
vt 0.042410 0.336863
vt 0.047536 0.343792
vt 0.049552 0.345845
vt 0.034766 0.303438
vt 0.035390 0.307977
vt 0.037962 0.319257
vt 0.039218 0.323180
vt 0.043056 0.332459
vt 0.044674 0.335528
vt 0.049213 0.342349
vt 0.050991 0.344400
vt 0.038224 0.303072
vt 0.038770 0.307462
vt 0.041004 0.318411
vt 0.042101 0.322241
vt 0.045472 0.331327
vt 0.046898 0.334344
vt 0.050884 0.341081
vt 0.052438 0.343133
vt 0.041571 0.302748
vt 0.042047 0.307013
vt 0.043971 0.317678
vt 0.044920 0.321423
vt 0.047847 0.330337
vt 0.049088 0.333308
vt 0.052549 0.339978
vt 0.053894 0.342034
vt 0.044827 0.302463
vt 0.045235 0.306625
vt 0.046872 0.317050
vt 0.047681 0.320720
vt 0.050185 0.329482
vt 0.051249 0.332413
vt 0.054211 0.339031
vt 0.055361 0.341091
vt 0.048008 0.302220
vt 0.048352 0.306297
vt 0.049715 0.316520
vt 0.050392 0.320126
vt 0.052490 0.328758
vt 0.053384 0.331655
vt 0.055871 0.338229
vt 0.056836 0.340294
vt 0.051130 0.302018
vt 0.051408 0.306027
vt 0.052510 0.316084
vt 0.053059 0.319636
vt 0.054767 0.328159
vt 0.055498 0.331027
vt 0.057530 0.337566
vt 0.058318 0.339635
vt 0.054205 0.301859
vt 0.054418 0.305815
vt 0.055265 0.315739
vt 0.055690 0.319247
vt 0.057022 0.327681
vt 0.057594 0.330525
vt 0.059187 0.337035
vt 0.059807 0.339107
vt 0.057244 0.301743
vt 0.057390 0.305659
vt 0.057987 0.315482
vt 0.058292 0.318955
vt 0.059257 0.327319
vt 0.059675 0.330145
vt 0.060843 0.336633
vt 0.061299 0.338706
vt 0.060258 0.301673
vt 0.060336 0.305561
vt 0.060684 0.315311
vt 0.060872 0.318759
vt 0.061478 0.327072
vt 0.061746 0.329885
vt 0.062498 0.336355
vt 0.062794 0.338429
vt 0.063255 0.301650
vt 0.063262 0.305521
vt 0.063363 0.315225
vt 0.063436 0.318656
vt 0.063689 0.326938
vt 0.063808 0.329740
vt 0.064150 0.336200
vt 0.064291 0.338272
vt 0.066241 0.301679
vt 0.066176 0.305539
vt 0.066032 0.315223
vt 0.065990 0.318645
vt 0.065892 0.326914
vt 0.065864 0.329711
vt 0.065801 0.336165
vt 0.065786 0.338235
vt 0.069219 0.301763
vt 0.069083 0.305614
vt 0.068695 0.315307
vt 0.068538 0.318723
vt 0.068091 0.327003
vt 0.067916 0.329796
vt 0.067448 0.336253
vt 0.067277 0.338317
vt 0.072188 0.301902
vt 0.071983 0.305742
vt 0.071354 0.315477
vt 0.071082 0.318889
vt 0.070286 0.327205
vt 0.069962 0.329991
vt 0.069089 0.336463
vt 0.068760 0.338514
vt 0.075166 0.302071
vt 0.074893 0.305946
vt 0.074025 0.315718
vt 0.073636 0.319165
vt 0.072489 0.327510
vt 0.072012 0.330320
vt 0.070728 0.336791
vt 0.070236 0.338847
vt 0.078169 0.302289
vt 0.077830 0.306200
vt 0.076722 0.316048
vt 0.076215 0.319531
vt 0.074707 0.327934
vt 0.074075 0.330765
vt 0.072367 0.337249
vt 0.071711 0.339303
vt 0.081200 0.302551
vt 0.080798 0.306506
vt 0.079449 0.316464
vt 0.078823 0.319989
vt 0.076943 0.328477
vt 0.076152 0.331330
vt 0.074004 0.337837
vt 0.073179 0.339886
vt 0.084267 0.302855
vt 0.083803 0.306866
vt 0.082211 0.316968
vt 0.081464 0.320544
vt 0.079200 0.329140
vt 0.078244 0.332023
vt 0.075637 0.338560
vt 0.074636 0.340603
vt 0.087379 0.303199
vt 0.086856 0.307278
vt 0.085018 0.317559
vt 0.084146 0.321199
vt 0.081483 0.329929
vt 0.080354 0.332846
vt 0.077266 0.339424
vt 0.076080 0.341459
vt 0.090547 0.303581
vt 0.089967 0.307742
vt 0.087880 0.318240
vt 0.086879 0.321956
vt 0.083798 0.330849
vt 0.082488 0.333808
vt 0.078889 0.340435
vt 0.077509 0.342463
vt 0.093783 0.303998
vt 0.093148 0.308258
vt 0.090808 0.319014
vt 0.089673 0.322821
vt 0.086151 0.331906
vt 0.084649 0.334915
vt 0.080506 0.341602
vt 0.078918 0.343622
vt 0.097100 0.304447
vt 0.096413 0.308823
vt 0.093814 0.319884
vt 0.092538 0.323797
vt 0.088551 0.333109
vt 0.086843 0.336177
vt 0.082115 0.342932
vt 0.080305 0.344946
vt 0.100512 0.304926
vt 0.099777 0.309438
vt 0.096911 0.320854
vt 0.095488 0.324891
vt 0.091007 0.334467
vt 0.089078 0.337605
vt 0.083715 0.344437
vt 0.081664 0.346439
vt 0.104039 0.305428
vt 0.103257 0.310101
vt 0.100115 0.321930
vt 0.098535 0.326109
vt 0.093527 0.335992
vt 0.091361 0.339211
vt 0.085305 0.346127
vt 0.082987 0.348105
vt 0.107701 0.305950
vt 0.106874 0.310811
vt 0.103440 0.323118
vt 0.101695 0.327459
vt 0.096125 0.337695
vt 0.093702 0.341010
vt 0.086883 0.348021
vt 0.084266 0.349953
vt 0.111521 0.306486
vt 0.110649 0.311566
vt 0.106903 0.324424
vt 0.104982 0.328948
vt 0.098812 0.339591
vt 0.096114 0.343018
vt 0.088451 0.350149
vt 0.085493 0.352024
vt 0.115524 0.307036
vt 0.114603 0.312366
vt 0.110516 0.325861
vt 0.108413 0.330579
vt 0.101600 0.341695
vt 0.098611 0.345248
vt 0.090009 0.352546
vt 0.086667 0.354365
vt 0.119727 0.307611
vt 0.118753 0.313202
vt 0.114279 0.327442
vt 0.111995 0.332344
vt 0.104490 0.344023
vt 0.101211 0.347703
vt 0.091552 0.355248
vt 0.087791 0.357015
vt 0.124104 0.308257
vt 0.123078 0.314035
vt 0.118143 0.329196
vt 0.115715 0.334190
vt 0.107441 0.346585
vt 0.103927 0.350336
vt 0.093048 0.358271
vt 0.088895 0.359978
vt 0.090036 0.363142
vt 0.045201 0.351121
vt 0.094381 0.361553
vt 0.042670 0.349209
vt 0.106730 0.352974
vt 0.035436 0.341468
vt 0.110253 0.349331
vt 0.033272 0.338522
vt 0.119470 0.335952
vt 0.027166 0.327899
vt 0.121877 0.331137
vt 0.025387 0.324065
vt 0.127443 0.314748
vt 0.020793 0.310568
vt 0.128491 0.309081
vt 0.019748 0.305703
vt 0.056502 0.354487
vt 0.073393 0.360844
vt 0.056613 0.353258
vt 0.056870 0.352034
vt 0.057257 0.350873
vt 0.057756 0.349800
vt 0.058346 0.348827
vt 0.059013 0.347959
vt 0.059741 0.347197
vt 0.060522 0.346539
vt 0.061344 0.345986
vt 0.062198 0.345537
vt 0.063076 0.345192
vt 0.063972 0.344951
vt 0.064880 0.344813
vt 0.065792 0.344778
vt 0.066702 0.344847
vt 0.067604 0.345020
vt 0.068493 0.345299
vt 0.069361 0.345683
vt 0.070202 0.346174
vt 0.071008 0.346773
vt 0.071771 0.347481
vt 0.072484 0.348299
vt 0.073137 0.349227
vt 0.073721 0.350258
vt 0.074225 0.351385
vt 0.074637 0.352589
vt 0.074901 0.353844
vt 0.075003 0.355165
vt 0.074924 0.356558
vt 0.074641 0.358005
vt 0.074135 0.359464
vt 0.064895 0.355054
vt 0.064491 0.354204
vt 0.064120 0.353541
vt 0.063858 0.352952
vt 0.063686 0.352373
vt 0.063601 0.351875
vt 0.063605 0.351381
vt 0.063672 0.350969
vt 0.063893 0.350477
vt 0.064156 0.350052
vt 0.064453 0.349695
vt 0.064769 0.349408
vt 0.065164 0.349194
vt 0.065568 0.349040
vt 0.065986 0.348956
vt 0.066402 0.348930
vt 0.066797 0.349027
vt 0.067182 0.349183
vt 0.067551 0.349397
vt 0.067903 0.349663
vt 0.068144 0.349982
vt 0.068353 0.350356
vt 0.068502 0.350773
vt 0.068602 0.351238
vt 0.068594 0.351641
vt 0.068507 0.352084
vt 0.068328 0.352552
vt 0.068047 0.353033
vt 0.067705 0.353400
vt 0.067222 0.353770
vt 0.066629 0.354082
vt 0.065869 0.354373
vt 0.075062 0.352502
vt 0.074594 0.351246
vt 0.057407 0.349595
vt 0.056867 0.350703
vt 0.064848 0.344511
vt 0.063909 0.344650
vt 0.072748 0.348067
vt 0.072000 0.347231
vt 0.074687 0.359722
vt 0.075186 0.358144
vt 0.061182 0.345699
vt 0.060326 0.346260
vt 0.069488 0.345398
vt 0.068587 0.345007
vt 0.075355 0.353789
vt 0.058038 0.348596
vt 0.065791 0.344477
vt 0.073437 0.349018
vt 0.056157 0.353205
vt 0.073918 0.361338
vt 0.056053 0.354556
vt 0.062070 0.345244
vt 0.070362 0.345898
vt 0.075491 0.355155
vt 0.058744 0.347708
vt 0.066733 0.344547
vt 0.074055 0.350080
vt 0.056441 0.351912
vt 0.062981 0.344894
vt 0.071201 0.346508
vt 0.075444 0.356612
vt 0.059510 0.346930
vt 0.067667 0.344724
vt 0.078217 0.349469
vt 0.053144 0.348736
vt 0.063316 0.341691
vt 0.074066 0.344545
vt 0.081189 0.358683
vt 0.058539 0.343473
vt 0.069410 0.342075
vt 0.050989 0.354548
vt 0.080323 0.364584
vt 0.079016 0.351380
vt 0.054140 0.347347
vt 0.064536 0.341537
vt 0.075166 0.345499
vt 0.081104 0.361469
vt 0.059710 0.342847
vt 0.070604 0.342505
vt 0.079708 0.352632
vt 0.055186 0.346150
vt 0.065760 0.341498
vt 0.076233 0.346613
vt 0.051441 0.352285
vt 0.060899 0.342343
vt 0.071781 0.343056
vt 0.080375 0.354290
vt 0.056272 0.345115
vt 0.066982 0.341573
vt 0.077258 0.347917
vt 0.052223 0.350362
vt 0.062103 0.341959
vt 0.072936 0.343734
vt 0.080898 0.356302
vt 0.057392 0.344226
vt 0.068201 0.341765
vt 0.041613 0.345002
vt 0.043636 0.343121
vt 0.045587 0.341491
vt 0.047496 0.340063
vt 0.049378 0.338811
vt 0.051240 0.337720
vt 0.053088 0.336781
vt 0.054925 0.335986
vt 0.056752 0.335328
vt 0.058572 0.334801
vt 0.060385 0.334402
vt 0.062193 0.334126
vt 0.063998 0.333972
vt 0.065800 0.333937
vt 0.067602 0.334024
vt 0.069407 0.334233
vt 0.071212 0.334566
vt 0.073014 0.335025
vt 0.074815 0.335612
vt 0.076619 0.336332
vt 0.078426 0.337190
vt 0.080238 0.338194
vt 0.082056 0.339351
vt 0.083883 0.340671
vt 0.085720 0.342165
vt 0.087569 0.343848
vt 0.089436 0.345738
vt 0.091328 0.347862
vt 0.093258 0.350258
vt 0.095247 0.352984
vt 0.097331 0.356138
vt 0.099600 0.359823
vt 0.039447 0.347191
vt 0.033297 0.333475
vt 0.036151 0.331859
vt 0.038888 0.330465
vt 0.041547 0.329242
vt 0.044145 0.328168
vt 0.046690 0.327231
vt 0.049190 0.326424
vt 0.051650 0.325740
vt 0.054077 0.325174
vt 0.056476 0.324723
vt 0.058852 0.324383
vt 0.061211 0.324150
vt 0.063557 0.324024
vt 0.065897 0.324004
vt 0.068237 0.324089
vt 0.070585 0.324282
vt 0.072943 0.324579
vt 0.075308 0.324986
vt 0.077690 0.325503
vt 0.080097 0.326133
vt 0.082535 0.326879
vt 0.085013 0.327748
vt 0.087539 0.328744
vt 0.090122 0.329875
vt 0.092772 0.331149
vt 0.095502 0.332575
vt 0.098325 0.334165
vt 0.101256 0.335932
vt 0.104319 0.337896
vt 0.107546 0.340088
vt 0.110994 0.342583
vt 0.114764 0.345467
vt 0.030244 0.335366
vt 0.026530 0.318329
vt 0.030141 0.317120
vt 0.033566 0.316119
vt 0.036857 0.315263
vt 0.040042 0.314523
vt 0.043139 0.313884
vt 0.046159 0.313336
vt 0.049116 0.312875
vt 0.052018 0.312496
vt 0.054877 0.312196
vt 0.057701 0.311974
vt 0.060498 0.311827
vt 0.063278 0.311757
vt 0.066047 0.311761
vt 0.068816 0.311841
vt 0.071596 0.311999
vt 0.074388 0.312226
vt 0.077192 0.312529
vt 0.080020 0.312907
vt 0.082884 0.313359
vt 0.085794 0.313887
vt 0.088761 0.314492
vt 0.091798 0.315174
vt 0.094916 0.315936
vt 0.098130 0.316781
vt 0.101457 0.317711
vt 0.104914 0.318732
vt 0.108523 0.319849
vt 0.112309 0.321077
vt 0.116316 0.322444
vt 0.120616 0.324016
vt 0.125336 0.325876
vt 0.022630 0.319808
vt 0.017943 0.300022
vt 0.130287 0.302637
vt 0.022637 0.299698
vt 0.026832 0.299458
vt 0.030702 0.299231
vt 0.034356 0.299003
vt 0.037854 0.298780
vt 0.041235 0.298570
vt 0.044525 0.298380
vt 0.047743 0.298213
vt 0.050904 0.298074
vt 0.054021 0.297963
vt 0.057107 0.297883
vt 0.060172 0.297833
vt 0.063227 0.297816
vt 0.066277 0.297842
vt 0.069325 0.297940
vt 0.072374 0.298082
vt 0.075427 0.298242
vt 0.078486 0.298434
vt 0.081566 0.298659
vt 0.084675 0.298914
vt 0.087826 0.299196
vt 0.091029 0.299503
vt 0.094293 0.299832
vt 0.097633 0.300179
vt 0.101062 0.300537
vt 0.104597 0.300899
vt 0.108262 0.301255
vt 0.112086 0.301591
vt 0.116110 0.301891
vt 0.120401 0.302147
vt 0.125070 0.302382
vt 0.103150 0.357336
vt 0.037371 0.344951
vt 0.039817 0.342964
vt 0.042063 0.341194
vt 0.044195 0.339621
vt 0.046265 0.338227
vt 0.048297 0.336998
vt 0.050301 0.335926
vt 0.052284 0.335002
vt 0.054249 0.334219
vt 0.056199 0.333571
vt 0.058138 0.333052
vt 0.060066 0.332659
vt 0.061987 0.332388
vt 0.063902 0.332236
vt 0.065814 0.332203
vt 0.067727 0.332287
vt 0.069647 0.332489
vt 0.071567 0.332826
vt 0.073484 0.333284
vt 0.075405 0.333865
vt 0.077333 0.334578
vt 0.079270 0.335426
vt 0.081220 0.336417
vt 0.083186 0.337559
vt 0.085170 0.338862
vt 0.087178 0.340336
vt 0.089215 0.341995
vt 0.091288 0.343857
vt 0.093409 0.345945
vt 0.095598 0.348288
vt 0.097896 0.350927
vt 0.100384 0.353917
vt 0.117408 0.341605
vt 0.028491 0.332298
vt 0.031783 0.330671
vt 0.034823 0.329208
vt 0.037712 0.327901
vt 0.040506 0.326742
vt 0.043231 0.325721
vt 0.045896 0.324831
vt 0.048510 0.324064
vt 0.051080 0.323416
vt 0.053613 0.322880
vt 0.056113 0.322453
vt 0.058588 0.322132
vt 0.061044 0.321914
vt 0.063486 0.321797
vt 0.065921 0.321779
vt 0.068356 0.321860
vt 0.070803 0.322038
vt 0.073258 0.322332
vt 0.075722 0.322725
vt 0.078204 0.323220
vt 0.080714 0.323820
vt 0.083260 0.324531
vt 0.085851 0.325355
vt 0.088496 0.326299
vt 0.091204 0.327368
vt 0.093988 0.328570
vt 0.096860 0.329913
vt 0.099834 0.331406
vt 0.102929 0.333061
vt 0.106168 0.334889
vt 0.109597 0.336906
vt 0.113307 0.339130
vt 0.126937 0.321153
vt 0.021306 0.315919
vt 0.025420 0.314798
vt 0.029207 0.313820
vt 0.032761 0.312964
vt 0.036158 0.312218
vt 0.039436 0.311569
vt 0.042616 0.311007
vt 0.045715 0.310526
vt 0.048745 0.310120
vt 0.051719 0.309787
vt 0.054646 0.309523
vt 0.057538 0.309329
vt 0.060402 0.309203
vt 0.063248 0.309145
vt 0.066083 0.309154
vt 0.068919 0.309230
vt 0.071766 0.309371
vt 0.074625 0.309593
vt 0.077494 0.309878
vt 0.080387 0.310226
vt 0.083317 0.310640
vt 0.086293 0.311119
vt 0.089327 0.311664
vt 0.092431 0.312275
vt 0.095619 0.312955
vt 0.098906 0.313702
vt 0.102307 0.314520
vt 0.105843 0.315409
vt 0.109536 0.316375
vt 0.113419 0.317423
vt 0.117542 0.318561
vt 0.122006 0.319794
vt 0.017870 0.295296
vt 0.130215 0.297431
vt 0.022543 0.295619
vt 0.026715 0.295817
vt 0.030564 0.295805
vt 0.034209 0.295717
vt 0.037706 0.295599
vt 0.041092 0.295474
vt 0.044392 0.295352
vt 0.047625 0.295242
vt 0.050805 0.295147
vt 0.053944 0.295071
vt 0.057054 0.295016
vt 0.060146 0.294980
vt 0.063234 0.294963
vt 0.066335 0.294971
vt 0.069432 0.295091
vt 0.072511 0.295236
vt 0.075588 0.295394
vt 0.078673 0.295571
vt 0.081777 0.295770
vt 0.084910 0.295990
vt 0.088080 0.296230
vt 0.091299 0.296485
vt 0.094574 0.296752
vt 0.097919 0.297026
vt 0.101345 0.297300
vt 0.104869 0.297563
vt 0.108512 0.297802
vt 0.112301 0.297996
vt 0.116279 0.298112
vt 0.120511 0.298095
vt 0.125102 0.297868
vt 0.051017 0.352107
vt 0.051908 0.350165
vt 0.052862 0.348529
vt 0.053881 0.347128
vt 0.054952 0.345918
vt 0.056066 0.344873
vt 0.057213 0.343976
vt 0.058388 0.343216
vt 0.059585 0.342586
vt 0.060799 0.342080
vt 0.062026 0.341694
vt 0.063263 0.341425
vt 0.064505 0.341271
vt 0.065750 0.341232
vt 0.066995 0.341308
vt 0.068235 0.341500
vt 0.069466 0.341813
vt 0.070683 0.342246
vt 0.071881 0.342801
vt 0.073058 0.343483
vt 0.074209 0.344299
vt 0.075328 0.345260
vt 0.076408 0.346378
vt 0.077442 0.347675
vt 0.078420 0.349173
vt 0.079340 0.350846
vt 0.080161 0.352376
vt 0.080851 0.354129
vt 0.081382 0.356186
vt 0.081707 0.358605
vt 0.081775 0.361488
vt 0.081669 0.364998
vt 0.050096 0.354427
vt 0.085346 0.364871
vt 0.047779 0.353355
vt 0.049064 0.351101
vt 0.050269 0.349170
vt 0.051452 0.347509
vt 0.052655 0.346071
vt 0.053886 0.344826
vt 0.055144 0.343751
vt 0.056426 0.342828
vt 0.057726 0.342048
vt 0.059043 0.341402
vt 0.060372 0.340884
vt 0.061710 0.340489
vt 0.063056 0.340214
vt 0.064405 0.340058
vt 0.065756 0.340019
vt 0.067107 0.340095
vt 0.068459 0.340290
vt 0.069801 0.340616
vt 0.071128 0.341063
vt 0.072441 0.341633
vt 0.073736 0.342335
vt 0.075011 0.343173
vt 0.076262 0.344159
vt 0.077483 0.345304
vt 0.078666 0.346623
vt 0.079800 0.348122
vt 0.080865 0.349773
vt 0.081854 0.351484
vt 0.082765 0.353400
vt 0.083570 0.355610
vt 0.084255 0.358187
vt 0.084838 0.361235
s 1
usemtl Material.002
f 744/806/1 427/427/2 423/423/3 422/422/4
f 428/428/5 427/427/2 20/20/6 22/22/7
f 429/429/8 428/428/5 22/22/7 24/24/9
f 2/2/10 1/1/11 8/8/12 10/10/13
f 313/313/14 429/429/8 24/24/9
f 4/4/15 2/2/10 10/10/13 12/12/16
f 426/426/17 4/4/15 12/12/16 15/15/18
f 6/6/19 426/426/17 15/15/18 17/17/20
f 19/19/21 17/17/20 34/34/22 36/36/23
f 20/20/6 19/19/21 36/36/23 39/39/24
f 22/22/7 20/20/6 39/39/24 40/40/25
f 24/24/9 22/22/7 40/40/25 42/42/26
f 10/10/13 8/8/12 26/26/27 28/28/28
f 313/313/14 24/24/9 42/42/26
f 12/12/16 10/10/13 28/28/28 30/30/29
f 15/15/18 12/12/16 30/30/29 32/32/30
f 17/17/20 15/15/18 32/32/30 34/34/22
f 313/313/14 42/42/26 60/60/31
f 30/30/29 28/28/28 46/46/32 48/48/33
f 32/32/30 30/30/29 48/48/33 50/50/34
f 34/34/22 32/32/30 50/50/34 52/52/35
f 36/36/23 34/34/22 52/52/35 55/55/36
f 39/39/24 36/36/23 55/55/36 56/56/37
f 40/40/25 39/39/24 56/56/37 58/58/38
f 42/42/26 40/40/25 58/58/38 60/60/31
f 28/28/28 26/26/27 45/45/39 46/46/32
f 56/56/37 55/55/36 72/72/40 74/74/41
f 58/58/38 56/56/37 74/74/41 76/76/42
f 60/60/31 58/58/38 76/76/42 78/78/43
f 46/46/32 45/45/39 62/62/44 64/64/45
f 313/313/14 60/60/31 78/78/43
f 48/48/33 46/46/32 64/64/45 66/66/46
f 50/50/34 48/48/33 66/66/46 68/68/47
f 52/52/35 50/50/34 68/68/47 70/70/48
f 55/55/36 52/52/35 70/70/48 72/72/40
f 66/66/46 64/64/45 84/84/49 86/86/50
f 68/68/47 66/66/46 86/86/50 89/89/51
f 70/70/48 68/68/47 89/89/51 90/90/52
f 72/72/40 70/70/48 90/90/52 92/92/53
f 74/74/41 72/72/40 92/92/53 94/94/54
f 76/76/42 74/74/41 94/94/54 96/96/55
f 78/78/43 76/76/42 96/96/55 98/98/56
f 64/64/45 62/62/44 82/82/57 84/84/49
f 313/313/14 78/78/43 98/98/56
f 94/94/54 92/92/53 114/114/58 116/116/59
f 96/96/55 94/94/54 116/116/59 118/118/60
f 82/82/57 80/80/61 102/102/62 104/104/63
f 98/98/56 96/96/55 118/118/60 120/120/64
f 84/84/49 82/82/57 104/104/63 106/106/65
f 313/313/14 98/98/56 120/120/64
f 86/86/50 84/84/49 106/106/65 108/108/66
f 89/89/51 86/86/50 108/108/66 110/110/67
f 90/90/52 89/89/51 110/110/67 112/112/68
f 92/92/53 90/90/52 112/112/68 114/114/58
f 110/110/67 108/108/66 130/130/69 132/132/70
f 112/112/68 110/110/67 132/132/70 134/134/71
f 114/114/58 112/112/68 134/134/71 136/136/72
f 116/116/59 114/114/58 136/136/72 138/138/73
f 102/102/62 100/100/74 122/122/75 124/124/76
f 118/118/60 116/116/59 138/138/73 140/140/77
f 104/104/63 102/102/62 124/124/76 126/126/78
f 120/120/64 118/118/60 140/140/77 142/142/79
f 106/106/65 104/104/63 126/126/78 129/129/80
f 313/313/14 120/120/64 142/142/79
f 108/108/66 106/106/65 129/129/80 130/130/69
f 124/124/76 122/122/75 144/144/81 146/146/82
f 140/140/77 138/138/73 160/160/83 162/162/84
f 126/126/78 124/124/76 146/146/82 149/149/85
f 142/142/79 140/140/77 162/162/84 165/165/86
f 129/129/80 126/126/78 149/149/85 151/151/87
f 313/313/14 142/142/79 165/165/86
f 130/130/69 129/129/80 151/151/87 153/153/88
f 132/132/70 130/130/69 153/153/88 154/154/89
f 134/134/71 132/132/70 154/154/89 156/156/90
f 136/136/72 134/134/71 156/156/90 158/158/91
f 138/138/73 136/136/72 158/158/91 160/160/83
f 154/154/89 153/153/88 175/175/92 177/177/93
f 156/156/90 154/154/89 177/177/93 178/178/94
f 158/158/91 156/156/90 178/178/94 180/180/95
f 160/160/83 158/158/91 180/180/95 182/182/96
f 146/146/82 144/144/81 167/167/97 168/168/98
f 162/162/84 160/160/83 182/182/96 184/184/99
f 149/149/85 146/146/82 168/168/98 171/171/100
f 165/165/86 162/162/84 184/184/99 186/186/101
f 151/151/87 149/149/85 171/171/100 173/173/102
f 313/313/14 165/165/86 186/186/101
f 153/153/88 151/151/87 173/173/102 175/175/92
f 184/184/99 182/182/96 205/205/103 207/207/104
f 171/171/100 168/168/98 190/190/105 192/192/106
f 186/186/101 184/184/99 207/207/104 208/208/107
f 173/173/102 171/171/100 192/192/106 194/194/108
f 313/313/14 186/186/101 208/208/107
f 175/175/92 173/173/102 194/194/108 196/196/109
f 177/177/93 175/175/92 196/196/109 198/198/110
f 178/178/94 177/177/93 198/198/110 200/200/111
f 180/180/95 178/178/94 200/200/111 203/203/112
f 182/182/96 180/180/95 203/203/112 205/205/103
f 168/168/98 167/167/97 188/188/113 190/190/105
f 200/200/111 198/198/110 218/218/114 219/219/115
f 203/203/112 200/200/111 219/219/115 220/220/116
f 205/205/103 203/203/112 220/220/116 221/221/117
f 190/190/105 188/188/113 209/209/118 210/210/119
f 207/207/104 205/205/103 221/221/117 222/222/120
f 192/192/106 190/190/105 210/210/119 211/211/121
f 208/208/107 207/207/104 222/222/120 223/223/122
f 194/194/108 192/192/106 211/211/121 214/214/123
f 313/313/14 208/208/107 223/223/122
f 196/196/109 194/194/108 214/214/123 216/216/124
f 198/198/110 196/196/109 216/216/124 218/218/114
f 223/223/122 222/222/120 241/241/125 243/243/126
f 214/214/123 211/211/121 230/230/127 231/231/128
f 313/313/14 223/223/122 243/243/126
f 216/216/124 214/214/123 231/231/128 232/232/129
f 218/218/114 216/216/124 232/232/129 233/233/130
f 219/219/115 218/218/114 233/233/130 235/235/131
f 220/220/116 219/219/115 235/235/131 237/237/132
f 221/221/117 220/220/116 237/237/132 239/239/133
f 210/210/119 209/209/118 225/225/134 228/228/135
f 222/222/120 221/221/117 239/239/133 241/241/125
f 211/211/121 210/210/119 228/228/135 230/230/127
f 237/237/132 235/235/131 253/253/136 255/255/137
f 239/239/133 237/237/132 255/255/137 257/257/138
f 228/228/135 225/225/134 244/244/139 245/245/140
f 241/241/125 239/239/133 257/257/138 259/259/141
f 230/230/127 228/228/135 245/245/140 246/246/142
f 243/243/126 241/241/125 259/259/141 260/260/143
f 231/231/128 230/230/127 246/246/142 247/247/144
f 313/313/14 243/243/126 260/260/143
f 232/232/129 231/231/128 247/247/144 250/250/145
f 233/233/130 232/232/129 250/250/145 252/252/146
f 235/235/131 233/233/130 252/252/146 253/253/136
f 313/313/14 260/260/143 266/266/147
f 255/255/137 253/253/136 262/262/148 263/263/149
f 257/257/138 255/255/137 263/263/149 264/264/150
f 259/259/141 257/257/138 264/264/150 265/265/151
f 260/260/143 259/259/141 265/265/151 266/266/147
f 263/263/149 262/262/148 268/268/152 269/269/153
f 264/264/150 263/263/149 269/269/153 270/270/154
f 265/265/151 264/264/150 270/270/154 271/271/155
f 266/266/147 265/265/151 271/271/155 272/272/156
f 313/313/14 266/266/147 272/272/156
f 313/313/14 272/272/156 278/278/157
f 269/269/153 268/268/152 274/274/158 275/275/159
f 270/270/154 269/269/153 275/275/159 276/276/160
f 271/271/155 270/270/154 276/276/160 277/277/161
f 272/272/156 271/271/155 277/277/161 278/278/157
f 276/276/160 275/275/159 281/281/162 282/282/163
f 277/277/161 276/276/160 282/282/163 283/283/164
f 278/278/157 277/277/161 283/283/164 284/284/165
f 313/313/14 278/278/157 284/284/165
f 275/275/159 274/274/158 280/280/166 281/281/162
f 281/281/162 280/280/166 286/286/167 287/287/168
f 282/282/163 281/281/162 287/287/168 288/288/169
f 283/283/164 282/282/163 288/288/169 289/289/170
f 284/284/165 283/283/164 289/289/170 290/290/171
f 313/313/14 284/284/165 290/290/171
f 288/288/169 287/287/168 298/298/172 299/299/173
f 289/289/170 288/288/169 299/299/173 300/300/174
f 290/290/171 289/289/170 300/300/174 301/301/175
f 313/313/14 290/290/171 301/301/175
f 287/287/168 286/286/167 297/297/176 298/298/172
f 296/296/177 295/295/178 306/306/179 307/307/180
f 297/297/176 296/296/177 307/307/180 308/308/181
f 298/298/172 297/297/176 308/308/181 309/309/182
f 299/299/173 298/298/172 309/309/182 310/310/183
f 292/292/184 291/291/185 302/302/186 303/303/187
f 300/300/174 299/299/173 310/310/183 311/311/188
f 293/293/189 292/292/184 303/303/187 304/304/190
f 301/301/175 300/300/174 311/311/188 312/312/191
f 294/294/192 293/293/189 304/304/190 305/305/193
f 313/313/14 301/301/175 312/312/191
f 295/295/178 294/294/192 305/305/193 306/306/179
f 311/311/188 310/310/183 322/322/194 323/323/195
f 304/304/190 303/303/187 315/315/196 316/316/197
f 312/312/191 311/311/188 323/323/195 324/324/198
f 305/305/193 304/304/190 316/316/197 317/317/199
f 313/313/14 312/312/191 324/324/198
f 306/306/179 305/305/193 317/317/199 318/318/200
f 307/307/180 306/306/179 318/318/200 319/319/201
f 308/308/181 307/307/180 319/319/201 320/320/202
f 309/309/182 308/308/181 320/320/202 321/321/203
f 310/310/183 309/309/182 321/321/203 322/322/194
f 303/303/187 302/302/186 314/314/204 315/315/196
f 320/320/202 319/319/201 330/330/205 331/331/206
f 321/321/203 320/320/202 331/331/206 332/332/207
f 322/322/194 321/321/203 332/332/207 333/333/208
f 315/315/196 314/314/204 325/325/209 326/326/210
f 323/323/195 322/322/194 333/333/208 334/334/211
f 316/316/197 315/315/196 326/326/210 327/327/212
f 324/324/198 323/323/195 334/334/211 335/335/213
f 317/317/199 316/316/197 327/327/212 328/328/214
f 313/313/14 324/324/198 335/335/213
f 318/318/200 317/317/199 328/328/214 329/329/215
f 319/319/201 318/318/200 329/329/215 330/330/205
f 327/327/212 326/326/210 337/337/216 338/338/217
f 335/335/213 334/334/211 345/345/218 346/346/219
f 328/328/214 327/327/212 338/338/217 339/339/220
f 313/313/14 335/335/213 346/346/219
f 329/329/215 328/328/214 339/339/220 340/340/221
f 330/330/205 329/329/215 340/340/221 341/341/222
f 331/331/206 330/330/205 341/341/222 342/342/223
f 332/332/207 331/331/206 342/342/223 343/343/224
f 333/333/208 332/332/207 343/343/224 344/344/225
f 326/326/210 325/325/209 336/336/226 337/337/216
f 334/334/211 333/333/208 344/344/225 345/345/218
f 342/342/223 341/341/222 352/352/227 353/353/228
f 343/343/224 342/342/223 353/353/228 354/354/229
f 344/344/225 343/343/224 354/354/229 355/355/230
f 337/337/216 336/336/226 347/347/231 348/348/232
f 345/345/218 344/344/225 355/355/230 356/356/233
f 338/338/217 337/337/216 348/348/232 349/349/234
f 346/346/219 345/345/218 356/356/233 357/357/235
f 339/339/220 338/338/217 349/349/234 350/350/236
f 313/313/14 346/346/219 357/357/235
f 340/340/221 339/339/220 350/350/236 351/351/237
f 341/341/222 340/340/221 351/351/237 352/352/227
f 357/357/235 356/356/233 367/367/238 368/368/239
f 350/350/236 349/349/234 360/360/240 361/361/241
f 313/313/14 357/357/235 368/368/239
f 351/351/237 350/350/236 361/361/241 362/362/242
f 352/352/227 351/351/237 362/362/242 363/363/243
f 353/353/228 352/352/227 363/363/243 364/364/244
f 354/354/229 353/353/228 364/364/244 365/365/245
f 355/355/230 354/354/229 365/365/245 366/366/246
f 348/348/232 347/347/231 358/358/247 359/359/248
f 356/356/233 355/355/230 366/366/246 367/367/238
f 349/349/234 348/348/232 359/359/248 360/360/240
f 365/365/245 364/364/244 375/375/249 376/376/250
f 366/366/246 365/365/245 376/376/250 377/377/251
f 359/359/248 358/358/247 369/369/252 370/370/253
f 367/367/238 366/366/246 377/377/251 378/378/254
f 360/360/240 359/359/248 370/370/253 371/371/255
f 368/368/239 367/367/238 378/378/254 379/379/256
f 361/361/241 360/360/240 371/371/255 372/372/257
f 313/313/14 368/368/239 379/379/256
f 362/362/242 361/361/241 372/372/257 373/373/258
f 363/363/243 362/362/242 373/373/258 374/374/259
f 364/364/244 363/363/243 374/374/259 375/375/249
f 372/372/257 371/371/255 381/381/260 382/382/261
f 313/313/14 379/379/256 389/389/262
f 373/373/258 372/372/257 382/382/261 383/383/263
f 374/374/259 373/373/258 383/383/263 384/384/264
f 375/375/249 374/374/259 384/384/264 385/385/265
f 376/376/250 375/375/249 385/385/265 386/386/266
f 377/377/251 376/376/250 386/386/266 387/387/267
f 674/736/268 707/769/269 509/535/270 518/546/271
f 378/378/254 377/377/251 387/387/267 388/388/272
f 371/371/255 370/370/253 380/380/273 381/381/260
f 379/379/256 378/378/254 388/388/272 389/389/262
f 386/386/266 385/385/265 394/394/274 395/395/275
f 676/738/276 681/743/277 545/578/278 551/586/279
f 387/387/267 386/386/266 395/395/275 396/396/280
f 708/770/281 673/735/282 669/730/283 511/538/284
f 388/388/272 387/387/267 396/396/280 397/397/285
f 691/753/286 693/755/287 532/562/288 539/571/289
f 389/389/262 388/388/272 397/397/285 398/398/290
f 382/382/261 381/381/260 390/390/291 391/391/292
f 675/737/293 678/740/294 654/711/295 658/716/296
f 313/313/14 389/389/262 398/398/290
f 383/383/263 382/382/261 391/391/292 392/392/297
f 682/744/298 695/757/299 561/598/300 566/604/301
f 384/384/264 383/383/263 392/392/297 393/393/302
f 684/746/303 703/765/304 601/646/305 606/652/306
f 385/385/265 384/384/264 393/393/302 394/394/274
f 679/741/307 688/750/308 621/670/309 626/676/310
f 313/313/14 398/398/290 407/407/311
f 392/392/297 391/391/292 400/400/312 401/401/313
f 685/747/314 699/761/315 636/688/316 641/694/317
f 393/393/302 392/392/297 401/401/313 402/402/318
f 673/735/282 701/763/319 665/725/320 669/730/283
f 394/394/274 393/393/302 402/402/318 403/403/321
f 694/756/322 674/736/268 518/546/271 525/554/323
f 395/395/275 394/394/274 403/403/321 404/404/324
f 677/739/325 705/767/326 576/616/327 581/622/328
f 396/396/280 395/395/275 404/404/324 405/405/329
f 689/751/330 683/745/331 611/658/332 616/664/333
f 397/397/285 396/396/280 405/405/329 406/406/334
f 702/764/335 675/737/293 658/716/296 661/720/336
f 398/398/290 397/397/285 406/406/334 407/407/311
f 391/391/292 390/390/291 399/399/337 400/400/312
f 696/758/338 676/738/276 551/586/279 556/592/339
f 405/405/329 404/404/324 413/413/340 414/414/341
f 680/742/342 677/739/325 581/622/328 586/628/343
f 406/406/334 405/405/329 414/414/341 415/415/344
f 697/759/345 653/709/346 799/875/347 798/873/348
f 654/711/295 678/740/294 797/871/349 800/878/350
f 407/407/311 406/406/334 415/415/344 416/416/351
f 400/400/312 399/399/337 408/408/352 409/409/353
f 700/762/354 679/741/307 626/676/310 631/682/355
f 313/313/14 407/407/311 416/416/351
f 401/401/313 400/400/312 409/409/353 410/410/356
f 692/754/357 680/742/342 586/628/343 591/634/358
f 402/402/318 401/401/313 410/410/356 411/411/359
f 681/743/277 686/748/360 546/580/361 545/578/278
f 403/403/321 402/402/318 411/411/359 412/412/362
f 706/768/363 682/744/298 566/604/301 571/610/364
f 404/404/324 403/403/321 412/412/362 413/413/340
f 683/745/331 684/746/303 606/652/306 611/658/332
f 687/749/365 685/747/314 641/694/317 646/700/366
f 411/411/359 410/410/356 419/419/367 420/420/368
f 686/748/360 690/752/369 538/569/370 546/580/361
f 412/412/362 411/411/359 420/420/368 421/421/371
f 698/760/372 687/749/365 646/700/366 647/702/373
f 413/413/340 412/412/362 421/421/371 422/422/4
f 688/750/308 689/751/330 616/664/333 621/670/309
f 414/414/341 413/413/340 422/422/4 423/423/3
f 690/752/369 691/753/286 539/571/289 538/569/370
f 415/415/344 414/414/341 423/423/3 424/424/374
f 704/766/375 692/754/357 591/634/358 596/640/376
f 416/416/351 415/415/344 424/424/374 425/425/377
f 409/409/353 408/408/352 417/417/378 418/418/379
f 693/755/287 694/756/322 525/554/323 532/562/288
f 313/313/14 416/416/351 425/425/377
f 410/410/356 409/409/353 418/418/379 419/419/367
f 695/757/299 696/758/338 556/592/339 561/598/300
f 424/424/374 423/423/3 427/427/2 428/428/5
f 697/759/345 698/760/372 647/702/373 653/709/346
f 425/425/377 424/424/374 428/428/5 429/429/8
f 418/418/379 417/417/378 1/1/11 2/2/10
f 699/761/315 700/762/354 631/682/355 636/688/316
f 313/313/14 425/425/377 429/429/8
f 419/419/367 418/418/379 2/2/10 4/4/15
f 701/763/319 702/764/335 661/720/336 665/725/320
f 420/420/368 419/419/367 4/4/15 426/426/17
f 703/765/304 704/766/375 596/640/376 601/646/305
f 421/421/371 420/420/368 426/426/17 6/6/19
f 705/767/326 706/768/363 571/610/364 576/616/327
f 422/422/4 421/421/371 6/6/19 744/806/1
f 707/769/269 708/770/281 511/538/284 509/535/270
f 291/291/185 292/292/184 443/443/380 450/451/381
f 252/252/146 250/250/145 434/434/382 435/435/383
f 244/244/139 261/261/384 438/438/385 430/430/386
f 250/250/145 247/247/144 433/433/387 434/434/382
f 285/285/388 291/291/185 450/451/381 454/455/389
f 296/296/177 297/297/176 452/453/390 459/460/391
f 279/279/392 285/285/388 454/455/389 447/448/393
f 267/267/394 273/273/395 442/442/396 440/440/397
f 247/247/144 246/246/142 432/432/398 433/433/387
f 295/295/178 296/296/177 459/460/391 465/467/399
f 273/273/395 279/279/392 447/448/393 442/442/396
f 261/261/384 267/267/394 440/440/397 438/438/385
f 246/246/142 245/245/140 431/431/400 432/432/398
f 280/280/166 274/274/158 441/441/401 456/457/402
f 294/294/192 295/295/178 465/467/399 470/472/403
f 268/268/152 262/262/148 437/437/404 439/439/405
f 262/262/148 253/253/136 436/436/406 437/437/404
f 245/245/140 244/244/139 430/430/386 431/431/400
f 293/293/189 294/294/192 470/472/403 468/470/407
f 286/286/167 280/280/166 456/457/402 469/471/408
f 274/274/158 268/268/152 439/439/405 441/441/401
f 292/292/184 293/293/189 468/470/407 443/443/380
f 297/297/176 286/286/167 469/471/408 452/453/390
f 253/253/136 252/252/146 435/435/383 436/436/406
f 443/443/380 468/470/407 467/469/409 444/444/410
f 452/453/390 469/471/408 474/478/411 453/454/412
f 435/435/383 434/434/382 446/447/413 477/482/414
f 450/451/381 443/443/380 444/444/410 451/452/415
f 440/440/397 442/442/396 461/462/416 445/445/417
f 438/438/385 440/440/397 445/445/417 473/475/418
f 434/434/382 433/433/387 449/450/419 446/447/413
f 437/437/404 436/436/406 476/481/420 448/449/421
f 439/439/405 437/437/404 448/449/421 458/459/422
f 433/433/387 432/432/398 457/458/423 449/450/419
f 454/455/389 450/451/381 451/452/415 455/456/424
f 459/460/391 452/453/390 453/454/412 460/461/425
f 447/448/393 454/455/389 455/456/424 462/464/426
f 432/432/398 431/431/400 463/465/427 457/458/423
f 441/441/401 439/439/405 458/459/422 464/466/428
f 465/467/399 459/460/391 460/461/425 466/468/429
f 442/442/396 447/448/393 462/464/426 461/462/416
f 431/431/400 430/430/386 472/474/430 463/465/427
f 456/457/402 441/441/401 464/466/428 475/480/431
f 470/472/403 465/467/399 466/468/429 471/473/432
f 468/470/407 470/472/403 471/473/432 467/469/409
f 430/430/386 438/438/385 473/475/418 472/474/430
f 469/471/408 456/457/402 475/480/431 474/478/411
f 436/436/406 435/435/383 477/482/414 476/481/420
f 449/450/419 457/458/423 479/485/433 480/487/434
f 446/447/413 449/450/419 480/487/434 481/489/435
f 477/482/414 446/447/413 481/489/435 482/491/436
f 476/481/420 477/482/414 482/491/436 448/449/421
f 463/465/427 472/474/430 473/475/418 478/483/437
f 457/458/423 463/465/427 478/483/437 479/485/433
f 473/476/418 445/446/417 771/837/438 765/831/439
f 488/499/440 489/502/441 779/845/442 778/844/443
f 782/848/444 492/507/445 783/849/446 784/851/447
f 482/492/436 481/490/435 769/835/448 770/836/449
f 461/463/416 488/499/440 778/844/443 777/843/450
f 448/449/421 482/491/436 487/498/451 458/459/422
f 481/490/435 480/488/434 768/834/452 769/835/448
f 770/836/449 776/842/453 486/497/454 483/493/455
f 458/459/422 487/498/451 492/508/445 464/466/428
f 480/488/434 479/486/433 767/833/456 768/834/452
f 479/486/433 478/484/437 766/832/457 767/833/456
f 491/506/458 492/507/445 782/848/444 781/847/459
f 488/500/440 461/462/416 462/464/426 493/509/460
f 489/501/441 488/500/440 493/509/460 494/511/461
f 490/503/462 489/501/441 494/511/461 495/513/463
f 491/505/458 490/503/462 495/513/463 496/515/464
f 492/508/445 491/505/458 496/515/464 497/517/465
f 464/466/428 492/508/445 497/517/465 475/480/431
f 475/479/431 497/518/465 749/811/466 750/812/467
f 750/812/467 756/818/468 759/823/469 760/824/470
f 499/522/471 500/524/472 753/815/473 752/814/474
f 493/509/460 462/464/426 455/456/424 498/519/475
f 494/512/461 493/510/460 745/807/476 746/808/477
f 502/528/478 474/477/411 756/818/468 755/817/479
f 498/519/475 455/456/424 451/452/415 444/444/410
f 499/521/471 498/519/475 444/444/410 467/469/409
f 500/523/472 499/521/471 467/469/409 471/473/432
f 501/525/480 500/523/472 471/473/432 466/468/429
f 502/527/478 501/525/480 466/468/429 460/461/425
f 474/478/411 502/527/478 460/461/425 453/454/412
f 672/734/481 510/537/482 507/533/483 508/534/484
f 511/539/284 672/734/481 508/534/484 509/536/270
f 670/732/485 540/573/486 503/529/487
f 671/733/488 670/732/485 503/529/487 504/530/489
f 671/733/488 504/530/489 505/531/490 802/883/491 801/881/492
f 505/531/490 506/532/493 805/889/494 804/887/495 803/885/496 802/883/491
f 806/891/497 805/889/494 506/532/493 507/533/483 510/537/482 807/893/498
f 507/533/483 506/532/493 515/543/499 516/544/500
f 508/534/484 507/533/483 516/544/500 517/545/501
f 509/536/270 508/534/484 517/545/501 518/547/271
f 503/529/487 540/573/486 512/540/502
f 504/530/489 503/529/487 512/540/502 513/541/503
f 505/531/490 504/530/489 513/541/503 514/542/504
f 506/532/493 505/531/490 514/542/504 515/543/499
f 512/540/502 540/573/486 519/548/505
f 513/541/503 512/540/502 519/548/505 520/549/506
f 514/542/504 513/541/503 520/549/506 521/550/507
f 515/543/499 514/542/504 521/550/507 522/551/508
f 516/544/500 515/543/499 522/551/508 523/552/509
f 517/545/501 516/544/500 523/552/509 524/553/510
f 518/547/271 517/545/501 524/553/510 525/555/323
f 523/552/509 522/551/508 529/559/511 530/560/512
f 524/553/510 523/552/509 530/560/512 531/561/513
f 525/555/323 524/553/510 531/561/513 532/563/288
f 519/548/505 540/573/486 526/556/514
f 520/549/506 519/548/505 526/556/514 527/557/515
f 521/550/507 520/549/506 527/557/515 528/558/516
f 522/551/508 521/550/507 528/558/516 529/559/511
f 527/557/515 526/556/514 533/564/517 534/565/518
f 528/558/516 527/557/515 534/565/518 535/566/519
f 529/559/511 528/558/516 535/566/519 536/567/520
f 530/560/512 529/559/511 536/567/520 537/568/521
f 531/561/513 530/560/512 537/568/521 538/570/370
f 532/563/288 531/561/513 538/570/370 539/572/289
f 526/556/514 540/573/486 533/564/517
f 538/570/370 537/568/521 545/579/278 546/581/361
f 533/564/517 540/573/486 541/574/522
f 534/565/518 533/564/517 541/574/522 542/575/523
f 535/566/519 534/565/518 542/575/523 543/576/524
f 536/567/520 535/566/519 543/576/524 544/577/525
f 537/568/521 536/567/520 544/577/525 545/579/278
f 542/575/523 541/574/522 547/582/526 548/583/527
f 543/576/524 542/575/523 548/583/527 549/584/528
f 544/577/525 543/576/524 549/584/528 550/585/529
f 545/579/278 544/577/525 550/585/529 551/587/279
f 541/574/522 540/573/486 547/582/526
f 547/582/526 540/573/486 552/588/530
f 548/583/527 547/582/526 552/588/530 553/589/531
f 549/584/528 548/583/527 553/589/531 554/590/532
f 550/585/529 549/584/528 554/590/532 555/591/533
f 551/587/279 550/585/529 555/591/533 556/593/339
f 554/590/532 553/589/531 558/595/534 559/596/535
f 555/591/533 554/590/532 559/596/535 560/597/536
f 556/593/339 555/591/533 560/597/536 561/599/300
f 552/588/530 540/573/486 557/594/537
f 553/589/531 552/588/530 557/594/537 558/595/534
f 557/594/537 540/573/486 562/600/538
f 558/595/534 557/594/537 562/600/538 563/601/539
f 559/596/535 558/595/534 563/601/539 564/602/540
f 560/597/536 559/596/535 564/602/540 565/603/541
f 561/599/300 560/597/536 565/603/541 566/605/301
f 565/603/541 564/602/540 569/608/542 570/609/543
f 566/605/301 565/603/541 570/609/543 571/611/364
f 562/600/538 540/573/486 567/606/544
f 563/601/539 562/600/538 567/606/544 568/607/545
f 564/602/540 563/601/539 568/607/545 569/608/542
f 567/606/544 540/573/486 572/612/546
f 568/607/545 567/606/544 572/612/546 573/613/547
f 569/608/542 568/607/545 573/613/547 574/614/548
f 570/609/543 569/608/542 574/614/548 575/615/549
f 571/611/364 570/609/543 575/615/549 576/617/327
f 575/615/549 574/614/548 579/620/550 580/621/551
f 576/617/327 575/615/549 580/621/551 581/623/328
f 572/612/546 540/573/486 577/618/552
f 573/613/547 572/612/546 577/618/552 578/619/553
f 574/614/548 573/613/547 578/619/553 579/620/550
f 577/618/552 540/573/486 582/624/554
f 578/619/553 577/618/552 582/624/554 583/625/555
f 579/620/550 578/619/553 583/625/555 584/626/556
f 580/621/551 579/620/550 584/626/556 585/627/557
f 581/623/328 580/621/551 585/627/557 586/629/343
f 586/629/343 585/627/557 590/633/558 591/635/358
f 582/624/554 540/573/486 587/630/559
f 583/625/555 582/624/554 587/630/559 588/631/560
f 584/626/556 583/625/555 588/631/560 589/632/561
f 585/627/557 584/626/556 589/632/561 590/633/558
f 587/630/559 540/573/486 592/636/562
f 588/631/560 587/630/559 592/636/562 593/637/563
f 589/632/561 588/631/560 593/637/563 594/638/564
f 590/633/558 589/632/561 594/638/564 595/639/565
f 591/635/358 590/633/558 595/639/565 596/641/376
f 596/641/376 595/639/565 600/645/566 601/647/305
f 592/636/562 540/573/486 597/642/567
f 593/637/563 592/636/562 597/642/567 598/643/568
f 594/638/564 593/637/563 598/643/568 599/644/569
f 595/639/565 594/638/564 599/644/569 600/645/566
f 598/643/568 597/642/567 602/648/570 603/649/571
f 599/644/569 598/643/568 603/649/571 604/650/572
f 600/645/566 599/644/569 604/650/572 605/651/573
f 601/647/305 600/645/566 605/651/573 606/653/306
f 597/642/567 540/573/486 602/648/570
f 602/648/570 540/573/486 607/654/574
f 603/649/571 602/648/570 607/654/574 608/655/575
f 604/650/572 603/649/571 608/655/575 609/656/576
f 605/651/573 604/650/572 609/656/576 610/657/577
f 606/653/306 605/651/573 610/657/577 611/659/332
f 609/656/576 608/655/575 613/661/578 614/662/579
f 610/657/577 609/656/576 614/662/579 615/663/580
f 611/659/332 610/657/577 615/663/580 616/665/333
f 607/654/574 540/573/486 612/660/581
f 608/655/575 607/654/574 612/660/581 613/661/578
f 612/660/581 540/573/486 617/666/582
f 613/661/578 612/660/581 617/666/582 618/667/583
f 614/662/579 613/661/578 618/667/583 619/668/584
f 615/663/580 614/662/579 619/668/584 620/669/585
f 616/665/333 615/663/580 620/669/585 621/671/309
f 619/668/584 618/667/583 623/673/586 624/674/587
f 620/669/585 619/668/584 624/674/587 625/675/588
f 621/671/309 620/669/585 625/675/588 626/677/310
f 617/666/582 540/573/486 622/672/589
f 618/667/583 617/666/582 622/672/589 623/673/586
f 622/672/589 540/573/486 627/678/590
f 623/673/586 622/672/589 627/678/590 628/679/591
f 624/674/587 623/673/586 628/679/591 629/680/592
f 625/675/588 624/674/587 629/680/592 630/681/593
f 626/677/310 625/675/588 630/681/593 631/683/355
f 630/681/593 629/680/592 634/686/594 635/687/595
f 631/683/355 630/681/593 635/687/595 636/689/316
f 627/678/590 540/573/486 632/684/596
f 628/679/591 627/678/590 632/684/596 633/685/597
f 629/680/592 628/679/591 633/685/597 634/686/594
f 632/684/596 540/573/486 637/690/598
f 633/685/597 632/684/596 637/690/598 638/691/599
f 634/686/594 633/685/597 638/691/599 639/692/600
f 635/687/595 634/686/594 639/692/600 640/693/601
f 636/689/316 635/687/595 640/693/601 641/695/317
f 640/693/601 639/692/600 644/698/602 645/699/603
f 641/695/317 640/693/601 645/699/603 646/701/366
f 637/690/598 540/573/486 642/696/604
f 638/691/599 637/690/598 642/696/604 643/697/605
f 639/692/600 638/691/599 643/697/605 644/698/602
f 642/696/604 540/573/486 648/704/606
f 643/697/605 642/696/604 648/704/606 649/705/607
f 644/698/602 643/697/605 649/705/607 650/706/608
f 645/699/603 644/698/602 650/706/608 651/707/609
f 646/701/366 645/699/603 651/707/609 652/708/610
f 647/703/373 646/701/366 652/708/610 653/710/346
f 811/901/611 652/708/610 651/707/609 810/899/612 809/897/613 808/895/614
f 812/903/615 653/710/346 652/708/610 811/901/611
f 812/903/615 799/876/347 653/710/346
f 658/717/296 654/712/295 800/879/350 813/905/616 814/907/617
f 648/704/606 540/573/486 655/713/618
f 649/705/607 648/704/606 655/713/618 656/714/619
f 650/706/608 649/705/607 656/714/619 657/715/620
f 810/899/612 651/707/609 650/706/608 657/715/620 815/909/621 816/911/622
f 656/714/619 655/713/618 659/718/623 660/719/624
f 818/915/625 657/715/620 656/714/619 660/719/624 817/913/626
f 657/715/620 818/915/625 815/909/621
f 661/721/336 658/717/296 814/907/617 819/917/627 820/919/628 821/921/629
f 655/713/618 540/573/486 659/718/623
f 664/724/630 823/925/631 822/923/632
f 823/925/631 664/724/630 665/726/320 661/721/336 821/921/629 824/927/633
f 659/718/623 540/573/486 662/722/634
f 660/719/624 659/718/623 662/722/634 663/723/635
f 660/719/624 663/723/635 825/929/636 817/913/626
f 663/723/635 662/722/634 666/727/637 667/728/638
f 663/723/635 667/728/638 826/931/639 825/929/636
f 668/729/640 664/724/630 822/923/632 827/933/641 828/935/642
f 665/726/320 664/724/630 668/729/640 669/731/283
f 662/722/634 540/573/486 666/727/637
f 829/937/643 510/537/482 672/734/481 668/729/640 828/935/642 830/939/644
f 669/731/283 668/729/640 672/734/481 511/539/284
f 666/727/637 540/573/486 670/732/485
f 667/728/638 666/727/637 670/732/485 671/733/488
f 831/941/645 826/931/639 667/728/638 671/733/488 801/881/492 832/943/646
f 807/893/498 510/537/482 829/937/643 833/945/647
f 722/784/269 743/805/281 708/770/281 707/769/269
f 721/783/326 742/804/363 706/768/363 705/767/326
f 720/782/304 741/803/375 704/766/375 703/765/304
f 719/781/319 740/802/335 702/764/335 701/763/319
f 718/780/315 739/801/354 700/762/354 699/761/315
f 834/947/648 738/800/372 698/760/372 697/759/345 835/949/649 836/951/650
f 717/779/299 737/799/338 696/758/338 695/757/299
f 716/778/651 736/798/652 694/756/322 693/755/287
f 741/803/375 735/797/357 692/754/357 704/766/375
f 715/777/653 734/796/654 691/753/286 690/752/369
f 714/776/308 733/795/330 689/751/330 688/750/308
f 738/800/372 732/794/365 687/749/365 698/760/372
f 713/775/360 715/777/653 690/752/369 686/748/360
f 732/794/365 731/793/314 685/747/314 687/749/365
f 712/774/331 730/792/303 684/746/303 683/745/331
f 742/804/363 729/791/298 682/744/298 706/768/363
f 711/773/277 713/775/360 686/748/360 681/743/277
f 735/797/357 728/790/342 680/742/342 692/754/357
f 739/801/354 727/789/307 679/741/307 700/762/354
f 835/949/649 697/759/345 798/873/348
f 678/740/294 710/772/294 837/953/655 838/955/656 797/871/349
f 728/790/342 726/788/325 677/739/325 680/742/342
f 737/799/338 725/787/276 676/738/276 696/758/338
f 740/802/335 724/786/293 675/737/293 702/764/335
f 733/795/330 712/774/331 683/745/331 689/751/330
f 726/788/325 721/783/326 705/767/326 677/739/325
f 736/798/652 723/785/268 674/736/268 694/756/322
f 709/771/282 719/781/319 701/763/319 673/735/282
f 731/793/314 718/780/315 699/761/315 685/747/314
f 727/789/307 714/776/308 688/750/308 679/741/307
f 730/792/303 720/782/304 703/765/304 684/746/303
f 729/791/298 717/779/299 695/757/299 682/744/298
f 724/786/293 710/772/294 678/740/294 675/737/293
f 734/796/654 716/778/651 693/755/287 691/753/286
f 743/805/281 709/771/282 673/735/282 708/770/281
f 725/787/276 711/773/277 681/743/277 676/738/276
f 723/785/268 722/784/269 707/769/269 674/736/268
f 26/26/27 8/8/12 722/784/269 723/785/268
f 122/122/75 100/100/74 711/773/277 725/787/276
f 1/1/11 417/417/378 709/771/282 743/805/281
f 82/82/57 62/62/44 716/778/651 734/796/654
f 390/390/291 381/381/260 710/772/294 724/786/293
f 188/188/113 167/167/97 717/779/299 729/791/298
f 285/285/388 279/279/392 720/782/304 730/792/303
f 325/325/209 314/314/204 714/776/308 727/789/307
f 358/358/247 347/347/231 718/780/315 731/793/314
f 417/417/378 408/408/352 719/781/319 709/771/282
f 45/45/39 26/26/27 723/785/268 736/798/652
f 244/244/139 225/225/134 721/783/326 726/788/325
f 302/302/186 291/291/185 712/774/331 733/795/330
f 399/399/337 390/390/291 724/786/293 740/802/335
f 144/144/81 122/122/75 725/787/276 737/799/338
f 261/261/384 244/244/139 726/788/325 728/790/342
f 837/953/655 710/772/294 381/381/260 380/380/273 839/957/657
f 336/336/226 325/325/209 727/789/307 739/801/354
f 267/267/394 261/261/384 728/790/342 735/797/357
f 100/100/74 102/102/62 713/775/360 711/773/277
f 209/209/118 188/188/113 729/791/298 742/804/363
f 291/291/185 285/285/388 730/792/303 712/774/331
f 369/369/252 358/358/247 731/793/314 732/794/365
f 102/102/62 80/80/61 715/777/653 713/775/360
f 370/370/253 369/369/252 732/794/365 738/800/372
f 314/314/204 302/302/186 733/795/330 714/776/308
f 80/80/61 82/82/57 734/796/654 715/777/653
f 273/273/395 267/267/394 735/797/357 741/803/375
f 62/62/44 45/45/39 736/798/652 716/778/651
f 167/167/97 144/144/81 737/799/338 717/779/299
f 834/947/648 839/957/657 380/380/273 370/370/253 738/800/372
f 347/347/231 336/336/226 739/801/354 718/780/315
f 408/408/352 399/399/337 740/802/335 719/781/319
f 279/279/392 273/273/395 741/803/375 720/782/304
f 225/225/134 209/209/118 742/804/363 721/783/326
f 8/8/12 1/1/11 743/805/281 722/784/269
f 744/806/1 6/6/19 17/17/20 19/19/21
f 19/19/21 20/20/6 427/427/2 744/806/1
f 748/810/658 747/809/659 753/815/473 754/816/660
f 749/811/466 748/810/658 754/816/660 755/817/479
f 750/812/467 749/811/466 755/817/479 756/818/468
f 746/808/477 745/807/476 751/813/661 752/814/474
f 747/809/659 746/808/477 752/814/474 753/815/473
f 495/514/463 494/512/461 746/808/477 747/809/659
f 500/524/472 501/526/480 754/816/660 753/815/473
f 496/516/464 495/514/463 747/809/659 748/810/658
f 501/526/480 502/528/478 755/817/479 754/816/660
f 493/510/460 498/520/475 751/813/661 745/807/476
f 498/520/475 499/522/471 752/814/474 751/813/661
f 497/518/465 496/516/464 748/810/658 749/811/466
f 760/824/470 759/823/469 763/829/662 764/830/663
f 756/818/468 474/477/411 757/820/664 759/823/469
f 475/479/431 750/812/467 760/824/470 758/822/665
f 474/478/411 475/480/431 758/821/665 757/819/664
f 761/826/666 762/828/667 764/830/663 763/829/662
f 757/819/664 758/821/665 762/827/667 761/825/666
f 758/822/665 760/824/470 764/830/663 762/828/667
f 759/823/469 757/820/664 761/826/666 763/829/662
f 766/832/457 765/831/439 771/837/438 772/838/668
f 767/833/456 766/832/457 772/838/668 773/839/669
f 768/834/452 767/833/456 773/839/669 774/840/670
f 769/835/448 768/834/452 774/840/670 775/841/671
f 770/836/449 769/835/448 775/841/671 776/842/453
f 775/841/671 774/840/670 780/846/672 781/847/459
f 776/842/453 775/841/671 781/847/459 782/848/444
f 772/838/668 771/837/438 777/843/450 778/844/443
f 773/839/669 772/838/668 778/844/443 779/845/442
f 774/840/670 773/839/669 779/845/442 780/846/672
f 489/502/441 490/504/462 780/846/672 779/845/442
f 445/446/417 461/463/416 777/843/450 771/837/438
f 490/504/462 491/506/458 781/847/459 780/846/672
f 478/484/437 473/476/418 765/831/439 766/832/457
f 485/496/673 484/494/674 787/855/675 786/853/676
f 784/851/447 783/849/446 789/858/677 790/859/678
f 487/498/451 482/491/436 484/494/674 485/496/673
f 482/492/436 770/836/449 483/493/455 484/495/674
f 492/508/445 487/498/451 485/496/673 783/850/446
f 776/842/453 782/848/444 784/851/447 486/497/454
f 787/854/675 788/856/679 794/866/680 793/863/681
f 789/857/677 786/853/676 792/862/682 795/867/683
f 483/493/455 486/497/454 785/852/684 788/856/679
f 783/850/446 485/496/673 786/853/676 789/857/677
f 484/495/674 483/493/455 788/856/679 787/854/675
f 486/497/454 784/851/447 790/859/678 785/852/684
f 795/867/683 792/862/682 791/860/685 796/869/686
f 792/862/682 793/864/681 794/865/680 791/860/685
f 785/852/684 790/859/678 796/870/686 791/861/685
f 790/859/678 789/858/677 795/868/683 796/870/686
f 786/853/676 787/855/675 793/864/681 792/862/682
f 788/856/679 785/852/684 791/861/685 794/866/680
s 0
f 819/918/809 814/908/809 813/906/809 800/880/809 797/872/809 838/956/809 854/973/809 853/972/809 856/975/809 857/976/809
f 858/977/810 820/920/810 819/918/810 857/976/810
f 863/982/811 864/983/811 824/928/811 821/922/811 820/920/811 858/977/811 859/978/811
f 841/960/812 840/959/812 803/886/812 804/888/812 843/962/812
f 809/898/813 810/900/813 816/912/813 848/967/813 849/968/813 851/970/813
f 801/882/814 802/884/814 803/886/814 840/959/814 842/961/814 870/989/814 832/944/814
f 816/912/815 815/910/815 818/916/815 817/914/815 825/930/815 826/932/815 831/942/815 869/988/815 862/981/815 860/979/815 861/980/815 847/966/815 848/967/815
f 869/988/816 831/942/816 832/944/816 870/989/816 868/987/816
f 804/888/817 805/890/817 806/892/817 845/964/817 844/963/817 843/962/817
f 846/965/818 845/964/818 806/892/818 807/894/818 833/946/818 872/991/818
f 873/992/819 830/940/819 828/936/819 827/934/819 866/985/819 867/986/819
f 866/985/820 827/934/820 822/924/820 823/926/820 824/928/820 864/983/820 865/984/820
f 834/948/821 836/952/821 855/974/821 854/973/821 838/956/821 837/954/821 839/958/821
f 798/874/822 799/877/822 812/904/822 811/902/822 808/896/822 852/971/822 855/974/822 836/952/822 835/950/822
f 872/991/823 833/946/823 829/938/823 830/940/823 873/992/823 871/990/823
f 852/971/824 808/896/824 809/898/824 851/970/824 850/969/824
s 1
f 874/993/825 875/995/826 877/997/827 876/996/828
f 876/996/828 877/997/827 879/1000/829 878/999/830
f 878/999/830 879/1000/829 881/1003/831 880/1002/832
f 880/1002/832 881/1003/831 883/1006/833 882/1005/834
f 882/1005/834 883/1006/833 885/1009/835 884/1008/836
f 884/1008/836 885/1009/835 887/1012/837 886/1011/838
f 886/1011/838 887/1012/837 889/1015/839 888/1014/840
f 888/1014/840 889/1015/839 891/1018/841 890/1017/842
f 890/1017/842 891/1018/841 893/1021/843 892/1020/844
f 892/1020/844 893/1021/843 895/1024/845 894/1023/846
f 894/1023/846 895/1024/845 897/1027/847 896/1026/848
f 896/1026/848 897/1027/847 899/1030/849 898/1029/850
f 898/1029/850 899/1030/849 901/1033/851 900/1032/852
f 900/1032/852 901/1033/851 903/1036/853 902/1035/854
f 902/1035/854 903/1036/853 905/1039/855 904/1038/856
f 904/1038/856 905/1039/855 907/1042/857 906/1041/858
f 906/1041/858 907/1042/857 909/1045/859 908/1044/860
f 908/1044/860 909/1045/859 911/1048/861 910/1047/862
f 910/1047/862 911/1048/861 913/1051/863 912/1050/864
f 912/1050/864 913/1051/863 915/1054/865 914/1053/866
f 914/1053/866 915/1054/865 917/1057/867 916/1056/868
f 916/1056/868 917/1057/867 919/1060/869 918/1059/870
f 918/1059/870 919/1060/869 921/1063/871 920/1062/872
f 920/1062/872 921/1063/871 923/1066/873 922/1065/874
f 922/1065/874 923/1066/873 925/1069/875 924/1068/876
f 924/1068/876 925/1069/875 927/1072/877 926/1071/878
f 926/1071/878 927/1072/877 929/1075/879 928/1074/880
f 928/1074/880 929/1075/879 931/1078/881 930/1077/882
f 930/1077/882 931/1078/881 933/1081/883 932/1080/884
f 932/1080/884 933/1081/883 935/1085/885 934/1083/886
f 877/998/827 875/994/826 937/1087/887 935/1084/885 933/1082/883 931/1079/881 929/1076/879 927/1073/877 925/1070/875 923/1067/873 921/1064/871 919/1061/869 917/1058/867 915/1055/865 913/1052/863 911/1049/861 909/1046/859 907/1043/857 905/1040/855 903/1037/853 901/1034/851 899/1031/849 897/1028/847 895/1025/845 893/1022/843 891/1019/841 889/1016/839 887/1013/837 885/1010/835 883/1007/833 881/1004/831 879/1001/829
f 934/1083/886 935/1085/885 937/1088/887 936/1086/888
f 936/1086/888 937/1088/887 875/995/826 874/993/825
f 874/993/825 876/996/828 878/999/830 880/1002/832 882/1005/834 884/1008/836 886/1011/838 888/1014/840 890/1017/842 892/1020/844 894/1023/846 896/1026/848 898/1029/850 900/1032/852 902/1035/854 904/1038/856 906/1041/858 908/1044/860 910/1047/862 912/1050/864 914/1053/866 916/1056/868 918/1059/870 920/1062/872 922/1065/874 924/1068/876 926/1071/878 928/1074/880 930/1077/882 932/1080/884 934/1083/886 936/1086/888
f 941/1093/889 1222/1405/890 945/1098/891 946/1099/892
f 1223/1406/893 941/1093/889 946/1099/892 947/1100/894
f 1224/1407/895 1223/1406/893 947/1100/894 948/1101/896
f 1225/1408/897 1224/1407/895 948/1101/896 949/1102/898
f 1226/1409/899 1225/1408/897 949/1102/898 950/1103/900
f 939/1091/10 938/1089/901 942/1094/902 943/1096/903
f 1122/1294/904 1226/1409/899 950/1103/900
f 940/1092/905 939/1091/10 943/1096/903 944/1097/906
f 1222/1405/890 940/1092/905 944/1097/906 945/1098/891
f 944/1097/906 943/1096/903 952/1106/907 953/1107/908
f 945/1098/891 944/1097/906 953/1107/908 954/1108/909
f 946/1099/892 945/1098/891 954/1108/909 955/1109/910
f 947/1100/894 946/1099/892 955/1109/910 956/1110/911
f 948/1101/896 947/1100/894 956/1110/911 957/1111/912
f 949/1102/898 948/1101/896 957/1111/912 958/1112/913
f 950/1103/900 949/1102/898 958/1112/913 959/1113/914
f 943/1096/903 942/1094/902 951/1104/915 952/1106/907
f 1122/1294/904 950/1103/900 959/1113/914
f 957/1111/912 956/1110/911 965/1120/916 966/1121/917
f 958/1112/913 957/1111/912 966/1121/917 967/1122/918
f 959/1113/914 958/1112/913 967/1122/918 968/1123/919
f 952/1106/907 951/1104/915 960/1114/920 961/1116/921
f 1122/1294/904 959/1113/914 968/1123/919
f 953/1107/908 952/1106/907 961/1116/921 962/1117/922
f 954/1108/909 953/1107/908 962/1117/922 963/1118/923
f 955/1109/910 954/1108/909 963/1118/923 964/1119/924
f 956/1110/911 955/1109/910 964/1119/924 965/1120/916
f 963/1118/923 962/1117/922 971/1127/925 972/1128/926
f 964/1119/924 963/1118/923 972/1128/926 973/1129/927
f 965/1120/916 964/1119/924 973/1129/927 974/1130/928
f 966/1121/917 965/1120/916 974/1130/928 975/1131/929
f 967/1122/918 966/1121/917 975/1131/929 976/1132/930
f 968/1123/919 967/1122/918 976/1132/930 977/1133/931
f 961/1116/921 960/1114/920 969/1124/932 970/1126/933
f 1122/1294/904 968/1123/919 977/1133/931
f 962/1117/922 961/1116/921 970/1126/933 971/1127/925
f 976/1132/930 975/1131/929 984/1141/934 985/1142/935
f 977/1133/931 976/1132/930 985/1142/935 986/1143/936
f 970/1126/933 969/1124/932 978/1134/937 979/1136/938
f 1122/1294/904 977/1133/931 986/1143/936
f 971/1127/925 970/1126/933 979/1136/938 980/1137/939
f 972/1128/926 971/1127/925 980/1137/939 981/1138/940
f 973/1129/927 972/1128/926 981/1138/940 982/1139/941
f 974/1130/928 973/1129/927 982/1139/941 983/1140/942
f 975/1131/929 974/1130/928 983/1140/942 984/1141/934
f 982/1139/941 981/1138/940 990/1148/943 991/1149/944
f 983/1140/942 982/1139/941 991/1149/944 992/1150/945
f 984/1141/934 983/1140/942 992/1150/945 993/1151/946
f 985/1142/935 984/1141/934 993/1151/946 994/1152/947
f 986/1143/936 985/1142/935 994/1152/947 995/1153/948
f 979/1136/938 978/1134/937 987/1144/949 988/1146/950
f 1122/1294/904 986/1143/936 995/1153/948
f 980/1137/939 979/1136/938 988/1146/950 989/1147/951
f 981/1138/940 980/1137/939 989/1147/951 990/1148/943
f 995/1153/948 994/1152/947 1003/1162/952 1004/1163/953
f 988/1146/950 987/1144/949 996/1154/954 997/1156/955
f 1122/1294/904 995/1153/948 1004/1163/953
f 989/1147/951 988/1146/950 997/1156/955 998/1157/956
f 990/1148/943 989/1147/951 998/1157/956 999/1158/957
f 991/1149/944 990/1148/943 999/1158/957 1000/1159/958
f 992/1150/945 991/1149/944 1000/1159/958 1001/1160/959
f 993/1151/946 992/1150/945 1001/1160/959 1002/1161/960
f 994/1152/947 993/1151/946 1002/1161/960 1003/1162/952
f 1000/1159/958 999/1158/957 1008/1168/961 1009/1169/962
f 1001/1160/959 1000/1159/958 1009/1169/962 1010/1170/963
f 1002/1161/960 1001/1160/959 1010/1170/963 1011/1171/964
f 1003/1162/952 1002/1161/960 1011/1171/964 1012/1172/965
f 1004/1163/953 1003/1162/952 1012/1172/965 1013/1173/966
f 997/1156/955 996/1154/954 1005/1164/967 1006/1166/968
f 1122/1294/904 1004/1163/953 1013/1173/966
f 998/1157/956 997/1156/955 1006/1166/968 1007/1167/969
f 999/1158/957 998/1157/956 1007/1167/969 1008/1168/961
f 1013/1173/966 1012/1172/965 1021/1182/970 1022/1183/971
f 1006/1166/968 1005/1164/967 1014/1174/972 1015/1176/973
f 1122/1294/904 1013/1173/966 1022/1183/971
f 1007/1167/969 1006/1166/968 1015/1176/973 1016/1177/974
f 1008/1168/961 1007/1167/969 1016/1177/974 1017/1178/975
f 1009/1169/962 1008/1168/961 1017/1178/975 1018/1179/976
f 1010/1170/963 1009/1169/962 1018/1179/976 1019/1180/977
f 1011/1171/964 1010/1170/963 1019/1180/977 1020/1181/978
f 1012/1172/965 1011/1171/964 1020/1181/978 1021/1182/970
f 1019/1180/977 1018/1179/976 1027/1189/979 1028/1190/980
f 1020/1181/978 1019/1180/977 1028/1190/980 1029/1191/981
f 1021/1182/970 1020/1181/978 1029/1191/981 1030/1192/982
f 1022/1183/971 1021/1182/970 1030/1192/982 1031/1193/983
f 1015/1176/973 1014/1174/972 1023/1184/984 1024/1186/985
f 1122/1294/904 1022/1183/971 1031/1193/983
f 1016/1177/974 1015/1176/973 1024/1186/985 1025/1187/986
f 1017/1178/975 1016/1177/974 1025/1187/986 1026/1188/987
f 1018/1179/976 1017/1178/975 1026/1188/987 1027/1189/979
f 1024/1186/985 1023/1184/984 1032/1194/988 1033/1196/989
f 1122/1294/904 1031/1193/983 1040/1203/990
f 1025/1187/986 1024/1186/985 1033/1196/989 1034/1197/991
f 1026/1188/987 1025/1187/986 1034/1197/991 1035/1198/992
f 1027/1189/979 1026/1188/987 1035/1198/992 1036/1199/993
f 1028/1190/980 1027/1189/979 1036/1199/993 1037/1200/994
f 1029/1191/981 1028/1190/980 1037/1200/994 1038/1201/995
f 1030/1192/982 1029/1191/981 1038/1201/995 1039/1202/996
f 1031/1193/983 1030/1192/982 1039/1202/996 1040/1203/990
f 1037/1200/994 1036/1199/993 1045/1209/997 1046/1210/998
f 1038/1201/995 1037/1200/994 1046/1210/998 1047/1211/999
f 1039/1202/996 1038/1201/995 1047/1211/999 1048/1212/1000
f 1040/1203/990 1039/1202/996 1048/1212/1000 1049/1213/1001
f 1033/1196/989 1032/1194/988 1041/1204/1002 1042/1206/1003
f 1122/1294/904 1040/1203/990 1049/1213/1001
f 1034/1197/991 1033/1196/989 1042/1206/1003 1043/1207/1004
f 1035/1198/992 1034/1197/991 1043/1207/1004 1044/1208/1005
f 1036/1199/993 1035/1198/992 1044/1208/1005 1045/1209/997
f 1122/1294/904 1049/1213/1001 1058/1223/1006
f 1043/1207/1004 1042/1206/1003 1051/1216/1007 1052/1217/1008
f 1044/1208/1005 1043/1207/1004 1052/1217/1008 1053/1218/1009
f 1045/1209/997 1044/1208/1005 1053/1218/1009 1054/1219/1010
f 1046/1210/998 1045/1209/997 1054/1219/1010 1055/1220/1011
f 1047/1211/999 1046/1210/998 1055/1220/1011 1056/1221/1012
f 1048/1212/1000 1047/1211/999 1056/1221/1012 1057/1222/1013
f 1049/1213/1001 1048/1212/1000 1057/1222/1013 1058/1223/1006
f 1042/1206/1003 1041/1204/1002 1050/1214/1014 1051/1216/1007
f 1056/1221/1012 1055/1220/1011 1064/1230/1015 1065/1231/1016
f 1057/1222/1013 1056/1221/1012 1065/1231/1016 1066/1232/1017
f 1058/1223/1006 1057/1222/1013 1066/1232/1017 1067/1233/1018
f 1051/1216/1007 1050/1214/1014 1059/1224/1019 1060/1226/1020
f 1122/1294/904 1058/1223/1006 1067/1233/1018
f 1052/1217/1008 1051/1216/1007 1060/1226/1020 1061/1227/1021
f 1053/1218/1009 1052/1217/1008 1061/1227/1021 1062/1228/1022
f 1054/1219/1010 1053/1218/1009 1062/1228/1022 1063/1229/1023
f 1055/1220/1011 1054/1219/1010 1063/1229/1023 1064/1230/1015
f 1062/1228/1022 1061/1227/1021 1070/1237/1024 1071/1238/1025
f 1063/1229/1023 1062/1228/1022 1071/1238/1025 1072/1239/1026
f 1064/1230/1015 1063/1229/1023 1072/1239/1026 1073/1240/1027
f 1065/1231/1016 1064/1230/1015 1073/1240/1027 1074/1241/1028
f 1066/1232/1017 1065/1231/1016 1074/1241/1028 1075/1242/1029
f 1067/1233/1018 1066/1232/1017 1075/1242/1029 1076/1243/1030
f 1060/1226/1020 1059/1224/1019 1068/1234/1031 1069/1236/1032
f 1122/1294/904 1067/1233/1018 1076/1243/1030
f 1061/1227/1021 1060/1226/1020 1069/1236/1032 1070/1237/1024
f 1075/1242/1029 1074/1241/1028 1083/1251/1033 1084/1252/1034
f 1076/1243/1030 1075/1242/1029 1084/1252/1034 1085/1253/1035
f 1069/1236/1032 1068/1234/1031 1077/1244/1036 1078/1246/1037
f 1122/1294/904 1076/1243/1030 1085/1253/1035
f 1070/1237/1024 1069/1236/1032 1078/1246/1037 1079/1247/1038
f 1071/1238/1025 1070/1237/1024 1079/1247/1038 1080/1248/1039
f 1072/1239/1026 1071/1238/1025 1080/1248/1039 1081/1249/1040
f 1073/1240/1027 1072/1239/1026 1081/1249/1040 1082/1250/1041
f 1074/1241/1028 1073/1240/1027 1082/1250/1041 1083/1251/1033
f 1080/1248/1039 1079/1247/1038 1088/1257/1042 1089/1258/1043
f 1081/1249/1040 1080/1248/1039 1089/1258/1043 1090/1259/1044
f 1082/1250/1041 1081/1249/1040 1090/1259/1044 1091/1260/1045
f 1083/1251/1033 1082/1250/1041 1091/1260/1045 1092/1261/1046
f 1084/1252/1034 1083/1251/1033 1092/1261/1046 1093/1262/1047
f 1085/1253/1035 1084/1252/1034 1093/1262/1047 1094/1263/1048
f 1078/1246/1037 1077/1244/1036 1086/1254/1049 1087/1256/1050
f 1122/1294/904 1085/1253/1035 1094/1263/1048
f 1079/1247/1038 1078/1246/1037 1087/1256/1050 1088/1257/1042
f 1093/1262/1047 1092/1261/1046 1101/1271/1051 1102/1272/1052
f 1094/1263/1048 1093/1262/1047 1102/1272/1052 1103/1273/1053
f 1087/1256/1050 1086/1254/1049 1095/1264/1054 1096/1266/1055
f 1122/1294/904 1094/1263/1048 1103/1273/1053
f 1088/1257/1042 1087/1256/1050 1096/1266/1055 1097/1267/1056
f 1089/1258/1043 1088/1257/1042 1097/1267/1056 1098/1268/1057
f 1090/1259/1044 1089/1258/1043 1098/1268/1057 1099/1269/1058
f 1091/1260/1045 1090/1259/1044 1099/1269/1058 1100/1270/1059
f 1092/1261/1046 1091/1260/1045 1100/1270/1059 1101/1271/1051
f 1099/1269/1058 1098/1268/1057 1107/1278/1060 1108/1279/1061
f 1100/1270/1059 1099/1269/1058 1108/1279/1061 1109/1280/1062
f 1101/1271/1051 1100/1270/1059 1109/1280/1062 1110/1281/1063
f 1102/1272/1052 1101/1271/1051 1110/1281/1063 1111/1282/1064
f 1103/1273/1053 1102/1272/1052 1111/1282/1064 1112/1283/1065
f 1096/1266/1055 1095/1264/1054 1104/1274/1066 1105/1276/1067
f 1122/1294/904 1103/1273/1053 1112/1283/1065
f 1097/1267/1056 1096/1266/1055 1105/1276/1067 1106/1277/1068
f 1098/1268/1057 1097/1267/1056 1106/1277/1068 1107/1278/1060
f 1112/1283/1065 1111/1282/1064 1120/1292/1069 1121/1293/1070
f 1105/1276/1067 1104/1274/1066 1113/1284/1071 1114/1286/1072
f 1122/1294/904 1112/1283/1065 1121/1293/1070
f 1106/1277/1068 1105/1276/1067 1114/1286/1072 1115/1287/1073
f 1107/1278/1060 1106/1277/1068 1115/1287/1073 1116/1288/1074
f 1108/1279/1061 1107/1278/1060 1116/1288/1074 1117/1289/1075
f 1109/1280/1062 1108/1279/1061 1117/1289/1075 1118/1290/1076
f 1110/1281/1063 1109/1280/1062 1118/1290/1076 1119/1291/1077
f 1111/1282/1064 1110/1281/1063 1119/1291/1077 1120/1292/1069
f 1117/1289/1075 1116/1288/1074 1126/1299/1078 1127/1300/1079
f 1118/1290/1076 1117/1289/1075 1127/1300/1079 1128/1301/1080
f 1119/1291/1077 1118/1290/1076 1128/1301/1080 1129/1302/1081
f 1120/1292/1069 1119/1291/1077 1129/1302/1081 1130/1303/1082
f 1121/1293/1070 1120/1292/1069 1130/1303/1082 1131/1304/1083
f 1114/1286/1072 1113/1284/1071 1123/1295/1084 1124/1297/1085
f 1122/1294/904 1121/1293/1070 1131/1304/1083
f 1115/1287/1073 1114/1286/1072 1124/1297/1085 1125/1298/1086
f 1116/1288/1074 1115/1287/1073 1125/1298/1086 1126/1299/1078
f 1131/1304/1083 1130/1303/1082 1139/1313/1087 1140/1314/1088
f 1124/1297/1085 1123/1295/1084 1132/1305/1089 1133/1307/1090
f 1122/1294/904 1131/1304/1083 1140/1314/1088
f 1125/1298/1086 1124/1297/1085 1133/1307/1090 1134/1308/1091
f 1126/1299/1078 1125/1298/1086 1134/1308/1091 1135/1309/1092
f 1127/1300/1079 1126/1299/1078 1135/1309/1092 1136/1310/1093
f 1128/1301/1080 1127/1300/1079 1136/1310/1093 1137/1311/1094
f 1129/1302/1081 1128/1301/1080 1137/1311/1094 1138/1312/1095
f 1130/1303/1082 1129/1302/1081 1138/1312/1095 1139/1313/1087
f 1137/1311/1094 1136/1310/1093 1145/1320/1096 1146/1321/1097
f 1138/1312/1095 1137/1311/1094 1146/1321/1097 1147/1322/1098
f 1139/1313/1087 1138/1312/1095 1147/1322/1098 1148/1323/1099
f 1140/1314/1088 1139/1313/1087 1148/1323/1099 1149/1324/1100
f 1133/1307/1090 1132/1305/1089 1141/1315/1101 1142/1317/1102
f 1122/1294/904 1140/1314/1088 1149/1324/1100
f 1134/1308/1091 1133/1307/1090 1142/1317/1102 1143/1318/1103
f 1135/1309/1092 1134/1308/1091 1143/1318/1103 1144/1319/1104
f 1136/1310/1093 1135/1309/1092 1144/1319/1104 1145/1320/1096
f 1122/1294/904 1149/1324/1100 1158/1334/1105
f 1143/1318/1103 1142/1317/1102 1151/1327/1106 1152/1328/1107
f 1144/1319/1104 1143/1318/1103 1152/1328/1107 1153/1329/1108
f 1145/1320/1096 1144/1319/1104 1153/1329/1108 1154/1330/1109
f 1146/1321/1097 1145/1320/1096 1154/1330/1109 1155/1331/1110
f 1147/1322/1098 1146/1321/1097 1155/1331/1110 1156/1332/1111
f 1148/1323/1099 1147/1322/1098 1156/1332/1111 1157/1333/1112
f 1149/1324/1100 1148/1323/1099 1157/1333/1112 1158/1334/1105
f 1142/1317/1102 1141/1315/1101 1150/1325/1113 1151/1327/1106
f 1156/1332/1111 1155/1331/1110 1164/1341/1114 1165/1342/1115
f 1157/1333/1112 1156/1332/1111 1165/1342/1115 1166/1343/1116
f 1158/1334/1105 1157/1333/1112 1166/1343/1116 1167/1344/1117
f 1151/1327/1106 1150/1325/1113 1159/1335/1118 1160/1337/1119
f 1122/1294/904 1158/1334/1105 1167/1344/1117
f 1152/1328/1107 1151/1327/1106 1160/1337/1119 1161/1338/1120
f 1153/1329/1108 1152/1328/1107 1161/1338/1120 1162/1339/1121
f 1154/1330/1109 1153/1329/1108 1162/1339/1121 1163/1340/1122
f 1155/1331/1110 1154/1330/1109 1163/1340/1122 1164/1341/1114
f 1161/1338/1120 1160/1337/1119 1169/1347/1123 1170/1348/1124
f 1162/1339/1121 1161/1338/1120 1170/1348/1124 1171/1349/1125
f 1163/1340/1122 1162/1339/1121 1171/1349/1125 1172/1350/1126
f 1164/1341/1114 1163/1340/1122 1172/1350/1126 1173/1351/1127
f 1165/1342/1115 1164/1341/1114 1173/1351/1127 1174/1352/1128
f 1166/1343/1116 1165/1342/1115 1174/1352/1128 1175/1353/1129
f 1167/1344/1117 1166/1343/1116 1175/1353/1129 1176/1354/1130
f 1160/1337/1119 1159/1335/1118 1168/1345/1131 1169/1347/1123
f 1122/1294/904 1167/1344/1117 1176/1354/1130
f 1174/1352/1128 1173/1351/1127 1182/1361/1132 1183/1362/1133
f 1175/1353/1129 1174/1352/1128 1183/1362/1133 1184/1363/1134
f 1176/1354/1130 1175/1353/1129 1184/1363/1134 1185/1364/1135
f 1169/1347/1123 1168/1345/1131 1177/1355/1136 1178/1357/1137
f 1122/1294/904 1176/1354/1130 1185/1364/1135
f 1170/1348/1124 1169/1347/1123 1178/1357/1137 1179/1358/1138
f 1171/1349/1125 1170/1348/1124 1179/1358/1138 1180/1359/1139
f 1172/1350/1126 1171/1349/1125 1180/1359/1139 1181/1360/1140
f 1173/1351/1127 1172/1350/1126 1181/1360/1140 1182/1361/1132
f 1180/1359/1139 1179/1358/1138 1188/1368/1141 1189/1369/1142
f 1181/1360/1140 1180/1359/1139 1189/1369/1142 1190/1370/1143
f 1182/1361/1132 1181/1360/1140 1190/1370/1143 1191/1371/1144
f 1183/1362/1133 1182/1361/1132 1191/1371/1144 1192/1372/1145
f 1184/1363/1134 1183/1362/1133 1192/1372/1145 1193/1373/1146
f 1185/1364/1135 1184/1363/1134 1193/1373/1146 1194/1374/1147
f 1178/1357/1137 1177/1355/1136 1186/1365/1148 1187/1367/1149
f 1122/1294/904 1185/1364/1135 1194/1374/1147
f 1179/1358/1138 1178/1357/1137 1187/1367/1149 1188/1368/1141
f 1193/1373/1146 1192/1372/1145 1201/1382/1150 1202/1383/1151
f 1194/1374/1147 1193/1373/1146 1202/1383/1151 1203/1384/1152
f 1187/1367/1149 1186/1365/1148 1195/1375/1153 1196/1377/1154
f 1122/1294/904 1194/1374/1147 1203/1384/1152
f 1188/1368/1141 1187/1367/1149 1196/1377/1154 1197/1378/1155
f 1189/1369/1142 1188/1368/1141 1197/1378/1155 1198/1379/1156
f 1190/1370/1143 1189/1369/1142 1198/1379/1156 1199/1380/1157
f 1191/1371/1144 1190/1370/1143 1199/1380/1157 1200/1381/1158
f 1192/1372/1145 1191/1371/1144 1200/1381/1158 1201/1382/1150
f 1198/1379/1156 1197/1378/1155 1206/1388/1159 1207/1389/1160
f 1199/1380/1157 1198/1379/1156 1207/1389/1160 1208/1390/1161
f 1200/1381/1158 1199/1380/1157 1208/1390/1161 1209/1391/1162
f 1201/1382/1150 1200/1381/1158 1209/1391/1162 1210/1392/1163
f 1202/1383/1151 1201/1382/1150 1210/1392/1163 1211/1393/1164
f 1203/1384/1152 1202/1383/1151 1211/1393/1164 1212/1394/1165
f 1196/1377/1154 1195/1375/1153 1204/1385/1166 1205/1387/1167
f 1122/1294/904 1203/1384/1152 1212/1394/1165
f 1197/1378/1155 1196/1377/1154 1205/1387/1167 1206/1388/1159
f 1211/1393/1164 1210/1392/1163 1219/1402/1168 1220/1403/1169
f 1212/1394/1165 1211/1393/1164 1220/1403/1169 1221/1404/1170
f 1205/1387/1167 1204/1385/1166 1213/1395/1171 1214/1397/1172
f 1122/1294/904 1212/1394/1165 1221/1404/1170
f 1206/1388/1159 1205/1387/1167 1214/1397/1172 1215/1398/1173
f 1207/1389/1160 1206/1388/1159 1215/1398/1173 1216/1399/1174
f 1208/1390/1161 1207/1389/1160 1216/1399/1174 1217/1400/1175
f 1209/1391/1162 1208/1390/1161 1217/1400/1175 1218/1401/1176
f 1210/1392/1163 1209/1391/1162 1218/1401/1176 1219/1402/1168
f 1217/1400/1175 1216/1399/1174 1222/1405/890 941/1093/889
f 1218/1401/1176 1217/1400/1175 941/1093/889 1223/1406/893
f 1219/1402/1168 1218/1401/1176 1223/1406/893 1224/1407/895
f 1220/1403/1169 1219/1402/1168 1224/1407/895 1225/1408/897
f 1221/1404/1170 1220/1403/1169 1225/1408/897 1226/1409/899
f 1214/1397/1172 1213/1395/1171 938/1089/901 939/1091/10
f 1122/1294/904 1221/1404/1170 1226/1409/899
f 1215/1398/1173 1214/1397/1172 939/1091/10 940/1092/905
f 1216/1399/1174 1215/1398/1173 940/1092/905 1222/1405/890
f 942/1095/902 938/1090/901 1213/1396/1171 1204/1386/1166 1195/1376/1153 1186/1366/1148 1177/1356/1136 1168/1346/1131 1159/1336/1118 1150/1326/1113 1141/1316/1101 1132/1306/1089 1123/1296/1084 1113/1285/1071 1104/1275/1066 1095/1265/1054 1086/1255/1049 1077/1245/1036 1068/1235/1031 1059/1225/1019 1050/1215/1014 1041/1205/1002 1032/1195/988 1023/1185/984 1014/1175/972 1005/1165/967 996/1155/954 987/1145/949 978/1135/937 969/1125/932 960/1115/920 951/1105/915
f 1579/1773/10 1228/1411/1177 1230/1413/1178 1580/1774/1179
f 1580/1774/1179 1230/1413/1178 1232/1415/1180 1581/1775/1181
f 1581/1775/1181 1232/1415/1180 1234/1417/1182 1582/1776/1183
f 1582/1776/1183 1234/1417/1182 1236/1419/1184 1583/1777/1185
f 1583/1777/1185 1236/1419/1184 1238/1421/1186 1584/1778/1187
f 1584/1778/1187 1238/1421/1186 1240/1423/1188 1585/1779/1189
f 1585/1779/1189 1240/1423/1188 1242/1425/1190 1586/1780/1191
f 1586/1780/1191 1242/1425/1190 1244/1427/1192 1587/1781/1193
f 1587/1781/1193 1244/1427/1192 1246/1429/1194 1588/1782/1195
f 1588/1782/1195 1246/1429/1194 1248/1431/1196 1589/1783/1197
f 1589/1783/1197 1248/1431/1196 1250/1433/1198 1590/1784/1199
f 1590/1784/1199 1250/1433/1198 1252/1435/1200 1591/1785/1201
f 1591/1785/1201 1252/1435/1200 1254/1437/1202 1592/1786/1203
f 1592/1786/1203 1254/1437/1202 1256/1439/1204 1593/1787/1205
f 1593/1787/1205 1256/1439/1204 1258/1441/1206 1594/1788/1207
f 1594/1788/1207 1258/1441/1206 1260/1443/1208 1595/1789/1209
f 1595/1789/1209 1260/1443/1208 1262/1445/1210 1596/1790/1211
f 1596/1790/1211 1262/1445/1210 1264/1448/1212 1597/1792/1213
f 1597/1791/1213 1264/1449/1212 1266/1451/1214 1598/1793/1215
f 1598/1793/1215 1266/1451/1214 1268/1453/1216 1599/1794/1217
f 1599/1794/1217 1268/1453/1216 1270/1455/1218 1600/1795/1219
f 1600/1795/1219 1270/1455/1218 1272/1457/1220 1601/1796/1221
f 1601/1796/1221 1272/1457/1220 1274/1459/1222 1602/1797/1223
f 1602/1797/1223 1274/1459/1222 1276/1461/1224 1603/1798/1225
f 1603/1798/1225 1276/1461/1224 1278/1463/1226 1604/1799/1227
f 1604/1799/1227 1278/1463/1226 1280/1465/1228 1605/1800/1229
f 1605/1800/1229 1280/1465/1228 1282/1467/1230 1606/1801/1231
f 1606/1801/1231 1282/1467/1230 1284/1469/1232 1607/1802/1233
f 1607/1802/1233 1284/1469/1232 1286/1471/1234 1608/1803/1235
f 1608/1803/1235 1286/1471/1234 1288/1473/1236 1609/1804/1237
f 1256/1439/1204 1254/1437/1202 1638/1833/1238 1640/1835/1239
f 1609/1804/1237 1288/1473/1236 1290/1475/1240 1610/1805/1241
f 1610/1805/1241 1290/1475/1240 1228/1411/1177 1579/1773/10
f 1271/1456/1242 1273/1458/1243 1657/1854/1244 1655/1852/1245
f 1577/1771/1246 1354/1541/1247 1291/1476/1248 1578/1772/1249
f 1496/1687/1250 1498/1689/1251 1404/1593/1252 1406/1595/1253
f 1576/1770/1254 1352/1539/1255 1354/1541/1247 1577/1771/1246
f 1495/1686/1256 1497/1688/1257 1378/1565/1258 1380/1567/1259
f 1575/1769/1260 1350/1537/1261 1352/1539/1255 1576/1770/1254
f 1533/1726/1262 1518/1711/1262 1407/1596/1263 1405/1594/1264
f 1574/1768/1265 1348/1535/1266 1350/1537/1261 1575/1769/1260
f 1532/1725/1262 1519/1712/1262 1381/1568/1267 1379/1566/1268
f 1573/1767/1269 1346/1533/1270 1348/1535/1266 1574/1768/1265
f 1483/1674/1271 1496/1687/1250 1406/1595/1253 1408/1597/1272
f 1572/1766/1273 1344/1531/1274 1346/1533/1270 1573/1767/1269
f 1484/1675/1275 1495/1686/1256 1380/1567/1259 1382/1569/1276
f 1571/1765/1277 1342/1529/1278 1344/1531/1274 1572/1766/1273
f 1518/1711/1262 1521/1714/1262 1409/1598/1279 1407/1596/1263
f 1570/1764/1280 1340/1527/1281 1342/1529/1278 1571/1765/1277
f 1519/1712/1262 1522/1715/1262 1383/1570/1282 1381/1568/1267
f 1569/1763/1283 1338/1525/1284 1340/1527/1281 1570/1764/1280
f 1520/1713/1262 1523/1716/1262 1357/1544/1285 1356/1543/1286
f 1568/1762/1287 1336/1523/1288 1338/1525/1284 1569/1763/1283
f 1486/1677/1289 1483/1674/1271 1408/1597/1272 1410/1599/1290
f 1567/1761/1291 1334/1521/1292 1336/1523/1288 1568/1762/1287
f 1487/1678/1293 1484/1675/1275 1382/1569/1276 1384/1571/1294
f 1566/1760/1295 1332/1519/1296 1334/1521/1292 1567/1761/1291
f 1488/1679/968 1485/1676/1297 1355/1542/1298 1358/1545/1299
f 1565/1759/1300 1330/1517/1301 1332/1519/1296 1566/1760/1295
f 1521/1714/1262 1524/1717/1262 1411/1600/1302 1409/1598/1279
f 1564/1758/1303 1328/1515/1304 1330/1517/1301 1565/1759/1300
f 1522/1715/1262 1525/1718/1262 1385/1572/1305 1383/1570/1282
f 1563/1756/1306 1326/1511/1307 1328/1514/1304 1564/1757/1303
f 1523/1716/1262 1526/1719/1262 1359/1546/1308 1357/1544/1285
f 1562/1755/1309 1324/1509/1310 1326/1511/1307 1563/1756/1306
f 1489/1680/1311 1486/1677/1289 1410/1599/1290 1412/1601/1312
f 1561/1754/1313 1322/1507/1314 1324/1509/1310 1562/1755/1309
f 1490/1681/1315 1487/1678/1293 1384/1571/1294 1386/1573/1316
f 1560/1753/1317 1320/1505/1318 1322/1507/1314 1561/1754/1313
f 1491/1682/968 1488/1679/968 1358/1545/1299 1360/1547/1319
f 1559/1752/1320 1318/1503/1321 1320/1505/1318 1560/1753/1317
f 1524/1717/1262 1527/1720/1262 1413/1602/1322 1411/1600/1302
f 1558/1751/1323 1316/1501/1324 1318/1503/1321 1559/1752/1320
f 1525/1718/1262 1528/1721/1262 1387/1574/1325 1385/1572/1305
f 1557/1750/1326 1314/1499/1327 1316/1501/1324 1558/1751/1323
f 1526/1719/1262 1529/1722/1262 1361/1548/1328 1359/1546/1308
f 1556/1749/1329 1312/1497/1330 1314/1499/1327 1557/1750/1326
f 1492/1683/1331 1489/1680/1311 1412/1601/1312 1414/1603/1332
f 1555/1748/1333 1310/1495/1334 1312/1497/1330 1556/1749/1329
f 1493/1684/1335 1490/1681/1315 1386/1573/1316 1388/1575/1336
f 1554/1747/1337 1308/1493/1338 1310/1495/1334 1555/1748/1333
f 1494/1685/968 1491/1682/968 1360/1547/1319 1362/1549/1339
f 1553/1746/1340 1306/1491/1341 1308/1493/1338 1554/1747/1337
f 1527/1720/1262 1530/1723/1262 1415/1604/1342 1413/1602/1322
f 1552/1745/1189 1304/1489/1188 1306/1491/1341 1553/1746/1340
f 1528/1721/1262 1531/1724/1262 1389/1576/1343 1387/1574/1325
f 1551/1744/1187 1302/1487/1186 1304/1489/1188 1552/1745/1189
f 1529/1722/1262 1515/1707/1262 1363/1550/1344 1361/1548/1328
f 1550/1743/1185 1300/1485/1184 1302/1487/1186 1551/1744/1187
f 1512/1704/1345 1492/1683/1331 1414/1603/1332 1416/1605/1346
f 1549/1742/1183 1298/1483/1182 1300/1485/1184 1550/1743/1185
f 1513/1705/1347 1493/1684/1335 1388/1575/1336 1390/1577/1348
f 1548/1741/1181 1296/1481/1180 1298/1483/1182 1549/1742/1183
f 1514/1706/968 1494/1685/968 1362/1549/1339 1364/1551/1349
f 1547/1740/1179 1294/1479/1178 1296/1481/1180 1548/1741/1181
f 1530/1723/1262 1516/1708/1262 1417/1606/1350 1415/1604/1342
f 1578/1772/1249 1291/1476/1248 1294/1479/1178 1547/1740/1179
f 1531/1724/1262 1517/1710/1262 1391/1578/1351 1389/1576/1343
f 1418/1607/1352 1417/1606/1350 1356/1543/1286 1355/1542/1298
f 1416/1605/1346 1415/1604/1342 1417/1606/1350 1418/1607/1352
f 1414/1603/1332 1413/1602/1322 1415/1604/1342 1416/1605/1346
f 1412/1601/1312 1411/1600/1302 1413/1602/1322 1414/1603/1332
f 1410/1599/1290 1409/1598/1279 1411/1600/1302 1412/1601/1312
f 1408/1597/1272 1407/1596/1263 1409/1598/1279 1410/1599/1290
f 1406/1595/1253 1405/1594/1264 1407/1596/1263 1408/1597/1272
f 1404/1593/1252 1403/1592/1353 1405/1594/1264 1406/1595/1253
f 1402/1591/1354 1401/1590/1355 1403/1592/1353 1404/1593/1252
f 1400/1589/1356 1399/1588/1357 1401/1590/1355 1402/1591/1354
f 1398/1587/1358 1397/1586/1359 1399/1588/1357 1400/1589/1356
f 1396/1585/1360 1395/1584/1361 1397/1586/1359 1398/1587/1358
f 1394/1583/1362 1393/1582/1363 1395/1584/1361 1396/1585/1360
f 1392/1580/1364 1391/1579/1351 1393/1582/1363 1394/1583/1362
f 1390/1577/1348 1389/1576/1343 1391/1578/1351 1392/1581/1364
f 1388/1575/1336 1387/1574/1325 1389/1576/1343 1390/1577/1348
f 1386/1573/1316 1385/1572/1305 1387/1574/1325 1388/1575/1336
f 1384/1571/1294 1383/1570/1282 1385/1572/1305 1386/1573/1316
f 1382/1569/1276 1381/1568/1267 1383/1570/1282 1384/1571/1294
f 1380/1567/1259 1379/1566/1268 1381/1568/1267 1382/1569/1276
f 1378/1565/1258 1377/1564/1365 1379/1566/1268 1380/1567/1259
f 1376/1563/1366 1375/1562/1367 1377/1564/1365 1378/1565/1258
f 1374/1561/1368 1373/1560/1369 1375/1562/1367 1376/1563/1366
f 1372/1559/1370 1371/1558/1371 1373/1560/1369 1374/1561/1368
f 1370/1557/1372 1369/1556/1373 1371/1558/1371 1372/1559/1370
f 1368/1555/1374 1367/1554/1375 1369/1556/1373 1370/1557/1372
f 1366/1553/1376 1365/1552/1377 1367/1554/1375 1368/1555/1374
f 1364/1551/1349 1363/1550/1344 1365/1552/1377 1366/1553/1376
f 1362/1549/1339 1361/1548/1328 1363/1550/1344 1364/1551/1349
f 1360/1547/1319 1359/1546/1308 1361/1548/1328 1362/1549/1339
f 1358/1545/1299 1357/1544/1285 1359/1546/1308 1360/1547/1319
f 1355/1542/1298 1356/1543/1286 1357/1544/1285 1358/1545/1299
f 1534/1727/1262 1532/1725/1262 1379/1566/1268 1377/1564/1365
f 1535/1728/1262 1533/1726/1262 1405/1594/1264 1403/1592/1353
f 1497/1688/1257 1499/1690/1378 1376/1563/1366 1378/1565/1258
f 1498/1689/1251 1500/1691/1379 1402/1591/1354 1404/1593/1252
f 1536/1729/1262 1534/1727/1262 1377/1564/1365 1375/1562/1367
f 1537/1730/1262 1535/1728/1262 1403/1592/1353 1401/1590/1355
f 1499/1690/1378 1501/1692/1380 1374/1561/1368 1376/1563/1366
f 1500/1691/1379 1502/1693/1381 1400/1589/1356 1402/1591/1354
f 1538/1731/1262 1536/1729/1262 1375/1562/1367 1373/1560/1369
f 1539/1732/1262 1537/1730/1262 1401/1590/1355 1399/1588/1357
f 1501/1692/1380 1503/1694/1382 1372/1559/1370 1374/1561/1368
f 1502/1693/1381 1504/1695/1383 1398/1587/1358 1400/1589/1356
f 1540/1733/1262 1538/1731/1262 1373/1560/1369 1371/1558/1371
f 1541/1734/1262 1539/1732/1262 1399/1588/1357 1397/1586/1359
f 1503/1694/1382 1505/1696/1384 1370/1557/1372 1372/1559/1370
f 1504/1695/1383 1506/1697/1385 1396/1585/1360 1398/1587/1358
f 1542/1735/1262 1540/1733/1262 1371/1558/1371 1369/1556/1373
f 1543/1736/1262 1541/1734/1262 1397/1586/1359 1395/1584/1361
f 1505/1696/1384 1507/1698/968 1368/1555/1374 1370/1557/1372
f 1506/1697/1385 1508/1699/1386 1394/1583/1362 1396/1585/1360
f 1544/1737/1262 1542/1735/1262 1369/1556/1373 1367/1554/1375
f 1545/1738/1262 1543/1736/1262 1395/1584/1361 1393/1582/1363
f 1507/1698/968 1509/1700/968 1366/1553/1376 1368/1555/1374
f 1508/1699/1386 1510/1702/1387 1392/1580/1364 1394/1583/1362
f 1485/1676/1297 1511/1703/1388 1418/1607/1352 1355/1542/1298
f 1546/1739/1262 1544/1737/1262 1367/1554/1375 1365/1552/1377
f 1517/1709/1262 1545/1738/1262 1393/1582/1363 1391/1579/1351
f 1516/1708/1262 1520/1713/1262 1356/1543/1286 1417/1606/1350
f 1509/1700/968 1514/1706/968 1364/1551/1349 1366/1553/1376
f 1510/1701/1387 1513/1705/1347 1390/1577/1348 1392/1581/1364
f 1511/1703/1388 1512/1704/1345 1416/1605/1346 1418/1607/1352
f 1515/1707/1262 1546/1739/1262 1365/1552/1377 1363/1550/1344
f 1354/1541/1247 1352/1539/1255 1428/1617/1389 1450/1640/1390
f 1328/1514/1304 1326/1511/1307 1430/1619/1391 1449/1638/1392
f 1302/1487/1186 1300/1485/1184 1432/1621/968 1448/1637/968
f 1291/1476/1248 1354/1541/1247 1450/1640/1390 1421/1610/968
f 1330/1517/1301 1328/1515/1304 1449/1639/1392 1447/1636/1393
f 1304/1489/1188 1302/1487/1186 1448/1637/968 1446/1635/968
f 1332/1519/1296 1330/1517/1301 1447/1636/1393 1445/1634/1394
f 1306/1491/1341 1304/1489/1188 1446/1635/968 1444/1633/968
f 1334/1521/1292 1332/1519/1296 1445/1634/1394 1443/1632/1395
f 1308/1493/1338 1306/1491/1341 1444/1633/968 1442/1631/1396
f 1336/1523/1288 1334/1521/1292 1443/1632/1395 1441/1630/1397
f 1310/1495/1334 1308/1493/1338 1442/1631/1396 1440/1629/1398
f 1338/1525/1284 1336/1523/1288 1441/1630/1397 1439/1628/1399
f 1312/1497/1330 1310/1495/1334 1440/1629/1398 1438/1627/1400
f 1340/1527/1281 1338/1525/1284 1439/1628/1399 1437/1626/1401
f 1314/1499/1327 1312/1497/1330 1438/1627/1400 1436/1625/1402
f 1300/1485/1184 1298/1483/1182 1433/1622/968 1432/1621/968
f 1326/1511/1307 1324/1509/1310 1431/1620/1403 1430/1619/1391
f 1352/1539/1255 1350/1537/1261 1429/1618/1404 1428/1617/1389
f 1298/1483/1182 1296/1481/1180 1427/1616/968 1433/1622/968
f 1324/1509/1310 1322/1507/1314 1426/1615/1405 1431/1620/1403
f 1350/1537/1261 1348/1535/1266 1425/1614/1406 1429/1618/1404
f 1296/1481/1180 1294/1479/1178 1424/1613/968 1427/1616/968
f 1322/1507/1314 1320/1505/1318 1423/1612/1407 1426/1615/1405
f 1348/1535/1266 1346/1533/1270 1422/1611/1408 1425/1614/1406
f 1294/1479/1178 1291/1476/1248 1421/1610/968 1424/1613/968
f 1320/1505/1318 1318/1503/1321 1420/1609/1409 1423/1612/1407
f 1346/1533/1270 1344/1531/1274 1419/1608/1410 1422/1611/1408
f 1318/1503/1321 1316/1501/1324 1434/1623/1411 1420/1609/1409
f 1344/1531/1274 1342/1529/1278 1435/1624/1412 1419/1608/1410
f 1316/1501/1324 1314/1499/1327 1436/1625/1402 1434/1623/1411
f 1342/1529/1278 1340/1527/1281 1437/1626/1401 1435/1624/1412
f 1299/1484/1413 1301/1486/1414 1482/1673/1262 1463/1653/1262
f 1353/1540/1415 1292/1477/1416 1453/1643/1262 1465/1655/1262
f 1327/1512/1417 1329/1516/1418 1481/1672/1262 1467/1657/1262
f 1301/1486/1414 1303/1488/1419 1480/1671/1262 1482/1673/1262
f 1329/1516/1418 1331/1518/1420 1479/1670/1262 1481/1672/1262
f 1303/1488/1419 1305/1490/1421 1478/1669/1262 1480/1671/1262
f 1331/1518/1420 1333/1520/1422 1477/1668/1262 1479/1670/1262
f 1305/1490/1421 1307/1492/1423 1476/1667/1262 1478/1669/1262
f 1333/1520/1422 1335/1522/1424 1475/1666/1262 1477/1668/1262
f 1307/1492/1423 1309/1494/1425 1474/1665/1262 1476/1667/1262
f 1335/1522/1424 1337/1524/1426 1473/1664/1262 1475/1666/1262
f 1309/1494/1425 1311/1496/1427 1472/1663/1262 1474/1665/1262
f 1337/1524/1426 1339/1526/1428 1471/1662/1262 1473/1664/1262
f 1311/1496/1427 1313/1498/1429 1470/1661/1262 1472/1663/1262
f 1339/1526/1428 1341/1528/1430 1469/1660/1262 1471/1662/1262
f 1313/1498/1429 1315/1500/1431 1468/1659/1262 1470/1661/1262
f 1325/1510/1432 1327/1513/1417 1467/1658/1262 1466/1656/1262
f 1351/1538/1433 1353/1540/1415 1465/1655/1262 1464/1654/1262
f 1297/1482/1434 1299/1484/1413 1463/1653/1262 1462/1652/1262
f 1323/1508/1435 1325/1510/1432 1466/1656/1262 1461/1651/1262
f 1349/1536/1436 1351/1538/1433 1464/1654/1262 1460/1650/1262
f 1295/1480/1437 1297/1482/1434 1462/1652/1262 1459/1649/1262
f 1321/1506/1438 1323/1508/1435 1461/1651/1262 1458/1648/1262
f 1347/1534/1439 1349/1536/1436 1460/1650/1262 1457/1647/1262
f 1293/1478/1440 1295/1480/1437 1459/1649/1262 1456/1646/1262
f 1319/1504/1441 1321/1506/1438 1458/1648/1262 1455/1645/1262
f 1345/1532/1442 1347/1534/1439 1457/1647/1262 1454/1644/1262
f 1292/1477/1416 1293/1478/1440 1456/1646/1262 1453/1643/1262
f 1317/1502/1443 1319/1504/1441 1455/1645/1262 1452/1642/1262
f 1343/1530/1444 1345/1532/1442 1454/1644/1262 1451/1641/1262
f 1315/1500/1431 1317/1502/1443 1452/1642/1262 1468/1659/1262
f 1341/1528/1430 1343/1530/1444 1451/1641/1262 1469/1660/1262
f 1450/1640/1390 1428/1617/1389 1512/1704/1345 1511/1703/1388
f 1449/1638/1392 1430/1619/1391 1513/1705/1347 1510/1701/1387
f 1448/1637/968 1432/1621/968 1514/1706/968 1509/1700/968
f 1421/1610/968 1450/1640/1390 1511/1703/1388 1485/1676/1297
f 1447/1636/1393 1449/1639/1392 1510/1702/1387 1508/1699/1386
f 1446/1635/968 1448/1637/968 1509/1700/968 1507/1698/968
f 1445/1634/1394 1447/1636/1393 1508/1699/1386 1506/1697/1385
f 1444/1633/968 1446/1635/968 1507/1698/968 1505/1696/1384
f 1443/1632/1395 1445/1634/1394 1506/1697/1385 1504/1695/1383
f 1442/1631/1396 1444/1633/968 1505/1696/1384 1503/1694/1382
f 1441/1630/1397 1443/1632/1395 1504/1695/1383 1502/1693/1381
f 1440/1629/1398 1442/1631/1396 1503/1694/1382 1501/1692/1380
f 1439/1628/1399 1441/1630/1397 1502/1693/1381 1500/1691/1379
f 1438/1627/1400 1440/1629/1398 1501/1692/1380 1499/1690/1378
f 1437/1626/1401 1439/1628/1399 1500/1691/1379 1498/1689/1251
f 1436/1625/1402 1438/1627/1400 1499/1690/1378 1497/1688/1257
f 1432/1621/968 1433/1622/968 1494/1685/968 1514/1706/968
f 1430/1619/1391 1431/1620/1403 1493/1684/1335 1513/1705/1347
f 1428/1617/1389 1429/1618/1404 1492/1683/1331 1512/1704/1345
f 1433/1622/968 1427/1616/968 1491/1682/968 1494/1685/968
f 1431/1620/1403 1426/1615/1405 1490/1681/1315 1493/1684/1335
f 1429/1618/1404 1425/1614/1406 1489/1680/1311 1492/1683/1331
f 1427/1616/968 1424/1613/968 1488/1679/968 1491/1682/968
f 1426/1615/1405 1423/1612/1407 1487/1678/1293 1490/1681/1315
f 1425/1614/1406 1422/1611/1408 1486/1677/1289 1489/1680/1311
f 1424/1613/968 1421/1610/968 1485/1676/1297 1488/1679/968
f 1423/1612/1407 1420/1609/1409 1484/1675/1275 1487/1678/1293
f 1422/1611/1408 1419/1608/1410 1483/1674/1271 1486/1677/1289
f 1420/1609/1409 1434/1623/1411 1495/1686/1256 1484/1675/1275
f 1419/1608/1410 1435/1624/1412 1496/1687/1250 1483/1674/1271
f 1434/1623/1411 1436/1625/1402 1497/1688/1257 1495/1686/1256
f 1435/1624/1412 1437/1626/1401 1498/1689/1251 1496/1687/1250
f 1463/1653/1262 1482/1673/1262 1546/1739/1262 1515/1707/1262
f 1465/1655/1262 1453/1643/1262 1520/1713/1262 1516/1708/1262
f 1467/1657/1262 1481/1672/1262 1545/1738/1262 1517/1709/1262
f 1482/1673/1262 1480/1671/1262 1544/1737/1262 1546/1739/1262
f 1481/1672/1262 1479/1670/1262 1543/1736/1262 1545/1738/1262
f 1480/1671/1262 1478/1669/1262 1542/1735/1262 1544/1737/1262
f 1479/1670/1262 1477/1668/1262 1541/1734/1262 1543/1736/1262
f 1478/1669/1262 1476/1667/1262 1540/1733/1262 1542/1735/1262
f 1477/1668/1262 1475/1666/1262 1539/1732/1262 1541/1734/1262
f 1476/1667/1262 1474/1665/1262 1538/1731/1262 1540/1733/1262
f 1475/1666/1262 1473/1664/1262 1537/1730/1262 1539/1732/1262
f 1474/1665/1262 1472/1663/1262 1536/1729/1262 1538/1731/1262
f 1473/1664/1262 1471/1662/1262 1535/1728/1262 1537/1730/1262
f 1472/1663/1262 1470/1661/1262 1534/1727/1262 1536/1729/1262
f 1471/1662/1262 1469/1660/1262 1533/1726/1262 1535/1728/1262
f 1470/1661/1262 1468/1659/1262 1532/1725/1262 1534/1727/1262
f 1466/1656/1262 1467/1658/1262 1517/1710/1262 1531/1724/1262
f 1464/1654/1262 1465/1655/1262 1516/1708/1262 1530/1723/1262
f 1462/1652/1262 1463/1653/1262 1515/1707/1262 1529/1722/1262
f 1461/1651/1262 1466/1656/1262 1531/1724/1262 1528/1721/1262
f 1460/1650/1262 1464/1654/1262 1530/1723/1262 1527/1720/1262
f 1459/1649/1262 1462/1652/1262 1529/1722/1262 1526/1719/1262
f 1458/1648/1262 1461/1651/1262 1528/1721/1262 1525/1718/1262
f 1457/1647/1262 1460/1650/1262 1527/1720/1262 1524/1717/1262
f 1456/1646/1262 1459/1649/1262 1526/1719/1262 1523/1716/1262
f 1455/1645/1262 1458/1648/1262 1525/1718/1262 1522/1715/1262
f 1454/1644/1262 1457/1647/1262 1524/1717/1262 1521/1714/1262
f 1453/1643/1262 1456/1646/1262 1523/1716/1262 1520/1713/1262
f 1452/1642/1262 1455/1645/1262 1522/1715/1262 1519/1712/1262
f 1451/1641/1262 1454/1644/1262 1521/1714/1262 1518/1711/1262
f 1468/1659/1262 1452/1642/1262 1519/1712/1262 1532/1725/1262
f 1469/1660/1262 1451/1641/1262 1518/1711/1262 1533/1726/1262
f 1227/1410/1445 1578/1772/1249 1547/1740/1179 1229/1412/1446
f 1229/1412/1446 1547/1740/1179 1548/1741/1181 1231/1414/1437
f 1231/1414/1437 1548/1741/1181 1549/1742/1183 1233/1416/1434
f 1233/1416/1434 1549/1742/1183 1550/1743/1185 1235/1418/1413
f 1235/1418/1413 1550/1743/1185 1551/1744/1187 1237/1420/1414
f 1237/1420/1414 1551/1744/1187 1552/1745/1189 1239/1422/1447
f 1239/1422/1447 1552/1745/1189 1553/1746/1340 1241/1424/1448
f 1241/1424/1448 1553/1746/1340 1554/1747/1337 1243/1426/1449
f 1243/1426/1449 1554/1747/1337 1555/1748/1333 1245/1428/1450
f 1245/1428/1450 1555/1748/1333 1556/1749/1329 1247/1430/1451
f 1247/1430/1451 1556/1749/1329 1557/1750/1326 1249/1432/1452
f 1249/1432/1452 1557/1750/1326 1558/1751/1323 1251/1434/1453
f 1251/1434/1453 1558/1751/1323 1559/1752/1320 1253/1436/1454
f 1253/1436/1454 1559/1752/1320 1560/1753/1317 1255/1438/1455
f 1255/1438/1455 1560/1753/1317 1561/1754/1313 1257/1440/1456
f 1257/1440/1456 1561/1754/1313 1562/1755/1309 1259/1442/1457
f 1259/1442/1457 1562/1755/1309 1563/1756/1306 1261/1444/1458
f 1261/1444/1458 1563/1756/1306 1564/1757/1303 1263/1446/1459
f 1263/1447/1459 1564/1758/1303 1565/1759/1300 1265/1450/1460
f 1265/1450/1460 1565/1759/1300 1566/1760/1295 1267/1452/1461
f 1267/1452/1461 1566/1760/1295 1567/1761/1291 1269/1454/1462
f 1269/1454/1462 1567/1761/1291 1568/1762/1287 1271/1456/1242
f 1271/1456/1242 1568/1762/1287 1569/1763/1283 1273/1458/1243
f 1273/1458/1243 1569/1763/1283 1570/1764/1280 1275/1460/1463
f 1275/1460/1463 1570/1764/1280 1571/1765/1277 1277/1462/1464
f 1277/1462/1464 1571/1765/1277 1572/1766/1273 1279/1464/1465
f 1279/1464/1465 1572/1766/1273 1573/1767/1269 1281/1466/1466
f 1281/1466/1466 1573/1767/1269 1574/1768/1265 1283/1468/1467
f 1283/1468/1467 1574/1768/1265 1575/1769/1260 1285/1470/1468
f 1285/1470/1468 1575/1769/1260 1576/1770/1254 1287/1472/1469
f 1287/1472/1469 1576/1770/1254 1577/1771/1246 1289/1474/1470
f 1289/1474/1470 1577/1771/1246 1578/1772/1249 1227/1410/1445
f 1353/1540/1415 1610/1805/1241 1579/1773/10 1292/1477/1416
f 1351/1538/1433 1609/1804/1237 1610/1805/1241 1353/1540/1415
f 1349/1536/1436 1608/1803/1235 1609/1804/1237 1351/1538/1433
f 1347/1534/1439 1607/1802/1233 1608/1803/1235 1349/1536/1436
f 1345/1532/1442 1606/1801/1231 1607/1802/1233 1347/1534/1439
f 1343/1530/1444 1605/1800/1229 1606/1801/1231 1345/1532/1442
f 1341/1528/1430 1604/1799/1227 1605/1800/1229 1343/1530/1444
f 1339/1526/1428 1603/1798/1225 1604/1799/1227 1341/1528/1430
f 1337/1524/1426 1602/1797/1223 1603/1798/1225 1339/1526/1428
f 1335/1522/1424 1601/1796/1221 1602/1797/1223 1337/1524/1426
f 1333/1520/1422 1600/1795/1219 1601/1796/1221 1335/1522/1424
f 1331/1518/1420 1599/1794/1217 1600/1795/1219 1333/1520/1422
f 1329/1516/1418 1598/1793/1215 1599/1794/1217 1331/1518/1420
f 1327/1512/1417 1597/1791/1213 1598/1793/1215 1329/1516/1418
f 1325/1510/1432 1596/1790/1211 1597/1792/1213 1327/1513/1417
f 1323/1508/1435 1595/1789/1209 1596/1790/1211 1325/1510/1432
f 1321/1506/1438 1594/1788/1207 1595/1789/1209 1323/1508/1435
f 1319/1504/1441 1593/1787/1205 1594/1788/1207 1321/1506/1438
f 1317/1502/1443 1592/1786/1203 1593/1787/1205 1319/1504/1441
f 1315/1500/1431 1591/1785/1201 1592/1786/1203 1317/1502/1443
f 1313/1498/1429 1590/1784/1199 1591/1785/1201 1315/1500/1431
f 1311/1496/1427 1589/1783/1197 1590/1784/1199 1313/1498/1429
f 1309/1494/1425 1588/1782/1195 1589/1783/1197 1311/1496/1427
f 1307/1492/1423 1587/1781/1193 1588/1782/1195 1309/1494/1425
f 1305/1490/1421 1586/1780/1191 1587/1781/1193 1307/1492/1423
f 1303/1488/1419 1585/1779/1189 1586/1780/1191 1305/1490/1421
f 1301/1486/1414 1584/1778/1187 1585/1779/1189 1303/1488/1419
f 1299/1484/1413 1583/1777/1185 1584/1778/1187 1301/1486/1414
f 1297/1482/1434 1582/1776/1183 1583/1777/1185 1299/1484/1413
f 1295/1480/1437 1581/1775/1181 1582/1776/1183 1297/1482/1434
f 1293/1478/1440 1580/1774/1179 1581/1775/1181 1295/1480/1437
f 1292/1477/1416 1579/1773/10 1580/1774/1179 1293/1478/1440
f 1652/1849/1471 1650/1847/1472 1714/1913/1473 1716/1915/1474
f 1623/1818/1475 1625/1820/1476 1689/1886/1477 1687/1884/1478
f 1289/1474/1470 1227/1410/1445 1611/1806/1479 1673/1870/1480
f 1274/1459/1222 1272/1457/1220 1656/1853/1481 1658/1855/1482
f 1237/1420/1414 1239/1422/1447 1623/1818/1475 1621/1816/1483
f 1228/1411/1177 1290/1475/1240 1674/1871/1484 1614/1809/1485
f 1255/1438/1455 1257/1440/1456 1641/1836/1486 1639/1834/1487
f 1240/1423/1188 1238/1421/1186 1622/1817/1488 1624/1819/1489
f 1273/1458/1243 1275/1460/1463 1659/1856/1490 1657/1854/1244
f 1258/1441/1206 1256/1439/1204 1640/1835/1239 1642/1837/1491
f 1276/1461/1224 1274/1459/1222 1658/1855/1482 1660/1857/1492
f 1239/1422/1447 1241/1424/1448 1625/1820/1476 1623/1818/1475
f 1257/1440/1456 1259/1442/1457 1643/1838/1493 1641/1836/1486
f 1242/1425/1190 1240/1423/1188 1624/1819/1489 1626/1821/1494
f 1275/1460/1463 1277/1462/1464 1661/1858/1495 1659/1856/1490
f 1260/1443/1208 1258/1441/1206 1642/1837/1491 1644/1839/1496
f 1278/1463/1226 1276/1461/1224 1660/1857/1492 1662/1859/1497
f 1241/1424/1448 1243/1426/1449 1627/1822/1498 1625/1820/1476
f 1259/1442/1457 1261/1444/1458 1645/1840/1499 1643/1838/1493
f 1244/1427/1192 1242/1425/1190 1626/1821/1494 1628/1823/1500
f 1277/1462/1464 1279/1464/1465 1663/1860/1501 1661/1858/1495
f 1262/1445/1210 1260/1443/1208 1644/1839/1496 1646/1841/1502
f 1280/1465/1228 1278/1463/1226 1662/1859/1497 1664/1861/1503
f 1243/1426/1449 1245/1428/1450 1629/1824/1504 1627/1822/1498
f 1261/1444/1458 1263/1446/1459 1647/1842/1505 1645/1840/1499
f 1246/1429/1194 1244/1427/1192 1628/1823/1500 1630/1825/1506
f 1227/1410/1445 1229/1412/1446 1612/1807/1507 1611/1806/1479
f 1279/1464/1465 1281/1466/1466 1665/1862/1508 1663/1860/1501
f 1264/1448/1212 1262/1445/1210 1646/1841/1502 1648/1844/1509
f 1230/1413/1178 1228/1411/1177 1614/1809/1485 1613/1808/1510
f 1282/1467/1230 1280/1465/1228 1664/1861/1503 1666/1863/1511
f 1245/1428/1450 1247/1430/1451 1631/1826/1512 1629/1824/1504
f 1263/1447/1459 1265/1450/1460 1649/1846/1513 1647/1843/1505
f 1248/1431/1196 1246/1429/1194 1630/1825/1506 1632/1827/1514
f 1281/1466/1466 1283/1468/1467 1667/1864/1515 1665/1862/1508
f 1266/1451/1214 1264/1449/1212 1648/1845/1509 1650/1847/1472
f 1229/1412/1446 1231/1414/1437 1615/1810/1516 1612/1807/1507
f 1284/1469/1232 1282/1467/1230 1666/1863/1511 1668/1865/1517
f 1247/1430/1451 1249/1432/1452 1633/1828/1518 1631/1826/1512
f 1232/1415/1180 1230/1413/1178 1613/1808/1510 1616/1811/1519
f 1265/1450/1460 1267/1452/1461 1651/1848/1520 1649/1846/1513
f 1250/1433/1198 1248/1431/1196 1632/1827/1514 1634/1829/1521
f 1283/1468/1467 1285/1470/1468 1669/1866/1522 1667/1864/1515
f 1268/1453/1216 1266/1451/1214 1650/1847/1472 1652/1849/1471
f 1231/1414/1437 1233/1416/1434 1617/1812/1523 1615/1810/1516
f 1286/1471/1234 1284/1469/1232 1668/1865/1517 1670/1867/1524
f 1249/1432/1452 1251/1434/1453 1635/1830/1525 1633/1828/1518
f 1234/1417/1182 1232/1415/1180 1616/1811/1519 1618/1813/1526
f 1267/1452/1461 1269/1454/1462 1653/1850/1527 1651/1848/1520
f 1252/1435/1200 1250/1433/1198 1634/1829/1521 1636/1831/1528
f 1285/1470/1468 1287/1472/1469 1671/1868/1529 1669/1866/1522
f 1270/1455/1218 1268/1453/1216 1652/1849/1471 1654/1851/1530
f 1233/1416/1434 1235/1418/1413 1619/1814/1531 1617/1812/1523
f 1288/1473/1236 1286/1471/1234 1670/1867/1524 1672/1869/1532
f 1251/1434/1453 1253/1436/1454 1637/1832/1533 1635/1830/1525
f 1236/1419/1184 1234/1417/1182 1618/1813/1526 1620/1815/1534
f 1269/1454/1462 1271/1456/1242 1655/1852/1245 1653/1850/1527
f 1254/1437/1202 1252/1435/1200 1636/1831/1528 1638/1833/1238
f 1287/1472/1469 1289/1474/1470 1673/1870/1480 1671/1868/1529
f 1272/1457/1220 1270/1455/1218 1654/1851/1530 1656/1853/1481
f 1235/1418/1413 1237/1420/1414 1621/1816/1483 1619/1814/1531
f 1290/1475/1240 1288/1473/1236 1672/1869/1532 1674/1871/1484
f 1253/1436/1454 1255/1438/1455 1639/1834/1487 1637/1832/1533
f 1238/1421/1186 1236/1419/1184 1620/1815/1534 1622/1817/1488
f 1683/1880/1535 1685/1882/1536 1749/1948/1537 1747/1946/1538
f 1709/1906/1539 1711/1908/1540 1775/1974/1541 1773/1972/1542
f 1626/1821/1494 1624/1819/1489 1688/1885/1543 1690/1887/1544
f 1651/1848/1520 1653/1850/1527 1717/1916/1545 1715/1914/1546
f 1625/1820/1476 1627/1822/1498 1691/1888/1547 1689/1886/1477
f 1654/1851/1530 1652/1849/1471 1716/1915/1474 1718/1917/1548
f 1628/1823/1500 1626/1821/1494 1690/1887/1544 1692/1889/1549
f 1653/1850/1527 1655/1852/1245 1719/1918/1550 1717/1916/1545
f 1627/1822/1498 1629/1824/1504 1693/1890/1551 1691/1888/1547
f 1656/1853/1481 1654/1851/1530 1718/1917/1548 1720/1919/1552
f 1630/1825/1506 1628/1823/1500 1692/1889/1549 1694/1891/1553
f 1655/1852/1245 1657/1854/1244 1721/1920/1554 1719/1918/1550
f 1629/1824/1504 1631/1826/1512 1695/1892/1555 1693/1890/1551
f 1658/1855/1482 1656/1853/1481 1720/1919/1552 1722/1921/1556
f 1632/1827/1514 1630/1825/1506 1694/1891/1553 1696/1893/1557
f 1657/1854/1244 1659/1856/1490 1723/1922/1558 1721/1920/1554
f 1631/1826/1512 1633/1828/1518 1697/1894/1559 1695/1892/1555
f 1660/1857/1492 1658/1855/1482 1722/1921/1556 1724/1923/1560
f 1634/1829/1521 1632/1827/1514 1696/1893/1557 1698/1895/1561
f 1659/1856/1490 1661/1858/1495 1725/1924/1562 1723/1922/1558
f 1633/1828/1518 1635/1830/1525 1699/1896/1563 1697/1894/1559
f 1662/1859/1497 1660/1857/1492 1724/1923/1560 1726/1925/1564
f 1636/1831/1528 1634/1829/1521 1698/1895/1561 1700/1897/1565
f 1661/1858/1495 1663/1860/1501 1727/1926/1566 1725/1924/1562
f 1635/1830/1525 1637/1832/1533 1701/1898/1567 1699/1896/1563
f 1664/1861/1503 1662/1859/1497 1726/1925/1564 1728/1927/1568
f 1638/1833/1238 1636/1831/1528 1700/1897/1565 1702/1899/1569
f 1663/1860/1501 1665/1862/1508 1729/1928/1570 1727/1926/1566
f 1637/1832/1533 1639/1834/1487 1703/1900/1571 1701/1898/1567
f 1611/1806/1479 1612/1807/1507 1676/1873/1572 1675/1872/1573
f 1666/1863/1511 1664/1861/1503 1728/1927/1568 1730/1929/1574
f 1640/1835/1239 1638/1833/1238 1702/1899/1569 1704/1901/1575
f 1613/1808/1510 1614/1809/1485 1678/1875/1576 1677/1874/1577
f 1665/1862/1508 1667/1864/1515 1731/1930/1578 1729/1928/1570
f 1639/1834/1487 1641/1836/1486 1705/1902/1579 1703/1900/1571
f 1612/1807/1507 1615/1810/1516 1679/1876/1580 1676/1873/1572
f 1668/1865/1517 1666/1863/1511 1730/1929/1574 1732/1931/1581
f 1642/1837/1491 1640/1835/1239 1704/1901/1575 1706/1903/1582
f 1616/1811/1519 1613/1808/1510 1677/1874/1577 1680/1877/1583
f 1667/1864/1515 1669/1866/1522 1733/1932/1584 1731/1930/1578
f 1641/1836/1486 1643/1838/1493 1707/1904/1585 1705/1902/1579
f 1615/1810/1516 1617/1812/1523 1681/1878/1586 1679/1876/1580
f 1670/1867/1524 1668/1865/1517 1732/1931/1581 1734/1933/1587
f 1644/1839/1496 1642/1837/1491 1706/1903/1582 1708/1905/1588
f 1618/1813/1526 1616/1811/1519 1680/1877/1583 1682/1879/1589
f 1669/1866/1522 1671/1868/1529 1735/1934/1590 1733/1932/1584
f 1643/1838/1493 1645/1840/1499 1709/1906/1539 1707/1904/1585
f 1617/1812/1523 1619/1814/1531 1683/1880/1535 1681/1878/1586
f 1672/1869/1532 1670/1867/1524 1734/1933/1587 1736/1935/1591
f 1646/1841/1502 1644/1839/1496 1708/1905/1588 1710/1907/1592
f 1620/1815/1534 1618/1813/1526 1682/1879/1589 1684/1881/1593
f 1671/1868/1529 1673/1870/1480 1737/1936/1594 1735/1934/1590
f 1645/1840/1499 1647/1842/1505 1711/1908/1540 1709/1906/1539
f 1619/1814/1531 1621/1816/1483 1685/1882/1536 1683/1880/1535
f 1674/1871/1484 1672/1869/1532 1736/1935/1591 1738/1937/1595
f 1648/1844/1509 1646/1841/1502 1710/1907/1592 1712/1910/1596
f 1622/1817/1488 1620/1815/1534 1684/1881/1593 1686/1883/1597
f 1673/1870/1480 1611/1806/1479 1675/1872/1573 1737/1936/1594
f 1647/1843/1505 1649/1846/1513 1713/1912/1598 1711/1909/1540
f 1621/1816/1483 1623/1818/1475 1687/1884/1478 1685/1882/1536
f 1614/1809/1485 1674/1871/1484 1738/1937/1595 1678/1875/1576
f 1650/1847/1472 1648/1845/1509 1712/1911/1596 1714/1913/1473
f 1624/1819/1489 1622/1817/1488 1686/1883/1597 1688/1885/1543
f 1649/1846/1513 1651/1848/1520 1715/1914/1546 1713/1912/1598
f 1741/1940/968 1742/1941/968 1802/2001/968 1800/1999/968 1798/1997/968 1796/1995/968 1794/1993/968 1792/1991/968 1790/1989/968 1788/1987/968 1786/1985/968 1784/1983/968 1782/1981/968 1780/1979/968 1778/1977/968 1776/1975/968 1774/1973/968 1772/1971/968 1770/1969/968 1768/1967/968 1766/1965/968 1764/1963/968 1762/1961/968 1760/1959/968 1758/1957/968 1756/1955/968 1754/1953/968 1752/1951/968 1750/1949/968 1748/1947/968 1746/1945/968 1744/1943/968
f 1739/1938/1599 1740/1939/1600 1743/1942/1601 1745/1944/1602 1747/1946/1538 1749/1948/1537 1751/1950/1603 1753/1952/1604 1755/1954/1605 1757/1956/1606 1759/1958/1607 1761/1960/1608 1763/1962/1609 1765/1964/1610 1767/1966/1611 1769/1968/1612 1771/1970/1613 1773/1972/1542 1775/1974/1541 1777/1976/1614 1779/1978/1615 1781/1980/1616 1783/1982/1617 1785/1984/1618 1787/1986/1619 1789/1988/1620 1791/1990/1621 1793/1992/1622 1795/1994/1623 1797/1996/1624 1799/1998/1625 1801/2000/1626
f 1738/1937/1595 1736/1935/1591 1800/1999/968 1802/2001/968
f 1712/1910/1596 1710/1907/1592 1774/1973/968 1776/1975/968
f 1686/1883/1597 1684/1881/1593 1748/1947/968 1750/1949/968
f 1737/1936/1594 1675/1872/1573 1739/1938/1599 1801/2000/1626
f 1711/1909/1540 1713/1912/1598 1777/1976/1614 1775/1974/1541
f 1685/1882/1536 1687/1884/1478 1751/1950/1603 1749/1948/1537
f 1678/1875/1576 1738/1937/1595 1802/2001/968 1742/1941/968
f 1714/1913/1473 1712/1911/1596 1776/1975/968 1778/1977/968
f 1688/1885/1543 1686/1883/1597 1750/1949/968 1752/1951/968
f 1713/1912/1598 1715/1914/1546 1779/1978/1615 1777/1976/1614
f 1687/1884/1478 1689/1886/1477 1753/1952/1604 1751/1950/1603
f 1716/1915/1474 1714/1913/1473 1778/1977/968 1780/1979/968
f 1690/1887/1544 1688/1885/1543 1752/1951/968 1754/1953/968
f 1715/1914/1546 1717/1916/1545 1781/1980/1616 1779/1978/1615
f 1689/1886/1477 1691/1888/1547 1755/1954/1605 1753/1952/1604
f 1718/1917/1548 1716/1915/1474 1780/1979/968 1782/1981/968
f 1692/1889/1549 1690/1887/1544 1754/1953/968 1756/1955/968
f 1717/1916/1545 1719/1918/1550 1783/1982/1617 1781/1980/1616
f 1691/1888/1547 1693/1890/1551 1757/1956/1606 1755/1954/1605
f 1720/1919/1552 1718/1917/1548 1782/1981/968 1784/1983/968
f 1694/1891/1553 1692/1889/1549 1756/1955/968 1758/1957/968
f 1719/1918/1550 1721/1920/1554 1785/1984/1618 1783/1982/1617
f 1693/1890/1551 1695/1892/1555 1759/1958/1607 1757/1956/1606
f 1722/1921/1556 1720/1919/1552 1784/1983/968 1786/1985/968
f 1696/1893/1557 1694/1891/1553 1758/1957/968 1760/1959/968
f 1721/1920/1554 1723/1922/1558 1787/1986/1619 1785/1984/1618
f 1695/1892/1555 1697/1894/1559 1761/1960/1608 1759/1958/1607
f 1724/1923/1560 1722/1921/1556 1786/1985/968 1788/1987/968
f 1698/1895/1561 1696/1893/1557 1760/1959/968 1762/1961/968
f 1723/1922/1558 1725/1924/1562 1789/1988/1620 1787/1986/1619
f 1697/1894/1559 1699/1896/1563 1763/1962/1609 1761/1960/1608
f 1726/1925/1564 1724/1923/1560 1788/1987/968 1790/1989/968
f 1700/1897/1565 1698/1895/1561 1762/1961/968 1764/1963/968
f 1725/1924/1562 1727/1926/1566 1791/1990/1621 1789/1988/1620
f 1699/1896/1563 1701/1898/1567 1765/1964/1610 1763/1962/1609
f 1728/1927/1568 1726/1925/1564 1790/1989/968 1792/1991/968
f 1702/1899/1569 1700/1897/1565 1764/1963/968 1766/1965/968
f 1727/1926/1566 1729/1928/1570 1793/1992/1622 1791/1990/1621
f 1701/1898/1567 1703/1900/1571 1767/1966/1611 1765/1964/1610
f 1675/1872/1573 1676/1873/1572 1740/1939/1600 1739/1938/1599
f 1730/1929/1574 1728/1927/1568 1792/1991/968 1794/1993/968
f 1704/1901/1575 1702/1899/1569 1766/1965/968 1768/1967/968
f 1677/1874/1577 1678/1875/1576 1742/1941/968 1741/1940/968
f 1729/1928/1570 1731/1930/1578 1795/1994/1623 1793/1992/1622
f 1703/1900/1571 1705/1902/1579 1769/1968/1612 1767/1966/1611
f 1676/1873/1572 1679/1876/1580 1743/1942/1601 1740/1939/1600
f 1732/1931/1581 1730/1929/1574 1794/1993/968 1796/1995/968
f 1706/1903/1582 1704/1901/1575 1768/1967/968 1770/1969/968
f 1680/1877/1583 1677/1874/1577 1741/1940/968 1744/1943/968
f 1731/1930/1578 1733/1932/1584 1797/1996/1624 1795/1994/1623
f 1705/1902/1579 1707/1904/1585 1771/1970/1613 1769/1968/1612
f 1679/1876/1580 1681/1878/1586 1745/1944/1602 1743/1942/1601
f 1734/1933/1587 1732/1931/1581 1796/1995/968 1798/1997/968
f 1708/1905/1588 1706/1903/1582 1770/1969/968 1772/1971/968
f 1682/1879/1589 1680/1877/1583 1744/1943/968 1746/1945/968
f 1733/1932/1584 1735/1934/1590 1799/1998/1625 1797/1996/1624
f 1707/1904/1585 1709/1906/1539 1773/1972/1542 1771/1970/1613
f 1681/1878/1586 1683/1880/1535 1747/1946/1538 1745/1944/1602
f 1736/1935/1591 1734/1933/1587 1798/1997/968 1800/1999/968
f 1710/1907/1592 1708/1905/1588 1772/1971/968 1774/1973/968
f 1684/1881/1593 1682/1879/1589 1746/1945/968 1748/1947/968
f 1735/1934/1590 1737/1936/1594 1801/2000/1626 1799/1998/1625
f 1899/2101/1627 1804/2004/1628 1806/2006/1629 1900/2102/1630
f 1900/2102/1630 1806/2006/1629 1808/2008/1631 1901/2103/1632
f 1901/2103/1632 1808/2008/1631 1810/2010/1633 1902/2104/1634
f 1902/2104/1634 1810/2010/1633 1812/2012/1635 1903/2105/1636
f 1903/2105/1636 1812/2012/1635 1814/2014/1637 1904/2106/1638
f 1904/2106/1638 1814/2014/1637 1816/2016/1639 1905/2107/1640
f 1905/2107/1640 1816/2016/1639 1818/2018/1641 1906/2108/1642
f 1906/2108/1642 1818/2018/1641 1820/2020/1643 1907/2109/1644
f 1907/2109/1644 1820/2020/1643 1822/2022/1645 1908/2110/1646
f 1908/2110/1646 1822/2022/1645 1824/2024/1647 1909/2111/1648
f 1909/2111/1648 1824/2024/1647 1826/2026/1649 1910/2112/1650
f 1910/2112/1650 1826/2026/1649 1828/2028/1651 1911/2113/1652
f 1911/2113/1652 1828/2028/1651 1830/2030/1653 1912/2114/1654
f 1912/2114/1654 1830/2030/1653 1832/2032/1655 1913/2115/1656
f 1913/2115/1656 1832/2032/1655 1834/2034/1657 1914/2116/1658
f 1914/2116/1658 1834/2034/1657 1836/2036/1659 1915/2117/1660
f 1915/2117/1660 1836/2036/1659 1838/2038/1661 1916/2118/1662
f 1916/2118/1662 1838/2038/1661 1840/2040/1663 1917/2119/1664
f 1917/2119/1664 1840/2040/1663 1842/2042/1665 1918/2120/1666
f 1918/2120/1666 1842/2042/1665 1844/2044/1667 1919/2121/1668
f 1919/2121/1668 1844/2044/1667 1846/2046/1669 1920/2122/1670
f 1920/2122/1670 1846/2046/1669 1848/2048/1671 1921/2123/1672
f 1921/2123/1672 1848/2048/1671 1850/2050/1673 1922/2124/1674
f 1922/2124/1674 1850/2050/1673 1852/2052/1675 1923/2125/1676
f 1923/2125/1676 1852/2052/1675 1854/2054/1677 1924/2126/1678
f 1924/2126/1678 1854/2054/1677 1856/2056/1679 1925/2127/1680
f 1925/2127/1680 1856/2056/1679 1858/2058/1681 1926/2128/1682
f 1926/2128/1682 1858/2058/1681 1860/2060/1683 1927/2129/1684
f 1927/2129/1684 1860/2060/1683 1862/2062/1685 1928/2130/1686
f 1928/2130/1686 1862/2062/1685 1864/2064/1687 1929/2131/1688
f 1806/2006/1629 1804/2004/1628 1866/2066/1689 1864/2064/1687 1862/2062/1685 1860/2060/1683 1858/2058/1681 1856/2056/1679 1854/2054/1677 1852/2052/1675 1850/2050/1673 1848/2048/1671 1846/2046/1669 1844/2044/1667 1842/2042/1665 1840/2040/1663 1838/2038/1661 1836/2036/1659 1834/2034/1657 1832/2032/1655 1830/2030/1653 1828/2028/1651 1826/2026/1649 1824/2024/1647 1822/2022/1645 1820/2020/1643 1818/2018/1641 1816/2016/1639 1814/2014/1637 1812/2012/1635 1810/2010/1633 1808/2008/1631
f 1929/2131/1688 1864/2064/1687 1866/2066/1689 1930/2132/1690
f 1930/2132/1690 1866/2066/1689 1804/2004/1628 1899/2100/1627
f 2572/2793/10 2571/2792/10 2533/2754/1691 2532/2753/1692
f 2890/3121/1693 1898/2099/1694 1867/2068/1695 2859/3090/1225
f 2889/3120/1696 1897/2098/1697 1898/2099/1694 2890/3121/1693
f 2888/3119/1698 1896/2097/1699 1897/2098/1697 2889/3120/1696
f 2887/3118/1700 1895/2096/1701 1896/2097/1699 2888/3119/1698
f 2886/3117/1702 1894/2095/1703 1895/2096/1701 2887/3118/1700
f 2885/3116/1704 1893/2094/1705 1894/2095/1703 2886/3117/1702
f 2884/3115/1706 1892/2093/1707 1893/2094/1705 2885/3116/1704
f 2883/3114/1262 1891/2092/1708 1892/2093/1707 2884/3115/1706
f 2882/3113/1709 1890/2091/1710 1891/2092/1708 2883/3114/1262
f 2881/3112/1711 1889/2090/1712 1890/2091/1710 2882/3113/1709
f 2880/3111/1713 1888/2089/1714 1889/2090/1712 2881/3112/1711
f 2879/3110/1715 1887/2088/1716 1888/2089/1714 2880/3111/1713
f 2878/3109/1717 1886/2087/1718 1887/2088/1716 2879/3110/1715
f 2877/3108/1719 1885/2086/1720 1886/2087/1718 2878/3109/1717
f 2876/3107/1721 1884/2085/1722 1885/2086/1720 2877/3108/1719
f 2875/3106/1193 1883/2084/1723 1884/2085/1722 2876/3107/1721
f 2874/3105/1724 1882/2083/1725 1883/2084/1723 2875/3106/1193
f 2873/3104/1726 1881/2082/1727 1882/2083/1725 2874/3105/1724
f 2872/3103/1728 1880/2081/1729 1881/2082/1727 2873/3104/1726
f 2871/3102/1730 1879/2080/1731 1880/2081/1729 2872/3103/1728
f 2870/3101/1732 1878/2079/1733 1879/2080/1731 2871/3102/1730
f 2869/3100/1734 1877/2078/1735 1878/2079/1733 2870/3101/1732
f 2868/3099/1736 1876/2077/1737 1877/2078/1735 2869/3100/1734
f 2867/3098/968 1875/2076/1738 1876/2077/1737 2868/3099/1736
f 2866/3097/1739 1874/2075/1740 1875/2076/1738 2867/3098/968
f 2865/3096/1741 1873/2074/1742 1874/2075/1740 2866/3097/1739
f 2864/3095/1743 1872/2073/1744 1873/2074/1742 2865/3096/1741
f 2863/3094/1745 1871/2072/1746 1872/2073/1744 2864/3095/1743
f 2862/3093/1747 1870/2071/1748 1871/2072/1746 2863/3094/1745
f 2861/3092/1749 1869/2070/1750 1870/2071/1748 2862/3093/1747
f 2860/3091/1751 1868/2069/1752 1869/2070/1750 2861/3092/1749
f 2859/3089/1225 1867/2067/1695 1868/2069/1752 2860/3091/1751
f 1894/2095/1703 1893/2094/1705 1982/2184/1753 1984/2186/1754
f 1868/2069/1752 1867/2067/1695 1993/2196/1755 1932/2134/1756
f 1911/2113/1652 1912/2114/1654 1955/2157/1757 1953/2155/1758
f 1895/2096/1701 1894/2095/1703 1984/2186/1754 1986/2188/1759
f 1869/2070/1750 1868/2069/1752 1932/2134/1756 1934/2136/1760
f 1912/2114/1654 1913/2115/1656 1957/2159/1761 1955/2157/1757
f 1896/2097/1699 1895/2096/1701 1986/2188/1759 1988/2190/1762
f 1870/2071/1748 1869/2070/1750 1934/2136/1760 1936/2138/1763
f 1913/2115/1656 1914/2116/1658 1959/2161/1764 1957/2159/1761
f 1897/2098/1697 1896/2097/1699 1988/2190/1762 1990/2192/1765
f 1871/2072/1746 1870/2071/1748 1936/2138/1763 1938/2140/1766
f 1914/2116/1658 1915/2117/1660 1961/2163/1767 1959/2161/1764
f 1898/2099/1694 1897/2098/1697 1990/2192/1765 1992/2194/1768
f 1872/2073/1744 1871/2072/1746 1938/2140/1766 1940/2142/1769
f 1915/2117/1660 1916/2118/1662 1963/2165/1770 1961/2163/1767
f 1867/2068/1695 1898/2099/1694 1992/2194/1768 1993/2195/1755
f 1873/2074/1742 1872/2073/1744 1940/2142/1769 1942/2144/1771
f 1916/2118/1662 1917/2119/1664 1965/2167/1772 1963/2165/1770
f 1874/2075/1740 1873/2074/1742 1942/2144/1771 1944/2146/1773
f 1917/2119/1664 1918/2120/1666 1967/2169/1774 1965/2167/1772
f 1875/2076/1738 1874/2075/1740 1944/2146/1773 1946/2148/1775
f 1918/2120/1666 1919/2121/1668 1969/2171/1776 1967/2169/1774
f 1876/2077/1737 1875/2076/1738 1946/2148/1775 1948/2150/1777
f 1919/2121/1668 1920/2122/1670 1971/2173/1778 1969/2171/1776
f 1877/2078/1735 1876/2077/1737 1948/2150/1777 1950/2152/1779
f 1920/2122/1670 1921/2123/1672 1973/2175/1780 1971/2173/1778
f 1878/2079/1733 1877/2078/1735 1950/2152/1779 1952/2154/1781
f 1921/2123/1672 1922/2124/1674 1975/2177/1782 1973/2175/1780
f 1879/2080/1731 1878/2079/1733 1952/2154/1781 1954/2156/1783
f 1922/2124/1674 1923/2125/1676 1977/2179/1784 1975/2177/1782
f 1880/2081/1729 1879/2080/1731 1954/2156/1783 1956/2158/1785
f 1923/2125/1676 1924/2126/1678 1979/2181/1786 1977/2179/1784
f 1992/2194/1768 1991/2193/1787 1994/2197/1788 1993/2195/1755
f 1990/2192/1765 1989/2191/1789 1991/2193/1787 1992/2194/1768
f 1988/2190/1762 1987/2189/1790 1989/2191/1789 1990/2192/1765
f 1986/2188/1759 1985/2187/1791 1987/2189/1790 1988/2190/1762
f 1984/2186/1754 1983/2185/1792 1985/2187/1791 1986/2188/1759
f 1982/2184/1753 1981/2183/1793 1983/2185/1792 1984/2186/1754
f 1980/2182/1794 1979/2181/1786 1981/2183/1793 1982/2184/1753
f 1978/2180/1795 1977/2179/1784 1979/2181/1786 1980/2182/1794
f 1976/2178/1796 1975/2177/1782 1977/2179/1784 1978/2180/1795
f 1974/2176/1797 1973/2175/1780 1975/2177/1782 1976/2178/1796
f 1972/2174/1798 1971/2173/1778 1973/2175/1780 1974/2176/1797
f 1970/2172/1799 1969/2171/1776 1971/2173/1778 1972/2174/1798
f 1968/2170/1800 1967/2169/1774 1969/2171/1776 1970/2172/1799
f 1966/2168/1801 1965/2167/1772 1967/2169/1774 1968/2170/1800
f 1964/2166/1802 1963/2165/1770 1965/2167/1772 1966/2168/1801
f 1962/2164/1803 1961/2163/1767 1963/2165/1770 1964/2166/1802
f 1960/2162/1804 1959/2161/1764 1961/2163/1767 1962/2164/1803
f 1958/2160/1805 1957/2159/1761 1959/2161/1764 1960/2162/1804
f 1956/2158/1785 1955/2157/1757 1957/2159/1761 1958/2160/1805
f 1954/2156/1783 1953/2155/1758 1955/2157/1757 1956/2158/1785
f 1952/2154/1781 1951/2153/1806 1953/2155/1758 1954/2156/1783
f 1950/2152/1779 1949/2151/1691 1951/2153/1806 1952/2154/1781
f 1948/2150/1777 1947/2149/1692 1949/2151/1691 1950/2152/1779
f 1946/2148/1775 1945/2147/1807 1947/2149/1692 1948/2150/1777
f 1944/2146/1773 1943/2145/1808 1945/2147/1807 1946/2148/1775
f 1942/2144/1771 1941/2143/1809 1943/2145/1808 1944/2146/1773
f 1940/2142/1769 1939/2141/1810 1941/2143/1809 1942/2144/1771
f 1938/2140/1766 1937/2139/1811 1939/2141/1810 1940/2142/1769
f 1936/2138/1763 1935/2137/1812 1937/2139/1811 1938/2140/1766
f 1934/2136/1760 1933/2135/1813 1935/2137/1812 1936/2138/1763
f 1932/2134/1756 1931/2133/1814 1933/2135/1813 1934/2136/1760
f 1993/2196/1755 1994/2198/1788 1931/2133/1814 1932/2134/1756
f 1910/2112/1650 1911/2113/1652 1953/2155/1758 1951/2153/1806
f 1893/2094/1705 1892/2093/1707 1980/2182/1794 1982/2184/1753
f 1909/2111/1648 1910/2112/1650 1951/2153/1806 1949/2151/1691
f 1892/2093/1707 1891/2092/1708 1978/2180/1795 1980/2182/1794
f 1908/2110/1646 1909/2111/1648 1949/2151/1691 1947/2149/1692
f 1891/2092/1708 1890/2091/1710 1976/2178/1796 1978/2180/1795
f 1907/2109/1644 1908/2110/1646 1947/2149/1692 1945/2147/1807
f 1890/2091/1710 1889/2090/1712 1974/2176/1797 1976/2178/1796
f 1906/2108/1642 1907/2109/1644 1945/2147/1807 1943/2145/1808
f 1889/2090/1712 1888/2089/1714 1972/2174/1798 1974/2176/1797
f 1905/2107/1640 1906/2108/1642 1943/2145/1808 1941/2143/1809
f 1888/2089/1714 1887/2088/1716 1970/2172/1799 1972/2174/1798
f 1904/2106/1638 1905/2107/1640 1941/2143/1809 1939/2141/1810
f 1930/2132/1690 1899/2100/1627 1994/2197/1788 1991/2193/1787
f 1887/2088/1716 1886/2087/1718 1968/2170/1800 1970/2172/1799
f 1903/2105/1636 1904/2106/1638 1939/2141/1810 1937/2139/1811
f 1929/2131/1688 1930/2132/1690 1991/2193/1787 1989/2191/1789
f 1886/2087/1718 1885/2086/1720 1966/2168/1801 1968/2170/1800
f 1902/2104/1634 1903/2105/1636 1937/2139/1811 1935/2137/1812
f 1928/2130/1686 1929/2131/1688 1989/2191/1789 1987/2189/1790
f 1885/2086/1720 1884/2085/1722 1964/2166/1802 1966/2168/1801
f 1901/2103/1632 1902/2104/1634 1935/2137/1812 1933/2135/1813
f 1927/2129/1684 1928/2130/1686 1987/2189/1790 1985/2187/1791
f 1884/2085/1722 1883/2084/1723 1962/2164/1803 1964/2166/1802
f 1900/2102/1630 1901/2103/1632 1933/2135/1813 1931/2133/1814
f 1926/2128/1682 1927/2129/1684 1985/2187/1791 1983/2185/1792
f 1883/2084/1723 1882/2083/1725 1960/2162/1804 1962/2164/1803
f 1899/2101/1627 1900/2102/1630 1931/2133/1814 1994/2198/1788
f 1925/2127/1680 1926/2128/1682 1983/2185/1792 1981/2183/1793
f 1882/2083/1725 1881/2082/1727 1958/2160/1805 1960/2162/1804
f 1924/2126/1678 1925/2127/1680 1981/2183/1793 1979/2181/1786
f 1881/2082/1727 1880/2081/1729 1956/2158/1785 1958/2160/1805
f 2923/3156/1225 2243/2448/1695 2002/2206/1752 2924/3157/1751
f 2163/2367/1815 2171/2375/1816 2427/2639/1782 2419/2631/1780
f 2763/2991/1225 2245/2452/1695 2000/2204/1752 2764/2992/1751
f 2068/2272/1735 2060/2264/1737 2316/2528/1777 2324/2536/1779
f 2795/3024/1225 2247/2456/1695 1998/2202/1752 2796/3025/1751
f 2172/2376/1710 2164/2368/1712 2420/2632/1797 2428/2640/1796
f 2827/3057/1225 2249/2460/1695 1996/2200/1752 2828/3058/1751
f 2061/2265/1646 2069/2273/1648 2325/2537/1691 2317/2529/1692
f 2924/3157/1751 2002/2206/1752 2010/2214/1750 2925/3158/1749
f 2165/2369/1815 2173/2377/1816 2429/2641/1782 2421/2633/1780
f 2764/2992/1751 2000/2204/1752 2008/2212/1750 2765/2993/1749
f 2070/2274/1735 2062/2266/1737 2318/2530/1777 2326/2538/1779
f 2796/3025/1751 1998/2202/1752 2006/2210/1750 2797/3026/1749
f 2174/2378/1710 2166/2370/1712 2422/2634/1797 2430/2642/1796
f 2828/3058/1751 1996/2200/1752 2004/2208/1750 2829/3059/1749
f 2063/2267/1646 2071/2275/1648 2327/2539/1691 2319/2531/1692
f 2925/3158/1749 2010/2214/1750 2018/2222/1748 2926/3159/1747
f 2167/2371/1815 2175/2379/1816 2431/2643/1782 2423/2635/1780
f 2765/2993/1749 2008/2212/1750 2016/2220/1748 2766/2994/1747
f 2072/2276/1735 2064/2268/1737 2320/2532/1777 2328/2540/1779
f 2797/3026/1749 2006/2210/1750 2014/2218/1748 2798/3027/1747
f 2176/2380/1710 2168/2372/1712 2424/2636/1797 2432/2644/1796
f 2829/3059/1749 2004/2208/1750 2012/2216/1817 2830/3060/1818
f 2065/2269/1646 2073/2277/1648 2329/2541/1691 2321/2533/1692
f 2926/3159/1747 2018/2222/1748 2026/2230/1819 2927/3160/1745
f 2169/2373/1815 2177/2381/1816 2433/2645/1782 2425/2637/1780
f 2766/2994/1747 2016/2220/1748 2024/2228/1819 2767/2995/1745
f 2074/2278/1735 2066/2270/1737 2322/2534/1777 2330/2542/1779
f 2798/3027/1747 2014/2218/1748 2022/2226/1746 2799/3028/1745
f 2178/2382/1710 2170/2374/1712 2426/2638/1797 2434/2646/1796
f 2830/3060/1818 2012/2216/1817 2020/2224/1746 2831/3061/1745
f 2051/2255/1644 2059/2263/1646 2315/2527/1692 2307/2519/1807
f 2927/3160/1745 2026/2230/1819 2034/2238/1744 2928/3161/1743
f 2155/2359/1820 2163/2367/1815 2419/2631/1780 2411/2623/1778
f 2767/2995/1745 2024/2228/1819 2032/2236/1744 2768/2996/1743
f 2060/2264/1737 2052/2256/1738 2308/2520/1775 2316/2528/1777
f 2799/3028/1745 2022/2226/1746 2030/2234/1744 2800/3029/1743
f 2164/2368/1712 2156/2360/1714 2412/2624/1798 2420/2632/1797
f 2831/3061/1745 2020/2224/1746 2028/2232/1744 2832/3062/1743
f 2053/2257/1644 2061/2265/1646 2317/2529/1692 2309/2521/1807
f 2928/3161/1743 2034/2238/1744 2042/2246/1742 2929/3162/1741
f 2157/2361/1820 2165/2369/1815 2421/2633/1780 2413/2625/1778
f 2768/2996/1743 2032/2236/1744 2040/2244/1742 2769/2997/1741
f 2062/2266/1737 2054/2258/1738 2310/2522/1775 2318/2530/1777
f 2800/3029/1743 2030/2234/1744 2038/2242/1742 2801/3030/1741
f 2166/2370/1712 2158/2362/1714 2414/2626/1798 2422/2634/1797
f 2832/3062/1743 2028/2232/1744 2036/2240/1742 2833/3063/1741
f 2055/2259/1644 2063/2267/1646 2319/2531/1692 2311/2523/1807
f 2929/3162/1741 2042/2246/1742 2050/2254/1740 2930/3163/1739
f 2159/2363/1820 2167/2371/1815 2423/2635/1780 2415/2627/1778
f 2769/2997/1741 2040/2244/1742 2048/2252/1740 2770/2998/1739
f 2064/2268/1737 2056/2260/1738 2312/2524/1775 2320/2532/1777
f 2801/3030/1741 2038/2242/1742 2046/2250/1740 2802/3031/1739
f 2168/2372/1712 2160/2364/1714 2416/2628/1798 2424/2636/1797
f 2833/3063/1741 2036/2240/1742 2044/2248/1740 2834/3064/1739
f 2057/2261/1644 2065/2269/1646 2321/2533/1692 2313/2525/1807
f 2930/3163/1739 2050/2254/1740 2058/2262/1738 2931/3164/968
f 2161/2365/1820 2169/2373/1815 2425/2637/1780 2417/2629/1778
f 2770/2998/1739 2048/2252/1740 2056/2260/1738 2771/2999/968
f 2066/2270/1737 2058/2262/1738 2314/2526/1775 2322/2534/1777
f 2802/3031/1739 2046/2250/1740 2054/2258/1738 2803/3032/968
f 2170/2374/1712 2162/2366/1714 2418/2630/1798 2426/2638/1797
f 2834/3064/1739 2044/2248/1740 2052/2256/1738 2835/3065/968
f 2043/2247/1642 2051/2255/1644 2307/2519/1807 2299/2511/1808
f 2931/3164/968 2058/2262/1738 2066/2270/1737 2932/3165/1736
f 2147/2351/1821 2155/2359/1820 2411/2623/1778 2403/2615/1776
f 2771/2999/968 2056/2260/1738 2064/2268/1737 2772/3000/1736
f 2052/2256/1738 2044/2248/1740 2300/2512/1773 2308/2520/1775
f 2803/3032/968 2054/2258/1738 2062/2266/1737 2804/3033/1736
f 2156/2360/1714 2148/2352/1716 2404/2616/1799 2412/2624/1798
f 2835/3065/968 2052/2256/1738 2060/2264/1737 2836/3066/1736
f 2045/2249/1642 2053/2257/1644 2309/2521/1807 2301/2513/1808
f 2932/3165/1736 2066/2270/1737 2074/2278/1735 2933/3166/1734
f 2149/2353/1822 2157/2361/1820 2413/2625/1778 2405/2617/1776
f 2772/3000/1736 2064/2268/1737 2072/2276/1735 2773/3001/1734
f 2054/2258/1738 2046/2250/1740 2302/2514/1773 2310/2522/1775
f 2804/3033/1736 2062/2266/1737 2070/2274/1735 2805/3034/1734
f 2158/2362/1714 2150/2354/1716 2406/2618/1799 2414/2626/1798
f 2836/3066/1736 2060/2264/1737 2068/2272/1735 2837/3067/1734
f 2047/2251/1642 2055/2259/1644 2311/2523/1807 2303/2515/1808
f 2933/3166/1734 2074/2278/1735 2082/2286/1733 2934/3167/1732
f 2151/2355/1822 2159/2363/1820 2415/2627/1778 2407/2619/1776
f 2773/3001/1734 2072/2276/1735 2080/2284/1733 2774/3002/1732
f 2056/2260/1738 2048/2252/1740 2304/2516/1773 2312/2524/1775
f 2805/3034/1734 2070/2274/1735 2078/2282/1733 2806/3035/1732
f 2160/2364/1714 2152/2356/1823 2408/2620/1799 2416/2628/1798
f 2837/3067/1734 2068/2272/1735 2076/2280/1733 2838/3068/1732
f 2049/2253/1642 2057/2261/1644 2313/2525/1807 2305/2517/1808
f 2934/3167/1732 2082/2286/1733 2090/2294/1824 2935/3168/1730
f 2153/2357/1668 2161/2365/1820 2417/2629/1778 2409/2621/1776
f 2774/3002/1732 2080/2284/1733 2088/2292/1824 2775/3003/1730
f 2058/2262/1738 2050/2254/1740 2306/2518/1773 2314/2526/1775
f 2806/3035/1732 2078/2282/1733 2086/2290/1731 2807/3036/1730
f 2162/2366/1714 2154/2358/1823 2410/2622/1799 2418/2630/1798
f 2838/3068/1732 2076/2280/1733 2084/2288/1731 2839/3069/1730
f 2035/2239/1640 2043/2247/1642 2299/2511/1808 2291/2503/1809
f 2935/3168/1730 2090/2294/1824 2098/2302/1729 2936/3169/1728
f 2139/2343/1825 2147/2351/1821 2403/2615/1776 2395/2607/1774
f 2775/3003/1730 2088/2292/1824 2096/2300/1729 2776/3004/1728
f 2044/2248/1740 2036/2240/1742 2292/2504/1771 2300/2512/1773
f 2807/3036/1730 2086/2290/1731 2094/2298/1729 2808/3037/1728
f 2148/2352/1716 2140/2344/1718 2396/2608/1800 2404/2616/1799
f 2839/3069/1730 2084/2288/1731 2092/2296/1826 2840/3070/1827
f 2037/2241/1640 2045/2249/1642 2301/2513/1808 2293/2505/1809
f 2936/3169/1728 2098/2302/1729 2106/2310/1727 2937/3170/1726
f 2141/2345/1666 2149/2353/1822 2405/2617/1776 2397/2609/1774
f 2776/3004/1728 2096/2300/1729 2104/2308/1727 2777/3005/1726
f 2046/2250/1740 2038/2242/1742 2294/2506/1771 2302/2514/1773
f 2808/3037/1728 2094/2298/1729 2102/2306/1727 2809/3038/1726
f 2150/2354/1716 2142/2346/1718 2398/2610/1800 2406/2618/1799
f 2840/3070/1827 2092/2296/1826 2100/2304/1727 2841/3071/1726
f 2039/2243/1640 2047/2251/1642 2303/2515/1808 2295/2507/1809
f 2937/3170/1726 2106/2310/1727 2114/2318/1725 2938/3171/1724
f 2143/2347/1666 2151/2355/1822 2407/2619/1776 2399/2611/1774
f 2777/3005/1726 2104/2308/1727 2112/2316/1725 2778/3006/1724
f 2048/2252/1740 2040/2244/1742 2296/2508/1771 2304/2516/1773
f 2809/3038/1726 2102/2306/1727 2110/2314/1725 2810/3039/1724
f 2152/2356/1823 2144/2348/1718 2400/2612/1800 2408/2620/1799
f 2841/3071/1726 2100/2304/1727 2108/2312/1725 2842/3072/1724
f 2041/2245/1640 2049/2253/1642 2305/2517/1808 2297/2509/1809
f 2938/3171/1724 2114/2318/1725 2122/2326/1723 2939/3172/1193
f 2145/2349/1666 2153/2357/1668 2409/2621/1776 2401/2613/1774
f 2778/3006/1724 2112/2316/1725 2120/2324/1723 2779/3007/1193
f 2050/2254/1740 2042/2246/1742 2298/2510/1771 2306/2518/1773
f 2810/3039/1724 2110/2314/1725 2118/2322/1723 2811/3040/1193
f 2154/2358/1823 2146/2350/1718 2402/2614/1800 2410/2622/1799
f 2842/3072/1724 2108/2312/1725 2116/2320/1723 2843/3073/1193
f 2027/2231/1638 2035/2239/1640 2291/2503/1809 2283/2495/1810
f 2939/3172/1193 2122/2326/1723 2130/2334/1722 2940/3173/1721
f 2131/2335/1664 2139/2343/1825 2395/2607/1774 2387/2599/1772
f 2779/3007/1193 2120/2324/1723 2128/2332/1722 2780/3008/1721
f 2235/2439/1828 2250/2462/1829 2506/2725/1788 2491/2703/1787
f 2811/3040/1193 2118/2322/1723 2126/2330/1722 2812/3041/1721
f 2036/2240/1742 2028/2232/1744 2284/2496/1830 2292/2504/1771
f 2843/3073/1193 2116/2320/1723 2124/2328/1722 2844/3074/1721
f 2140/2344/1718 2132/2336/1720 2388/2600/1801 2396/2608/1800
f 2940/3173/1721 2130/2334/1722 2138/2342/1720 2941/3174/1719
f 2249/2459/1695 2236/2440/1694 2492/2704/1768 2505/2723/1755
f 2780/3008/1721 2128/2332/1722 2136/2340/1720 2781/3009/1719
f 2029/2233/1638 2037/2241/1640 2293/2505/1809 2285/2497/1810
f 2812/3041/1721 2126/2330/1722 2134/2338/1720 2813/3042/1719
f 2133/2337/1664 2141/2345/1666 2397/2609/1774 2389/2601/1772
f 2844/3074/1721 2124/2328/1722 2132/2336/1720 2845/3075/1719
f 2237/2441/1828 2248/2457/1829 2504/2721/1788 2493/2705/1787
f 2941/3174/1719 2138/2342/1720 2146/2350/1718 2942/3175/1717
f 2038/2242/1742 2030/2234/1744 2286/2498/1769 2294/2506/1771
f 2781/3009/1719 2136/2340/1720 2144/2348/1718 2782/3010/1717
f 2142/2346/1718 2134/2338/1720 2390/2602/1801 2398/2610/1800
f 2813/3042/1719 2134/2338/1720 2142/2346/1718 2814/3043/1717
f 2247/2455/1695 2238/2442/1694 2494/2706/1768 2503/2719/1755
f 2845/3075/1719 2132/2336/1720 2140/2344/1718 2846/3076/1717
f 2031/2235/1638 2039/2243/1640 2295/2507/1809 2287/2499/1831
f 2942/3175/1717 2146/2350/1718 2154/2358/1823 2943/3176/1715
f 2135/2339/1664 2143/2347/1666 2399/2611/1774 2391/2603/1772
f 2782/3010/1717 2144/2348/1718 2152/2356/1823 2783/3011/1715
f 2239/2443/1828 2246/2453/1829 2502/2717/1788 2495/2707/1787
f 2814/3043/1717 2142/2346/1718 2150/2354/1716 2815/3044/1715
f 2040/2244/1742 2032/2236/1744 2288/2500/1769 2296/2508/1771
f 2846/3076/1717 2140/2344/1718 2148/2352/1716 2847/3077/1715
f 2144/2348/1718 2136/2340/1720 2392/2604/1801 2400/2612/1800
f 2943/3176/1715 2154/2358/1823 2162/2366/1714 2944/3177/1713
f 2245/2451/1695 2240/2444/1694 2496/2708/1768 2501/2715/1755
f 2783/3011/1715 2152/2356/1823 2160/2364/1714 2784/3012/1713
f 2033/2237/1638 2041/2245/1640 2297/2509/1809 2289/2501/1810
f 2815/3044/1715 2150/2354/1716 2158/2362/1714 2816/3045/1713
f 2137/2341/1664 2145/2349/1666 2401/2613/1774 2393/2605/1772
f 2847/3077/1715 2148/2352/1716 2156/2360/1714 2848/3078/1713
f 2241/2445/1828 2244/2449/1829 2500/2713/1788 2497/2709/1787
f 2944/3177/1713 2162/2366/1714 2170/2374/1712 2945/3178/1711
f 2042/2246/1742 2034/2238/1744 2290/2502/1769 2298/2510/1771
f 2784/3012/1713 2160/2364/1714 2168/2372/1712 2785/3013/1711
f 2146/2350/1718 2138/2342/1720 2394/2606/1801 2402/2614/1800
f 2816/3045/1713 2158/2362/1714 2166/2370/1712 2817/3046/1711
f 2243/2447/1695 2242/2446/1694 2498/2710/1768 2499/2711/1755
f 2848/3078/1713 2156/2360/1714 2164/2368/1712 2849/3079/1711
f 2019/2223/1832 2027/2231/1638 2283/2495/1810 2275/2487/1811
f 2945/3178/1711 2170/2374/1712 2178/2382/1710 2946/3179/1709
f 2123/2327/1662 2131/2335/1664 2387/2599/1772 2379/2591/1770
f 2785/3013/1711 2168/2372/1712 2176/2380/1710 2786/3014/1709
f 2227/2431/1833 2235/2439/1828 2491/2703/1787 2483/2695/1834
f 2817/3046/1711 2166/2370/1712 2174/2378/1710 2818/3047/1709
f 2028/2232/1744 2020/2224/1746 2276/2488/1766 2284/2496/1830
f 2849/3079/1711 2164/2368/1712 2172/2376/1710 2850/3080/1709
f 2132/2336/1720 2124/2328/1722 2380/2592/1802 2388/2600/1801
f 2946/3179/1709 2178/2382/1710 2186/2390/1708 2947/3180/1262
f 2236/2440/1694 2228/2432/1697 2484/2696/1835 2492/2704/1768
f 2786/3014/1709 2176/2380/1710 2184/2388/1708 2787/3015/1262
f 2021/2225/1832 2029/2233/1638 2285/2497/1810 2277/2489/1811
f 2818/3047/1709 2174/2378/1710 2182/2386/1708 2819/3048/1262
f 2125/2329/1662 2133/2337/1664 2389/2601/1772 2381/2593/1770
f 2850/3080/1709 2172/2376/1710 2180/2384/1708 2851/3081/1262
f 2229/2433/1833 2237/2441/1828 2493/2705/1787 2485/2697/1834
f 2947/3180/1262 2186/2390/1708 2194/2398/1707 2948/3181/1706
f 2030/2234/1744 2022/2226/1746 2278/2490/1766 2286/2498/1769
f 2787/3015/1262 2184/2388/1708 2192/2396/1707 2788/3016/1706
f 2134/2338/1720 2126/2330/1722 2382/2594/1802 2390/2602/1801
f 2819/3048/1262 2182/2386/1708 2190/2394/1707 2820/3049/1706
f 2238/2442/1694 2230/2434/1697 2486/2698/1835 2494/2706/1768
f 2851/3081/1262 2180/2384/1708 2188/2392/1707 2852/3082/1706
f 2023/2227/1636 2031/2235/1638 2287/2499/1831 2279/2491/1811
f 2948/3181/1706 2194/2398/1707 2202/2406/1705 2949/3182/1704
f 2127/2331/1662 2135/2339/1664 2391/2603/1772 2383/2595/1770
f 2788/3016/1706 2192/2396/1707 2200/2404/1705 2789/3017/1704
f 2231/2435/1833 2239/2443/1828 2495/2707/1787 2487/2699/1834
f 2820/3049/1706 2190/2394/1707 2198/2402/1705 2821/3050/1704
f 2032/2236/1744 2024/2228/1819 2280/2492/1766 2288/2500/1769
f 2852/3082/1706 2188/2392/1707 2196/2400/1705 2853/3083/1704
f 2136/2340/1720 2128/2332/1722 2384/2596/1802 2392/2604/1801
f 2949/3182/1704 2202/2406/1705 2210/2414/1703 2950/3183/1702
f 2240/2444/1694 2232/2436/1697 2488/2700/1835 2496/2708/1768
f 2789/3017/1704 2200/2404/1705 2208/2412/1703 2790/3018/1702
f 2025/2229/1636 2033/2237/1638 2289/2501/1810 2281/2493/1811
f 2821/3050/1704 2198/2402/1705 2206/2410/1703 2822/3051/1702
f 2129/2333/1662 2137/2341/1664 2393/2605/1772 2385/2597/1770
f 2853/3083/1704 2196/2400/1705 2204/2408/1703 2854/3084/1702
f 2233/2437/1833 2241/2445/1828 2497/2709/1787 2489/2701/1834
f 2950/3183/1702 2210/2414/1703 2218/2422/1836 2951/3184/1700
f 2034/2238/1744 2026/2230/1819 2282/2494/1766 2290/2502/1769
f 2790/3018/1702 2208/2412/1703 2216/2420/1836 2791/3019/1700
f 2138/2342/1720 2130/2334/1722 2386/2598/1802 2394/2606/1801
f 2822/3051/1702 2206/2410/1703 2214/2418/1701 2823/3052/1700
f 2242/2446/1694 2234/2438/1697 2490/2702/1835 2498/2710/1768
f 2854/3084/1702 2204/2408/1703 2212/2416/1701 2855/3085/1700
f 2011/2215/1837 2019/2223/1832 2275/2487/1811 2267/2479/1812
f 2951/3184/1700 2218/2422/1836 2226/2430/1699 2952/3185/1698
f 2115/2319/1660 2123/2327/1662 2379/2591/1770 2371/2583/1767
f 2791/3019/1700 2216/2420/1836 2224/2428/1699 2792/3020/1698
f 2219/2423/1838 2227/2431/1833 2483/2695/1834 2475/2687/1790
f 2823/3052/1700 2214/2418/1701 2222/2426/1699 2824/3053/1698
f 2020/2224/1746 2012/2216/1817 2268/2480/1763 2276/2488/1766
f 2855/3085/1700 2212/2416/1701 2220/2424/1699 2856/3086/1698
f 2124/2328/1722 2116/2320/1723 2372/2584/1803 2380/2592/1802
f 2952/3185/1698 2226/2430/1699 2234/2438/1697 2953/3186/1696
f 2228/2432/1697 2220/2424/1699 2476/2688/1839 2484/2696/1835
f 2792/3020/1698 2224/2428/1699 2232/2436/1697 2793/3021/1696
f 2013/2217/1837 2021/2225/1832 2277/2489/1811 2269/2481/1812
f 2824/3053/1698 2222/2426/1699 2230/2434/1697 2825/3054/1696
f 2117/2321/1660 2125/2329/1662 2381/2593/1770 2373/2585/1767
f 2856/3086/1698 2220/2424/1699 2228/2432/1697 2857/3087/1696
f 2221/2425/1840 2229/2433/1833 2485/2697/1834 2477/2689/1790
f 2953/3186/1696 2234/2438/1697 2242/2446/1694 2954/3187/1693
f 2022/2226/1746 2014/2218/1748 2270/2482/1763 2278/2490/1766
f 2793/3021/1696 2232/2436/1697 2240/2444/1694 2794/3022/1693
f 2126/2330/1722 2118/2322/1723 2374/2586/1803 2382/2594/1802
f 2825/3054/1696 2230/2434/1697 2238/2442/1694 2826/3055/1693
f 2230/2434/1697 2222/2426/1699 2478/2690/1839 2486/2698/1835
f 2857/3087/1696 2228/2432/1697 2236/2440/1694 2858/3088/1693
f 2015/2219/1837 2023/2227/1636 2279/2491/1811 2271/2483/1841
f 2954/3187/1693 2242/2446/1694 2243/2447/1695 2923/3155/1225
f 2119/2323/1660 2127/2331/1662 2383/2595/1770 2375/2587/1767
f 2794/3022/1693 2240/2444/1694 2245/2451/1695 2763/2990/1225
f 2223/2427/1840 2231/2435/1833 2487/2699/1834 2479/2691/1790
f 2826/3055/1693 2238/2442/1694 2247/2455/1695 2795/3023/1225
f 2024/2228/1819 2016/2220/1748 2272/2484/1763 2280/2492/1766
f 2858/3088/1693 2236/2440/1694 2249/2459/1695 2827/3056/1225
f 2128/2332/1722 2120/2324/1723 2376/2588/1803 2384/2596/1802
f 2499/2712/1755 2500/2714/1788 2257/2469/1814 2258/2470/1756
f 2501/2716/1755 2502/2718/1788 2255/2467/1814 2256/2468/1756
f 2503/2720/1755 2504/2722/1788 2253/2465/1814 2254/2466/1756
f 2505/2724/1755 2506/2726/1788 2251/2463/1814 2252/2464/1756
f 2258/2470/1756 2257/2469/1814 2265/2477/1842 2266/2478/1843
f 2256/2468/1756 2255/2467/1814 2263/2475/1842 2264/2476/1843
f 2254/2466/1756 2253/2465/1814 2261/2473/1842 2262/2474/1843
f 2252/2464/1756 2251/2463/1814 2259/2471/1842 2260/2472/1843
f 2266/2478/1843 2265/2477/1842 2273/2485/1812 2274/2486/1844
f 2264/2476/1843 2263/2475/1842 2271/2483/1841 2272/2484/1763
f 2262/2474/1843 2261/2473/1842 2269/2481/1812 2270/2482/1763
f 2260/2472/1843 2259/2471/1842 2267/2479/1812 2268/2480/1763
f 2274/2486/1844 2273/2485/1812 2281/2493/1811 2282/2494/1766
f 2272/2484/1763 2271/2483/1841 2279/2491/1811 2280/2492/1766
f 2270/2482/1763 2269/2481/1812 2277/2489/1811 2278/2490/1766
f 2268/2480/1763 2267/2479/1812 2275/2487/1811 2276/2488/1766
f 2282/2494/1766 2281/2493/1811 2289/2501/1810 2290/2502/1769
f 2280/2492/1766 2279/2491/1811 2287/2499/1831 2288/2500/1769
f 2278/2490/1766 2277/2489/1811 2285/2497/1810 2286/2498/1769
f 2276/2488/1766 2275/2487/1811 2283/2495/1810 2284/2496/1830
f 2290/2502/1769 2289/2501/1810 2297/2509/1809 2298/2510/1771
f 2288/2500/1769 2287/2499/1831 2295/2507/1809 2296/2508/1771
f 2286/2498/1769 2285/2497/1810 2293/2505/1809 2294/2506/1771
f 2284/2496/1830 2283/2495/1810 2291/2503/1809 2292/2504/1771
f 2298/2510/1771 2297/2509/1809 2305/2517/1808 2306/2518/1773
f 2296/2508/1771 2295/2507/1809 2303/2515/1808 2304/2516/1773
f 2294/2506/1771 2293/2505/1809 2301/2513/1808 2302/2514/1773
f 2292/2504/1771 2291/2503/1809 2299/2511/1808 2300/2512/1773
f 2306/2518/1773 2305/2517/1808 2313/2525/1807 2314/2526/1775
f 2304/2516/1773 2303/2515/1808 2311/2523/1807 2312/2524/1775
f 2302/2514/1773 2301/2513/1808 2309/2521/1807 2310/2522/1775
f 2300/2512/1773 2299/2511/1808 2307/2519/1807 2308/2520/1775
f 2314/2526/1775 2313/2525/1807 2321/2533/1692 2322/2534/1777
f 2312/2524/1775 2311/2523/1807 2319/2531/1692 2320/2532/1777
f 2310/2522/1775 2309/2521/1807 2317/2529/1692 2318/2530/1777
f 2308/2520/1775 2307/2519/1807 2315/2527/1692 2316/2528/1777
f 2322/2534/1777 2321/2533/1692 2329/2541/1691 2330/2542/1779
f 2320/2532/1777 2319/2531/1692 2327/2539/1691 2328/2540/1779
f 2318/2530/1777 2317/2529/1692 2325/2537/1691 2326/2538/1779
f 2316/2528/1777 2315/2527/1692 2323/2535/1691 2324/2536/1779
f 2330/2542/1779 2329/2541/1691 2337/2549/1806 2338/2550/1781
f 2328/2540/1779 2327/2539/1691 2335/2547/1806 2336/2548/1845
f 2326/2538/1779 2325/2537/1691 2333/2545/1806 2334/2546/1781
f 2324/2536/1779 2323/2535/1691 2331/2543/1806 2332/2544/1845
f 2338/2550/1781 2337/2549/1806 2345/2557/1758 2346/2558/1783
f 2336/2548/1845 2335/2547/1806 2343/2555/1758 2344/2556/1783
f 2334/2546/1781 2333/2545/1806 2341/2553/1758 2342/2554/1783
f 2332/2544/1845 2331/2543/1806 2339/2551/1758 2340/2552/1783
f 2346/2558/1783 2345/2557/1758 2353/2565/1757 2354/2566/1785
f 2344/2556/1783 2343/2555/1758 2351/2563/1757 2352/2564/1785
f 2342/2554/1783 2341/2553/1758 2349/2561/1757 2350/2562/1785
f 2340/2552/1783 2339/2551/1758 2347/2559/1757 2348/2560/1785
f 2354/2566/1785 2353/2565/1757 2361/2573/1761 2362/2574/1805
f 2352/2564/1785 2351/2563/1757 2359/2571/1761 2360/2572/1805
f 2350/2562/1785 2349/2561/1757 2357/2569/1761 2358/2570/1805
f 2348/2560/1785 2347/2559/1757 2355/2567/1761 2356/2568/1805
f 2362/2574/1805 2361/2573/1761 2369/2581/1764 2370/2582/1804
f 2360/2572/1805 2359/2571/1761 2367/2579/1764 2368/2580/1804
f 2358/2570/1805 2357/2569/1761 2365/2577/1764 2366/2578/1804
f 2356/2568/1805 2355/2567/1761 2363/2575/1764 2364/2576/1804
f 2370/2582/1804 2369/2581/1764 2377/2589/1767 2378/2590/1803
f 2368/2580/1804 2367/2579/1764 2375/2587/1767 2376/2588/1803
f 2366/2578/1804 2365/2577/1764 2373/2585/1767 2374/2586/1803
f 2364/2576/1804 2363/2575/1764 2371/2583/1767 2372/2584/1803
f 2378/2590/1803 2377/2589/1767 2385/2597/1770 2386/2598/1802
f 2376/2588/1803 2375/2587/1767 2383/2595/1770 2384/2596/1802
f 2374/2586/1803 2373/2585/1767 2381/2593/1770 2382/2594/1802
f 2372/2584/1803 2371/2583/1767 2379/2591/1770 2380/2592/1802
f 2386/2598/1802 2385/2597/1770 2393/2605/1772 2394/2606/1801
f 2384/2596/1802 2383/2595/1770 2391/2603/1772 2392/2604/1801
f 2382/2594/1802 2381/2593/1770 2389/2601/1772 2390/2602/1801
f 2380/2592/1802 2379/2591/1770 2387/2599/1772 2388/2600/1801
f 2394/2606/1801 2393/2605/1772 2401/2613/1774 2402/2614/1800
f 2392/2604/1801 2391/2603/1772 2399/2611/1774 2400/2612/1800
f 2390/2602/1801 2389/2601/1772 2397/2609/1774 2398/2610/1800
f 2388/2600/1801 2387/2599/1772 2395/2607/1774 2396/2608/1800
f 2402/2614/1800 2401/2613/1774 2409/2621/1776 2410/2622/1799
f 2400/2612/1800 2399/2611/1774 2407/2619/1776 2408/2620/1799
f 2398/2610/1800 2397/2609/1774 2405/2617/1776 2406/2618/1799
f 2396/2608/1800 2395/2607/1774 2403/2615/1776 2404/2616/1799
f 2410/2622/1799 2409/2621/1776 2417/2629/1778 2418/2630/1798
f 2408/2620/1799 2407/2619/1776 2415/2627/1778 2416/2628/1798
f 2406/2618/1799 2405/2617/1776 2413/2625/1778 2414/2626/1798
f 2404/2616/1799 2403/2615/1776 2411/2623/1778 2412/2624/1798
f 2418/2630/1798 2417/2629/1778 2425/2637/1780 2426/2638/1797
f 2416/2628/1798 2415/2627/1778 2423/2635/1780 2424/2636/1797
f 2414/2626/1798 2413/2625/1778 2421/2633/1780 2422/2634/1797
f 2412/2624/1798 2411/2623/1778 2419/2631/1780 2420/2632/1797
f 2426/2638/1797 2425/2637/1780 2433/2645/1782 2434/2646/1796
f 2424/2636/1797 2423/2635/1780 2431/2643/1782 2432/2644/1796
f 2422/2634/1797 2421/2633/1780 2429/2641/1782 2430/2642/1796
f 2420/2632/1797 2419/2631/1780 2427/2639/1782 2428/2640/1796
f 2434/2646/1796 2433/2645/1782 2441/2653/1784 2442/2654/1795
f 2432/2644/1796 2431/2643/1782 2439/2651/1784 2440/2652/1795
f 2430/2642/1796 2429/2641/1782 2437/2649/1784 2438/2650/1795
f 2428/2640/1796 2427/2639/1782 2435/2647/1784 2436/2648/1795
f 2442/2654/1795 2441/2653/1784 2449/2661/1786 2450/2662/1794
f 2440/2652/1795 2439/2651/1784 2447/2659/1786 2448/2660/1794
f 2438/2650/1795 2437/2649/1784 2445/2657/1786 2446/2658/1794
f 2436/2648/1795 2435/2647/1784 2443/2655/1786 2444/2656/1794
f 2450/2662/1794 2449/2661/1786 2457/2669/1793 2458/2670/1753
f 2448/2660/1794 2447/2659/1786 2455/2667/1793 2456/2668/1753
f 2446/2658/1794 2445/2657/1786 2453/2665/1793 2454/2666/1753
f 2444/2656/1794 2443/2655/1786 2451/2663/1793 2452/2664/1753
f 2458/2670/1753 2457/2669/1793 2465/2677/1792 2466/2678/1846
f 2456/2668/1753 2455/2667/1793 2463/2675/1792 2464/2676/1754
f 2454/2666/1753 2453/2665/1793 2461/2673/1792 2462/2674/1846
f 2452/2664/1753 2451/2663/1793 2459/2671/1792 2460/2672/1846
f 2466/2678/1846 2465/2677/1792 2473/2685/1791 2474/2686/1759
f 2464/2676/1754 2463/2675/1792 2471/2683/1791 2472/2684/1759
f 2462/2674/1846 2461/2673/1792 2469/2681/1791 2470/2682/1759
f 2460/2672/1846 2459/2671/1792 2467/2679/1791 2468/2680/1759
f 2474/2686/1759 2473/2685/1791 2481/2693/1790 2482/2694/1762
f 2472/2684/1759 2471/2683/1791 2479/2691/1790 2480/2692/1762
f 2470/2682/1759 2469/2681/1791 2477/2689/1790 2478/2690/1839
f 2468/2680/1759 2467/2679/1791 2475/2687/1790 2476/2688/1839
f 2482/2694/1762 2481/2693/1790 2489/2701/1834 2490/2702/1835
f 2480/2692/1762 2479/2691/1790 2487/2699/1834 2488/2700/1835
f 2478/2690/1839 2477/2689/1790 2485/2697/1834 2486/2698/1835
f 2476/2688/1839 2475/2687/1790 2483/2695/1834 2484/2696/1835
f 2490/2702/1835 2489/2701/1834 2497/2709/1787 2498/2710/1768
f 2488/2700/1835 2487/2699/1834 2495/2707/1787 2496/2708/1768
f 2486/2698/1835 2485/2697/1834 2493/2705/1787 2494/2706/1768
f 2484/2696/1835 2483/2695/1834 2491/2703/1787 2492/2704/1768
f 2498/2710/1768 2497/2709/1787 2500/2713/1788 2499/2711/1755
f 2496/2708/1768 2495/2707/1787 2502/2717/1788 2501/2715/1755
f 2494/2706/1768 2493/2705/1787 2504/2721/1788 2503/2719/1755
f 2492/2704/1768 2491/2703/1787 2506/2725/1788 2505/2723/1755
f 2059/2263/1646 2067/2271/1648 2323/2535/1691 2315/2527/1692
f 2186/2390/1708 2178/2382/1710 2434/2646/1796 2442/2654/1795
f 2082/2286/1733 2074/2278/1735 2330/2542/1779 2338/2550/1781
f 2177/2381/1816 2185/2389/1847 2441/2653/1784 2433/2645/1782
f 2073/2277/1648 2081/2285/1650 2337/2549/1806 2329/2541/1691
f 2184/2388/1708 2176/2380/1710 2432/2644/1796 2440/2652/1795
f 2080/2284/1733 2072/2276/1735 2328/2540/1779 2336/2548/1845
f 2175/2379/1816 2183/2387/1847 2439/2651/1784 2431/2643/1782
f 2071/2275/1648 2079/2283/1650 2335/2547/1806 2327/2539/1691
f 2182/2386/1708 2174/2378/1710 2430/2642/1796 2438/2650/1795
f 2078/2282/1733 2070/2274/1735 2326/2538/1779 2334/2546/1781
f 2173/2377/1816 2181/2385/1847 2437/2649/1784 2429/2641/1782
f 2069/2273/1648 2077/2281/1650 2333/2545/1806 2325/2537/1691
f 2180/2384/1708 2172/2376/1710 2428/2640/1796 2436/2648/1795
f 2076/2280/1733 2068/2272/1735 2324/2536/1779 2332/2544/1845
f 2171/2375/1816 2179/2383/1847 2435/2647/1784 2427/2639/1782
f 2067/2271/1648 2075/2279/1650 2331/2543/1806 2323/2535/1691
f 2194/2398/1707 2186/2390/1708 2442/2654/1795 2450/2662/1794
f 2090/2294/1824 2082/2286/1733 2338/2550/1781 2346/2558/1783
f 2185/2389/1847 2193/2397/1848 2449/2661/1786 2441/2653/1784
f 2081/2285/1650 2089/2293/1849 2345/2557/1758 2337/2549/1806
f 2192/2396/1707 2184/2388/1708 2440/2652/1795 2448/2660/1794
f 2088/2292/1824 2080/2284/1733 2336/2548/1845 2344/2556/1783
f 2183/2387/1847 2191/2395/1848 2447/2659/1786 2439/2651/1784
f 2079/2283/1650 2087/2291/1652 2343/2555/1758 2335/2547/1806
f 2190/2394/1707 2182/2386/1708 2438/2650/1795 2446/2658/1794
f 2086/2290/1731 2078/2282/1733 2334/2546/1781 2342/2554/1783
f 2181/2385/1847 2189/2393/1848 2445/2657/1786 2437/2649/1784
f 2077/2281/1650 2085/2289/1652 2341/2553/1758 2333/2545/1806
f 2188/2392/1707 2180/2384/1708 2436/2648/1795 2444/2656/1794
f 2084/2288/1731 2076/2280/1733 2332/2544/1845 2340/2552/1783
f 2179/2383/1847 2187/2391/1848 2443/2655/1786 2435/2647/1784
f 2075/2279/1650 2083/2287/1850 2339/2551/1758 2331/2543/1806
f 2202/2406/1705 2194/2398/1707 2450/2662/1794 2458/2670/1753
f 2098/2302/1729 2090/2294/1824 2346/2558/1783 2354/2566/1785
f 2193/2397/1848 2201/2405/1851 2457/2669/1793 2449/2661/1786
f 2089/2293/1849 2097/2301/1654 2353/2565/1757 2345/2557/1758
f 2200/2404/1705 2192/2396/1707 2448/2660/1794 2456/2668/1753
f 2096/2300/1729 2088/2292/1824 2344/2556/1783 2352/2564/1785
f 2191/2395/1848 2199/2403/1851 2455/2667/1793 2447/2659/1786
f 2087/2291/1652 2095/2299/1654 2351/2563/1757 2343/2555/1758
f 2198/2402/1705 2190/2394/1707 2446/2658/1794 2454/2666/1753
f 2094/2298/1729 2086/2290/1731 2342/2554/1783 2350/2562/1785
f 2189/2393/1848 2197/2401/1851 2453/2665/1793 2445/2657/1786
f 2085/2289/1652 2093/2297/1654 2349/2561/1757 2341/2553/1758
f 2196/2400/1705 2188/2392/1707 2444/2656/1794 2452/2664/1753
f 2092/2296/1826 2084/2288/1731 2340/2552/1783 2348/2560/1785
f 2187/2391/1848 2195/2399/1851 2451/2663/1793 2443/2655/1786
f 2083/2287/1850 2091/2295/1654 2347/2559/1757 2339/2551/1758
f 2210/2414/1703 2202/2406/1705 2458/2670/1753 2466/2678/1846
f 2106/2310/1727 2098/2302/1729 2354/2566/1785 2362/2574/1805
f 2002/2206/1752 2243/2448/1695 2499/2712/1755 2258/2470/1756
f 2201/2405/1851 2209/2413/1852 2465/2677/1792 2457/2669/1793
f 2097/2301/1654 2105/2309/1656 2361/2573/1761 2353/2565/1757
f 2244/2450/1829 2001/2205/1853 2257/2469/1814 2500/2714/1788
f 2208/2412/1703 2200/2404/1705 2456/2668/1753 2464/2676/1754
f 2104/2308/1727 2096/2300/1729 2352/2564/1785 2360/2572/1805
f 2000/2204/1752 2245/2452/1695 2501/2716/1755 2256/2468/1756
f 2199/2403/1851 2207/2411/1852 2463/2675/1792 2455/2667/1793
f 2095/2299/1654 2103/2307/1656 2359/2571/1761 2351/2563/1757
f 2246/2454/1829 1999/2203/1853 2255/2467/1814 2502/2718/1788
f 2206/2410/1703 2198/2402/1705 2454/2666/1753 2462/2674/1846
f 2102/2306/1727 2094/2298/1729 2350/2562/1785 2358/2570/1805
f 1998/2202/1752 2247/2456/1695 2503/2720/1755 2254/2466/1756
f 2197/2401/1851 2205/2409/1852 2461/2673/1792 2453/2665/1793
f 2093/2297/1654 2101/2305/1656 2357/2569/1761 2349/2561/1757
f 2248/2458/1829 1997/2201/1853 2253/2465/1814 2504/2722/1788
f 2204/2408/1703 2196/2400/1705 2452/2664/1753 2460/2672/1846
f 2100/2304/1727 2092/2296/1826 2348/2560/1785 2356/2568/1805
f 1996/2200/1752 2249/2460/1695 2505/2724/1755 2252/2464/1756
f 2195/2399/1851 2203/2407/1852 2459/2671/1792 2451/2663/1793
f 2091/2295/1654 2099/2303/1656 2355/2567/1761 2347/2559/1757
f 2250/2461/1829 1995/2199/1853 2251/2463/1814 2506/2726/1788
f 2218/2422/1836 2210/2414/1703 2466/2678/1846 2474/2686/1759
f 2114/2318/1725 2106/2310/1727 2362/2574/1805 2370/2582/1804
f 2010/2214/1750 2002/2206/1752 2258/2470/1756 2266/2478/1843
f 2209/2413/1852 2217/2421/1854 2473/2685/1791 2465/2677/1792
f 2105/2309/1656 2113/2317/1658 2369/2581/1764 2361/2573/1761
f 2001/2205/1853 2009/2213/1855 2265/2477/1842 2257/2469/1814
f 2216/2420/1836 2208/2412/1703 2464/2676/1754 2472/2684/1759
f 2112/2316/1725 2104/2308/1727 2360/2572/1805 2368/2580/1804
f 2008/2212/1750 2000/2204/1752 2256/2468/1756 2264/2476/1843
f 2207/2411/1852 2215/2419/1854 2471/2683/1791 2463/2675/1792
f 2103/2307/1656 2111/2315/1658 2367/2579/1764 2359/2571/1761
f 1999/2203/1853 2007/2211/1855 2263/2475/1842 2255/2467/1814
f 2214/2418/1701 2206/2410/1703 2462/2674/1846 2470/2682/1759
f 2110/2314/1725 2102/2306/1727 2358/2570/1805 2366/2578/1804
f 2006/2210/1750 1998/2202/1752 2254/2466/1756 2262/2474/1843
f 2205/2409/1852 2213/2417/1854 2469/2681/1791 2461/2673/1792
f 2101/2305/1656 2109/2313/1658 2365/2577/1764 2357/2569/1761
f 1997/2201/1853 2005/2209/1855 2261/2473/1842 2253/2465/1814
f 2212/2416/1701 2204/2408/1703 2460/2672/1846 2468/2680/1759
f 2108/2312/1725 2100/2304/1727 2356/2568/1805 2364/2576/1804
f 2004/2208/1750 1996/2200/1752 2252/2464/1756 2260/2472/1843
f 2203/2407/1852 2211/2415/1856 2467/2679/1791 2459/2671/1792
f 2099/2303/1656 2107/2311/1658 2363/2575/1764 2355/2567/1761
f 1995/2199/1853 2003/2207/1855 2259/2471/1842 2251/2463/1814
f 2226/2430/1699 2218/2422/1836 2474/2686/1759 2482/2694/1762
f 2122/2326/1723 2114/2318/1725 2370/2582/1804 2378/2590/1803
f 2018/2222/1748 2010/2214/1750 2266/2478/1843 2274/2486/1844
f 2217/2421/1854 2225/2429/1840 2481/2693/1790 2473/2685/1791
f 2113/2317/1658 2121/2325/1660 2377/2589/1767 2369/2581/1764
f 2009/2213/1855 2017/2221/1837 2273/2485/1812 2265/2477/1842
f 2224/2428/1699 2216/2420/1836 2472/2684/1759 2480/2692/1762
f 2120/2324/1723 2112/2316/1725 2368/2580/1804 2376/2588/1803
f 2016/2220/1748 2008/2212/1750 2264/2476/1843 2272/2484/1763
f 2215/2419/1854 2223/2427/1840 2479/2691/1790 2471/2683/1791
f 2111/2315/1658 2119/2323/1660 2375/2587/1767 2367/2579/1764
f 2007/2211/1855 2015/2219/1837 2271/2483/1841 2263/2475/1842
f 2222/2426/1699 2214/2418/1701 2470/2682/1759 2478/2690/1839
f 2118/2322/1723 2110/2314/1725 2366/2578/1804 2374/2586/1803
f 2014/2218/1748 2006/2210/1750 2262/2474/1843 2270/2482/1763
f 2213/2417/1854 2221/2425/1840 2477/2689/1790 2469/2681/1791
f 2109/2313/1658 2117/2321/1660 2373/2585/1767 2365/2577/1764
f 2005/2209/1855 2013/2217/1837 2269/2481/1812 2261/2473/1842
f 2220/2424/1699 2212/2416/1701 2468/2680/1759 2476/2688/1839
f 2116/2320/1723 2108/2312/1725 2364/2576/1804 2372/2584/1803
f 2012/2216/1817 2004/2208/1750 2260/2472/1843 2268/2480/1763
f 2211/2415/1856 2219/2423/1838 2475/2687/1790 2467/2679/1791
f 2107/2311/1658 2115/2319/1660 2371/2583/1767 2363/2575/1764
f 2003/2207/1855 2011/2215/1837 2267/2479/1812 2259/2471/1842
f 2234/2438/1697 2226/2430/1699 2482/2694/1762 2490/2702/1835
f 2130/2334/1722 2122/2326/1723 2378/2590/1803 2386/2598/1802
f 2026/2230/1819 2018/2222/1748 2274/2486/1844 2282/2494/1766
f 2225/2429/1840 2233/2437/1833 2489/2701/1834 2481/2693/1790
f 2121/2325/1660 2129/2333/1662 2385/2597/1770 2377/2589/1767
f 2017/2221/1837 2025/2229/1636 2281/2493/1811 2273/2485/1812
f 2232/2436/1697 2224/2428/1699 2480/2692/1762 2488/2700/1835
f 2507/2727/1767 2508/2729/1770 2540/2761/1662 2539/2760/1660
f 2574/2795/10 2573/2794/10 2511/2732/1776 2510/2731/1857
f 2576/2797/10 2575/2796/10 2520/2741/1790 2519/2740/1791
f 2578/2799/10 2577/2798/10 2529/2750/1809 2528/2749/1810
f 2580/2801/10 2579/2800/10 2538/2759/1764 2537/2758/1761
f 2582/2803/10 2581/2802/10 2516/2737/1786 2515/2736/1784
f 2584/2805/10 2583/2804/10 2525/2746/1842 2524/2745/1814
f 2571/2792/10 2585/2806/10 2534/2755/1806 2533/2754/1691
f 2573/2794/10 2586/2807/10 2512/2733/1858 2511/2732/1776
f 2575/2796/10 2587/2808/10 2521/2742/1834 2520/2741/1790
f 2577/2798/10 2588/2809/10 2530/2751/1808 2529/2750/1809
f 2590/2812/10 2589/2810/10 2508/2729/1770 2507/2727/1767
f 2579/2800/10 2590/2811/10 2507/2728/1767 2538/2759/1764
f 2581/2802/10 2591/2813/10 2517/2738/1793 2516/2737/1786
f 2583/2804/10 2592/2814/10 2526/2747/1841 2525/2746/1842
f 2585/2806/10 2593/2815/10 2535/2756/1758 2534/2755/1806
f 2586/2807/10 2594/2816/10 2513/2734/1859 2512/2733/1858
f 2587/2808/10 2595/2817/10 2522/2743/1787 2521/2742/1834
f 2588/2809/10 2596/2818/10 2531/2752/1807 2530/2751/1808
f 2589/2810/10 2597/2819/10 2509/2730/1772 2508/2729/1770
f 2591/2813/10 2598/2820/10 2518/2739/1792 2517/2738/1793
f 2592/2814/10 2599/2821/10 2527/2748/1811 2526/2747/1841
f 2593/2815/10 2600/2822/10 2536/2757/1860 2535/2756/1758
f 2594/2816/10 2601/2823/10 2514/2735/1782 2513/2734/1859
f 2595/2817/10 2602/2824/10 2523/2744/1788 2522/2743/1787
f 2596/2818/10 2572/2793/10 2532/2753/1692 2531/2752/1807
f 2597/2819/10 2574/2795/10 2510/2731/1857 2509/2730/1772
f 2598/2820/10 2576/2797/10 2519/2740/1791 2518/2739/1792
f 2599/2821/10 2578/2799/10 2528/2749/1810 2527/2748/1811
f 2600/2822/10 2580/2801/10 2537/2758/1761 2536/2757/1860
f 2601/2823/10 2582/2803/10 2515/2736/1784 2514/2735/1782
f 2602/2824/10 2584/2805/10 2524/2745/1814 2523/2744/1788
f 2539/2760/1660 2540/2761/1662 2541/2762/1664 2542/2763/1666 2543/2764/1822 2544/2765/1820 2545/2766/1815 2546/2767/1816 2547/2768/1847 2548/2769/1848 2549/2770/1851 2550/2771/1852 2551/2772/1854 2552/2773/1840 2553/2774/1833 2554/2775/1828 2555/2776/1829 2556/2777/1853 2557/2778/1855 2558/2779/1837 2559/2780/1636 2560/2781/1638 2561/2782/1640 2562/2783/1642 2563/2784/1644 2564/2785/1646 2565/2786/1648 2566/2787/1650 2567/2788/1652 2568/2789/1654 2569/2790/1656 2570/2791/1658
f 2534/2755/1806 2535/2756/1758 2567/2788/1652 2566/2787/1650
f 2521/2742/1834 2522/2743/1787 2554/2775/1828 2553/2774/1833
f 2508/2729/1770 2509/2730/1772 2541/2762/1664 2540/2761/1662
f 2535/2756/1758 2536/2757/1860 2568/2789/1654 2567/2788/1652
f 2522/2743/1787 2523/2744/1788 2555/2776/1829 2554/2775/1828
f 2509/2730/1772 2510/2731/1857 2542/2763/1666 2541/2762/1664
f 2536/2757/1860 2537/2758/1761 2569/2790/1656 2568/2789/1654
f 2523/2744/1788 2524/2745/1814 2556/2777/1853 2555/2776/1829
f 2510/2731/1857 2511/2732/1776 2543/2764/1822 2542/2763/1666
f 2537/2758/1761 2538/2759/1764 2570/2791/1658 2569/2790/1656
f 2524/2745/1814 2525/2746/1842 2557/2778/1855 2556/2777/1853
f 2511/2732/1776 2512/2733/1858 2544/2765/1820 2543/2764/1822
f 2538/2759/1764 2507/2728/1767 2539/2760/1660 2570/2791/1658
f 2525/2746/1842 2526/2747/1841 2558/2779/1837 2557/2778/1855
f 2512/2733/1858 2513/2734/1859 2545/2766/1815 2544/2765/1820
f 2526/2747/1841 2527/2748/1811 2559/2780/1636 2558/2779/1837
f 2513/2734/1859 2514/2735/1782 2546/2767/1816 2545/2766/1815
f 2527/2748/1811 2528/2749/1810 2560/2781/1638 2559/2780/1636
f 2514/2735/1782 2515/2736/1784 2547/2768/1847 2546/2767/1816
f 2528/2749/1810 2529/2750/1809 2561/2782/1640 2560/2781/1638
f 2515/2736/1784 2516/2737/1786 2548/2769/1848 2547/2768/1847
f 2529/2750/1809 2530/2751/1808 2562/2783/1642 2561/2782/1640
f 2516/2737/1786 2517/2738/1793 2549/2770/1851 2548/2769/1848
f 2530/2751/1808 2531/2752/1807 2563/2784/1644 2562/2783/1642
f 2517/2738/1793 2518/2739/1792 2550/2771/1852 2549/2770/1851
f 2531/2752/1807 2532/2753/1692 2564/2785/1646 2563/2784/1644
f 2518/2739/1792 2519/2740/1791 2551/2772/1854 2550/2771/1852
f 2532/2753/1692 2533/2754/1691 2565/2786/1648 2564/2785/1646
f 2519/2740/1791 2520/2741/1790 2552/2773/1840 2551/2772/1854
f 2533/2754/1691 2534/2755/1806 2566/2787/1650 2565/2786/1648
f 2520/2741/1790 2521/2742/1834 2553/2774/1833 2552/2773/1840
f 2634/2857/10 2609/2831/10 2584/2805/10 2602/2824/10
f 2633/2856/10 2608/2830/10 2582/2803/10 2601/2823/10
f 2632/2855/10 2607/2829/10 2580/2801/10 2600/2822/10
f 2631/2854/10 2606/2828/10 2578/2799/10 2599/2821/10
f 2630/2853/10 2605/2827/10 2576/2797/10 2598/2820/10
f 2629/2852/10 2604/2826/10 2574/2795/10 2597/2819/10
f 2628/2851/10 2603/2825/10 2572/2793/10 2596/2818/10
f 2627/2850/10 2634/2857/10 2602/2824/10 2595/2817/10
f 2626/2849/10 2633/2856/10 2601/2823/10 2594/2816/10
f 2625/2848/10 2632/2855/10 2600/2822/10 2593/2815/10
f 2624/2847/10 2631/2854/10 2599/2821/10 2592/2814/10
f 2623/2846/10 2630/2853/10 2598/2820/10 2591/2813/10
f 2622/2845/10 2629/2852/10 2597/2819/10 2589/2810/10
f 2621/2844/10 2628/2851/10 2596/2818/10 2588/2809/10
f 2620/2843/10 2627/2850/10 2595/2817/10 2587/2808/10
f 2619/2842/10 2626/2849/10 2594/2816/10 2586/2807/10
f 2618/2841/10 2625/2848/10 2593/2815/10 2585/2806/10
f 2617/2840/10 2624/2847/10 2592/2814/10 2583/2804/10
f 2616/2839/10 2623/2846/10 2591/2813/10 2581/2802/10
f 2615/2838/10 2610/2833/10 2590/2811/10 2579/2800/10
f 2610/2832/10 2622/2845/10 2589/2810/10 2590/2812/10
f 2614/2837/10 2621/2844/10 2588/2809/10 2577/2798/10
f 2613/2836/10 2620/2843/10 2587/2808/10 2575/2796/10
f 2612/2835/10 2619/2842/10 2586/2807/10 2573/2794/10
f 2611/2834/10 2618/2841/10 2585/2806/10 2571/2792/10
f 2609/2831/10 2617/2840/10 2583/2804/10 2584/2805/10
f 2608/2830/10 2616/2839/10 2581/2802/10 2582/2803/10
f 2607/2829/10 2615/2838/10 2579/2800/10 2580/2801/10
f 2606/2828/10 2614/2837/10 2577/2798/10 2578/2799/10
f 2605/2827/10 2613/2836/10 2575/2796/10 2576/2797/10
f 2604/2826/10 2612/2835/10 2573/2794/10 2574/2795/10
f 2603/2825/10 2611/2834/10 2571/2792/10 2572/2793/10
f 1853/2053/1848 1855/2055/1851 2611/2834/10 2603/2825/10
f 1809/2009/1837 1811/2011/1861 2612/2835/10 2604/2826/10
f 1827/2027/1849 1829/2029/1654 2613/2836/10 2605/2827/10
f 1845/2045/1820 1847/2047/1815 2614/2837/10 2606/2828/10
f 1863/2063/1833 1865/2065/1828 2615/2838/10 2607/2829/10
f 1819/2019/1644 1821/2021/1646 2616/2839/10 2608/2830/10
f 1837/2037/1662 1839/2039/1664 2617/2840/10 2609/2831/10
f 1855/2055/1851 1857/2057/1852 2618/2841/10 2611/2834/10
f 1811/2011/1861 1813/2013/1638 2619/2842/10 2612/2835/10
f 1829/2029/1654 1831/2031/1656 2620/2843/10 2613/2836/10
f 1847/2047/1815 1849/2049/1816 2621/2844/10 2614/2837/10
f 1803/2003/1829 1805/2005/1853 2622/2845/10 2610/2832/10
f 1865/2065/1828 1803/2002/1829 2610/2833/10 2615/2838/10
f 1821/2021/1646 1823/2023/1648 2623/2846/10 2616/2839/10
f 1839/2039/1664 1841/2041/1666 2624/2847/10 2617/2840/10
f 1857/2057/1852 1859/2059/1862 2625/2848/10 2618/2841/10
f 1813/2013/1638 1815/2015/1640 2626/2849/10 2619/2842/10
f 1831/2031/1656 1833/2033/1658 2627/2850/10 2620/2843/10
f 1849/2049/1816 1851/2051/1847 2628/2851/10 2621/2844/10
f 1805/2005/1853 1807/2007/1855 2629/2852/10 2622/2845/10
f 1823/2023/1648 1825/2025/1650 2630/2853/10 2623/2846/10
f 1841/2041/1666 1843/2043/1668 2631/2854/10 2624/2847/10
f 1859/2059/1862 1861/2061/1840 2632/2855/10 2625/2848/10
f 1815/2015/1640 1817/2017/1642 2633/2856/10 2626/2849/10
f 1833/2033/1658 1835/2035/1660 2634/2857/10 2627/2850/10
f 1851/2051/1847 1853/2053/1848 2603/2825/10 2628/2851/10
f 1807/2007/1855 1809/2009/1837 2604/2826/10 2629/2852/10
f 1825/2025/1650 1827/2027/1849 2605/2827/10 2630/2853/10
f 1843/2043/1668 1845/2045/1820 2606/2828/10 2631/2854/10
f 1861/2061/1840 1863/2063/1833 2607/2829/10 2632/2855/10
f 1817/2017/1642 1819/2019/1644 2608/2830/10 2633/2856/10
f 1835/2035/1660 1837/2037/1662 2609/2831/10 2634/2857/10
f 2241/2445/1828 2665/2888/1693 2666/2889/1225 2244/2449/1829
f 2233/2437/1833 2664/2887/1696 2665/2888/1693 2241/2445/1828
f 2225/2429/1840 2663/2886/1698 2664/2887/1696 2233/2437/1833
f 2217/2421/1854 2662/2885/1700 2663/2886/1698 2225/2429/1840
f 2209/2413/1852 2661/2884/1702 2662/2885/1700 2217/2421/1854
f 2201/2405/1851 2660/2883/1704 2661/2884/1702 2209/2413/1852
f 2193/2397/1848 2659/2882/1706 2660/2883/1704 2201/2405/1851
f 2185/2389/1847 2658/2881/1262 2659/2882/1706 2193/2397/1848
f 2177/2381/1816 2657/2880/1709 2658/2881/1262 2185/2389/1847
f 2169/2373/1815 2656/2879/1711 2657/2880/1709 2177/2381/1816
f 2161/2365/1820 2655/2878/1713 2656/2879/1711 2169/2373/1815
f 2153/2357/1668 2654/2877/1715 2655/2878/1713 2161/2365/1820
f 2145/2349/1666 2653/2876/1717 2654/2877/1715 2153/2357/1668
f 2137/2341/1664 2652/2875/1719 2653/2876/1717 2145/2349/1666
f 2129/2333/1662 2651/2874/1721 2652/2875/1719 2137/2341/1664
f 2121/2325/1660 2650/2873/1193 2651/2874/1721 2129/2333/1662
f 2113/2317/1658 2649/2872/1724 2650/2873/1193 2121/2325/1660
f 2105/2309/1656 2648/2871/1726 2649/2872/1724 2113/2317/1658
f 2097/2301/1654 2647/2870/1728 2648/2871/1726 2105/2309/1656
f 2089/2293/1849 2646/2869/1730 2647/2870/1728 2097/2301/1654
f 2081/2285/1650 2645/2868/1732 2646/2869/1730 2089/2293/1849
f 2073/2277/1648 2644/2867/1734 2645/2868/1732 2081/2285/1650
f 2065/2269/1646 2643/2866/1736 2644/2867/1734 2073/2277/1648
f 2057/2261/1644 2642/2865/968 2643/2866/1736 2065/2269/1646
f 2049/2253/1642 2641/2864/1739 2642/2865/968 2057/2261/1644
f 2041/2245/1640 2640/2863/1741 2641/2864/1739 2049/2253/1642
f 2033/2237/1638 2639/2862/1743 2640/2863/1741 2041/2245/1640
f 2025/2229/1636 2638/2861/1745 2639/2862/1743 2033/2237/1638
f 2017/2221/1837 2637/2860/1747 2638/2861/1745 2025/2229/1636
f 2009/2213/1855 2636/2859/1749 2637/2860/1747 2017/2221/1837
f 2001/2205/1853 2635/2858/1751 2636/2859/1749 2009/2213/1855
f 2244/2450/1829 2666/2890/1225 2635/2858/1751 2001/2205/1853
f 2239/2443/1828 2697/2921/1693 2698/2922/1225 2246/2453/1829
f 2231/2435/1833 2696/2920/1696 2697/2921/1693 2239/2443/1828
f 2223/2427/1840 2695/2919/1698 2696/2920/1696 2231/2435/1833
f 2215/2419/1854 2694/2918/1700 2695/2919/1698 2223/2427/1840
f 2207/2411/1852 2693/2917/1702 2694/2918/1700 2215/2419/1854
f 2199/2403/1851 2692/2916/1704 2693/2917/1702 2207/2411/1852
f 2191/2395/1848 2691/2915/1706 2692/2916/1704 2199/2403/1851
f 2183/2387/1847 2690/2914/1262 2691/2915/1706 2191/2395/1848
f 2175/2379/1816 2689/2913/1709 2690/2914/1262 2183/2387/1847
f 2167/2371/1815 2688/2912/1711 2689/2913/1709 2175/2379/1816
f 2159/2363/1820 2687/2911/1713 2688/2912/1711 2167/2371/1815
f 2151/2355/1822 2686/2910/1715 2687/2911/1713 2159/2363/1820
f 2143/2347/1666 2685/2909/1717 2686/2910/1715 2151/2355/1822
f 2135/2339/1664 2684/2908/1719 2685/2909/1717 2143/2347/1666
f 2127/2331/1662 2683/2907/1721 2684/2908/1719 2135/2339/1664
f 2119/2323/1660 2682/2906/1193 2683/2907/1721 2127/2331/1662
f 2111/2315/1658 2681/2905/1724 2682/2906/1193 2119/2323/1660
f 2103/2307/1656 2680/2904/1726 2681/2905/1724 2111/2315/1658
f 2095/2299/1654 2679/2903/1728 2680/2904/1726 2103/2307/1656
f 2087/2291/1652 2678/2902/1730 2679/2903/1728 2095/2299/1654
f 2079/2283/1650 2677/2901/1732 2678/2902/1730 2087/2291/1652
f 2071/2275/1648 2676/2900/1734 2677/2901/1732 2079/2283/1650
f 2063/2267/1646 2675/2899/1736 2676/2900/1734 2071/2275/1648
f 2055/2259/1644 2674/2898/968 2675/2899/1736 2063/2267/1646
f 2047/2251/1642 2673/2897/1739 2674/2898/968 2055/2259/1644
f 2039/2243/1640 2672/2896/1741 2673/2897/1739 2047/2251/1642
f 2031/2235/1638 2671/2895/1743 2672/2896/1741 2039/2243/1640
f 2023/2227/1636 2670/2894/1745 2671/2895/1743 2031/2235/1638
f 2015/2219/1837 2669/2893/1747 2670/2894/1745 2023/2227/1636
f 2007/2211/1855 2668/2892/1749 2669/2893/1747 2015/2219/1837
f 1999/2203/1853 2667/2891/1751 2668/2892/1749 2007/2211/1855
f 2246/2454/1829 2698/2923/1225 2667/2891/1751 1999/2203/1853
f 2237/2441/1828 2729/2954/1693 2730/2955/1225 2248/2457/1829
f 2229/2433/1833 2728/2953/1696 2729/2954/1693 2237/2441/1828
f 2221/2425/1840 2727/2952/1698 2728/2953/1696 2229/2433/1833
f 2213/2417/1854 2726/2951/1700 2727/2952/1698 2221/2425/1840
f 2205/2409/1852 2725/2950/1702 2726/2951/1700 2213/2417/1854
f 2197/2401/1851 2724/2949/1704 2725/2950/1702 2205/2409/1852
f 2189/2393/1848 2723/2948/1706 2724/2949/1704 2197/2401/1851
f 2181/2385/1847 2722/2947/1262 2723/2948/1706 2189/2393/1848
f 2173/2377/1816 2721/2946/1709 2722/2947/1262 2181/2385/1847
f 2165/2369/1815 2720/2945/1711 2721/2946/1709 2173/2377/1816
f 2157/2361/1820 2719/2944/1713 2720/2945/1711 2165/2369/1815
f 2149/2353/1822 2718/2943/1715 2719/2944/1713 2157/2361/1820
f 2141/2345/1666 2717/2942/1717 2718/2943/1715 2149/2353/1822
f 2133/2337/1664 2716/2941/1719 2717/2942/1717 2141/2345/1666
f 2125/2329/1662 2715/2940/1721 2716/2941/1719 2133/2337/1664
f 2117/2321/1660 2714/2939/1193 2715/2940/1721 2125/2329/1662
f 2109/2313/1658 2713/2938/1724 2714/2939/1193 2117/2321/1660
f 2101/2305/1656 2712/2937/1726 2713/2938/1724 2109/2313/1658
f 2093/2297/1654 2711/2936/1728 2712/2937/1726 2101/2305/1656
f 2085/2289/1652 2710/2935/1730 2711/2936/1728 2093/2297/1654
f 2077/2281/1650 2709/2934/1732 2710/2935/1730 2085/2289/1652
f 2069/2273/1648 2708/2933/1734 2709/2934/1732 2077/2281/1650
f 2061/2265/1646 2707/2932/1736 2708/2933/1734 2069/2273/1648
f 2053/2257/1644 2706/2931/968 2707/2932/1736 2061/2265/1646
f 2045/2249/1642 2705/2930/1739 2706/2931/968 2053/2257/1644
f 2037/2241/1640 2704/2929/1741 2705/2930/1739 2045/2249/1642
f 2029/2233/1638 2703/2928/1743 2704/2929/1741 2037/2241/1640
f 2021/2225/1832 2702/2927/1745 2703/2928/1743 2029/2233/1638
f 2013/2217/1837 2701/2926/1747 2702/2927/1745 2021/2225/1832
f 2005/2209/1855 2700/2925/1749 2701/2926/1747 2013/2217/1837
f 1997/2201/1853 2699/2924/1751 2700/2925/1749 2005/2209/1855
f 2248/2458/1829 2730/2956/1225 2699/2924/1751 1997/2201/1853
f 2250/2461/1829 2731/2957/1225 2732/2959/1751 1995/2199/1853
f 1995/2199/1853 2732/2959/1751 2733/2960/1749 2003/2207/1855
f 2003/2207/1855 2733/2960/1749 2734/2961/1747 2011/2215/1837
f 2011/2215/1837 2734/2961/1747 2735/2962/1745 2019/2223/1832
f 2019/2223/1832 2735/2962/1745 2736/2963/1743 2027/2231/1638
f 2027/2231/1638 2736/2963/1743 2737/2964/1741 2035/2239/1640
f 2035/2239/1640 2737/2964/1741 2738/2965/1739 2043/2247/1642
f 2043/2247/1642 2738/2965/1739 2739/2966/968 2051/2255/1644
f 2051/2255/1644 2739/2966/968 2740/2967/1736 2059/2263/1646
f 2059/2263/1646 2740/2967/1736 2741/2968/1734 2067/2271/1648
f 2067/2271/1648 2741/2968/1734 2742/2969/1732 2075/2279/1650
f 2075/2279/1650 2742/2969/1732 2743/2970/1730 2083/2287/1850
f 2083/2287/1850 2743/2970/1730 2744/2971/1728 2091/2295/1654
f 2091/2295/1654 2744/2971/1728 2745/2972/1726 2099/2303/1656
f 2099/2303/1656 2745/2972/1726 2746/2973/1724 2107/2311/1658
f 2107/2311/1658 2746/2973/1724 2747/2974/1193 2115/2319/1660
f 2115/2319/1660 2747/2974/1193 2748/2975/1721 2123/2327/1662
f 2123/2327/1662 2748/2975/1721 2749/2976/1719 2131/2335/1664
f 2131/2335/1664 2749/2976/1719 2750/2977/1863 2139/2343/1825
f 2139/2343/1825 2750/2977/1863 2751/2978/1715 2147/2351/1821
f 2147/2351/1821 2751/2978/1715 2752/2979/1713 2155/2359/1820
f 2155/2359/1820 2752/2979/1713 2753/2980/1711 2163/2367/1815
f 2163/2367/1815 2753/2980/1711 2754/2981/1709 2171/2375/1816
f 2171/2375/1816 2754/2981/1709 2755/2982/1262 2179/2383/1847
f 2179/2383/1847 2755/2982/1262 2756/2983/1706 2187/2391/1848
f 2187/2391/1848 2756/2983/1706 2757/2984/1704 2195/2399/1851
f 2195/2399/1851 2757/2984/1704 2758/2985/1702 2203/2407/1852
f 2203/2407/1852 2758/2985/1702 2759/2986/1700 2211/2415/1856
f 2211/2415/1856 2759/2986/1700 2760/2987/1864 2219/2423/1838
f 2219/2423/1838 2760/2987/1864 2761/2988/1696 2227/2431/1833
f 2227/2431/1833 2761/2988/1696 2762/2989/1693 2235/2439/1828
f 2235/2439/1828 2762/2989/1693 2731/2958/1225 2250/2462/1829
f 2665/2888/1693 2794/3022/1693 2763/2990/1225 2666/2889/1225
f 2664/2887/1696 2793/3021/1696 2794/3022/1693 2665/2888/1693
f 2663/2886/1698 2792/3020/1698 2793/3021/1696 2664/2887/1696
f 2662/2885/1700 2791/3019/1700 2792/3020/1698 2663/2886/1698
f 2661/2884/1702 2790/3018/1702 2791/3019/1700 2662/2885/1700
f 2660/2883/1704 2789/3017/1704 2790/3018/1702 2661/2884/1702
f 2659/2882/1706 2788/3016/1706 2789/3017/1704 2660/2883/1704
f 2658/2881/1262 2787/3015/1262 2788/3016/1706 2659/2882/1706
f 2657/2880/1709 2786/3014/1709 2787/3015/1262 2658/2881/1262
f 2656/2879/1711 2785/3013/1711 2786/3014/1709 2657/2880/1709
f 2655/2878/1713 2784/3012/1713 2785/3013/1711 2656/2879/1711
f 2654/2877/1715 2783/3011/1715 2784/3012/1713 2655/2878/1713
f 2653/2876/1717 2782/3010/1717 2783/3011/1715 2654/2877/1715
f 2652/2875/1719 2781/3009/1719 2782/3010/1717 2653/2876/1717
f 2651/2874/1721 2780/3008/1721 2781/3009/1719 2652/2875/1719
f 2650/2873/1193 2779/3007/1193 2780/3008/1721 2651/2874/1721
f 2649/2872/1724 2778/3006/1724 2779/3007/1193 2650/2873/1193
f 2648/2871/1726 2777/3005/1726 2778/3006/1724 2649/2872/1724
f 2647/2870/1728 2776/3004/1728 2777/3005/1726 2648/2871/1726
f 2646/2869/1730 2775/3003/1730 2776/3004/1728 2647/2870/1728
f 2645/2868/1732 2774/3002/1732 2775/3003/1730 2646/2869/1730
f 2644/2867/1734 2773/3001/1734 2774/3002/1732 2645/2868/1732
f 2643/2866/1736 2772/3000/1736 2773/3001/1734 2644/2867/1734
f 2642/2865/968 2771/2999/968 2772/3000/1736 2643/2866/1736
f 2641/2864/1739 2770/2998/1739 2771/2999/968 2642/2865/968
f 2640/2863/1741 2769/2997/1741 2770/2998/1739 2641/2864/1739
f 2639/2862/1743 2768/2996/1743 2769/2997/1741 2640/2863/1741
f 2638/2861/1745 2767/2995/1745 2768/2996/1743 2639/2862/1743
f 2637/2860/1747 2766/2994/1747 2767/2995/1745 2638/2861/1745
f 2636/2859/1749 2765/2993/1749 2766/2994/1747 2637/2860/1747
f 2635/2858/1751 2764/2992/1751 2765/2993/1749 2636/2859/1749
f 2666/2890/1225 2763/2991/1225 2764/2992/1751 2635/2858/1751
f 2697/2921/1693 2826/3055/1693 2795/3023/1225 2698/2922/1225
f 2696/2920/1696 2825/3054/1696 2826/3055/1693 2697/2921/1693
f 2695/2919/1698 2824/3053/1698 2825/3054/1696 2696/2920/1696
f 2694/2918/1700 2823/3052/1700 2824/3053/1698 2695/2919/1698
f 2693/2917/1702 2822/3051/1702 2823/3052/1700 2694/2918/1700
f 2692/2916/1704 2821/3050/1704 2822/3051/1702 2693/2917/1702
f 2691/2915/1706 2820/3049/1706 2821/3050/1704 2692/2916/1704
f 2690/2914/1262 2819/3048/1262 2820/3049/1706 2691/2915/1706
f 2689/2913/1709 2818/3047/1709 2819/3048/1262 2690/2914/1262
f 2688/2912/1711 2817/3046/1711 2818/3047/1709 2689/2913/1709
f 2687/2911/1713 2816/3045/1713 2817/3046/1711 2688/2912/1711
f 2686/2910/1715 2815/3044/1715 2816/3045/1713 2687/2911/1713
f 2685/2909/1717 2814/3043/1717 2815/3044/1715 2686/2910/1715
f 2684/2908/1719 2813/3042/1719 2814/3043/1717 2685/2909/1717
f 2683/2907/1721 2812/3041/1721 2813/3042/1719 2684/2908/1719
f 2682/2906/1193 2811/3040/1193 2812/3041/1721 2683/2907/1721
f 2681/2905/1724 2810/3039/1724 2811/3040/1193 2682/2906/1193
f 2680/2904/1726 2809/3038/1726 2810/3039/1724 2681/2905/1724
f 2679/2903/1728 2808/3037/1728 2809/3038/1726 2680/2904/1726
f 2678/2902/1730 2807/3036/1730 2808/3037/1728 2679/2903/1728
f 2677/2901/1732 2806/3035/1732 2807/3036/1730 2678/2902/1730
f 2676/2900/1734 2805/3034/1734 2806/3035/1732 2677/2901/1732
f 2675/2899/1736 2804/3033/1736 2805/3034/1734 2676/2900/1734
f 2674/2898/968 2803/3032/968 2804/3033/1736 2675/2899/1736
f 2673/2897/1739 2802/3031/1739 2803/3032/968 2674/2898/968
f 2672/2896/1741 2801/3030/1741 2802/3031/1739 2673/2897/1739
f 2671/2895/1743 2800/3029/1743 2801/3030/1741 2672/2896/1741
f 2670/2894/1745 2799/3028/1745 2800/3029/1743 2671/2895/1743
f 2669/2893/1747 2798/3027/1747 2799/3028/1745 2670/2894/1745
f 2668/2892/1749 2797/3026/1749 2798/3027/1747 2669/2893/1747
f 2667/2891/1751 2796/3025/1751 2797/3026/1749 2668/2892/1749
f 2698/2923/1225 2795/3024/1225 2796/3025/1751 2667/2891/1751
f 2729/2954/1693 2858/3088/1693 2827/3056/1225 2730/2955/1225
f 2728/2953/1696 2857/3087/1696 2858/3088/1693 2729/2954/1693
f 2727/2952/1698 2856/3086/1698 2857/3087/1696 2728/2953/1696
f 2726/2951/1700 2855/3085/1700 2856/3086/1698 2727/2952/1698
f 2725/2950/1702 2854/3084/1702 2855/3085/1700 2726/2951/1700
f 2724/2949/1704 2853/3083/1704 2854/3084/1702 2725/2950/1702
f 2723/2948/1706 2852/3082/1706 2853/3083/1704 2724/2949/1704
f 2722/2947/1262 2851/3081/1262 2852/3082/1706 2723/2948/1706
f 2721/2946/1709 2850/3080/1709 2851/3081/1262 2722/2947/1262
f 2720/2945/1711 2849/3079/1711 2850/3080/1709 2721/2946/1709
f 2719/2944/1713 2848/3078/1713 2849/3079/1711 2720/2945/1711
f 2718/2943/1715 2847/3077/1715 2848/3078/1713 2719/2944/1713
f 2717/2942/1717 2846/3076/1717 2847/3077/1715 2718/2943/1715
f 2716/2941/1719 2845/3075/1719 2846/3076/1717 2717/2942/1717
f 2715/2940/1721 2844/3074/1721 2845/3075/1719 2716/2941/1719
f 2714/2939/1193 2843/3073/1193 2844/3074/1721 2715/2940/1721
f 2713/2938/1724 2842/3072/1724 2843/3073/1193 2714/2939/1193
f 2712/2937/1726 2841/3071/1726 2842/3072/1724 2713/2938/1724
f 2711/2936/1728 2840/3070/1827 2841/3071/1726 2712/2937/1726
f 2710/2935/1730 2839/3069/1730 2840/3070/1827 2711/2936/1728
f 2709/2934/1732 2838/3068/1732 2839/3069/1730 2710/2935/1730
f 2708/2933/1734 2837/3067/1734 2838/3068/1732 2709/2934/1732
f 2707/2932/1736 2836/3066/1736 2837/3067/1734 2708/2933/1734
f 2706/2931/968 2835/3065/968 2836/3066/1736 2707/2932/1736
f 2705/2930/1739 2834/3064/1739 2835/3065/968 2706/2931/968
f 2704/2929/1741 2833/3063/1741 2834/3064/1739 2705/2930/1739
f 2703/2928/1743 2832/3062/1743 2833/3063/1741 2704/2929/1741
f 2702/2927/1745 2831/3061/1745 2832/3062/1743 2703/2928/1743
f 2701/2926/1747 2830/3060/1818 2831/3061/1745 2702/2927/1745
f 2700/2925/1749 2829/3059/1749 2830/3060/1818 2701/2926/1747
f 2699/2924/1751 2828/3058/1751 2829/3059/1749 2700/2925/1749
f 2730/2956/1225 2827/3057/1225 2828/3058/1751 2699/2924/1751
f 2731/2957/1225 2859/3089/1225 2860/3091/1751 2732/2959/1751
f 2732/2959/1751 2860/3091/1751 2861/3092/1749 2733/2960/1749
f 2733/2960/1749 2861/3092/1749 2862/3093/1747 2734/2961/1747
f 2734/2961/1747 2862/3093/1747 2863/3094/1745 2735/2962/1745
f 2735/2962/1745 2863/3094/1745 2864/3095/1743 2736/2963/1743
f 2736/2963/1743 2864/3095/1743 2865/3096/1741 2737/2964/1741
f 2737/2964/1741 2865/3096/1741 2866/3097/1739 2738/2965/1739
f 2738/2965/1739 2866/3097/1739 2867/3098/968 2739/2966/968
f 2739/2966/968 2867/3098/968 2868/3099/1736 2740/2967/1736
f 2740/2967/1736 2868/3099/1736 2869/3100/1734 2741/2968/1734
f 2741/2968/1734 2869/3100/1734 2870/3101/1732 2742/2969/1732
f 2742/2969/1732 2870/3101/1732 2871/3102/1730 2743/2970/1730
f 2743/2970/1730 2871/3102/1730 2872/3103/1728 2744/2971/1728
f 2744/2971/1728 2872/3103/1728 2873/3104/1726 2745/2972/1726
f 2745/2972/1726 2873/3104/1726 2874/3105/1724 2746/2973/1724
f 2746/2973/1724 2874/3105/1724 2875/3106/1193 2747/2974/1193
f 2747/2974/1193 2875/3106/1193 2876/3107/1721 2748/2975/1721
f 2748/2975/1721 2876/3107/1721 2877/3108/1719 2749/2976/1719
f 2749/2976/1719 2877/3108/1719 2878/3109/1717 2750/2977/1863
f 2750/2977/1863 2878/3109/1717 2879/3110/1715 2751/2978/1715
f 2751/2978/1715 2879/3110/1715 2880/3111/1713 2752/2979/1713
f 2752/2979/1713 2880/3111/1713 2881/3112/1711 2753/2980/1711
f 2753/2980/1711 2881/3112/1711 2882/3113/1709 2754/2981/1709
f 2754/2981/1709 2882/3113/1709 2883/3114/1262 2755/2982/1262
f 2755/2982/1262 2883/3114/1262 2884/3115/1706 2756/2983/1706
f 2756/2983/1706 2884/3115/1706 2885/3116/1704 2757/2984/1704
f 2757/2984/1704 2885/3116/1704 2886/3117/1702 2758/2985/1702
f 2758/2985/1702 2886/3117/1702 2887/3118/1700 2759/2986/1700
f 2759/2986/1700 2887/3118/1700 2888/3119/1698 2760/2987/1864
f 2760/2987/1864 2888/3119/1698 2889/3120/1696 2761/2988/1696
f 2761/2988/1696 2889/3120/1696 2890/3121/1693 2762/2989/1693
f 2762/2989/1693 2890/3121/1693 2859/3090/1225 2731/2958/1225
f 1865/2065/1828 2921/3152/1693 2922/3153/1225 1803/2002/1829
f 1863/2063/1833 2920/3151/1696 2921/3152/1693 1865/2065/1828
f 1861/2061/1840 2919/3150/1698 2920/3151/1696 1863/2063/1833
f 1859/2059/1862 2918/3149/1700 2919/3150/1698 1861/2061/1840
f 1857/2057/1852 2917/3148/1702 2918/3149/1700 1859/2059/1862
f 1855/2055/1851 2916/3147/1704 2917/3148/1702 1857/2057/1852
f 1853/2053/1848 2915/3146/1706 2916/3147/1704 1855/2055/1851
f 1851/2051/1847 2914/3145/1262 2915/3146/1706 1853/2053/1848
f 1849/2049/1816 2913/3144/1709 2914/3145/1262 1851/2051/1847
f 1847/2047/1815 2912/3143/1711 2913/3144/1709 1849/2049/1816
f 1845/2045/1820 2911/3142/1713 2912/3143/1711 1847/2047/1815
f 1843/2043/1668 2910/3141/1715 2911/3142/1713 1845/2045/1820
f 1841/2041/1666 2909/3140/1717 2910/3141/1715 1843/2043/1668
f 1839/2039/1664 2908/3139/1719 2909/3140/1717 1841/2041/1666
f 1837/2037/1662 2907/3138/1721 2908/3139/1719 1839/2039/1664
f 1835/2035/1660 2906/3137/1193 2907/3138/1721 1837/2037/1662
f 1833/2033/1658 2905/3136/1724 2906/3137/1193 1835/2035/1660
f 1831/2031/1656 2904/3135/1726 2905/3136/1724 1833/2033/1658
f 1829/2029/1654 2903/3134/1728 2904/3135/1726 1831/2031/1656
f 1827/2027/1849 2902/3133/1730 2903/3134/1728 1829/2029/1654
f 1825/2025/1650 2901/3132/1732 2902/3133/1730 1827/2027/1849
f 1823/2023/1648 2900/3131/1734 2901/3132/1732 1825/2025/1650
f 1821/2021/1646 2899/3130/1736 2900/3131/1734 1823/2023/1648
f 1819/2019/1644 2898/3129/968 2899/3130/1736 1821/2021/1646
f 1817/2017/1642 2897/3128/1739 2898/3129/968 1819/2019/1644
f 1815/2015/1640 2896/3127/1741 2897/3128/1739 1817/2017/1642
f 1813/2013/1638 2895/3126/1743 2896/3127/1741 1815/2015/1640
f 1811/2011/1861 2894/3125/1745 2895/3126/1743 1813/2013/1638
f 1809/2009/1837 2893/3124/1747 2894/3125/1745 1811/2011/1861
f 1807/2007/1855 2892/3123/1749 2893/3124/1747 1809/2009/1837
f 1805/2005/1853 2891/3122/1751 2892/3123/1749 1807/2007/1855
f 1803/2003/1829 2922/3154/1225 2891/3122/1751 1805/2005/1853
f 2921/3152/1693 2954/3187/1693 2923/3155/1225 2922/3153/1225
f 2920/3151/1696 2953/3186/1696 2954/3187/1693 2921/3152/1693
f 2919/3150/1698 2952/3185/1698 2953/3186/1696 2920/3151/1696
f 2918/3149/1700 2951/3184/1700 2952/3185/1698 2919/3150/1698
f 2917/3148/1702 2950/3183/1702 2951/3184/1700 2918/3149/1700
f 2916/3147/1704 2949/3182/1704 2950/3183/1702 2917/3148/1702
f 2915/3146/1706 2948/3181/1706 2949/3182/1704 2916/3147/1704
f 2914/3145/1262 2947/3180/1262 2948/3181/1706 2915/3146/1706
f 2913/3144/1709 2946/3179/1709 2947/3180/1262 2914/3145/1262
f 2912/3143/1711 2945/3178/1711 2946/3179/1709 2913/3144/1709
f 2911/3142/1713 2944/3177/1713 2945/3178/1711 2912/3143/1711
f 2910/3141/1715 2943/3176/1715 2944/3177/1713 2911/3142/1713
f 2909/3140/1717 2942/3175/1717 2943/3176/1715 2910/3141/1715
f 2908/3139/1719 2941/3174/1719 2942/3175/1717 2909/3140/1717
f 2907/3138/1721 2940/3173/1721 2941/3174/1719 2908/3139/1719
f 2906/3137/1193 2939/3172/1193 2940/3173/1721 2907/3138/1721
f 2905/3136/1724 2938/3171/1724 2939/3172/1193 2906/3137/1193
f 2904/3135/1726 2937/3170/1726 2938/3171/1724 2905/3136/1724
f 2903/3134/1728 2936/3169/1728 2937/3170/1726 2904/3135/1726
f 2902/3133/1730 2935/3168/1730 2936/3169/1728 2903/3134/1728
f 2901/3132/1732 2934/3167/1732 2935/3168/1730 2902/3133/1730
f 2900/3131/1734 2933/3166/1734 2934/3167/1732 2901/3132/1732
f 2899/3130/1736 2932/3165/1736 2933/3166/1734 2900/3131/1734
f 2898/3129/968 2931/3164/968 2932/3165/1736 2899/3130/1736
f 2897/3128/1739 2930/3163/1739 2931/3164/968 2898/3129/968
f 2896/3127/1741 2929/3162/1741 2930/3163/1739 2897/3128/1739
f 2895/3126/1743 2928/3161/1743 2929/3162/1741 2896/3127/1741
f 2894/3125/1745 2927/3160/1745 2928/3161/1743 2895/3126/1743
f 2893/3124/1747 2926/3159/1747 2927/3160/1745 2894/3125/1745
f 2892/3123/1749 2925/3158/1749 2926/3159/1747 2893/3124/1747
f 2891/3122/1751 2924/3157/1751 2925/3158/1749 2892/3123/1749
f 2922/3154/1225 2923/3156/1225 2924/3157/1751 2891/3122/1751
s 0
usemtl 
f 254/254/687 9/9/687 88/88/687
f 256/256/688 11/11/688 9/9/688 254/254/688
f 13/13/689 11/11/689 256/256/689 842/961/689 840/959/689 841/960/689
f 843/962/690 844/963/690 14/14/690 13/13/690 841/960/690
f 3/3/691 16/16/691 14/14/691 844/963/691 845/964/691 846/965/691
f 16/16/692 3/3/692 258/258/692 18/18/692
f 258/258/693 5/5/693 21/21/693 18/18/693
f 7/7/694 23/23/694 21/21/694 5/5/694
f 23/23/695 38/38/695 37/37/695 21/21/695
f 9/9/696 25/25/696 88/88/696
f 9/9/697 11/11/697 27/27/697 25/25/697
f 13/13/698 29/29/698 27/27/698 11/11/698
f 14/14/699 31/31/699 29/29/699 13/13/699
f 16/16/700 33/33/700 31/31/700 14/14/700
f 16/16/701 18/18/701 35/35/701 33/33/701
f 18/18/702 21/21/702 37/37/702 35/35/702
f 31/31/703 47/47/703 44/44/703 29/29/703
f 33/33/704 49/49/704 47/47/704 31/31/704
f 33/33/705 35/35/705 51/51/705 49/49/705
f 35/35/706 37/37/706 53/53/706 51/51/706
f 37/37/707 38/38/707 54/54/707 53/53/707
f 25/25/708 41/41/708 88/88/708
f 25/25/709 27/27/709 43/43/709 41/41/709
f 27/27/710 29/29/710 44/44/710 43/43/710
f 53/53/711 54/54/711 71/71/711 69/69/711
f 41/41/712 57/57/712 88/88/712
f 41/41/713 43/43/713 59/59/713 57/57/713
f 43/43/714 44/44/714 61/61/714 59/59/714
f 44/44/715 47/47/715 63/63/715 61/61/715
f 49/49/716 65/65/716 63/63/716 47/47/716
f 49/49/717 51/51/717 67/67/717 65/65/717
f 51/51/718 53/53/718 69/69/718 67/67/718
f 65/65/719 81/81/719 79/79/719 63/63/719
f 65/65/720 67/67/720 83/83/720 81/81/720
f 67/67/721 69/69/721 85/85/721 83/83/721
f 69/69/722 71/71/722 87/87/722 85/85/722
f 57/57/723 73/73/723 88/88/723
f 57/57/724 59/59/724 75/75/724 73/73/724
f 59/59/725 61/61/725 77/77/725 75/75/725
f 61/61/726 63/63/726 79/79/726 77/77/726
f 73/73/727 91/91/727 88/88/727
f 73/73/728 75/75/728 93/93/728 91/91/728
f 75/75/729 77/77/729 95/95/729 93/93/729
f 77/77/730 79/79/730 97/97/730 95/95/730
f 79/79/731 81/81/731 99/99/731 97/97/731
f 81/81/732 83/83/732 101/101/732 99/99/732
f 83/83/733 85/85/733 103/103/733 101/101/733
f 85/85/734 87/87/734 105/105/734 103/103/734
f 97/97/735 99/99/735 115/115/735 113/113/735
f 99/99/736 101/101/736 117/117/736 115/115/736
f 101/101/737 103/103/737 119/119/737 117/117/737
f 103/103/738 105/105/738 121/121/738 119/119/738
f 91/91/739 107/107/739 88/88/739
f 91/91/740 93/93/740 109/109/740 107/107/740
f 93/93/741 95/95/741 111/111/741 109/109/741
f 95/95/742 97/97/742 113/113/742 111/111/742
f 107/107/743 109/109/743 125/125/743 123/123/743
f 109/109/744 111/111/744 127/127/744 125/125/744
f 111/111/745 113/113/745 128/128/745 127/127/745
f 113/113/746 115/115/746 131/131/746 128/128/746
f 115/115/747 117/117/747 133/133/747 131/131/747
f 117/117/748 119/119/748 135/135/748 133/133/748
f 119/119/749 121/121/749 137/137/749 135/135/749
f 107/107/750 123/123/750 88/88/750
f 143/143/751 159/159/751 157/157/751 141/141/751
f 145/145/752 161/161/752 159/159/752 143/143/752
f 145/145/753 147/147/753 163/163/753 161/161/753
f 147/147/754 148/148/754 164/164/754 163/163/754
f 148/148/755 150/150/755 166/166/755 164/164/755
f 150/150/756 152/152/756 169/169/756 166/166/756
f 139/139/757 155/155/757 88/88/757
f 141/141/758 157/157/758 155/155/758 139/139/758
f 164/164/759 166/166/759 183/183/759 181/181/759
f 166/166/760 169/169/760 185/185/760 183/183/760
f 155/155/761 170/170/761 88/88/761
f 157/157/762 172/172/762 170/170/762 155/155/762
f 159/159/763 174/174/763 172/172/763 157/157/763
f 161/161/764 176/176/764 174/174/764 159/159/764
f 161/161/765 163/163/765 179/179/765 176/176/765
f 163/163/766 164/164/766 181/181/766 179/179/766
f 176/176/767 193/193/767 191/191/767 174/174/767
f 176/176/768 179/179/768 195/195/768 193/193/768
f 179/179/769 181/181/769 197/197/769 195/195/769
f 181/181/770 183/183/770 199/199/770 197/197/770
f 183/183/771 185/185/771 201/201/771 199/199/771
f 170/170/772 187/187/772 88/88/772
f 172/172/773 189/189/773 187/187/773 170/170/773
f 174/174/774 191/191/774 189/189/774 172/172/774
f 199/199/775 201/201/775 213/213/775 212/212/775
f 187/187/776 202/202/776 88/88/776
f 189/189/777 204/204/777 202/202/777 187/187/777
f 191/191/778 206/206/778 204/204/778 189/189/778
f 847/966/779 206/206/779 191/191/779 193/193/779 849/968/779 848/967/779
f 193/193/780 195/195/780 850/969/780 851/970/780 849/968/780
f 850/969/781 195/195/781 197/197/781 853/972/781 854/973/781 855/974/781 852/971/781
f 853/972/782 197/197/782 199/199/782 212/212/782 856/975/782
f 856/975/783 212/212/783 224/224/783 859/978/783 858/977/783 857/976/783
f 212/212/784 213/213/784 226/226/784 224/224/784
f 202/202/785 215/215/785 88/88/785
f 204/204/786 217/217/786 215/215/786 202/202/786
f 206/206/787 861/980/787 860/979/787 217/217/787 204/204/787
f 206/206/788 847/966/788 861/980/788
f 215/215/789 227/227/789 88/88/789
f 217/217/790 229/229/790 227/227/790 215/215/790
f 229/229/791 217/217/791 860/979/791 862/981/791
f 234/234/792 865/984/792 864/983/792 863/982/792
f 859/978/793 224/224/793 236/236/793 234/234/793 863/982/793
f 224/224/794 226/226/794 238/238/794 236/236/794
f 865/984/795 234/234/795 248/248/795 867/986/795 866/985/795
f 234/234/796 236/236/796 249/249/796 248/248/796
f 238/238/797 251/251/797 249/249/797 236/236/797
f 227/227/798 240/240/798 88/88/798
f 229/229/799 242/242/799 240/240/799 227/227/799
f 242/242/800 229/229/800 862/981/800 869/988/800 868/987/800
f 242/242/801 256/256/801 254/254/801 240/240/801
f 256/256/802 242/242/802 868/987/802 870/989/802 842/961/802
f 871/990/803 3/3/803 846/965/803 872/991/803
f 867/986/804 248/248/804 258/258/804 3/3/804 871/990/804 873/992/804
f 248/248/805 249/249/805 5/5/805 258/258/805
f 251/251/806 7/7/806 5/5/806 249/249/806
f 240/240/807 254/254/807 88/88/807
f 143/143/10 141/141/10 139/139/10 88/88/10 123/123/10 125/125/10 127/127/10 128/128/10 131/131/10 133/133/10 135/135/10 137/137/10 152/152/10 150/150/10 148/148/10 147/147/10 145/145/10
f 251/251/808 238/238/808 226/226/808 213/213/808 201/201/808 185/185/808 169/169/808 152/152/808 137/137/808 121/121/808 105/105/808 87/87/808 71/71/808 54/54/808 38/38/808 23/23/808 7/7/808
o Cube.003
v 0.055379 1.084524 -0.157734
v 3.709908 -0.528590 0.009728
v 0.065556 0.950439 -0.404139
v 0.052929 0.527077 -0.441811
v 0.036042 0.220341 0.186084
v 3.209702 -0.892238 -0.328663
v 3.574263 -0.528968 0.138311
v 3.657821 -0.340153 0.134429
v 1.864929 1.001381 -0.198199
v 1.844112 1.001381 0.362425
v 4.037613 -1.021047 -0.453499
v 4.075455 -1.022087 -0.069149
v 3.032156 0.391391 0.088816
v 4.214007 0.021609 -0.809194
v 3.697088 -0.641965 0.046148
v 4.144938 -0.011871 -0.514661
v 3.775147 -0.596503 0.047192
v 3.587212 0.441033 -0.463029
v 3.601829 0.436959 -0.110594
v 3.759739 -0.460108 0.043661
v 4.170846 1.170331 -0.589230
v 3.633781 -0.529041 0.043971
v 4.801353 -1.396673 -0.291566
v 4.161268 1.161482 -0.364542
v 4.707206 -1.163175 -0.287775
v 4.019286 1.347478 -0.560747
v 4.615635 -1.638265 -0.287013
v 3.614696 -0.644022 0.120966
v 4.759762 -1.576749 -0.290105
v 3.677289 -0.417846 0.041853
v 4.365301 -1.384092 -0.339254
v 1.898308 -0.608946 0.118557
v 4.481551 -1.568530 -0.314043
v 4.284169 -1.068350 -0.327957
v 4.014571 1.341481 -0.327564
v 4.275649 -1.167930 -0.319350
v 3.601326 -0.416084 0.118244
v 4.531224 -1.059996 -0.313723
v 1.535035 -1.108951 0.118557
v 4.373018 -1.072106 -0.342509
v 4.439704 -1.633968 -0.465396
v 3.073880 -0.608946 0.118557
v 4.462081 -1.629442 -0.162553
v 2.486094 -0.417963 0.118557
v 3.731388 -0.351519 0.115988
v 4.604847 -0.958283 -0.509099
v 4.617525 -0.974399 -0.237094
v 4.589725 -2.132911 -0.369060
v 4.609070 -2.119242 -0.069055
v 4.994635 -2.048821 -0.455458
v 5.004284 -2.037526 -0.173240
v 4.560177 -2.716744 -0.320829
v 4.546177 -2.674751 -0.028373
v 4.885197 -2.721759 -0.416541
v 4.870041 -2.682944 -0.148454
v 4.251300 -3.412027 -0.082367
v 4.237192 -3.385772 0.159702
v 4.457714 -3.174372 -0.127878
v 4.441980 -3.144162 0.103051
v 4.275123 -3.189310 0.187030
v 4.581644 -3.013482 0.067719
v 4.601879 -3.056118 -0.230088
v 4.294066 -3.226449 -0.130389
v 0.834002 1.272098 -0.461315
v 0.817427 1.272098 0.301265
v 0.711226 -0.704935 -0.456868
v 0.694701 -0.704935 0.296683
v 1.466381 1.159642 0.383479
v 1.136030 -0.953480 -0.221540
v 1.494223 1.159643 -0.235153
v 1.108327 -0.953480 0.372035
v 3.644376 -1.082172 -0.379997
v 3.668350 -1.083085 0.019873
v 4.115284 0.597668 -0.453196
v 3.685421 0.626568 -0.210143
v 3.682415 0.636896 -0.537432
v 4.161912 0.625091 -0.727231
v 4.168368 1.000058 -0.356792
v 4.189047 1.016847 -0.647990
v 3.871293 1.176685 -0.267704
v 3.875563 1.184313 -0.585168
v 0.028871 -0.338509 -0.098355
v 0.033744 -0.209893 0.147614
v 0.029910 -0.338430 -0.157863
v 0.046952 0.220342 -0.441938
v 0.640857 1.268011 -0.491841
v 1.646859 1.115784 0.396909
v 1.876516 1.384684 0.087074
v 1.810496 -0.020760 -0.304530
v 1.781238 -0.020760 0.442302
v 1.299883 -1.016171 -0.176006
v 0.572936 -0.589089 0.261493
v 3.641946 -0.256943 -0.467528
v 3.679417 -0.259432 0.059909
v 4.154398 -1.383597 -0.275508
v 3.909365 -1.067003 -0.415527
v 2.205022 0.758476 0.274797
v 3.485112 0.501532 -0.254803
v 3.860486 0.261932 -0.668662
v 3.844073 0.236987 -0.234167
v 4.322393 0.089013 -0.683309
v 3.355731 0.416507 -0.386896
v 4.077305 -0.436796 -0.605454
v 4.079851 -0.454389 -0.176490
v 3.378149 0.414735 -0.007086
v 4.001043 1.368131 -0.441471
v 4.096135 1.263766 -0.599350
v 4.088141 1.255902 -0.318705
v 4.177633 1.148979 -0.481968
v 4.179449 1.104869 -0.344134
v 3.672678 0.489148 -0.174801
v 3.664697 0.497902 -0.508978
v 4.193979 1.117804 -0.627454
v 4.407385 -1.749149 -0.283657
v 4.661193 -0.827800 -0.383926
v 4.277974 -1.337621 -0.476987
v 4.303079 -1.338264 -0.162089
v 4.365626 -0.457151 -0.356580
v 4.387776 -0.442396 -0.623672
v 4.533893 -2.144827 -0.202436
v 5.089998 -2.029980 -0.334082
v 4.772335 -2.089310 -0.464333
v 4.793567 -2.072074 -0.063590
v 4.885478 -1.568373 -0.513479
v 4.536472 -1.887888 -0.425603
v 4.557773 -1.879590 -0.123657
v 4.900030 -1.565984 -0.237202
v 4.490903 -2.695727 -0.155383
v 4.938477 -2.705142 -0.301959
v 4.725689 -2.725033 -0.422611
v 4.705280 -2.668547 -0.036451
v 4.963789 -2.414907 -0.429840
v 4.606781 -2.415388 -0.360174
v 4.608619 -2.387232 -0.069795
v 4.961827 -2.390600 -0.159616
v 4.220195 -3.437931 0.040100
v 4.473405 -3.137912 -0.022957
v 4.340276 -3.295624 -0.117289
v 4.322393 -3.261854 0.171891
v 4.233583 -3.352945 0.194362
v 4.715273 -2.883640 -0.026230
v 4.733505 -2.927245 -0.311953
v 4.416372 -2.987918 -0.202741
v 4.395452 -2.945553 0.103377
v 4.502079 -3.088644 0.106470
v 4.522258 -3.128119 -0.184236
v 4.251491 -3.386460 -0.115400
v 4.231726 -3.242638 0.041126
v 4.444446 -3.143565 -0.228693
v 4.651540 -3.006484 -0.111051
v 4.416769 -3.088889 0.195025
v 1.170342 1.214263 -0.348511
v 0.627360 1.268012 0.263795
v 0.586410 -0.589089 -0.489993
v 0.905649 -0.831848 0.334612
v 0.752961 0.283581 0.441111
v 0.775717 0.283581 -0.601228
v 0.679948 -1.075629 -0.080106
v 0.848730 1.642792 -0.080012
v 1.148130 1.214263 0.342719
v 0.927765 -0.831848 -0.339411
v 1.675942 1.115784 -0.188645
v 1.270826 -1.016171 0.379943
v 1.055030 -1.349690 0.075451
v 1.282147 0.103081 0.491402
v 1.320334 0.103081 -0.341990
v 1.547450 1.555853 0.073960
v 3.943922 -1.068051 -0.044810
v 2.206024 0.758476 -0.234338
v 3.145939 -0.288212 0.180874
v 3.122988 -0.288212 -0.407337
v 3.804588 -1.376181 -0.202634
v 4.118846 0.380512 -0.503992
v 3.741288 0.890358 -0.245166
v 3.743087 0.900555 -0.566070
v 4.178977 0.411614 -0.774332
v 3.899648 0.621538 -0.700888
v 4.259790 0.625740 -0.609199
v 3.611567 0.639478 -0.335765
v 3.869925 0.593679 -0.290077
v 4.136680 0.813422 -0.398058
v 4.168811 0.835660 -0.681073
v 3.972411 1.325322 -0.287596
v 3.977562 1.332794 -0.587461
v 4.035298 1.102626 -0.669890
v 4.232387 0.976123 -0.519594
v 3.814615 1.211918 -0.415762
v 4.020839 1.086405 -0.251024
v 0.043323 -0.209968 -0.403559
v 1.731909 1.515526 0.104537
v 4.052856 -1.341586 -0.252922
v 0.568975 -0.937783 -0.114295
v 1.493363 0.049806 -0.289341
v 0.596812 0.339789 0.404246
v 3.767178 0.018388 -0.528577
v 3.462544 -0.344731 -0.437525
v 3.498371 -0.345343 0.109146
v 4.078575 1.216050 -0.255966
v 3.793355 0.009506 -0.034213
v 3.194072 0.574181 -0.160509
v 4.298492 -1.541255 -0.304577
v 4.087583 1.267123 -0.459967
v 3.933949 1.369819 -0.430069
v 4.218918 1.068528 -0.499497
v 4.090008 1.227847 -0.660052
v 4.697340 -1.738379 -0.528186
v 4.306778 -0.908883 -0.144309
v 4.283597 -0.879030 -0.544202
v 4.439211 -0.326498 -0.548195
v 4.780770 -2.417148 -0.452741
v 4.488399 -1.937345 -0.252986
v 4.720881 -1.730533 -0.130405
v 4.964130 -1.496240 -0.388617
v 4.350702 -3.207038 0.223473
v 4.543321 -2.403628 -0.196599
v 4.779594 -2.380106 -0.068426
v 5.033871 -2.405277 -0.305013
v 4.317986 -3.288863 0.031251
v 4.575125 -3.066732 -0.068411
v 4.376100 -3.256170 -0.190235
v 4.199655 -3.424951 0.042911
v 4.342109 -2.978451 -0.030748
v 4.582168 -2.963823 -0.309717
v 4.780948 -2.895656 -0.195973
v 4.556391 -2.904480 0.098108
v 1.022734 0.191207 0.466659
v 0.615368 0.339789 -0.632528
v 0.871233 -1.215493 -0.002306
v 0.643206 1.617362 -0.113987
v 1.214846 -1.415912 0.101563
v 1.453392 0.049806 0.495442
v 1.053209 0.191207 -0.471954
v 1.204711 1.597908 -0.002989
v 2.110075 1.100782 0.035649
v 2.372393 -0.170121 0.265014
v 2.226175 -0.168564 -0.284645
v 3.897942 0.444702 -0.710374
v 4.280036 0.411239 -0.657441
v 3.588629 0.509907 -0.301532
v 3.865415 0.415309 -0.298757
v 3.945228 0.864689 -0.683172
v 4.244436 0.818931 -0.558561
v 3.671844 0.911620 -0.382074
v 3.922957 0.841584 -0.269047
v 3.607658 -0.636829 0.141348
v 3.573777 -0.540984 0.156176
v 3.573029 -0.525728 0.157634
v 3.618142 -0.653835 0.137835
v 3.747520 -0.696801 0.108231
v 3.690257 -0.705143 0.119357
v 3.648347 -0.679969 0.129796
v 3.572498 -0.515498 0.158092
v 3.591230 -0.428590 0.155703
v 3.774693 -0.671090 0.101201
v 3.771213 -0.677508 0.102060
v 3.752698 -0.695693 0.106821
v 3.594953 -0.420926 0.154875
v 3.597317 -0.415801 0.155047
v 3.806376 -0.611288 0.102021
v 3.804271 -0.623273 0.101205
v 3.606282 -0.396444 0.152845
v 3.622947 -0.378853 0.148606
v 3.807167 -0.504273 0.099700
v 3.808049 -0.507451 0.099516
v 3.812023 -0.548375 0.099365
v 3.696832 -0.345172 0.127753
v 3.689463 -0.343944 0.129856
v 3.658411 -0.339742 0.135768
v 3.657271 -0.340262 0.136086
v 3.786022 -0.429045 0.105356
v 3.737256 -0.356675 0.117694
v 3.733070 -0.351971 0.118735
v 3.732671 -0.351534 0.118810
v 3.730697 -0.350380 0.119265
v 1.755909 -0.914749 -0.219385
v 1.727057 -0.952698 -0.213962
v 1.679064 -1.038784 -0.202379
v 1.698485 -0.990198 -0.208341
v 1.541391 -1.422628 0.068368
v 1.557616 -1.232163 -0.059761
v 1.557944 -1.179453 0.238506
v 1.633758 -1.037467 0.330986
v 1.535035 -1.352580 0.118557
v 1.644514 -1.004641 0.333816
v 1.735040 -0.880966 0.338110
v 2.239861 -0.536066 0.308266
v 2.028938 -0.608948 0.329926
v 1.830771 -0.749812 0.340935
v 2.401706 -0.479275 0.287332
v 2.545512 -0.467494 0.264458
v 2.573801 -0.465357 0.260476
v 3.237640 -0.834344 0.118557
v 3.408617 -1.081411 0.064413
v 3.082684 -0.636044 0.164659
v 3.034112 -0.603629 0.175670
v 1.830720 -0.816966 -0.235347
v 2.579660 -0.576478 -0.327124
v 2.229454 -0.556642 -0.296708
v 2.183598 -0.570804 -0.291168
v 2.787791 -0.608951 -0.344355
v 2.715168 -0.584398 -0.339591
v 3.072055 -0.807605 -0.352120
v 3.259613 -1.078481 -0.343041
v 3.239749 -1.016583 -0.347234
v 3.191289 -0.905615 -0.353566
v 3.374763 -1.300955 -0.208108
v 3.386758 -1.398212 -0.145306
v 3.414193 -1.178965 -0.000582
v 3.409192 -1.082364 0.063706
v 1.535130 -1.138685 0.117808
v 1.535087 -1.109231 0.118152
v 1.540446 -1.138476 0.075827
v 3.320115 -0.997438 -0.111566
v 3.346035 -1.022135 -0.060600
v 3.328918 -0.998150 -0.058625
v 1.535243 -1.108800 0.118141
v 1.652066 -0.951185 0.108359
v 1.699910 -0.950824 -0.093199
v 1.638336 -1.033899 -0.088044
v 1.600225 -1.138807 -0.085468
v 3.268987 -0.994770 -0.249451
v 3.393504 -1.190732 -0.067254
v 3.323167 -1.187063 -0.257042
v 3.180179 -0.782251 -0.006752
v 3.166629 -0.781156 -0.088230
v 3.229457 -0.851302 -0.012438
v 3.238083 -0.863389 -0.013433
v 3.224534 -0.862294 -0.094912
v 1.743954 -0.821397 0.118557
v 1.746391 -0.821610 0.135112
v 1.802297 -0.743659 0.130460
v 1.800545 -0.743506 0.118557
v 1.760008 -0.821275 0.050929
v 1.817746 -0.743376 0.046094
v 1.906617 -0.641137 0.031150
v 1.882042 -0.659010 0.033384
v 1.887931 -0.640883 0.064223
v 3.094241 -0.675116 -0.004288
v 3.137897 -0.742471 -0.092233
v 3.111762 -0.687958 -0.006175
v 3.043072 -0.672966 -0.082021
v 3.160671 -0.756493 -0.011819
v 3.147122 -0.755397 -0.093297
v 1.857839 -0.664647 0.118557
v 1.818443 -0.718871 0.118557
v 1.818920 -0.718913 0.121795
v 1.875382 -0.640978 0.117088
v 1.837781 -0.718725 0.037090
v 4.465539 -1.529294 -0.498467
v 4.527247 -1.591337 -0.504769
v 4.631296 -1.594296 -0.537526
v 4.552209 -1.602811 -0.510212
v 4.566577 -1.070609 -0.520630
v 4.764912 -1.495196 -0.520084
v 4.601973 -1.082602 -0.514359
v 4.717865 -1.246757 -0.508327
v 4.742387 -1.310213 -0.510173
v 4.771972 -1.470038 -0.518286
v 4.624387 -1.100347 -0.511252
v 4.767820 -1.491828 -0.519695
v 4.690832 -1.580606 -0.530633
v 4.662640 -1.593478 -0.533911
v 4.319464 -1.231756 -0.152892
v 4.411405 -1.439688 -0.174501
v 4.298882 -1.130415 -0.139594
v 4.357879 -1.332497 -0.167142
v 4.303007 -1.091232 -0.140237
v 4.329742 -1.068563 -0.150008
v 4.445745 -1.491372 -0.173482
v 4.486784 -1.541149 -0.166638
v 4.460547 -1.514553 -0.171221
v 4.361320 -1.063800 -0.154333
v 4.332457 -1.066167 -0.150554
v 4.371133 -1.062379 -0.163026
v 4.425354 -1.062256 -0.191950
v 4.447890 -1.066513 -0.197958
v 4.505892 -1.064796 -0.211018
v 4.585171 -1.088638 -0.217159
v 4.560615 -1.075303 -0.216539
v 4.343352 -1.033517 -0.549250
v 4.339010 -1.034613 -0.549194
v 4.477827 -1.041170 -0.534925
v 4.439623 -1.037381 -0.541178
v 4.305205 -1.247000 -0.496435
v 4.335533 -1.320195 -0.499661
v 4.283470 -1.135305 -0.499416
v 4.332963 -1.315758 -0.499309
v 4.334908 -1.036285 -0.547188
v 4.288745 -1.092139 -0.511025
v 4.447721 -1.510120 -0.498575
v 4.398623 -1.435238 -0.501032
v 4.709457 -1.591807 -0.160163
v 4.634472 -1.115871 -0.219711
v 4.666871 -1.610174 -0.139082
v 4.730418 -1.583282 -0.170666
v 4.766284 -1.542746 -0.193255
v 4.719251 -1.188640 -0.229372
v 4.790384 -1.369226 -0.230932
v 4.795867 -1.413407 -0.226517
v 4.690383 -1.152529 -0.226278
v 4.519320 -1.573527 -0.159289
v 4.563126 -1.596244 -0.151142
v 4.591252 -1.609014 -0.145788
v 4.664972 -1.611023 -0.139160
v 3.717988 -0.115868 -0.496746
v 3.563174 -0.300313 -0.452438
v 3.583747 0.201458 -0.464950
v 3.332723 0.060632 -0.396435
v 3.198705 0.409811 -0.350837
v 3.107180 0.024799 -0.364780
v 3.226378 0.044586 -0.379878
v 3.479955 0.133036 -0.430106
v 3.585554 -0.231900 0.021701
v 3.589396 -0.308772 0.078986
v 3.546620 -0.974679 -0.339716
v 3.048754 -0.258494 -0.360856
v 3.069380 -0.258494 0.121631
v 3.393158 -0.308155 0.063287
v 2.374227 -0.152371 0.190648
v 2.560489 -0.517546 -0.295060
v 2.682264 -0.524663 -0.305287
v 3.171533 -0.968675 -0.308117
v 3.362098 -0.307795 -0.385204
v 2.242828 -0.150972 -0.260217
v 2.723055 0.562902 -0.093756
v 2.477347 0.600131 -0.065649
v 3.518073 -0.339454 0.094927
v 3.556722 -0.304420 0.084154
v 3.555500 -0.304874 0.084425
v 2.747527 -0.546728 -0.309195
v 3.002983 -0.725250 -0.315564
v 2.530752 0.460051 -0.249058
v 2.711430 0.354674 -0.266314
v 2.224719 0.682119 -0.218952
v 2.344606 0.729505 -0.040906
v 3.295461 0.385734 -0.341638
v 3.142102 0.525077 -0.156210
v 2.548165 0.460051 0.124315
v 2.223819 0.682119 0.198673
v 2.737771 0.354674 0.083698
v 3.110134 -0.813328 -0.316750
v 2.949887 0.355263 -0.287690
v 2.834722 0.356151 -0.276541
v 3.140586 0.375711 -0.312633
v 3.039061 0.024108 -0.325498
v 2.976354 0.354921 0.046978
v 3.315745 0.384182 -0.030133
v 2.138493 0.989734 0.002509
v 3.153683 -0.913049 -0.311556
v 3.255110 0.060199 -0.350452
v 3.152821 0.043822 -0.337325
v 3.401313 0.128809 -0.377596
v 0.560036 -0.449877 -0.443608
v 0.543489 -0.219272 -0.394817
v 0.548095 -0.447367 0.207983
v 0.533910 -0.219197 0.156355
v 0.565723 0.941135 -0.395397
v 0.597617 1.152900 -0.444042
v 0.585245 1.150423 0.208465
v 0.556145 0.941265 0.157486
v 0.547119 0.211038 -0.433196
v 0.553095 0.517773 -0.433069
v 0.565988 0.358140 -0.515722
v 0.539009 -0.624339 -0.118041
v 0.529038 -0.347813 -0.089613
v 0.530076 -0.347734 -0.149121
v 0.552118 0.358107 0.279892
v 0.542202 0.517760 0.195048
v 0.536209 0.211037 0.194826
v 0.555546 1.075220 -0.148992
v 0.554523 1.075647 -0.089486
v 0.580656 1.337339 -0.117866
v 0.535085 0.523192 -0.149114
v 0.529607 0.216535 -0.149142
v 0.528566 0.216538 -0.089643
v 0.534043 0.523190 -0.089611
v 0.055979 0.950569 0.148744
v 0.042035 0.527064 0.186307
v 0.054357 1.084951 -0.098228
v 0.029441 0.225839 -0.157884
v 0.034918 0.532496 -0.157856
v 0.028399 0.225842 -0.098385
v 0.033876 0.532494 -0.098353
v 0.375532 -0.564144 0.428232
v 0.334792 0.347576 0.508654
v 0.365339 1.275799 0.368202
v 0.350691 -0.422422 0.374722
v 0.290097 0.365895 0.384300
v 0.323224 1.158210 0.312872
v 0.291567 -0.570947 0.653863
v 0.350902 0.357931 0.785878
v 0.253955 -0.429225 0.608413
v 0.276102 0.376250 0.676945
v 0.057193 1.421127 0.678711
v 0.035531 0.762896 0.778309
v 0.003837 0.775886 0.690126
v 0.027328 1.337741 0.639475
v 0.397338 -0.573039 -0.505845
v 0.379903 -0.844492 -0.239390
v 0.370964 -0.581579 -0.454442
v 0.349937 -0.799313 -0.210575
v 0.334222 -0.865431 -0.644409
v 0.316788 -1.136884 -0.377954
v 0.307849 -0.873971 -0.593006
v 0.286821 -1.091705 -0.349139
v 0.453199 1.285948 -0.586890
v 0.427710 0.357725 -0.727577
v 0.409959 1.170837 -0.539090
v 0.378329 0.376077 -0.610770
v 0.416213 1.377143 -0.769852
v 0.390725 0.448921 -0.910540
v 0.372973 1.262032 -0.722053
v 0.341344 0.467272 -0.793733
vn -0.8567 -0.4631 0.2272
vn -0.9392 -0.0445 0.3405
vn -0.6008 0.0758 0.7958
vn 0.0799 -0.7188 0.6906
vn 0.1066 0.0191 0.9941
vn -0.2114 0.5174 0.8292
vn 0.3718 0.6625 0.6503
vn 0.6666 0.0686 0.7423
vn -0.9847 0.1725 -0.0244
vn -0.9190 0.1768 -0.3524
vn -0.8012 0.5893 -0.1043
vn -0.9537 0.1802 0.2408
vn 0.0250 0.4683 -0.8832
vn 0.3209 0.2094 -0.9237
vn 0.2359 0.9718 -0.0039
vn 0.4522 0.8630 0.2253
vn 0.1746 0.2467 -0.9532
vn -0.0348 0.2467 0.9685
vn 0.1420 0.1935 0.9708
vn 0.3218 0.1789 0.9297
vn 0.6593 0.7491 0.0646
vn 0.1120 0.2303 -0.9666
vn 0.1038 -0.2688 0.9576
vn 0.1170 -0.9914 0.0579
vn 0.0520 -0.9968 0.0611
vn 0.2412 -0.3029 0.9220
vn -0.1501 -0.2297 -0.9616
vn -0.1547 -0.2565 -0.9541
vn -0.3068 -0.2522 -0.9177
vn -0.5459 -0.8340 0.0799
vn 0.3446 -0.0794 0.9354
vn 0.1106 -0.3155 -0.9425
vn -0.5966 -0.7975 -0.0898
vn -0.2700 -0.1698 -0.9478
vn -0.3755 -0.2549 0.8911
vn -0.6376 -0.4435 0.6299
vn -0.7157 0.2072 0.6670
vn -0.8621 0.1986 -0.4662
vn -0.4206 0.1808 -0.8891
vn -0.5245 0.2472 0.8147
vn -0.9621 -0.0891 -0.2578
vn 0.1093 -0.0239 -0.9937
vn 0.3353 -0.0500 -0.9408
vn -0.0308 0.0129 -0.9994
vn 0.2663 -0.2866 -0.9203
vn 0.3010 -0.3112 -0.9014
vn 0.0302 -0.2901 -0.9565
vn 0.1851 -0.2597 -0.9478
vn 0.1884 -0.2817 -0.9408
vn 0.1956 -0.3238 -0.9257
vn -0.1243 0.2964 0.9470
vn -0.1814 0.0113 0.9833
vn -0.7241 -0.1822 -0.6652
vn -0.8753 -0.1269 0.4667
vn -0.4798 -0.2049 0.8531
vn -0.5127 -0.2048 -0.8338
vn 0.1286 -0.0831 -0.9882
vn -0.9764 -0.0968 0.1928
vn -0.7926 -0.2833 0.5399
vn 0.5857 -0.4234 -0.6912
vn -0.2389 -0.0704 -0.9685
vn -0.3361 -0.0913 -0.9374
vn -0.4349 -0.1231 -0.8920
vn -0.3041 -0.2256 -0.9256
vn -0.2904 0.0051 -0.9569
vn -0.5617 0.1174 -0.8190
vn -0.2959 0.2166 -0.9303
vn -0.4128 -0.0583 -0.9090
vn -0.5448 0.1799 -0.8190
vn -0.5183 -0.0788 -0.8516
vn 0.0610 -0.0632 -0.9961
vn -0.4050 0.0501 -0.9130
vn -0.1503 -0.0239 -0.9883
vn 0.5521 0.6785 -0.4846
vn -0.1643 0.6019 0.7814
vn -0.1713 -0.0325 -0.9847
vn 0.1989 0.9455 0.2579
vn -0.0185 0.0736 0.9971
vn 0.0467 0.0664 0.9967
vn 0.1516 0.0813 0.9851
vn 0.2218 0.0630 0.9731
vn 0.3464 0.0648 0.9359
vn 0.4581 0.0165 0.8888
vn 0.5813 -0.0594 0.8115
vn 0.5663 -0.1152 0.8161
vn 0.5769 -0.1788 0.7970
vn 0.2811 -0.1239 0.9516
vn 0.0741 0.2672 0.9608
vn 0.1723 0.1351 0.9757
vn -0.0944 -0.0021 0.9955
vn -0.1327 0.0560 0.9896
vn 0.1933 -0.1080 -0.9752
vn -0.2435 -0.0035 0.9699
vn -0.0460 -0.0247 0.9986
vn -0.2266 -0.0780 0.9709
vn 0.0492 -0.0243 0.9985
vn -0.0527 -0.0507 0.9973
vn 0.2972 -0.0247 0.9545
vn 0.2701 -0.0026 0.9628
vn 0.3466 0.0174 0.9378
vn 0.2998 0.2582 0.9184
vn 0.1156 -0.0111 0.9932
vn 0.4720 -0.0755 0.8783
vn -0.1136 0.7010 0.7040
vn 0.9699 0.2398 0.0424
vn -0.1942 0.9274 -0.3197
vn -0.1889 0.9318 -0.3099
vn -0.4020 -0.4432 0.8012
vn -0.2389 0.1750 0.9552
vn 0.1676 -0.0328 0.9853
vn 0.3585 0.0814 0.9300
vn -0.1041 0.4067 0.9076
vn 0.7231 -0.1693 0.6697
vn 0.7775 0.0580 0.6262
vn 0.8634 0.4779 0.1616
vn 0.7467 0.5518 0.3713
vn 0.4735 0.8157 0.3325
vn -0.3393 0.0693 0.9381
vn 0.5469 0.2580 0.7965
vn 0.2350 0.4368 0.8683
vn 0.0793 -0.0910 0.9927
vn 0.5767 0.2605 0.7743
vn 0.5464 -0.1577 0.8226
vn 0.4129 -0.1531 0.8978
vn 0.2718 -0.1115 0.9559
vn -0.1816 0.0025 -0.9834
vn 0.6590 0.2017 0.7246
vn 0.6653 0.2463 0.7048
vn 0.4506 0.5308 0.7178
vn 0.4314 0.6411 -0.6347
vn 0.0885 0.8709 0.4833
vn -0.5685 0.8008 0.1885
vn -0.0577 0.9981 -0.0232
vn -0.8311 -0.5561 0.0046
vn -0.1076 -0.1165 0.9873
vn -0.4443 -0.2872 -0.8486
vn -0.4998 -0.3017 -0.8119
vn -0.9005 -0.4183 0.1190
vn -0.3085 -0.0593 0.9494
vn 0.4256 0.8710 -0.2454
vn 0.4458 0.8950 0.0188
vn 0.7759 0.6296 0.0400
vn 0.6565 0.6754 -0.3358
vn 0.8654 0.4965 0.0676
vn 0.8466 0.5266 -0.0772
vn -0.5803 0.2977 -0.7580
vn -0.8686 0.4954 -0.0062
vn -0.5771 0.8166 0.0157
vn -0.3254 0.5145 -0.7933
vn 0.9939 -0.0325 0.1055
vn 0.9780 0.1597 0.1342
vn 0.5211 0.0827 -0.8495
vn 0.7667 0.2203 -0.6030
vn -0.0966 0.1396 -0.9855
vn 0.1365 0.2193 -0.9661
vn -0.0564 -0.1062 -0.9927
vn -0.5676 -0.3120 -0.7619
vn -0.0781 0.0350 -0.9963
vn -0.0687 0.1313 -0.9890
vn -0.2741 0.1414 -0.9513
vn -0.2108 0.0839 -0.9739
vn 0.0078 -0.2732 -0.9619
vn 0.3774 0.0735 -0.9231
vn 0.3416 0.0405 -0.9390
vn 0.0272 0.2253 -0.9739
vn -0.0707 0.2227 -0.9723
vn -0.1496 0.2007 -0.9682
vn -0.3171 0.1985 -0.9274
vn -0.5348 0.0452 -0.8437
vn -0.4043 -0.1220 -0.9064
vn -0.2921 -0.1674 -0.9416
vn -0.1317 -0.2025 -0.9704
vn -0.0235 -0.1936 -0.9808
vn 0.4713 -0.0367 -0.8812
vn -0.1172 -0.1188 -0.9860
vn -0.7089 -0.1629 -0.6862
vn 0.2720 0.1572 0.9494
vn 0.5226 0.4090 0.7481
vn 0.2133 -0.0495 0.9757
vn 0.1648 0.2495 0.9543
vn 0.2673 0.2184 0.9385
vn 0.2881 0.1932 0.9379
vn 0.3554 0.2160 0.9094
vn 0.4047 0.1992 0.8925
vn 0.4548 0.1555 0.8769
vn 0.5308 0.0435 0.8464
vn 0.4597 -0.0929 0.8832
vn 0.1837 -0.1543 0.9708
vn 0.1246 -0.1862 0.9746
vn 0.1642 -0.0744 0.9836
vn 0.4764 0.2922 0.8292
vn 0.3343 -0.1349 0.9328
vn 0.3406 -0.1603 0.9265
vn 0.3468 -0.0750 0.9349
vn 0.3179 -0.1347 0.9385
vn 0.1927 -0.1158 0.9744
vn -0.1215 -0.1779 -0.9765
vn 0.4007 -0.0967 -0.9111
vn 0.0633 -0.3148 -0.9470
vn 0.0797 -0.3052 -0.9490
vn 0.0695 -0.3060 -0.9495
vn -0.0397 -0.2863 -0.9573
vn -0.2491 -0.4267 -0.8694
vn 0.1669 -0.4396 -0.8826
vn 0.7096 -0.1450 -0.6895
vn 0.3848 0.0203 -0.9228
vn 0.1783 0.0502 -0.9827
vn 0.0982 0.0450 -0.9941
vn 0.0786 0.0528 -0.9955
vn 0.0307 0.0870 -0.9957
vn 0.9514 0.1282 -0.2800
vn 0.9278 0.3576 -0.1060
vn 0.8891 0.4495 0.0863
vn -0.1453 -0.0606 -0.9875
vn -0.6615 -0.0207 -0.7497
vn 0.4324 -0.1309 -0.8922
vn 0.3402 -0.2516 -0.9061
vn -0.2342 -0.1403 -0.9620
vn -0.6805 -0.0005 -0.7327
vn -0.9534 -0.2801 0.1122
vn -0.4261 0.0381 0.9039
vn -0.9765 -0.0804 0.2000
vn -0.3133 0.0551 0.9481
vn -0.0255 0.2681 0.9631
vn 0.1452 0.1844 0.9721
vn 0.6206 0.2664 0.7375
vn 0.1830 -0.0871 0.9793
vn 0.0931 -0.1040 0.9902
vn -0.1853 -0.0802 0.9794
vn -0.5403 -0.0098 0.8414
vn -0.5627 0.2778 0.7786
vn -0.1440 0.4756 0.8678
vn 0.1592 0.4794 0.8630
vn 0.2057 0.4656 0.8608
vn -0.1461 0.3012 0.9423
vn -0.0398 0.3048 0.9516
vn 0.0200 0.2945 0.9554
vn 0.0562 0.3007 0.9521
vn 0.1963 0.0696 0.9781
vn 0.6504 0.0754 0.7558
vn 0.9388 0.2851 -0.1931
vn 0.9984 0.0414 -0.0378
vn 0.6954 -0.2539 0.6723
vn 0.2921 0.0557 0.9548
vn 0.0440 -0.0516 0.9977
vn 0.7217 -0.4765 0.5020
vn -0.6388 0.3402 0.6901
vn -0.4766 -0.1510 0.8661
vn 0.2074 -0.8751 0.4373
vn 0.7423 -0.6241 0.2440
vn 0.6991 -0.6978 0.1557
vn -0.9979 0.0606 -0.0220
vn -0.3636 0.0907 0.9271
vn -0.9551 0.2819 -0.0906
vn -0.4250 0.4047 0.8097
vn 0.2625 -0.0132 0.9648
vn 0.6620 -0.1041 0.7422
vn 0.3309 0.1059 0.9377
vn 0.7025 -0.2161 0.6781
vn 0.9790 -0.1968 0.0533
vn 0.9092 -0.4162 -0.0111
vn 0.1160 -0.9903 0.0765
vn 0.7792 -0.6151 0.1202
vn 0.1411 -0.9637 -0.2268
vn 0.7327 -0.6806 -0.0013
vn 0.6734 -0.7311 0.1098
vn 0.6746 -0.7247 0.1403
vn 0.5147 -0.7441 -0.4259
vn 0.7150 -0.6764 0.1769
vn 0.6692 -0.7238 0.1683
vn 0.6295 -0.7532 -0.1907
vn -0.7559 0.1655 -0.6334
vn -0.3468 -0.1703 -0.9224
vn -0.3479 -0.1945 -0.9171
vn -0.6705 -0.2192 -0.7088
vn -0.9552 0.2936 -0.0362
vn -0.9896 -0.1428 -0.0188
vn -0.9017 0.4200 -0.1028
vn -0.5546 0.5527 0.6221
vn -0.7079 0.1333 -0.6936
vn -0.3331 -0.2502 -0.9091
vn 0.4207 -0.6661 -0.6159
vn 0.7866 -0.5864 0.1935
vn 0.6912 -0.1393 0.7091
vn 0.4168 0.1419 0.8978
vn -0.0695 0.2773 0.9583
vn -0.1297 0.0123 0.9915
vn -0.0826 0.0071 0.9966
vn -0.2961 -0.2369 0.9253
vn -0.2079 -0.2169 0.9538
vn -0.8298 -0.0789 0.5525
vn -0.8796 0.1795 0.4404
vn -0.4513 0.2153 0.8660
vn -0.4886 -0.1781 0.8541
vn 0.2796 0.2629 -0.9234
vn 0.2445 -0.0163 -0.9695
vn -0.8275 0.0532 0.5590
vn -0.8202 0.1292 -0.5574
vn -0.4329 0.1596 -0.8872
vn -0.3624 0.1259 0.9235
vn -0.4525 -0.8847 0.1122
vn -0.4584 -0.8876 -0.0458
vn 0.2642 -0.3346 -0.9046
vn 0.1497 -0.6594 0.7368
vn -0.7294 -0.1319 -0.6713
vn -0.4434 -0.1705 -0.8800
vn -0.5544 -0.2327 0.7990
vn 0.0780 0.9958 -0.0484
vn 0.7531 -0.5984 -0.2734
vn 0.9079 -0.4169 0.0429
vn -0.1911 -0.9591 0.2089
vn 0.8163 -0.5343 0.2197
vn 0.5249 -0.3350 0.7825
vn -0.0200 -0.2296 0.9731
vn 0.8596 -0.2962 0.4164
vn 0.0543 -0.0127 0.9984
vn 0.1964 -0.0150 0.9804
vn 0.4634 -0.3033 0.8326
vn 0.3868 -0.2753 0.8801
vn 0.3763 0.2284 -0.8979
vn 0.3898 -0.0379 -0.9201
vn 0.2134 0.9760 -0.0435
vn 0.8692 0.4900 -0.0666
vn 0.4286 0.1888 -0.8835
vn 0.5898 0.1879 0.7854
vn 0.1341 0.5500 -0.8243
vn -0.3808 0.3448 0.8579
vn 0.3727 0.0749 0.9249
vn 0.2391 -0.2615 0.9351
vn 0.1762 -0.2473 0.9528
vn 0.3842 -0.2405 0.8914
vn 0.2903 -0.2577 0.9216
vn 0.2562 -0.2527 0.9330
vn -0.0832 -0.2080 0.9746
vn -0.0444 -0.2357 0.9708
vn 0.1276 -0.2482 0.9603
vn 0.0677 -0.2460 0.9669
vn -0.0406 -0.2463 0.9684
vn 0.1122 0.9044 -0.4118
vn 0.1467 -0.2358 -0.9607
vn 0.1376 0.0616 -0.9886
vn 0.0992 -0.0776 -0.9920
vn -0.0226 -0.2424 -0.9699
vn 0.0377 -0.2399 -0.9701
vn 0.5199 0.5183 -0.6790
vn -0.5045 -0.3378 -0.7946
vn -0.8159 -0.5227 -0.2471
vn -0.5697 0.0129 -0.8218
vn -0.8859 -0.4221 0.1926
vn -0.5701 -0.4768 0.6691
vn -0.4146 -0.6646 0.6216
vn -0.3703 0.0358 -0.9282
vn 0.1019 0.0940 -0.9903
vn -0.7511 0.0555 -0.6579
vn -0.7573 0.0669 -0.6496
vn -0.3672 0.0921 -0.9256
vn 0.2337 0.1781 -0.9559
vn 0.9924 0.1180 0.0343
vn 0.6839 -0.0290 0.7290
vn 0.9951 0.0151 0.0979
vn 0.6604 -0.1530 0.7351
vn -0.8154 0.5449 0.1954
vn 0.3692 0.3445 0.8631
vn -0.0804 0.1421 0.9866
vn -0.9843 0.1750 0.0217
vn 0.6011 0.0282 0.7987
vn 0.4475 -0.0646 0.8919
vn -0.2529 0.1362 -0.9579
vn 0.3669 0.1325 -0.9208
vn -0.6842 0.1879 -0.7046
vn 0.9945 -0.0508 0.0915
vn 0.6759 -0.2063 0.7075
vn -0.9542 0.2985 -0.0199
vn -0.2008 0.1195 0.9723
vn 0.2453 -0.0893 0.9653
vn -0.1988 0.3201 0.9263
vn -0.8526 0.1008 0.5128
vn 0.3971 0.2397 0.8859
vn 0.4068 -0.1420 0.9024
vn -0.1864 -0.3240 0.9275
vn 0.9301 0.2942 0.2201
vn 0.7545 -0.6181 0.2208
vn -0.6771 -0.6699 0.3045
vn 0.9974 0.0458 0.0560
vn 0.4333 -0.8973 0.0847
vn -0.4587 -0.8649 0.2039
vn -0.0683 -0.9477 0.3117
vn 0.9044 -0.4144 0.1015
vn 0.9593 -0.1972 0.2021
vn 0.8560 0.5033 0.1179
vn 0.6702 0.6928 0.2661
vn -0.6479 -0.5314 0.5457
vn -0.3146 -0.5817 0.7501
vn 0.0449 -0.7606 0.6477
vn 0.5816 -0.5587 0.5912
vn 0.6829 -0.2541 0.6849
vn 0.8408 -0.1073 0.5306
vn 0.8266 0.2119 0.5213
vn 0.6217 0.3619 0.6946
vn 0.5175 0.6243 0.5852
vn -0.8293 -0.2694 0.4895
vn -0.7828 -0.0738 0.6178
vn -0.5267 -0.0375 0.8492
vn 0.0169 0.7561 0.6542
vn -0.3261 0.5402 0.7758
vn -0.6878 0.4285 0.5859
vn 0.5746 -0.7488 0.3304
vn -0.5346 -0.7779 0.3304
vn 0.9921 -0.0000 0.1256
vn 0.3066 -0.9435 0.1256
vn -0.8027 -0.5830 0.1255
vn -0.8026 -0.5831 0.1256
vn -0.7947 -0.5773 -0.1876
vn -0.5746 -0.7488 -0.3304
vn 0.0247 -0.9435 -0.3304
vn 0.3035 -0.9342 -0.1876
vn 0.5346 -0.7779 -0.3304
vn 0.9050 -0.2680 -0.3304
vn 0.9822 -0.0000 -0.1876
vn -0.3066 -0.9435 -0.1256
vn -0.3035 -0.9342 0.1876
vn -0.0247 -0.9435 0.3304
vn 0.8026 -0.5831 -0.1256
vn 0.7947 -0.5773 0.1876
vn 0.7947 -0.5774 0.1876
vn 0.8897 -0.3151 0.3303
vn 0.8897 -0.3151 0.3304
vn -0.9824 -0.0005 0.1869
vn -0.9052 -0.2677 0.3301
vn -0.4713 -0.5831 0.6617
vn -0.7002 -0.2680 0.6617
vn 0.0289 0.9995 0.0086
vn -0.0289 -0.9995 -0.0086
vn -0.0988 0.0115 -0.9950
vn 0.0988 -0.0115 0.9950
vn -0.9644 -0.1880 0.1858
vn -0.0467 0.9844 0.1699
vn 0.8762 0.4811 0.0290
vn 0.7972 -0.5958 0.0974
vn -0.3158 -0.9488 -0.0053
vn -0.9740 0.2207 0.0511
vn 0.4539 0.8910 0.0078
vn 0.9238 0.3823 -0.0198
vn -0.0381 -0.9855 -0.1654
vn -0.5122 -0.8563 -0.0666
vn -0.7811 -0.6152 -0.1072
vn -0.5077 -0.8610 0.0306
vn -0.1969 -0.9759 -0.0942
vn 0.0313 -0.9980 0.0544
vn 0.0077 -0.9995 0.0314
vn 0.6077 -0.7785 -0.1566
vn 0.9612 0.2175 -0.1696
vn 0.9206 0.3812 -0.0852
vn 0.8878 0.4500 -0.0966
vn 0.7153 0.6821 -0.1521
vn 0.4671 0.8795 -0.0909
vn 0.0443 0.9797 -0.1953
vn -0.7817 0.6030 -0.1591
vn -0.9748 0.2223 -0.0175
vn -0.9840 -0.1339 -0.1174
vn 0.0373 -0.9993 0.0063
vn 0.0641 -0.9902 -0.1243
vn -0.0244 -0.9834 -0.1800
vn 0.9892 -0.0974 -0.1094
vn 0.9953 -0.0917 0.0317
vn 0.9783 0.1924 0.0774
vn 0.8445 0.5313 -0.0669
vn 0.8427 0.5384 0.0101
vn 0.7151 0.6937 0.0855
vn -0.3976 0.9166 -0.0420
vn -0.3946 0.9140 0.0945
vn -0.7518 0.6266 0.2054
vn -0.9286 -0.3708 0.0146
vn -0.9234 -0.3709 0.0991
vn -0.8334 -0.5289 0.1602
vn -0.1783 0.2340 -0.9558
vn -0.2536 0.1823 -0.9500
vn -0.4433 0.0593 -0.8944
vn 0.1711 0.9547 0.2435
vn -0.5849 0.3760 -0.7187
vn -0.1137 0.0251 -0.9932
vn 0.0402 0.2287 -0.9727
vn -0.0133 0.2638 -0.9645
vn -0.1005 0.1080 -0.9891
vn -0.3564 0.0615 -0.9323
vn -0.1411 0.2584 -0.9557
vn -0.0875 0.2264 -0.9701
vn -0.1176 0.2265 -0.9669
vn -0.1942 0.2317 -0.9532
vn 0.2987 0.2344 0.9251
vn 0.2403 0.3834 0.8918
vn 0.1744 0.3236 0.9300
vn 0.2597 0.3392 0.9041
vn 0.1058 0.3302 0.9380
vn 0.0614 0.4665 0.8824
vn -0.0995 -0.0222 0.9948
vn 0.0621 0.3243 0.9439
vn 0.0670 0.4145 0.9076
vn 0.0401 0.2920 0.9556
vn 0.6570 0.7515 -0.0601
vn 0.4761 0.8777 -0.0543
vn 0.0744 0.9972 -0.0086
vn -0.3929 0.9193 0.0210
vn -0.4687 0.7783 -0.4178
vn -0.1949 0.2120 -0.9576
vn -0.3207 0.6710 0.6685
vn 0.9207 0.3879 0.0424
vn 0.8659 0.2824 0.4128
vn 0.6498 0.2334 -0.7234
vn 0.4563 0.2391 0.8571
vn 0.2952 0.1349 -0.9459
vn -0.0709 0.1009 -0.9924
vn 0.0224 0.1187 -0.9927
vn -0.2891 -0.0149 -0.9572
vn 0.2848 0.1537 -0.9462
vn 0.3754 0.1465 -0.9152
vn 0.1461 0.1566 -0.9768
vn 0.0341 0.1120 -0.9931
vn -0.0158 0.1110 -0.9937
vn -0.4474 0.0502 -0.8929
vn 0.9821 0.1763 0.0660
vn 0.9667 0.2550 -0.0196
vn -0.2429 0.4998 0.8314
vn -0.1935 0.8369 -0.5120
vn 0.7819 0.0493 -0.6214
vn 0.6735 0.3303 0.6613
vn 0.1775 0.9385 0.2962
vn -0.4327 0.6170 -0.6573
vn -0.6663 -0.4684 -0.5802
vn -0.0502 0.4706 -0.8809
vn -0.4798 -0.2664 -0.8359
vn 0.6055 0.2435 0.7577
vn 0.1086 0.7044 0.7015
vn -0.0834 0.2615 -0.9616
vn -0.7921 0.0642 -0.6070
vn -0.7750 -0.0276 -0.6313
vn -0.8592 -0.1458 -0.4904
vn -0.7014 -0.0133 -0.7127
vn -0.8093 -0.0161 0.5872
vn -0.8415 0.1104 0.5288
vn -0.8093 -0.0975 -0.5793
vn -0.9228 0.2189 -0.3169
vn -0.7339 -0.1659 0.6587
vn -0.7035 0.2237 -0.6746
vn -0.4531 -0.1488 -0.8790
vn -0.3836 -0.1222 0.9154
vn -0.3734 -0.1010 -0.9221
vn -0.4879 0.2187 -0.8451
vn -0.4631 0.1895 0.8658
vn -0.3564 0.1052 -0.9284
vn -0.6947 -0.0431 -0.7180
vn -0.8765 0.3490 0.3317
vn 0.1390 0.0818 0.9869
vn -0.0277 0.3007 0.9533
vn -0.0216 -0.0449 0.9988
vn -0.4824 0.1084 -0.8692
vn -0.9907 -0.1353 -0.0164
vn 0.0514 -0.2481 0.9674
vn -0.8669 0.1928 -0.4597
vn -0.9836 -0.1779 -0.0296
vn -0.7948 -0.2212 0.5651
vn 0.4576 -0.8188 -0.3466
vn 0.2125 0.1721 -0.9619
vn -0.8840 0.4466 -0.1383
vn -0.0967 0.0060 -0.9953
vn -0.9280 -0.0043 -0.3725
vn -0.9552 -0.1829 -0.2326
vn -0.0353 -0.0506 -0.9981
vn -0.6259 0.1374 0.7677
vn 0.2638 0.7486 -0.6083
vn -0.9779 0.2006 0.0590
vn 0.0759 0.3080 -0.9483
vt 0.362029 0.903786
vt 0.243761 0.263679
vt 0.362127 0.903856
vt 0.362091 0.903903
vt 0.370466 0.903475
vt 0.454546 0.157461
vt 0.195985 0.328180
vt 0.274718 0.333497
vt 0.756159 0.184789
vt 0.799240 0.272803
vt 0.504033 0.118800
vt 0.491431 0.018675
vt 0.521509 0.401944
vt 0.679508 0.292942
vt 0.268783 0.236401
vt 0.447501 0.192400
vt 0.230276 0.260304
vt 0.387969 0.252338
vt 0.426038 0.365796
vt 0.251967 0.244845
vt 0.563988 0.208971
vt 0.572977 0.297858
vt 0.261279 0.253800
vt 0.461156 0.235988
vt 0.232288 0.277486
vt 0.223792 0.340649
vt 0.192054 0.293191
vt 0.186548 0.323817
vt 0.224061 0.281935
vt 0.248434 0.244159
vt 0.294634 0.336750
vt 0.451956 0.321160
vt 0.442678 0.288060
vt 0.258234 0.290580
vt 0.226094 0.294187
vt 0.242928 0.342664
vt 0.257056 0.244159
vt 0.286012 0.336750
vt 0.265305 0.295738
vt 0.477677 0.240784
vt 0.221967 0.247725
vt 0.248434 0.203362
vt 0.185570 0.312031
vt 0.174059 0.342459
vt 0.248434 0.232416
vt 0.185570 0.250403
vt 0.189124 0.297842
vt 0.206851 0.293191
vt 0.206778 0.321090
vt 0.201090 0.321090
vt 0.269715 0.232416
vt 0.164289 0.250403
vt 0.271216 0.295738
vt 0.248864 0.275968
vt 0.228037 0.247725
vt 0.295021 0.237356
vt 0.295786 0.247866
vt 0.308644 0.203362
vt 0.242927 0.324943
vt 0.286012 0.328662
vt 0.681818 0.236191
vt 0.228131 0.209739
vt 0.182515 0.341504
vt 0.164289 0.312031
vt 0.257724 0.324943
vt 0.271216 0.328662
vt 0.295021 0.203362
vt 0.295786 0.292960
vt 0.185570 0.249134
vt 0.185570 0.283717
vt 0.216704 0.295263
vt 0.228131 0.328552
vt 0.284511 0.243024
vt 0.468001 0.300877
vt 0.303611 0.238100
vt 0.270644 0.295738
vt 0.304385 0.247240
vt 0.242928 0.328552
vt 0.269715 0.243024
vt 0.192054 0.286571
vt 0.226249 0.322029
vt 0.283986 0.247240
vt 0.243438 0.290580
vt 0.257724 0.342664
vt 0.299906 0.346256
vt 0.186548 0.314713
vt 0.228131 0.247725
vt 0.772727 0.236191
vt 0.206850 0.249134
vt 0.304246 0.325372
vt 0.164289 0.283717
vt 0.206850 0.321090
vt 0.206851 0.247725
vt 0.243438 0.247240
vt 0.449098 0.104686
vt 0.500000 0.236191
vt 0.464402 0.021041
vt 0.504078 0.419098
vt 0.590909 0.236191
vt 0.309685 0.282774
vt 0.403605 0.165994
vt 0.419036 0.411097
vt 0.348057 0.208255
vt 0.426797 0.095253
vt 0.440820 0.021166
vt 0.498553 0.439623
vt 0.386392 0.137468
vt 0.434533 0.451420
vt 0.325443 0.154274
vt 0.402761 0.081679
vt 0.410282 0.019526
vt 0.505177 0.467394
vt 0.378754 0.108011
vt 0.320319 0.102215
vt 0.466681 0.476708
vt 0.379152 0.067688
vt 0.531912 0.493154
vt 0.362674 0.029306
vt 0.372178 0.082320
vt 0.492830 0.487192
vt 0.330666 0.061800
vt 0.385245 0.019302
vt 0.519893 0.486154
vt 0.322452 0.075106
vt 0.487839 0.485639
vt 0.376436 0.091092
vt 0.387331 0.072064
vt 0.799561 0.170170
vt 0.865868 0.233058
vt 0.807089 0.129930
vt 0.927973 0.313889
vt 0.897744 0.063177
vt 0.828373 0.260848
vt 0.796064 0.110905
vt 0.777832 0.180925
vt 0.880298 0.030618
vt 0.900042 0.341669
vt 0.583171 0.108475
vt 0.284522 0.364092
vt 0.598819 0.389240
vt 0.572478 0.016626
vt 0.412854 0.270688
vt 0.437129 0.342156
vt 0.533532 0.296294
vt 0.529542 0.218622
vt 0.455780 0.215514
vt 0.429807 0.282302
vt 0.448011 0.326768
vt 0.459289 0.226090
vt 0.490503 0.292229
vt 0.492365 0.231543
vt 0.370262 0.903389
vt 0.370411 0.903296
vt 0.358812 0.904028
vt 0.358758 0.904141
vt 0.806901 0.166818
vt 0.816943 0.267902
vt 0.776708 0.228147
vt 0.745111 0.145154
vt 0.817894 0.315774
vt 0.787788 0.106505
vt 0.901978 0.075425
vt 0.936226 0.305663
vt 0.583295 0.155494
vt 0.302320 0.213854
vt 0.611169 0.344324
vt 0.490213 0.066724
vt 0.537681 0.110323
vt 0.763961 0.280440
vt 0.185932 0.220399
vt 0.587337 0.250373
vt 0.511876 0.190456
vt 0.518475 0.334621
vt 0.409673 0.222755
vt 0.610779 0.200121
vt 0.300959 0.292825
vt 0.481214 0.157426
vt 0.497509 0.374512
vt 0.626014 0.295613
vt 0.299044 0.251532
vt 0.476455 0.262513
vt 0.470144 0.234502
vt 0.464494 0.310500
vt 0.457305 0.293225
vt 0.453275 0.255335
vt 0.450679 0.323043
vt 0.434706 0.285226
vt 0.547351 0.297898
vt 0.541481 0.214224
vt 0.460149 0.229735
vt 0.459517 0.064621
vt 0.376082 0.188471
vt 0.465232 0.109299
vt 0.477570 0.020074
vt 0.511566 0.409570
vt 0.420855 0.387010
vt 0.368051 0.232948
vt 0.418850 0.179395
vt 0.435934 0.060761
vt 0.357312 0.147615
vt 0.410114 0.120657
vt 0.466543 0.445521
vt 0.393416 0.152138
vt 0.437761 0.100448
vt 0.452943 0.021414
vt 0.499726 0.428625
vt 0.423614 0.432965
vt 0.333863 0.181791
vt 0.407310 0.053382
vt 0.352567 0.107430
vt 0.394577 0.099941
vt 0.485929 0.472051
vt 0.381673 0.122037
vt 0.414540 0.088578
vt 0.425887 0.020389
vt 0.500428 0.453421
vt 0.450291 0.466181
vt 0.321344 0.126477
vt 0.372776 0.052405
vt 0.356658 0.075295
vt 0.377561 0.077066
vt 0.512371 0.490173
vt 0.345647 0.045654
vt 0.526324 0.490541
vt 0.375151 0.021300
vt 0.321140 0.085129
vt 0.479572 0.482772
vt 0.377193 0.097604
vt 0.393613 0.076011
vt 0.396635 0.019063
vt 0.512283 0.478521
vt 0.491584 0.486805
vt 0.324075 0.069816
vt 0.375354 0.087230
vt 0.383155 0.069676
vt 0.386509 0.048182
vt 0.386089 0.086734
vt 0.353428 0.085757
vt 0.503866 0.485896
vt 0.788705 0.175658
vt 0.877943 0.223079
vt 0.811480 0.134606
vt 0.913769 0.328078
vt 0.888976 0.046621
vt 0.898764 0.272455
vt 0.791184 0.150544
vt 0.846072 0.099703
vt 0.828761 0.197940
vt 0.846920 0.247300
vt 0.801619 0.120382
vt 0.770194 0.183603
vt 0.868537 0.022604
vt 0.886017 0.349124
vt 0.833252 0.072052
vt 0.863485 0.301502
vt 0.776984 0.145894
vt 0.797345 0.219818
vt 0.511462 0.017196
vt 0.539742 0.397199
vt 0.728160 0.186015
vt 0.192262 0.298998
vt 0.676319 0.339106
vt 0.262308 0.205195
vt 0.637583 0.146996
vt 0.274302 0.326860
vt 0.565882 0.064467
vt 0.402295 0.263741
vt 0.431512 0.351757
vt 0.512044 0.294127
vt 0.511000 0.225225
vt 0.451641 0.208958
vt 0.493979 0.206144
vt 0.430023 0.239457
vt 0.545158 0.254981
vt 0.493339 0.324027
vt 0.422370 0.277107
vt 0.443084 0.333556
vt 0.458168 0.221273
vt 0.478935 0.291974
vt 0.482579 0.235569
vt 0.477553 0.219311
vt 0.443523 0.249657
vt 0.497306 0.260612
vt 0.472378 0.313191
vt 0.358723 0.904099
vt 0.788022 0.225264
vt 0.511479 0.065543
vt 0.849555 0.108537
vt 0.769617 0.144914
vt 0.909226 0.263261
vt 0.546898 0.172706
vt 0.290240 0.324994
vt 0.607466 0.148432
vt 0.638453 0.344422
vt 0.286435 0.207260
vt 0.466933 0.310716
vt 0.565657 0.339470
vt 0.641182 0.244942
vt 0.281152 0.270507
vt 0.473530 0.065882
vt 0.464934 0.258685
vt 0.484652 0.262165
vt 0.447350 0.252436
vt 0.473112 0.223879
vt 0.418917 0.129997
vt 0.468579 0.397358
vt 0.445395 0.147006
vt 0.392472 0.207285
vt 0.401780 0.110089
vt 0.447888 0.063115
vt 0.461670 0.430795
vt 0.364432 0.168485
vt 0.508954 0.488673
vt 0.421679 0.057231
vt 0.475359 0.459801
vt 0.353717 0.126290
vt 0.364311 0.063973
vt 0.354011 0.081391
vt 0.383570 0.083262
vt 0.379723 0.047962
vt 0.395473 0.050221
vt 0.389380 0.092014
vt 0.352795 0.093889
vt 0.495928 0.480647
vt 0.880884 0.287333
vt 0.796996 0.151310
vt 0.839668 0.085735
vt 0.838145 0.190109
vt 0.823393 0.065451
vt 0.850538 0.309061
vt 0.784136 0.148250
vt 0.812956 0.209119
vt 0.755809 0.231883
vt 0.181623 0.257689
vt 0.747814 0.327536
vt 0.208910 0.209121
vt 0.692016 0.146048
vt 0.205535 0.319715
vt 0.498313 0.200296
vt 0.421434 0.233059
vt 0.560646 0.253163
vt 0.499696 0.329458
vt 0.486085 0.213034
vt 0.437639 0.245122
vt 0.521183 0.257829
vt 0.483094 0.318141
vt 0.625015 0.366333
vt 0.174721 0.310803
vt 0.635293 0.356976
vt 0.184783 0.342170
vt 0.636002 0.355519
vt 0.186839 0.345422
vt 0.622224 0.368051
vt 0.174039 0.302500
vt 0.589461 0.375461
vt 0.210236 0.208991
vt 0.604213 0.374275
vt 0.178100 0.250130
vt 0.614830 0.370979
vt 0.175148 0.280140
vt 0.636408 0.354621
vt 0.188509 0.347106
vt 0.634788 0.347324
vt 0.215269 0.356487
vt 0.581792 0.374717
vt 0.235427 0.203354
vt 0.582757 0.375060
vt 0.231329 0.204460
vt 0.587969 0.375619
vt 0.213725 0.205140
vt 0.634105 0.346747
vt 0.218744 0.356309
vt 0.633827 0.346323
vt 0.221127 0.356891
vt 0.578367 0.370607
vt 0.276262 0.202954
vt 0.578077 0.371594
vt 0.272141 0.202853
vt 0.632279 0.345148
vt 0.230548 0.356050
vt 0.628812 0.344388
vt 0.245799 0.352642
vt 0.295070 0.201853
vt 0.582354 0.362842
vt 0.299962 0.215975
vt 0.582043 0.363131
vt 0.299355 0.215267
vt 0.579622 0.366365
vt 0.293202 0.209887
vt 0.610503 0.344752
vt 0.294349 0.309856
vt 0.612401 0.344328
vt 0.291012 0.315110
vt 0.302404 0.204260
vt 0.275739 0.334421
vt 0.299296 0.203475
vt 0.274914 0.335080
vt 0.299163 0.203433
vt 0.586813 0.356067
vt 0.313067 0.233941
vt 0.599299 0.347877
vt 0.313067 0.279452
vt 0.600369 0.347295
vt 0.312502 0.283103
vt 0.600469 0.347243
vt 0.312403 0.283394
vt 0.601008 0.347048
vt 0.311750 0.285035
vt 0.750049 0.110937
vt 0.730521 0.185584
vt 0.752420 0.109415
vt 0.737531 0.186396
vt 0.756459 0.106105
vt 0.753262 0.186972
vt 0.754801 0.107944
vt 0.744464 0.187237
vt 0.793142 0.064449
vt 0.818868 0.227356
vt 0.779464 0.084737
vt 0.790851 0.204799
vt 0.818487 0.037014
vt 0.783098 0.254154
vt 0.826060 0.020326
vt 0.844366 0.355779
vt 0.756654 0.272816
vt 0.801568 0.056614
vt 0.808564 0.236191
vt 0.842764 0.354603
vt 0.750849 0.274086
vt 0.831230 0.350870
vt 0.728305 0.274842
vt 0.771881 0.342148
vt 0.630724 0.264600
vt 0.795674 0.343036
vt 0.663544 0.267844
vt 0.819152 0.346610
vt 0.704421 0.275339
vt 0.753798 0.341722
vt 0.605502 0.261465
vt 0.737461 0.343257
vt 0.581254 0.261153
vt 0.734503 0.343347
vt 0.576485 0.261175
vt 0.658717 0.368602
vt 0.459019 0.236191
vt 0.635509 0.384336
vt 0.610398 0.016968
vt 0.414831 0.226659
vt 0.678974 0.355989
vt 0.496015 0.243095
vt 0.684702 0.353781
vt 0.505805 0.246245
vt 0.743702 0.114971
vt 0.712417 0.183193
vt 0.680965 0.128033
vt 0.574126 0.166410
vt 0.226244 0.331221
vt 0.710325 0.127152
vt 0.633116 0.163086
vt 0.714130 0.126311
vt 0.640175 0.164062
vt 0.239889 0.334731
vt 0.540023 0.166869
vt 0.551299 0.167583
vt 0.235413 0.333022
vt 0.257111 0.344209
vt 0.481705 0.157461
vt 0.621484 0.107852
vt 0.422117 0.159667
vt 0.264456 0.353048
vt 0.433044 0.157461
vt 0.263002 0.352083
vt 0.457352 0.152601
vt 0.451740 0.152601
vt 0.260718 0.349693
vt 0.616520 0.077517
vt 0.380848 0.187272
vt 0.617738 0.064186
vt 0.366542 0.196677
vt 0.611103 0.031188
vt 0.398790 0.218348
vt 0.610338 0.017103
vt 0.414667 0.226534
vt 0.777101 0.236059
vt 0.040851 0.108805
vt 0.772769 0.236120
vt 0.040143 0.060096
vt 0.777071 0.228669
vt 0.028643 0.122742
vt 0.432481 0.195679
vt 0.050367 0.348332
vt 0.427301 0.204652
vt 0.045916 0.354449
vt 0.431635 0.204999
vt 0.047173 0.350481
vt 0.772692 0.236129
vt 0.039469 0.085516
vt 0.743835 0.234664
vt 0.052903 0.135708
vt 0.739655 0.204480
vt 0.028248 0.150960
vt 0.754865 0.205252
vt 0.037817 0.145519
vt 0.773639 0.203045
vt 0.043618 0.138846
vt 0.435243 0.172978
vt 0.043264 0.341846
vt 0.397838 0.207693
vt 0.036131 0.360130
vt 0.401640 0.176447
vt 0.052903 0.344830
vt 0.470187 0.214131
vt 0.067198 0.156983
vt 0.471489 0.199787
vt 0.057296 0.137864
vt 0.457709 0.213130
vt 0.056899 0.142359
vt 0.455525 0.212955
vt 0.052903 0.139047
vt 0.456827 0.198611
vt 0.055492 0.140358
vt 0.720445 0.236191
vt 0.096637 0.067695
vt 0.720260 0.239105
vt 0.081962 0.060096
vt 0.706150 0.238287
vt 0.072733 0.072886
vt 0.706284 0.236191
vt 0.071330 0.085169
vt 0.719043 0.226064
vt 0.096637 0.170355
vt 0.704781 0.225340
vt 0.077014 0.158950
vt 0.684075 0.222361
vt 0.105523 0.202521
vt 0.689183 0.223436
vt 0.103971 0.205232
vt 0.686516 0.228054
vt 0.101374 0.206224
vt 0.490973 0.215048
vt 0.099315 0.070147
vt 0.478576 0.199083
vt 0.099191 0.064045
vt 0.487323 0.214233
vt 0.101591 0.068009
vt 0.498332 0.203497
vt 0.106611 0.075292
vt 0.474939 0.213239
vt 0.106952 0.060096
vt 0.476240 0.198896
vt 0.098681 0.062700
vt 0.691946 0.236191
vt 0.101470 0.210719
vt 0.701805 0.236191
vt 0.106722 0.216697
vt 0.701768 0.236761
vt 0.106952 0.213674
vt 0.687612 0.235971
vt 0.096637 0.208539
vt 0.700115 0.223991
vt 0.101063 0.207599
vt 0.442802 0.115459
vt 0.286675 0.239314
vt 0.434790 0.120512
vt 0.244515 0.246611
vt 0.295021 0.243710
vt 0.422660 0.133021
vt 0.217650 0.295263
vt 0.431661 0.123172
vt 0.206850 0.288916
vt 0.248434 0.247240
vt 0.411114 0.157966
vt 0.274602 0.290149
vt 0.403255 0.148480
vt 0.258699 0.253380
vt 0.407497 0.159454
vt 0.271216 0.288671
vt 0.244556 0.247240
vt 0.399665 0.158561
vt 0.289162 0.293443
vt 0.258234 0.338580
vt 0.398995 0.156973
vt 0.216704 0.297699
vt 0.291476 0.293333
vt 0.401597 0.150326
vt 0.223792 0.295263
vt 0.203934 0.249387
vt 0.405577 0.159864
vt 0.246533 0.247437
vt 0.265305 0.340440
vt 0.402824 0.148857
vt 0.205714 0.249134
vt 0.258234 0.253624
vt 0.414723 0.138449
vt 0.178590 0.204060
vt 0.271216 0.247240
vt 0.418631 0.135563
vt 0.221967 0.294837
vt 0.182957 0.203362
vt 0.498305 0.407569
vt 0.265305 0.328091
vt 0.304385 0.280030
vt 0.500128 0.413846
vt 0.303611 0.233858
vt 0.251018 0.295113
vt 0.492230 0.404479
vt 0.270644 0.330144
vt 0.233922 0.295346
vt 0.500699 0.410542
vt 0.300372 0.279226
vt 0.308644 0.235057
vt 0.486436 0.403109
vt 0.206851 0.327229
vt 0.228994 0.295113
vt 0.475540 0.402311
vt 0.215823 0.329843
vt 0.497454 0.415762
vt 0.255121 0.296005
vt 0.492582 0.418017
vt 0.177814 0.313068
vt 0.496176 0.416643
vt 0.174059 0.314070
vt 0.256984 0.296244
vt 0.466497 0.402618
vt 0.168460 0.250403
vt 0.474475 0.402239
vt 0.175314 0.250485
vt 0.216704 0.330042
vt 0.463383 0.402813
vt 0.304246 0.293333
vt 0.166066 0.251728
vt 0.451017 0.404627
vt 0.294634 0.299180
vt 0.206850 0.293191
vt 0.447433 0.405649
vt 0.203401 0.293775
vt 0.438615 0.408179
vt 0.299906 0.325372
vt 0.195028 0.295629
vt 0.430795 0.412203
vt 0.252260 0.325927
vt 0.432610 0.410853
vt 0.254401 0.324943
vt 0.294634 0.329014
vt 0.439618 0.144927
vt 0.192505 0.203461
vt 0.243438 0.295113
vt 0.440443 0.144360
vt 0.191554 0.203362
vt 0.420114 0.155134
vt 0.283986 0.293333
vt 0.214539 0.203681
vt 0.424864 0.153028
vt 0.209315 0.203362
vt 0.228131 0.288951
vt 0.455908 0.119743
vt 0.303611 0.203362
vt 0.185882 0.252386
vt 0.454890 0.116844
vt 0.222196 0.281385
vt 0.453462 0.127318
vt 0.272174 0.205669
vt 0.192054 0.249134
vt 0.455078 0.116930
vt 0.221967 0.281342
vt 0.300892 0.203704
vt 0.441065 0.143736
vt 0.295786 0.247240
vt 0.190763 0.203711
vt 0.450360 0.132429
vt 0.283986 0.254370
vt 0.277074 0.203362
vt 0.445037 0.114629
vt 0.277840 0.293333
vt 0.284511 0.237736
vt 0.450238 0.114429
vt 0.228037 0.281935
vt 0.283765 0.294526
vt 0.453115 0.427104
vt 0.264136 0.207286
vt 0.426846 0.414904
vt 0.248147 0.327973
vt 0.461635 0.425954
vt 0.257843 0.203362
vt 0.449075 0.427683
vt 0.206778 0.344413
vt 0.267066 0.209244
vt 0.440459 0.428095
vt 0.201090 0.339692
vt 0.201090 0.340542
vt 0.421167 0.419699
vt 0.224061 0.282932
vt 0.256070 0.232765
vt 0.423740 0.425619
vt 0.221967 0.293534
vt 0.249451 0.232416
vt 0.426337 0.426592
vt 0.189731 0.336225
vt 0.224061 0.294744
vt 0.422461 0.417900
vt 0.226094 0.281934
vt 0.243733 0.330438
vt 0.487394 0.419849
vt 0.182515 0.312031
vt 0.172980 0.283869
vt 0.479413 0.421967
vt 0.179885 0.283952
vt 0.474640 0.423286
vt 0.183997 0.283717
vt 0.164289 0.315837
vt 0.461998 0.425912
vt 0.174059 0.312031
vt 0.257552 0.203387
vt 0.565096 0.164100
vt 0.595381 0.151963
vt 0.578838 0.186414
vt 0.620679 0.173617
vt 0.290023 0.310502
vt 0.634421 0.195931
vt 0.285235 0.297253
vt 0.274085 0.312849
vt 0.644967 0.168241
vt 0.282028 0.311313
vt 0.632823 0.170929
vt 0.599759 0.180015
vt 0.302404 0.307054
vt 0.293043 0.215054
vt 0.293205 0.209989
vt 0.277980 0.356994
vt 0.266270 0.322230
vt 0.258838 0.214849
vt 0.280826 0.214186
vt 0.211745 0.218291
vt 0.225750 0.326871
vt 0.234051 0.327743
vt 0.264418 0.348448
vt 0.283191 0.323011
vt 0.207462 0.317047
vt 0.234226 0.269528
vt 0.214386 0.268732
vt 0.287967 0.208601
vt 0.290931 0.209392
vt 0.290837 0.209362
vt 0.238874 0.328996
vt 0.256231 0.337819
vt 0.221019 0.298026
vt 0.235523 0.300347
vt 0.195193 0.297695
vt 0.202952 0.266645
vt 0.292793 0.291236
vt 0.274257 0.271326
vt 0.217927 0.238254
vt 0.191084 0.230106
vt 0.233651 0.238572
vt 0.262265 0.343272
vt 0.256924 0.298901
vt 0.245964 0.299939
vt 0.276639 0.296531
vt 0.265236 0.311082
vt 0.255115 0.237581
vt 0.291047 0.254281
vt 0.185409 0.262525
vt 0.263772 0.346791
vt 0.283601 0.307049
vt 0.275745 0.308454
vt 0.294870 0.305984
vt 0.816389 0.135602
vt 0.821310 0.138333
vt 0.357400 0.907560
vt 0.901461 0.090263
vt 0.901155 0.099068
vt 0.895167 0.110615
vt 0.368508 0.898886
vt 0.818411 0.162120
vt 0.363656 0.907321
vt 0.812562 0.165314
vt 0.899907 0.205986
vt 0.892004 0.212318
vt 0.893955 0.192294
vt 0.365023 0.906850
vt 0.816969 0.147221
vt 0.360333 0.907571
vt 0.816223 0.153567
vt 0.360707 0.907321
vt 0.808639 0.150748
vt 0.850095 0.118381
vt 0.854567 0.124934
vt 0.368214 0.906523
vt 0.846676 0.127695
vt 0.356220 0.900108
vt 0.897474 0.147743
vt 0.891069 0.147901
vt 0.893155 0.159535
vt 0.368214 0.907740
vt 0.893473 0.138162
vt 0.372000 0.898812
vt 0.842059 0.171039
vt 0.364488 0.899700
vt 0.850088 0.174000
vt 0.364488 0.899187
vt 0.842880 0.180230
vt 0.843807 0.153741
vt 0.360333 0.898812
vt 0.844782 0.144649
vt 0.360333 0.898812
vt 0.852168 0.143375
vt 0.372000 0.906982
vt 0.851252 0.154827
vt 0.368214 0.898812
vt 0.366852 0.902348
vt 0.366839 0.902145
vt 0.366655 0.902261
vt 0.358814 0.904158
vt 0.362033 0.903925
vt 0.370313 0.903457
vt 0.366699 0.902183
vt 0.901978 0.075425
vt 0.936226 0.305663
vt 0.909226 0.263261
vt 0.877943 0.223079
vt 0.901461 0.090263
vt 0.901155 0.099068
vt 0.914382 0.258492
vt 0.897474 0.147743
vt 0.892004 0.212318
vt 0.899907 0.205986
vt 0.901978 0.075425
vt 0.936226 0.305663
vt 0.909226 0.263261
vt 0.938882 0.303037
vt 0.901461 0.090263
vt 0.901155 0.099068
vt 0.914382 0.258493
vt 0.897474 0.147743
vt 0.877943 0.223079
vt 0.909226 0.263261
vt 0.914382 0.258492
vt 0.897474 0.147743
vt 0.892004 0.212318
vt 0.899907 0.205986
vt 0.811480 0.134606
vt 0.849555 0.108537
vt 0.816389 0.135602
vt 0.850095 0.118381
vt 0.811480 0.134606
vt 0.849555 0.108537
vt 0.816389 0.135602
vt 0.850095 0.118381
vt 0.806901 0.166818
vt 0.796996 0.151310
vt 0.812562 0.165314
vt 0.808639 0.150748
vt 0.806901 0.166818
vt 0.796996 0.151310
vt 0.812562 0.165314
vt 0.808639 0.150748
s 1
usemtl Material.001
f 3146/3475/1865 3418/3973/1866 3455/4031/1867 3453/4029/1868
f 3148/3477/1869 3107/3428/1870 3440/4007/1871 3439/4006/1872
f 3426/3988/1873 3413/3965/1874 3107/3428/1870 3183/3515/1875
f 3412/3963/1876 3426/3988/1873 3183/3515/1875 3040/3343/1877
f 3024/3322/1878 3121/3444/1879 3144/3473/1880 3116/3438/1881
f 3121/3444/1879 3022/3320/1882 3041/3344/1883 3144/3473/1880
f 3144/3473/1880 3041/3344/1883 2964/3197/1884 3042/3345/1885
f 3116/3438/1881 3144/3473/1880 3042/3345/1885 2963/3196/1886
f 3027/3328/1887 3126/3453/1888 3145/3474/1889 3122/3445/1890
f 3126/3453/1888 3026/3325/1891 3050/3355/1892 3145/3474/1889
f 3145/3474/1889 3050/3355/1892 2965/3198/1893 3049/3354/1894
f 3122/3445/1890 3145/3474/1889 3049/3354/1894 2966/3199/1895
f 3020/3317/1896 3112/3434/1897 3146/3475/1865 3108/3429/1898
f 3112/3434/1897 3021/3319/1899 3046/3349/1900 3146/3475/1865
f 3414/3967/1901 3425/3987/1902 3433/3999/1903 3431/3997/1904
f 3146/3475/1865 3046/3349/1900 3409/3957/1905 3418/3973/1866
f 3024/3322/1878 3116/3438/1881 3147/3476/1906 3120/3443/1907
f 3116/3438/1881 2963/3196/1886 3043/3346/1908 3147/3476/1906
f 3232/3602/1909 3231/3600/1910 3045/3348/1911 3147/3476/1906 3043/3346/1908 3229/3596/1912 3230/3598/1913
f 3120/3443/1907 3147/3476/1906 3045/3348/1911 3023/3321/1914
f 3019/3316/1915 3107/3428/1870 3148/3477/1869 3110/3432/1916
f 3408/3956/1917 3420/3977/1918 3038/3341/1919 3143/3472/1920
f 3181/3513/1921 3417/3972/1922 3463/4039/1923 3461/4037/1924
f 3110/3432/1916 3148/3477/1869 3046/3350/1900 3021/3318/1899
f 2965/3198/1893 3047/3351/1925 3359/3901/1926 3149/3478/1927 3057/3364/1928
f 3366/3912/1929 3363/3906/1930 3056/3362/1931 3361/3903/1932
f 3149/3478/1927 3361/3903/1932 3056/3362/1931 2972/3208/1933 3053/3359/1934
f 3057/3364/1928 3149/3478/1927 3053/3359/1934 2968/3203/1935
f 3026/3325/1891 3125/3451/1936 3150/3480/1937 3050/3355/1892
s 0
f 3221/3581/1939 3048/3352/1939 3367/3914/1939 3368/3915/1939
s 1
f 3050/3355/1892 3150/3480/1937 3360/3902/1940 3047/3351/1925 2965/3198/1893
s 0
f 3124/3450/1941 3151/3482/1941 3372/3919/1941 3371/3918/1941
s 1
f 3210/3556/1942 3203/3542/1943 3204/3544/1944 3205/3546/1945 3202/3540/1946 3199/3534/1947 3200/3536/1948 3201/3538/1949 3206/3548/1950 3211/3558/1951 3151/3481/1952 3124/3449/1953 3027/3327/1887 3122/3446/1890 3208/3552/1954 3209/3554/1955
f 3207/3550/1956 3211/3558/1951 3206/3548/1950
f 3214/3564/1957 3208/3552/1954 3122/3446/1890 2966/3200/1895 3219/3575/1958 3213/3562/1959
f 2966/3200/1895 3217/3571/1960 3218/3573/1961 3219/3575/1958
f 3215/3566/1962 3216/3568/1963 3151/3481/1952 3211/3558/1951 3212/3560/1964
f 3048/3353/1965 3221/3579/1966 3220/3577/1967
s 0
f 3123/3448/1969 3188/3521/1969 3402/3949/1969 3388/3935/1969
f 3365/3910/1970 3364/3908/1970 3399/3946/1970 3405/3952/1970
f 3362/3905/1971 3365/3910/1971 3405/3952/1971 3404/3951/1971
f 3048/3352/1972 2967/3202/1972 3400/3947/1972 3367/3914/1972
s 1
f 3034/3337/1973 3142/3471/1974 3152/3483/1975 3137/3466/1976
f 3142/3471/1974 3032/3335/1977 3064/3373/1978 3152/3483/1975
f 3152/3483/1975 3064/3373/1978 2978/3219/1979 3062/3370/1980
f 3137/3466/1976 3152/3483/1975 3062/3370/1980 2989/3261/1981
f 2967/3201/1982 3048/3353/1965 3153/3484/1983 3059/3366/1984
f 3224/3586/1985 3217/3571/1960 2966/3200/1895 3058/3365/1986 3153/3484/1983 3048/3353/1965 3220/3577/1967 3228/3594/1987 3227/3592/1988 3225/3588/1989
f 3227/3592/1988 3226/3590/1990 3225/3588/1989
f 3153/3484/1983 3058/3365/1986 2970/3206/1991 3054/3360/1992
f 3059/3366/1984 3153/3484/1983 3054/3360/1992 2973/3209/1993
s 0
f 3151/3482/1995 3216/3570/1995 3381/3928/1995 3372/3919/1995
s 1
f 3154/3485/1996 3059/3366/1984 2973/3209/1993 3052/3358/1997
f 3056/3362/1931 3154/3485/1996 3052/3358/1997 2972/3208/1933
f 2966/3199/1895 3049/3354/1894 3155/3487/1998 3071/3381/1999
f 3049/3354/1894 2965/3198/1893 3070/3380/2000 3155/3487/1998
f 3155/3487/1998 3070/3380/2000 2995/3282/2001 3068/3378/2002
f 3071/3381/1999 3155/3487/1998 3068/3378/2002 2997/3284/2003
f 2980/3227/2004 3060/3368/2005 3156/3488/2006 3061/3369/2007
f 3060/3368/2005 2989/3261/1981 3062/3371/1980 3156/3488/2006
f 3156/3488/2006 3062/3371/1980 2978/3220/1979 3063/3372/2008
f 3061/3369/2007 3156/3488/2006 3063/3372/2008 2975/3211/2009
f 3035/3338/2010 3141/3470/2011 3157/3489/2012 3138/3467/2013
f 3141/3470/2011 3034/3337/1973 3137/3466/1976 3157/3489/2012
f 3157/3489/2012 3137/3466/1976 2989/3261/1981 3060/3368/2005
f 3138/3467/2013 3157/3489/2012 3060/3368/2005 2980/3227/2004
f 3032/3334/1977 3140/3469/2014 3158/3490/2015 3064/3374/1978
f 3140/3469/2014 3033/3336/2016 3067/3377/2017 3158/3490/2015
f 3158/3490/2015 3067/3377/2017 2975/3211/2009 3063/3372/2008
f 3064/3374/1978 3158/3490/2015 3063/3372/2008 2978/3220/1979
f 3033/3336/2016 3139/3468/2018 3159/3491/2019 3067/3377/2017
f 3139/3468/2018 3035/3338/2010 3138/3467/2013 3159/3491/2019
f 3159/3491/2019 3138/3467/2013 2980/3227/2004 3061/3369/2007
f 3067/3377/2017 3159/3491/2019 3061/3369/2007 2975/3211/2009
f 3160/3492/2020 3079/3391/2021 2995/3282/2001 3303/3749/2022 3304/3751/2023 3306/3756/2024 3305/3754/2025
f 3307/3759/2026 3000/3288/2027 3078/3390/2028 3160/3492/2020 3305/3754/2025 3316/3784/2029 3315/3781/2030 3308/3761/2031 3314/3778/2032 3312/3772/2033 3311/3769/2034 3310/3766/2035 3313/3775/2036 3309/3763/2037
f 3160/3492/2020 3078/3390/2028 3004/3294/2038 3076/3388/2039
f 3079/3391/2021 3160/3492/2020 3076/3388/2039 3002/3291/2040
f 2970/3206/1991 3058/3365/1986 3161/3493/2041 3072/3383/2042
f 3058/3365/1986 2966/3200/1895 3071/3382/1999 3161/3493/2041
f 3326/3811/2043 3161/3493/2041 3071/3382/1999 2997/3285/2003 3324/3806/2044 3325/3808/2045 3323/3804/2046 3318/3790/2047 3320/3796/2048 3317/3787/2049 3319/3793/2050 3321/3799/2051 3322/3802/2052 3327/3813/2053
f 3332/3827/2054 3001/3289/2055 3072/3383/2042 3161/3493/2041 3326/3811/2043 3328/3816/2056 3329/3819/2057 3330/3822/2058 3331/3824/2059 3333/3829/2060
f 2965/3198/1893 3057/3364/1928 3162/3494/2061 3070/3380/2000
f 3057/3364/1928 2968/3203/1935 3073/3385/2062 3162/3494/2061
f 3162/3494/2061 3073/3385/2062 3000/3288/2027 3307/3759/2026 3336/3837/2063 3337/3840/2064 3334/3832/2065 3335/3835/2066
f 3303/3749/2022 2995/3282/2001 3070/3380/2000 3162/3494/2061 3335/3835/2066 3342/3854/2067 3343/3857/2068 3340/3848/2069 3338/3843/2070 3341/3851/2071 3339/3846/2072 3345/3863/2073 3344/3860/2074
f 2968/3203/1935 3055/3361/2075 3163/3495/2076 3073/3385/2062
f 3055/3361/2075 2970/3205/1991 3072/3384/2042 3163/3495/2076
f 3163/3495/2076 3072/3384/2042 3001/3290/2055 3069/3379/2077
f 3073/3385/2062 3163/3495/2076 3069/3379/2077 3000/3288/2027
f 3002/3291/2040 3076/3388/2039 3164/3496/2078 3087/3401/2079
f 3076/3388/2039 3004/3294/2038 3086/3400/2080 3164/3496/2078
f 3164/3496/2078 3086/3400/2080 3008/3300/2081 3084/3398/2082
f 3087/3401/2079 3164/3496/2078 3084/3398/2082 3006/3297/2083
f 2997/3284/2003 3068/3378/2002 3165/3497/2084 3080/3392/2085
f 3068/3378/2002 2995/3282/2001 3079/3391/2021 3165/3497/2084
f 3165/3497/2084 3079/3391/2021 3002/3291/2040 3074/3386/2086
f 3080/3392/2085 3165/3497/2084 3074/3386/2086 3003/3292/2087
f 3348/3870/2088 3166/3498/2089 3081/3394/2090 3001/3289/2055 3332/3827/2054 3347/3868/2091 3354/3887/2092 3351/3878/2093 3352/3881/2094 3353/3884/2095 3350/3875/2096 3349/3872/2097 3346/3866/2098
f 2997/3285/2003 3080/3393/2085 3166/3498/2089 3348/3870/2088 3358/3898/2099 3357/3895/2100 3356/3893/2101 3355/3890/2102 3324/3806/2044
f 3166/3498/2089 3080/3393/2085 3003/3293/2087 3077/3389/2103
f 3081/3394/2090 3166/3498/2089 3077/3389/2103 3005/3295/2104
f 3000/3288/2027 3069/3379/2077 3167/3499/2105 3078/3390/2028
f 3069/3379/2077 3001/3290/2055 3081/3395/2090 3167/3499/2105
f 3167/3499/2105 3081/3395/2090 3005/3296/2104 3075/3387/2106
f 3078/3390/2028 3167/3499/2105 3075/3387/2106 3004/3294/2038
f 3015/3312/2107 3105/3426/2108 3168/3500/2109 3099/3419/2110
f 3105/3426/2108 3014/3310/2111 3094/3411/2112 3168/3500/2109
f 3168/3500/2109 3094/3411/2112 3011/3304/2113 3093/3409/2114
f 3099/3419/2110 3168/3500/2109 3093/3409/2114 3013/3307/2115
f 3003/3292/2087 3074/3386/2086 3169/3501/2116 3088/3402/2117
f 3074/3386/2086 3002/3291/2040 3087/3401/2079 3169/3501/2116
f 3169/3501/2116 3087/3401/2079 3006/3297/2083 3082/3396/2118
f 3088/3402/2117 3169/3501/2116 3082/3396/2118 3007/3298/2119
f 3005/3295/2104 3077/3389/2103 3170/3502/2120 3089/3404/2121
f 3077/3389/2103 3003/3293/2087 3088/3403/2117 3170/3502/2120
f 3170/3502/2120 3088/3403/2117 3007/3299/2119 3085/3399/2122
f 3089/3404/2121 3170/3502/2120 3085/3399/2122 3009/3302/2123
f 3004/3294/2038 3075/3387/2106 3171/3503/2124 3086/3400/2080
f 3075/3387/2106 3005/3296/2104 3089/3405/2121 3171/3503/2124
f 3171/3503/2124 3089/3405/2121 3009/3301/2123 3083/3397/2125
f 3086/3400/2080 3171/3503/2124 3083/3397/2125 3008/3300/2081
f 3011/3305/2113 3090/3406/2126 3172/3504/2127 3093/3410/2114
f 3090/3406/2126 3010/3303/2128 3092/3408/2129 3172/3504/2127
f 3172/3504/2127 3092/3408/2129 3012/3306/2130 3091/3407/2131
f 3093/3410/2114 3172/3504/2127 3091/3407/2131 3013/3308/2115
f 3016/3313/2132 3104/3425/2133 3173/3505/2134 3100/3421/2135
f 3104/3425/2133 3015/3311/2107 3099/3420/2110 3173/3505/2134
f 3173/3505/2134 3099/3420/2110 3013/3308/2115 3091/3407/2131
f 3100/3421/2135 3173/3505/2134 3091/3407/2131 3012/3306/2130
f 3017/3314/2136 3103/3424/2137 3174/3506/2138 3101/3422/2139
f 3103/3424/2137 3016/3313/2132 3100/3421/2135 3174/3506/2138
f 3174/3506/2138 3100/3421/2135 3012/3306/2130 3092/3408/2129
f 3101/3422/2139 3174/3506/2138 3092/3408/2129 3010/3303/2128
f 3014/3309/2111 3102/3423/2140 3175/3507/2141 3094/3412/2112
f 3102/3423/2140 3017/3314/2136 3101/3422/2139 3175/3507/2141
f 3175/3507/2141 3101/3422/2139 3010/3303/2128 3090/3406/2126
f 3094/3412/2112 3175/3507/2141 3090/3406/2126 3011/3305/2113
f 3007/3298/2119 3082/3396/2118 3176/3508/2142 3098/3417/2143
f 3082/3396/2118 3006/3297/2083 3097/3416/2144 3176/3508/2142
f 3176/3508/2142 3097/3416/2144 3017/3314/2136 3102/3423/2140
f 3098/3417/2143 3176/3508/2142 3102/3423/2140 3014/3309/2111
f 3006/3297/2083 3084/3398/2082 3177/3509/2145 3097/3416/2144
f 3084/3398/2082 3008/3300/2081 3096/3415/2146 3177/3509/2145
f 3177/3509/2145 3096/3415/2146 3016/3313/2132 3103/3424/2137
f 3097/3416/2144 3177/3509/2145 3103/3424/2137 3017/3314/2136
f 3008/3300/2081 3083/3397/2125 3178/3510/2147 3096/3415/2146
f 3083/3397/2125 3009/3301/2123 3095/3413/2148 3178/3510/2147
f 3178/3510/2147 3095/3413/2148 3015/3311/2107 3104/3425/2133
f 3096/3415/2146 3178/3510/2147 3104/3425/2133 3016/3313/2132
f 3009/3302/2123 3085/3399/2122 3179/3511/2149 3095/3414/2148
f 3085/3399/2122 3007/3299/2119 3098/3418/2143 3179/3511/2149
f 3179/3511/2149 3098/3418/2143 3014/3310/2111 3105/3426/2108
f 3095/3414/2148 3179/3511/2149 3105/3426/2108 3015/3312/2107
f 3022/3320/1882 3114/3436/2150 3180/3512/2151 3119/3442/2152
f 3114/3436/2150 3019/3316/1915 3110/3432/1916 3180/3512/2151
f 3180/3512/2151 3110/3432/1916 3021/3318/1899 3109/3430/2153
f 3119/3442/2152 3180/3512/2151 3109/3430/2153 3025/3324/2154
f 3427/3990/2155 3424/3985/2156 2955/3188/2157 3435/4001/2158
f 3040/3343/1877 3018/3315/2159 3111/3433/2160 3181/3513/1921
f 3181/3513/1921 3111/3433/2160 3020/3317/1896 3108/3429/1898
f 3423/3983/2161 3429/3994/2162 3436/4002/2163 2959/3192/2164
f 3023/3321/1914 3118/3441/2165 3182/3514/2166 3115/3437/2167
f 3118/3441/2165 3025/3323/2154 3109/3431/2153 3182/3514/2166
f 3182/3514/2166 3109/3431/2153 3021/3319/1899 3112/3434/1897
f 3115/3437/2167 3182/3514/2166 3112/3434/1897 3020/3317/1896
f 3409/3957/1905 3046/3349/1900 3438/4004/2168 3441/4008/2169
f 3036/3339/2170 3037/3340/2171 2959/3192/2164 3436/4002/2163
f 3183/3515/1875 3107/3428/1870 3019/3316/1915 3113/3435/2172
f 3040/3343/1877 3183/3515/1875 3113/3435/2172 3018/3315/2159
f 3234/3606/2173 3233/3604/2174 3184/3516/2175 3045/3348/1911 3231/3600/1910
f 3235/3608/2176 3236/3610/2177 3117/3439/2178 3184/3516/2175 3233/3604/2174 3237/3613/2179
f 3184/3516/2175 3117/3439/2178 3025/3323/2154 3118/3441/2165
f 3045/3348/1911 3184/3516/2175 3118/3441/2165 3023/3321/1914
f 2964/3197/1884 3041/3344/1883 3185/3517/2180 3044/3347/2181
f 3041/3344/1883 3022/3320/1882 3119/3442/2152 3185/3517/2180
f 3185/3517/2180 3119/3442/2152 3025/3324/2154 3117/3440/2178
f 3238/3615/2182 3239/3617/2183 3044/3347/2181 3185/3517/2180 3117/3440/2178 3236/3611/2177
f 3018/3315/2159 3106/3427/2184 3186/3518/2185 3111/3433/2160
f 3106/3427/2184 3024/3322/1878 3120/3443/1907 3186/3518/2185
f 3186/3518/2185 3120/3443/1907 3023/3321/1914 3115/3437/2167
f 3111/3433/2160 3186/3518/2185 3115/3437/2167 3020/3317/1896
f 3018/3315/2159 3113/3435/2172 3187/3519/2186 3106/3427/2184
f 3113/3435/2172 3019/3316/1915 3114/3436/2150 3187/3519/2186
f 3187/3519/2186 3114/3436/2150 3022/3320/1882 3121/3444/1879
f 3106/3427/2184 3187/3519/2186 3121/3444/1879 3024/3322/1878
f 2963/3196/1886 3042/3345/1885 3188/3520/2187 3123/3447/2188
f 3042/3345/1885 2964/3197/1884 3051/3356/2189 3188/3520/2187
s 0
f 3059/3367/2191 3154/3486/2191 3391/3938/2191 3401/3948/2191
s 1
f 2964/3197/1884 3044/3347/2181 3189/3522/2192 3051/3356/2189
f 3243/3625/2193 3244/3627/2194 3189/3522/2192 3044/3347/2181 3239/3617/2183 3242/3623/2195 3241/3621/2196 3240/3619/2197
f 3246/3631/2198 3247/3633/2199 3027/3327/1887 3124/3449/1953 3189/3522/2192 3244/3627/2194 3245/3629/2200 3249/3638/2201 3248/3636/2202
s 0
f 3150/3479/2203 3125/3452/2203 3370/3917/2203 3377/3924/2203
s 1
f 3250/3640/2204 3229/3596/1912 3043/3346/1908 3190/3524/2205 3251/3642/2206 3252/3645/2207 3253/3647/2208
f 3043/3346/1908 2963/3196/1886 3123/3447/2188 3190/3524/2205
s 0
f 3251/3644/2209 3190/3525/2209 3378/3925/2209 3374/3921/2209
f 3364/3908/2210 3150/3479/2210 3377/3924/2210 3399/3946/2210
s 1
f 3260/3663/2211 3257/3655/2212 3026/3325/1891 3126/3453/1888 3261/3665/2213
f 3262/3667/2214 3261/3665/2213 3126/3453/1888 3027/3328/1887 3247/3634/2199 3263/3669/2215
f 2968/3203/1935 3053/3359/1934 3191/3526/2216 3130/3458/2217
f 3053/3359/1934 2972/3208/1933 3066/3376/2218 3191/3526/2216
f 3191/3526/2216 3066/3376/2218 3030/3332/2219 3131/3459/2220
f 3130/3458/2217 3191/3526/2216 3131/3459/2220 3031/3333/2221
f 2970/3205/1991 3055/3361/2075 3192/3527/2222 3127/3454/2223
f 3055/3361/2075 2968/3203/1935 3130/3458/2217 3192/3527/2222
f 3192/3527/2222 3130/3458/2217 3031/3333/2221 3132/3460/2224
f 3127/3454/2223 3192/3527/2222 3132/3460/2224 3028/3329/2225
f 2972/3208/1933 3052/3358/1997 3193/3528/2226 3066/3376/2218
f 3052/3358/1997 2973/3209/1993 3065/3375/2227 3193/3528/2226
f 3193/3528/2226 3065/3375/2227 3029/3331/2228 3133/3461/2229
f 3066/3376/2218 3193/3528/2226 3133/3461/2229 3030/3332/2219
f 2973/3209/1993 3054/3360/1992 3194/3529/2230 3065/3375/2227
f 3054/3360/1992 2970/3206/1991 3127/3455/2223 3194/3529/2230
f 3194/3529/2230 3127/3455/2223 3028/3330/2225 3134/3462/2231
f 3065/3375/2227 3194/3529/2230 3134/3462/2231 3029/3331/2228
f 3031/3333/2221 3131/3459/2220 3195/3530/2232 3136/3465/2233
f 3131/3459/2220 3030/3332/2219 3129/3457/2234 3195/3530/2232
f 3195/3530/2232 3129/3457/2234 3035/3338/2010 3139/3468/2018
f 3136/3465/2233 3195/3530/2232 3139/3468/2018 3033/3336/2016
f 3028/3329/2225 3132/3460/2224 3196/3531/2235 3135/3463/2236
f 3132/3460/2224 3031/3333/2221 3136/3465/2233 3196/3531/2235
f 3196/3531/2235 3136/3465/2233 3033/3336/2016 3140/3469/2014
f 3135/3463/2236 3196/3531/2235 3140/3469/2014 3032/3334/1977
f 3030/3332/2219 3133/3461/2229 3197/3532/2237 3129/3457/2234
f 3133/3461/2229 3029/3331/2228 3128/3456/2238 3197/3532/2237
f 3197/3532/2237 3128/3456/2238 3034/3337/1973 3141/3470/2011
f 3129/3457/2234 3197/3532/2237 3141/3470/2011 3035/3338/2010
f 3029/3331/2228 3134/3462/2231 3198/3533/2239 3128/3456/2238
f 3134/3462/2231 3028/3330/2225 3135/3464/2236 3198/3533/2239
f 3198/3533/2239 3135/3464/2236 3032/3335/1977 3142/3471/1974
f 3128/3456/2238 3198/3533/2239 3142/3471/1974 3034/3337/1973
f 3360/3902/1940 3365/3911/2340 3362/3904/2341 3047/3351/1925
f 3150/3480/1937 3364/3909/2342 3365/3911/2340 3360/3902/1940
s 0
f 3189/3523/2343 3124/3450/2343 3371/3918/2343 3373/3920/2343
s 1
f 3359/3901/1926 3366/3912/1929 3361/3903/1932 3149/3478/1927
f 3047/3351/1925 3362/3904/2341 3366/3912/1929 3359/3901/1926
s 0
f 3154/3486/2344 3056/3363/2344 3390/3937/2344 3391/3938/2344
s 1
f 3370/3917/2345 3386/3933/2346 3387/3934/2347 3399/3946/2348 3377/3924/2349
f 3405/3952/2350 3397/3944/2351 3396/3943/2352 3404/3951/2353
f 3392/3939/2354 3371/3918/2355 3372/3919/2356 3394/3941/2357
f 3382/3929/2358 3368/3915/2359 3367/3914/2360 3400/3947/2361 3394/3941/2357 3372/3919/2356 3381/3928/2362 3383/3930/2363
f 3386/3933/2346 3389/3936/2364 3380/3927/2365 3387/3934/2347
f 3389/3936/2364 3392/3939/2354 3394/3941/2357 3380/3927/2365
f 3380/3927/2365 3394/3941/2357 3400/3947/2361 3379/3926/2366
f 3387/3934/2347 3380/3927/2365 3379/3926/2366 3396/3943/2352 3397/3944/2351
f 3396/3943/2352 3379/3926/2366 3391/3938/2367 3390/3937/2368 3398/3945/2369
f 3379/3926/2366 3400/3947/2361 3401/3948/2370 3391/3938/2367
f 3402/3949/2371 3393/3940/2372 3392/3939/2354 3389/3936/2364
f 3388/3935/2373 3402/3949/2371 3389/3936/2364 3386/3933/2346
f 3393/3940/2372 3373/3920/2374 3371/3918/2355 3392/3939/2354
f 3378/3925/2375 3388/3935/2373 3386/3933/2346 3370/3917/2345
f 3375/3922/2376 3374/3921/2377 3378/3925/2375 3370/3917/2345 3369/3916/2378 3376/3923/2379 3403/3950/2380 3395/3942/2381 3385/3932/2382 3384/3931/2383
f 3399/3946/2348 3387/3934/2347 3397/3944/2351 3405/3952/2350
f 3404/3951/2353 3396/3943/2352 3398/3945/2369 3406/3953/2384
s 0
f 3051/3357/2385 3189/3523/2385 3373/3920/2385 3393/3940/2385
f 3188/3521/2386 3051/3357/2386 3393/3940/2386 3402/3949/2386
f 2967/3202/2388 3059/3367/2388 3401/3948/2388 3400/3947/2388
f 3190/3525/2389 3123/3448/2389 3388/3935/2389 3378/3925/2389
f 3366/3913/2392 3362/3905/2392 3404/3951/2392 3406/3953/2392
f 3125/3452/2393 3026/3326/2393 3369/3916/2393 3370/3917/2393
f 3363/3907/2395 3366/3913/2395 3406/3953/2395 3398/3945/2395
f 3056/3363/2397 3363/3907/2397 3398/3945/2397 3390/3937/2397
f 3026/3326/2398 3257/3657/2398 3376/3923/2398 3369/3916/2398
s 1
f 3415/3968/2399 3416/3970/2400 3417/3972/1922
f 3418/3973/1866 3419/3974/2401 3420/3976/1918
f 3421/3978/2402 3422/3979/2403 3423/3982/2161
f 3424/3984/2156 3425/3986/1902 3426/3988/1873
f 3427/3989/2155 3428/3991/2404 3429/3993/2162 3430/3995/2405
f 3408/3955/1917 3415/3968/2399 3417/3972/1922 3407/3954/2406
f 3407/3954/2406 3418/3973/1866 3420/3976/1918 3408/3955/1917
f 3410/3959/2407 3419/3974/2401 3418/3973/1866 3409/3957/1905
f 3409/3958/1905 3421/3978/2402 3423/3982/2161 3410/3959/2407
f 3412/3963/1876 3417/3972/1922 3416/3970/2400 3411/3961/2408
f 3411/3961/2408 3424/3984/2156 3426/3988/1873 3412/3963/1876
f 3414/3966/1901 3422/3980/2403 3421/3978/2402 3413/3964/1874
f 3413/3965/1874 3426/3988/1873 3425/3986/1902 3414/3966/1901
f 3415/3968/2399 3428/3991/2404 3427/3989/2155 3416/3970/2400
f 3419/3974/2401 3429/3993/2162 3428/3991/2404 3420/3976/1918
f 3422/3980/2403 3430/3995/2405 3429/3993/2162 3423/3982/2161
f 3424/3984/2156 3427/3989/2155 3430/3995/2405 3425/3986/1902
f 3417/3972/1922 3181/3513/1921 3108/3429/1898 3407/3954/2406
f 3437/4003/2409 3432/3998/2410 3431/3997/1904 3433/3999/1903
f 2958/3191/2411 3435/4001/2158 2955/3188/2157 2957/3190/2412
f 3143/3472/1920 3038/3341/1919 3434/4000/2413 3039/3342/2414
f 3411/3962/2408 3416/3971/2400 2958/3191/2411 2957/3190/2412
f 3425/3987/1902 3430/3996/2405 3437/4003/2409 3433/3999/1903
f 3428/3992/2404 3415/3969/2399 3039/3342/2414 3434/4000/2413
f 3424/3985/2156 3411/3962/2408 2957/3190/2412 2955/3188/2157
f 3419/3975/2401 3410/3960/2407 3037/3340/2171 3036/3339/2170
f 3416/3971/2400 3427/3990/2155 3435/4001/2158 2958/3191/2411
f 3429/3994/2162 3419/3975/2401 3036/3339/2170 3436/4002/2163
f 3420/3977/1918 3428/3992/2404 3434/4000/2413 3038/3341/1919
f 3415/3969/2399 3408/3956/1917 3143/3472/1920 3039/3342/2414
f 3422/3981/2403 3414/3967/1901 3431/3997/1904 3432/3998/2410
f 3410/3960/2407 3423/3983/2161 2959/3192/2164 3037/3340/2171
f 3430/3996/2405 3422/3981/2403 3432/3998/2410 3437/4003/2409
f 3439/4006/1872 3442/4010/2415 3447/4020/2416 3445/4016/2417
f 3439/4006/1872 3440/4007/1871 3448/4022/2418 3449/4023/2419
f 3046/3350/1900 3148/3477/1869 3439/4006/1872 3438/4005/2168
f 3421/3978/2402 3409/3958/1905 3441/4009/2169 3442/4011/2415
f 3413/3964/1874 3421/3978/2402 3442/4011/2415 3443/4013/2420
f 3107/3428/1870 3413/3965/1874 3443/4012/2420 3440/4007/1871
f 3445/4016/2417 3447/4020/2416 3446/4017/2421 3444/4015/2422
f 3441/4008/2169 3438/4004/2168 3444/4014/2422 3446/4018/2421
f 3442/4011/2415 3441/4009/2169 3446/4019/2421 3447/4021/2416
f 3438/4005/2168 3439/4006/1872 3445/4016/2417 3444/4015/2422
f 3448/4022/2418 3451/4026/2423 3450/4024/2424 3449/4023/2419
f 3440/4007/1871 3443/4012/2420 3451/4026/2423 3448/4022/2418
f 3442/4010/2415 3439/4006/1872 3449/4023/2419 3450/4024/2424
f 3443/4013/2420 3442/4011/2415 3450/4025/2424 3451/4027/2423
f 3453/4029/1868 3455/4031/1867 3459/4035/2425 3457/4033/2426
f 3407/3954/2406 3108/3429/1898 3452/4028/2427 3454/4030/2428
f 3108/3429/1898 3146/3475/1865 3453/4029/1868 3452/4028/2427
f 3418/3973/1866 3407/3954/2406 3454/4030/2428 3455/4031/1867
f 3456/4032/2429 3457/4033/2426 3459/4035/2425 3458/4034/2430
f 3455/4031/1867 3454/4030/2428 3458/4034/2430 3459/4035/2425
f 3454/4030/2428 3452/4028/2427 3456/4032/2429 3458/4034/2430
f 3452/4028/2427 3453/4029/1868 3457/4033/2426 3456/4032/2429
f 3461/4037/1924 3463/4039/1923 3467/4043/2431 3465/4041/2432
f 3417/3972/1922 3412/3963/1876 3462/4038/2433 3463/4039/1923
f 3412/3963/1876 3040/3343/1877 3460/4036/2434 3462/4038/2433
f 3040/3343/1877 3181/3513/1921 3461/4037/1924 3460/4036/2434
f 3466/4042/2435 3464/4040/2436 3465/4041/2432 3467/4043/2431
f 3460/4036/2434 3461/4037/1924 3465/4041/2432 3464/4040/2436
f 3462/4038/2433 3460/4036/2434 3464/4040/2436 3466/4042/2435
f 3463/4039/1923 3462/4038/2433 3466/4042/2435 3467/4043/2431
s 0
usemtl 
f 3259/3662/1938 3256/3653/1938 3385/3932/1938 3395/3942/1938
f 3223/3585/1968 3222/3583/1968 3382/3929/1968 3383/3930/1968
f 3256/3653/1994 3254/3649/1994 3384/3931/1994 3385/3932/1994
f 3254/3649/2190 3255/3652/2190 3375/3922/2190 3384/3931/2190
f 2956/3189/2240 2969/3204/2240 2971/3207/2240
f 2971/3207/2241 3214/3565/2241 3213/3563/2241 3219/3576/2241
f 2956/3189/2242 2976/3212/2242 2969/3204/2242
f 2956/3189/2243 2984/3241/2243 2976/3212/2243
f 2956/3189/2244 2974/3210/2244 2984/3241/2244
f 3199/3535/2245 2982/3234/2245 2961/3194/2245 3200/3537/2245
f 3216/3569/2246 3215/3567/2246 2991/3268/2246 2962/3195/2246 3223/3584/2246
f 3227/3593/2247 2999/3287/2247 3225/3589/2247 3226/3591/2247
f 3200/3537/2248 2961/3194/2248 3206/3549/2248 3201/3539/2248
f 2962/3195/2249 3222/3582/2249 3223/3584/2249
f 2999/3287/2250 3227/3593/2250 3228/3595/2250
f 3221/3580/2251 3222/3582/2251 2962/3195/2251 2999/3287/2251 3228/3595/2251 3220/3578/2251
f 3211/3559/2252 3207/3551/2252 2991/3268/2252 3215/3567/2252 3212/3561/2252
f 3206/3549/2253 2961/3194/2253 2991/3268/2253 3207/3551/2253
f 2982/3234/2254 3199/3535/2254 3202/3541/2254
f 3202/3541/2255 3205/3547/2255 2982/3234/2255
f 3225/3589/2256 2999/3287/2256 2974/3210/2256 3224/3587/2256
f 2999/3287/2257 2984/3241/2257 2974/3210/2257
f 2962/3195/2258 2984/3241/2258 2999/3287/2258
f 2962/3195/2259 2991/3268/2259 2984/3241/2259
f 2991/3268/2260 2976/3212/2260 2984/3241/2260
f 2961/3194/2261 2976/3212/2261 2991/3268/2261
f 2982/3234/2262 2976/3212/2262 2961/3194/2262
f 2982/3234/2263 2969/3204/2263 2976/3212/2263
f 2969/3204/2264 2982/3234/2264 3205/3547/2264 3204/3545/2264
f 2974/3210/2265 3218/3574/2265 3217/3572/2265 3224/3587/2265
f 2974/3210/2266 2971/3207/2266 3219/3576/2266 3218/3574/2266
f 2971/3207/2267 2974/3210/2267 2956/3189/2267
f 3210/3557/2268 2969/3204/2268 3204/3545/2268 3203/3543/2268
f 2971/3207/2269 2969/3204/2269 3210/3557/2269 3209/3555/2269
f 2971/3207/2270 3209/3555/2270 3208/3553/2270 3214/3565/2270
f 3289/3721/2271 3290/3723/2271 3250/3641/2271 3253/3648/2271 2986/3248/2271 3291/3725/2271
f 3292/3727/2272 3294/3731/2272 2996/3283/2272 3254/3650/2272 3256/3654/2272 2960/3193/2272 3293/3729/2272 3295/3733/2272
f 3264/3671/2273 3265/3673/2273 2993/3275/2273 3237/3614/2273 3233/3605/2273 3234/3607/2273 3266/3675/2273
f 3252/3646/2274 2998/3286/2274 2986/3248/2274 3253/3648/2274
f 3281/3705/2275 3269/3681/2275 3268/3679/2275 3263/3670/2275 3247/3635/2275 3246/3632/2275 3280/3703/2275
f 3297/3737/2276 3293/3729/2276 2960/3193/2276 3267/3677/2276 3269/3681/2276 3281/3705/2276 3282/3707/2276 3279/3701/2276 3278/3699/2276 3280/3703/2276 3246/3632/2276 2996/3283/2276 3294/3731/2276 3296/3735/2276
f 3248/3637/2277 2996/3283/2277 3246/3632/2277
f 2996/3283/2278 3248/3637/2278 3249/3639/2278
f 3243/3626/2279 2998/3286/2279 3245/3630/2279 3244/3628/2279
f 3243/3626/2280 3240/3620/2280 3241/3622/2280 2986/3248/2280 2998/3286/2280
f 3242/3624/2281 2986/3248/2281 3241/3622/2281
f 3238/3616/2282 3236/3612/2282 3235/3609/2282 2993/3275/2282
f 3235/3609/2283 3237/3614/2283 2993/3275/2283
f 3245/3630/2284 2998/3286/2284 2996/3283/2284 3249/3639/2284
f 3254/3650/2285 2996/3283/2285 2998/3286/2285 3255/3651/2285
f 3251/3643/2286 3255/3651/2286 2998/3286/2286 3252/3646/2286
f 3300/3743/2287 3298/3739/2287 2986/3248/2287 3242/3624/2287 3239/3618/2287 3238/3616/2287 2993/3275/2287 3283/3709/2287 3284/3711/2287 3285/3713/2287 3286/3715/2287 3299/3741/2287
f 3302/3747/2288 3299/3741/2288 3286/3715/2288 3288/3719/2288 3287/3717/2288 3283/3709/2288 2993/3275/2288 3270/3683/2288 3271/3685/2288 3272/3687/2288 3273/3689/2288 3232/3603/2288 3230/3599/2288 3229/3597/2288 3250/3641/2288 3290/3723/2288
f 3291/3725/2289 2986/3248/2289 3298/3739/2289 3301/3745/2289
f 2993/3275/2290 3265/3673/2290 3270/3683/2290
f 3274/3691/2291 3266/3675/2291 3234/3607/2291 3231/3601/2291 3232/3603/2291 3273/3689/2291
f 3261/3666/2292 3262/3668/2292 3260/3664/2292
f 3275/3693/2293 3267/3677/2293 2960/3193/2293 3258/3658/2293 3257/3656/2293 3260/3664/2293 3262/3668/2293 3263/3670/2293 3268/3679/2293 3276/3695/2293 3277/3697/2293
f 3256/3654/2294 3259/3660/2294 2960/3193/2294
f 3258/3658/2295 2960/3193/2295 3259/3661/2295
f 3271/3686/2296 3269/3682/2296 3267/3678/2296 3275/3694/2296 3272/3688/2296
f 3276/3696/2297 3264/3672/2297 3266/3676/2297 3274/3692/2297 3277/3698/2297
f 3274/3692/2298 3273/3690/2298 3272/3688/2298 3275/3694/2298 3277/3698/2298
f 3271/3686/2299 3270/3684/2299 3265/3674/2299 3264/3672/2299 3276/3696/2299 3268/3680/2299 3269/3682/2299
f 3286/3716/2296 3285/3714/2296 3278/3700/2296 3279/3702/2296 3288/3720/2296
f 3283/3710/2297 3287/3718/2297 3282/3708/2297 3281/3706/2297 3284/3712/2297
f 3288/3720/2298 3279/3702/2298 3282/3708/2298 3287/3718/2298
f 3281/3706/2299 3280/3704/2299 3278/3700/2299 3285/3714/2299 3284/3712/2299
f 3295/3734/2296 3289/3722/2296 3291/3726/2296 3301/3746/2296 3292/3728/2296
f 3302/3748/2297 3297/3738/2297 3296/3736/2297 3300/3744/2297 3299/3742/2297
f 3297/3738/2298 3302/3748/2298 3290/3724/2298 3289/3722/2298 3295/3734/2298 3293/3730/2298
f 3296/3736/2299 3294/3732/2299 3292/3728/2299 3301/3746/2299 3298/3740/2299 3300/3744/2299
f 3311/3770/2300 3312/3773/2300 2977/3213/2300
f 3305/3755/2301 3306/3757/2301 2981/3228/2301 3316/3785/2301
f 3339/3847/2302 3341/3852/2302 2985/3242/2302 3345/3864/2302
f 3342/3855/2303 2988/3255/2303 3343/3858/2303
f 3307/3760/2304 3309/3764/2304 2992/3269/2304 3336/3838/2304
f 2983/3235/2305 2977/3214/2305 3312/3774/2305 3314/3779/2305
f 2987/3249/2306 2981/3229/2306 3306/3758/2306 3304/3752/2306
f 3338/3844/2307 2990/3262/2307 2985/3243/2307 3341/3853/2307
f 3342/3856/2308 3335/3836/2308 3334/3833/2308 2994/3276/2308 2988/3256/2308
f 3313/3776/2309 2979/3221/2309 2992/3270/2309 3309/3765/2309
f 2979/3222/2310 3351/3879/2310 3354/3888/2310
f 3333/3830/2311 2992/3271/2311 2979/3223/2311 3354/3889/2311 3347/3869/2311 3332/3828/2311
f 2992/3272/2312 3333/3831/2312 3331/3825/2312
f 2994/3277/2313 3329/3820/2313 3328/3817/2313
f 3328/3818/2314 3326/3812/2314 3327/3814/2314 2988/3257/2314 2994/3278/2314
f 3321/3800/2315 2988/3258/2315 3327/3815/2315 3322/3803/2315
f 2990/3263/2316 3319/3794/2316 3317/3788/2316
f 3320/3797/2317 2985/3244/2317 2990/3264/2317 3317/3789/2317
f 2985/3245/2318 3320/3798/2318 3318/3791/2318
f 2987/3250/2319 3325/3809/2319 3324/3807/2319 3355/3891/2319
f 3357/3896/2320 2981/3230/2320 2987/3251/2320 3355/3892/2320 3356/3894/2320
f 2981/3231/2321 3357/3897/2321 3358/3899/2321
f 2983/3236/2322 3349/3873/2322 3350/3876/2322
f 2977/3215/2323 2983/3237/2323 3350/3877/2323 3353/3885/2323
f 2977/3216/2324 3353/3886/2324 3352/3882/2324
f 3329/3821/2325 2994/3279/2325 2992/3273/2325 3331/3826/2325 3330/3823/2325
f 3336/3839/2326 2992/3274/2326 2994/3280/2326 3337/3841/2326
f 3337/3842/2327 2994/3281/2327 3334/3834/2327
f 3319/3795/2328 2990/3265/2328 2988/3259/2328 3321/3801/2328
f 3343/3859/2329 2988/3260/2329 2990/3266/2329 3340/3849/2329
f 3340/3850/2330 2990/3267/2330 3338/3845/2330
f 3325/3810/2331 2987/3252/2331 2985/3246/2331 3318/3792/2331 3323/3805/2331
f 2985/3247/2332 2987/3253/2332 3344/3861/2332 3345/3865/2332
f 2987/3254/2333 3304/3753/2333 3303/3750/2333 3344/3862/2333
f 3348/3871/2334 3346/3867/2334 3349/3874/2334 2983/3238/2334 2981/3232/2334 3358/3900/2334
f 2981/3233/2335 2983/3239/2335 3315/3782/2335 3316/3786/2335
f 2983/3240/2336 3314/3780/2336 3308/3762/2336 3315/3783/2336
f 2979/3224/2337 2977/3217/2337 3352/3883/2337 3351/3880/2337
f 2977/3218/2338 2979/3225/2338 3310/3767/2338 3311/3771/2338
f 3313/3777/2339 3310/3768/2339 2979/3226/2339
f 3216/3570/2387 3223/3585/2387 3383/3930/2387 3381/3928/2387
f 3258/3659/2390 3259/3662/2390 3395/3942/2390 3403/3950/2390
f 3222/3583/2391 3221/3581/2391 3368/3915/2391 3382/3929/2391
f 3255/3652/2394 3251/3644/2394 3374/3921/2394 3375/3922/2394
f 3257/3657/2396 3258/3659/2396 3403/3950/2396 3376/3923/2396
o Sphere.004
v 2.981272 0.752161 0.643275
v 2.988357 0.846178 0.637159
v 2.988357 -0.574027 0.825377
v 3.330756 -1.407605 0.001707
v 3.387716 -1.461210 0.074805
v 2.835478 0.752161 0.631360
v 2.852712 0.846178 0.625362
v 2.542615 -0.223439 -0.048737
v 2.834473 0.855674 0.731268
v 2.820920 -0.574027 0.809964
v 2.819166 -1.050189 0.820143
v 2.816478 -1.300038 0.835756
v 3.160653 0.627210 -0.048742
v 2.819166 -1.549887 0.820143
v 2.855926 -1.662696 0.526825
v 2.734763 0.752161 0.596074
v 2.752990 0.846178 0.590423
v 3.444688 -1.758259 -0.401727
v 2.717213 0.855674 0.690185
v 2.690627 -0.574027 0.764315
v 3.870013 -1.449242 -0.076810
v 2.687188 -1.050189 0.773904
v 2.681914 -1.300038 0.788611
v 3.638630 -1.749816 -0.218253
v 3.217285 0.318197 -0.495957
v 2.687188 -1.549887 0.773904
v 3.861651 -1.411017 0.145507
v 2.702809 -1.790134 0.730347
v 3.019358 -1.449237 0.448927
v 2.854012 -0.181807 -0.495957
v 2.656086 -1.949241 0.448927
v 2.772522 -1.662696 0.497604
v 2.641943 0.752161 0.538773
v 3.607144 -1.258254 0.448927
v 2.661087 0.846178 0.533687
v 2.609145 0.855674 0.623470
v 2.954416 0.127213 0.029779
v 3.021376 -1.544073 0.376583
v 2.795902 -2.035941 0.312737
v 2.570549 -0.574027 0.690185
v 2.565556 -1.050189 0.698815
v 3.480165 -1.283859 0.513138
v 2.428682 0.127215 0.354697
v 2.557899 -1.300038 0.712051
v 2.791956 0.627210 0.354694
v 2.565556 -1.549887 0.698815
v 2.588234 -1.790134 0.659615
v 2.625062 -2.011547 0.595958
v 2.695657 -1.662696 0.450152
v 2.560586 0.752161 0.461658
v 2.580532 0.846178 0.457332
v 2.583038 0.850695 0.600625
v 2.556816 -0.577067 0.668452
v 2.527560 -1.055169 0.664700
v 2.449199 -1.300038 0.609019
v 2.458945 -1.549887 0.597762
v 2.487808 -1.790134 0.564425
v 2.534681 -2.011547 0.510289
v 2.597760 -2.403845 0.437434
v 2.620583 -2.403845 0.401496
v 2.628284 -1.662696 0.386292
v 2.436687 0.855674 0.424285
v 2.378923 -0.574027 0.468863
v 2.371451 -1.050189 0.474629
v 2.405391 -1.790134 0.448437
v 2.460507 -2.011547 0.405902
v 2.534681 -2.403845 0.348660
v 2.562976 -2.403845 0.320424
v 2.572993 -1.662696 0.308478
v 2.314740 -0.574027 0.330176
v 2.306437 -1.050189 0.334148
v 2.344150 -1.790134 0.316106
v 2.405391 -2.011547 0.286808
v 2.487808 -2.403845 0.247379
v 2.520170 -2.403845 0.227929
v 2.531907 -1.662696 0.219701
v 2.275216 -0.574027 0.179692
v 2.266402 -1.050189 0.181717
v 2.252884 -1.300038 0.184822
v 2.266402 -1.549887 0.181717
v 2.306437 -1.790134 0.172519
v 2.371451 -2.011547 0.157583
v 2.458945 -2.403845 0.137482
v 2.493810 -2.403845 0.127567
v 2.506607 -1.662696 0.123372
v 2.261870 -0.574027 0.023193
v 2.252884 -1.050189 0.023193
v 2.239101 -1.300038 0.023194
v 2.252884 -1.549887 0.023193
v 2.293704 -1.790134 0.023193
v 2.359991 -2.011547 0.023193
v 2.449198 -2.403845 0.023193
v 2.484910 -2.403845 0.023193
v 2.498064 -1.662696 0.023193
v 2.275216 -0.574027 -0.133305
v 2.266402 -1.050189 -0.135330
v 2.252884 -1.300038 -0.138435
v 2.266402 -1.549887 -0.135330
v 2.306437 -1.790134 -0.126133
v 2.371451 -2.011547 -0.111196
v 2.458945 -2.403845 -0.091096
v 2.493810 -2.403845 -0.081180
v 2.506607 -1.662696 -0.076986
v 2.314740 -0.574027 -0.283790
v 2.306437 -1.050189 -0.287761
v 2.293704 -1.300038 -0.293853
v 2.306437 -1.549887 -0.287761
v 2.344150 -1.790134 -0.269720
v 2.405391 -2.011547 -0.240421
v 2.487808 -2.403845 -0.200993
v 2.520170 -2.403845 -0.181543
v 2.531907 -1.662696 -0.173314
v 2.378923 -0.574027 -0.422477
v 2.371451 -1.050189 -0.428243
v 2.359991 -1.300038 -0.437087
v 2.371451 -1.549887 -0.428243
v 2.405391 -1.790134 -0.402050
v 2.460507 -2.011547 -0.359516
v 2.534681 -2.403845 -0.302274
v 2.562975 -2.403845 -0.274037
v 2.572992 -1.662696 -0.262092
v 2.465299 -0.574027 -0.544037
v 2.458945 -1.050189 -0.551376
v 2.449199 -1.300038 -0.562632
v 2.458945 -1.549887 -0.551376
v 2.487808 -1.790134 -0.518039
v 2.534681 -2.011547 -0.463903
v 2.597760 -2.403845 -0.391048
v 2.620582 -2.403845 -0.355109
v 2.628284 -1.662696 -0.339906
v 2.570549 -0.574027 -0.643799
v 2.565556 -1.050189 -0.652429
v 2.557899 -1.300038 -0.665664
v 2.565556 -1.549887 -0.652429
v 2.588234 -1.790134 -0.613229
v 2.625061 -2.011547 -0.549571
v 2.674623 -2.403845 -0.463903
v 2.690776 -2.403845 -0.421644
v 2.695657 -1.662696 -0.403766
v 2.690627 -0.574027 -0.717929
v 2.687188 -1.050189 -0.727518
v 2.681913 -1.300038 -0.742225
v 2.687188 -1.549887 -0.727518
v 2.702809 -1.790134 -0.683961
v 2.728176 -2.011547 -0.613229
v 2.762314 -2.403845 -0.518039
v 2.770860 -2.403845 -0.471083
v 2.772522 -1.662696 -0.451218
v 2.820920 -0.574027 -0.763578
v 2.819166 -1.050189 -0.773757
v 2.816477 -1.300038 -0.789370
v 2.819166 -1.549887 -0.773757
v 2.827130 -1.790134 -0.727518
v 2.840062 -2.011547 -0.652429
v 2.857465 -2.403845 -0.551376
v 2.857756 -2.403845 -0.501528
v 2.855926 -1.662696 -0.480439
v 2.988357 -0.574026 -0.778991
v 2.988357 -1.050189 -0.789370
v 2.988356 -1.300038 -0.805289
v 2.988357 -1.549887 -0.789370
v 2.988357 -1.790134 -0.742225
v 2.988357 -2.011547 -0.665665
v 2.988357 -2.403845 -0.562633
v 2.985247 -2.403845 -0.511808
v 2.994390 -1.662696 -0.490306
v 3.177254 -0.574027 -0.763578
v 3.179698 -1.050189 -0.773757
v 3.183447 -1.300038 -0.789370
v 3.179698 -1.549887 -0.773757
v 3.168597 -1.790134 -0.727518
v 3.150568 -2.011547 -0.652429
v 3.126306 -2.403845 -0.551376
v 3.111228 -2.403845 -0.501528
v 3.115308 -1.662696 -0.480439
v 3.267693 0.752161 -0.549688
v 3.271953 0.846178 -0.544037
v 3.321830 0.855674 -0.643799
v 3.358893 -0.574027 -0.717929
v 3.363687 -1.050189 -0.727518
v 3.371040 -1.300038 -0.742225
v 3.363687 -1.549887 -0.727518
v 3.341910 -1.790134 -0.683961
v 3.306546 -2.011547 -0.613229
v 3.258955 -2.403845 -0.518039
v 3.232368 -2.403845 -0.471083
v 3.231579 -1.662696 -0.451218
v 3.397091 0.752161 -0.492386
v 3.400074 0.846178 -0.487300
v 3.472485 0.855674 -0.577084
v 3.526292 -0.574027 -0.643799
v 3.533252 -1.050189 -0.652429
v 3.543926 -1.300038 -0.665665
v 3.533252 -1.549887 -0.652429
v 3.501637 -1.790134 -0.613229
v 3.450296 -2.011547 -0.549571
v 3.381204 -2.403845 -0.463903
v 3.338736 -1.662696 -0.403766
v 3.510509 0.752161 -0.415271
v 3.512374 0.846178 -0.410946
v 3.604536 0.855674 -0.487300
v 3.673018 -0.574027 -0.544037
v 3.681876 -1.050189 -0.551376
v 3.695463 -1.300038 -0.562633
v 3.681876 -1.549887 -0.551376
v 3.641638 -1.790134 -0.518039
v 3.432659 -1.662696 -0.339906
v 3.603590 0.752161 -0.321306
v 3.604536 0.846178 -0.317908
v 3.712906 0.855674 -0.377899
v 3.793433 -0.574027 -0.422477
v 3.803850 -1.050189 -0.428243
v 3.819826 -1.300038 -0.437087
v 3.803850 -1.549887 -0.428243
v 3.756534 -1.790134 -0.402050
v 3.672754 0.752161 -0.214102
v 3.673018 0.846178 -0.211761
v 3.793433 0.855674 -0.253084
v 3.882910 -0.574027 -0.283790
v 3.894484 -1.050189 -0.287762
v 3.912236 -1.300038 -0.293854
v 3.894484 -1.549887 -0.287762
v 3.715346 0.752161 -0.097779
v 3.715189 0.846178 -0.096586
v 3.843021 0.855674 -0.117652
v 3.938009 -0.574027 -0.194951
v 3.950296 -1.050189 -0.135330
v 3.969141 -1.300038 -0.138436
v 3.950296 -1.549887 -0.135330
v 3.729727 0.752161 0.023193
v 3.729429 0.846178 0.023193
v 3.859765 0.855674 0.023193
v 4.111486 -0.572993 -0.158717
v 3.969142 -1.050189 0.023193
v 3.988356 -1.300038 0.023193
v 3.715346 0.752161 0.144165
v 3.715189 0.846178 0.142972
v 3.843021 0.855674 0.164038
v 3.938009 -0.574027 0.219864
v 3.950296 -1.050189 0.181716
v 3.969142 -1.300038 0.184822
v 3.672754 0.752161 0.260488
v 3.673018 0.846178 0.258148
v 3.793433 0.855674 0.299470
v 3.882910 -0.574027 0.330176
v 3.894484 -1.050189 0.334148
v 3.912236 -1.300038 0.340240
v 3.603590 0.752161 0.367693
v 3.604536 0.846178 0.364294
v 3.712906 0.855674 0.424285
v 3.793433 -0.574027 0.468863
v 3.803850 -1.050189 0.474629
v 3.819826 -1.300038 0.483473
v 3.510510 0.752161 0.461658
v 3.512374 0.846178 0.457332
v 3.604536 0.855674 0.533687
v 3.673018 -0.574027 0.590423
v 3.681877 -1.050189 0.597762
v 3.695463 -1.300038 0.609019
v 3.397091 0.752161 0.538773
v 3.400074 0.846178 0.533687
v 3.472485 0.855674 0.623470
v 3.526292 -0.574027 0.690185
v 3.533252 -1.050189 0.698815
v 3.543927 -1.300038 0.712051
v 3.267693 0.752161 0.596075
v 3.271953 0.846178 0.590423
v 3.321830 0.855674 0.690185
v 3.358893 -0.574027 0.764315
v 3.363687 -1.050189 0.773904
v 3.371040 -1.300038 0.788611
v 3.127288 0.752161 0.631361
v 3.132933 0.846178 0.625362
v 3.158360 0.855674 0.731268
v 3.177254 -0.574027 0.809964
v 3.179698 -1.050189 0.820144
v 3.183447 -1.300038 0.835757
v 2.988357 0.855674 0.745140
v 2.988357 -1.050189 0.835757
v 2.988357 -1.300038 0.851676
v 2.988357 -1.549887 0.835757
v 2.988357 0.847036 0.646914
v 2.851064 0.847036 0.634930
v 2.749758 0.847036 0.599436
v 2.656394 0.847036 0.541798
v 2.574559 0.847036 0.464231
v 3.276459 0.847036 -0.553050
v 3.406616 0.847036 -0.495412
v 3.520700 0.847036 -0.417844
v 3.614326 0.847036 -0.323328
v 3.683897 0.847036 -0.215495
v 3.726738 0.847036 -0.098489
v 3.741204 0.847036 0.023193
v 3.726738 0.847036 0.144875
v 3.683897 0.847036 0.261881
v 3.614326 0.847036 0.369714
v 3.520700 0.847036 0.464231
v 3.406616 0.847036 0.541798
v 3.276459 0.847036 0.599436
v 3.135230 0.847036 0.634930
v 2.960713 -1.841945 0.673776
v 3.099892 -2.375199 0.555271
v 3.010690 -1.732432 0.455879
v 2.830661 -1.868030 0.621092
v 2.894237 -2.058410 0.572881
v 2.994135 -2.396371 0.513076
v 3.007109 -2.396701 0.471091
v 2.811391 -2.076732 0.511858
v 2.923681 -2.411952 0.461180
v 2.942767 -2.410931 0.423697
v 2.864729 -2.426488 0.393599
v 2.888930 -2.424206 0.361979
v 3.658316 -2.325705 -0.225472
v 3.802246 -1.948606 -0.224208
v 3.770298 -2.302220 -0.163600
v 3.722537 -2.309437 -0.144891
v 3.861402 -1.931157 -0.110304
v 3.820607 -2.287381 -0.066733
v 3.768480 -2.295886 -0.056427
v 3.642425 -1.655456 -0.089331
v 3.939429 -1.712450 -0.005933
v 3.894752 -1.917877 0.009371
v 3.848969 -2.276088 0.035043
v 3.794381 -2.285572 0.036518
v 3.667285 -1.645557 -0.000121
v 3.946387 -1.702893 0.128347
v 3.901014 -1.909277 0.130220
v 3.854294 -2.268773 0.137817
v 3.799245 -2.278892 0.130376
v 3.671953 -1.639145 0.089964
v 3.933681 -1.481517 0.260059
v 3.922979 -1.698903 0.258770
v 3.879948 -1.905686 0.247598
v 3.836379 -2.265719 0.237638
v 3.782884 -2.276103 0.221537
v 3.656250 -1.636469 0.177462
v 3.877550 -1.483353 0.389100
v 3.870106 -1.700633 0.380324
v 3.832363 -1.907242 0.356994
v 3.795911 -2.267043 0.330672
v 3.745927 -2.277312 0.306499
v 3.620778 -1.637629 0.259009
v 3.792296 -1.491190 0.503767
v 3.789797 -1.708015 0.488337
v 3.760087 -1.913887 0.454203
v 3.734446 -2.272693 0.413342
v 3.689794 -2.282472 0.381997
v 3.566901 -1.642582 0.331473
v 3.681193 -1.504728 0.599652
v 3.685141 -1.720767 0.578659
v 3.665899 -1.925363 0.535491
v 3.654345 -2.282453 0.482471
v 3.616643 -2.291386 0.445129
v 3.496690 -1.651137 0.392067
v 3.548512 -1.523446 0.673072
v 3.560158 -1.738399 0.647820
v 3.553418 -1.941231 0.597734
v 3.558687 -2.295948 0.535404
v 3.529284 -2.303710 0.493469
v 3.412842 -1.662966 0.438465
v 3.399352 -1.546624 0.721205
v 3.419652 -1.760233 0.693160
v 3.426965 -1.960881 0.638539
v 3.451149 -2.312659 0.570106
v 3.431076 -2.318970 0.525160
v 3.318580 -1.677613 0.468883
v 3.239444 -1.573373 0.742201
v 3.269022 -1.785429 0.712937
v 3.291403 -1.983557 0.656338
v 3.335862 -2.331943 0.585243
v 3.325791 -2.336582 0.538984
v 3.217527 -1.694517 0.482151
v 3.074934 -1.602663 0.735253
v 3.114058 -1.813020 0.706392
v 3.151938 -2.008388 0.650448
v 3.217257 -2.353060 0.580234
v 3.217476 -2.355867 0.534410
v 3.113565 -1.713027 0.477760
v 3.013931 -2.034420 0.621094
v 3.110293 -2.376085 0.511612
v 2.855996 -1.691043 0.527632
v 2.876697 -1.662696 0.528305
v 2.826938 -1.784336 0.775020
v 2.911448 -1.674312 0.804242
v 2.988357 -1.628307 0.820368
v 2.725216 -1.985706 0.667870
v 2.819318 -1.793715 0.769879
v 2.822285 -1.790134 0.772206
v 2.772213 -1.800689 0.501303
v 2.710584 -2.011547 0.648754
v 2.669497 -2.363278 0.519148
v 2.689473 -2.051989 0.623736
v 2.694105 -1.898401 0.455838
v 2.666299 -2.403845 0.502399
v 2.657644 -2.403845 0.436625
v 2.656086 -2.403845 0.448927
v 2.659147 -1.965945 0.424753
v 2.665513 -1.942392 0.430073
v 2.686528 -1.907341 0.448927
v 3.310129 -2.403845 -0.436648
v 3.372915 -2.403845 -0.454485
v 3.340739 -1.944100 -0.410554
v 3.263328 -2.258254 -0.453402
v 3.580224 -1.998231 -0.467159
v 3.562068 -2.011547 -0.473576
v 3.388532 -2.403845 -0.458921
v 3.408427 -2.258254 -0.494622
v 3.534579 -2.034918 -0.484364
v 3.392889 -1.758259 -0.369714
v 3.428416 -1.708178 -0.344108
v 3.433185 -1.704985 -0.340773
v 3.351282 -1.886819 -0.401727
v 3.476694 -1.662696 -0.295452
v 3.725036 -1.849351 -0.401727
v 3.738921 -1.840888 -0.392300
v 3.857655 -1.718184 -0.275123
v 3.795184 -1.790134 -0.342144
v 3.944513 -1.574780 -0.134377
v 3.920807 -1.605578 -0.178402
v 3.953804 -1.549887 -0.105822
v 3.962494 -1.506105 -0.061050
v 3.974620 -1.478657 0.023193
v 3.959630 -1.426136 0.183255
v 3.969612 -1.449241 0.084348
v 3.906711 -1.377796 0.338344
v 3.817836 -1.331165 0.482372
v 3.839197 -1.333653 0.448927
v 3.694822 -1.311827 0.608488
v 3.701650 -1.309322 0.601846
v 3.541743 -1.351157 0.709343
v 3.368011 -1.402951 0.782553
v 3.459180 -1.365758 0.744855
v 3.243058 -1.449241 0.810889
v 3.180483 -1.497564 0.823413
v 3.106042 -1.549887 0.826154
v 2.864272 -1.662696 0.448927
v 3.413639 -1.662696 -0.291780
v 2.950003 -1.662696 0.085769
v 3.031180 -1.662696 -0.055411
v 2.902456 -1.779364 0.415188
v 2.915154 -1.751456 0.419403
v 2.829336 -1.863027 0.621674
v 2.875282 -1.753836 0.661521
v 2.927998 -1.701452 0.691863
v 2.802897 -2.054751 0.516694
v 2.825751 -1.872423 0.615938
v 2.827074 -1.868824 0.618450
v 2.856317 -1.888089 0.377944
v 2.799564 -2.079648 0.498301
v 2.852046 -2.392089 0.397610
v 2.794582 -2.118289 0.474094
v 2.817960 -1.985702 0.325330
v 2.859837 -2.427889 0.384863
v 2.869454 -2.429782 0.327206
v 2.865019 -2.429940 0.337196
v 2.807156 -2.050108 0.294005
v 2.807500 -2.028629 0.298816
v 2.814796 -1.994723 0.318088
v 3.634027 -2.331277 -0.246595
v 3.690692 -2.321297 -0.245960
v 3.582869 -1.927695 -0.241668
v 3.577330 -2.212762 -0.280255
v 3.804314 -1.936456 -0.226690
v 3.792909 -1.950971 -0.235923
v 3.704786 -2.318815 -0.245802
v 3.708281 -2.189699 -0.278786
v 3.776404 -1.975736 -0.250634
v 3.587463 -1.757918 -0.204182
v 3.602794 -1.708596 -0.176397
v 3.605415 -1.705036 -0.172565
v 3.580655 -1.876285 -0.234668
v 3.623520 -1.661032 -0.125733
v 3.885151 -1.783600 -0.143320
v 3.892981 -1.773957 -0.132353
v 3.942937 -1.647596 -0.010430
v 3.919148 -1.720526 -0.078711
v 3.957272 -1.508252 0.122301
v 3.953525 -1.539096 0.080892
v 3.953905 -1.484965 0.147375
v 3.943025 -1.445281 0.184965
v 3.927398 -1.418901 0.257595
v 3.866090 -1.374584 0.386071
v 3.903149 -1.393750 0.306359
v 3.775208 -1.340041 0.501102
v 3.657569 -1.312854 0.597911
v 3.684218 -1.311822 0.575163
v 3.520323 -1.314956 0.672547
v 3.527305 -1.311736 0.668514
v 3.373495 -1.372941 0.721516
v 3.218484 -1.445264 0.742673
v 3.298123 -1.398627 0.731640
v 3.114581 -1.505298 0.737857
v 3.066796 -1.557165 0.735392
v 3.012269 -1.614484 0.721924
v 2.925117 -1.754058 0.349326
v 3.570249 -1.671162 -0.138386
v 3.089027 -1.742996 0.064340
v 3.192459 -1.730987 -0.034498
v 2.988357 -0.554573 0.763031
v 3.177254 -0.554573 0.747617
v 2.988357 0.836220 0.682794
v 3.158360 0.836220 0.668922
v 3.321830 0.836220 0.627839
v 3.358893 -0.554573 0.701968
v 2.988357 -0.204172 0.912878
v 3.177254 -0.204172 0.897465
v 3.358893 -0.204172 0.851816
v 3.355726 -0.200379 0.815424
v 2.985190 -0.200379 0.876486
v 3.174088 -0.200379 0.861073
v 3.033318 0.662030 0.883632
v 3.222215 0.662030 0.868219
v 3.403854 0.662030 0.822570
v 3.405509 0.669671 0.797947
v 3.034973 0.669671 0.859009
v 3.223870 0.669671 0.843596
v 3.041246 0.814765 0.931290
v 3.230143 0.814765 0.915877
v 3.411782 0.814765 0.870228
v 3.413008 0.824567 0.846722
v 3.042472 0.824567 0.907784
v 3.231370 0.824567 0.892371
v 3.075099 0.824300 1.025066
v 3.263997 0.824300 1.009653
v 3.445635 0.824300 0.964005
v 3.445635 0.843754 0.901658
v 3.075099 0.843754 0.962720
v 3.263997 0.843754 0.947307
v 3.865817 -0.563419 0.219864
v 3.878104 -1.023690 0.181716
v 3.770829 0.818568 0.164038
v 3.770829 0.818568 -0.117652
v 3.865817 -0.563419 -0.194951
v 3.787573 0.818568 0.023193
v 3.884422 -0.563419 0.023193
v 3.896950 -1.023690 0.023193
v 3.878104 -1.023690 -0.135330
v 4.128230 -0.572993 0.023193
v 4.074237 -0.610099 -0.158717
v 4.111486 -0.572993 0.205103
v 4.090981 -0.610099 0.023193
v 4.074237 -0.610099 0.205103
v 4.221006 -0.809612 -0.158717
v 4.237750 -0.809612 0.023193
v 4.182161 -0.820068 -0.158717
v 4.221006 -0.809612 0.205103
v 4.198905 -0.820068 0.023193
v 4.182161 -0.820068 0.205103
v 4.138857 -1.116985 -0.158717
v 4.155601 -1.116985 0.023193
v 4.108811 -1.116463 -0.158717
v 4.138857 -1.116985 0.205103
v 4.125555 -1.116463 0.023193
v 4.108811 -1.116463 0.205103
v 4.096190 -1.197046 -0.148600
v 4.112934 -1.197046 0.033310
v 4.023998 -1.234153 -0.148600
v 4.096190 -1.197046 0.215221
v 4.040742 -1.234153 0.033310
v 4.023998 -1.234153 0.215221
v 2.528641 0.846178 0.384303
v 2.520960 0.752161 0.405890
v 2.467533 0.851906 0.400480
v 2.519488 0.847036 0.386726
v 2.433263 0.770935 0.426928
v 2.422661 0.508533 0.435109
v 2.443320 0.627210 0.453735
v 2.430216 0.855674 0.410304
v 2.365661 0.147692 0.354697
v 2.345030 0.100699 0.315685
v 2.388447 0.251049 0.391686
v 2.300705 -0.039198 0.173836
v 2.334188 0.058560 0.282510
v 2.281342 -0.173318 0.023193
v 2.290888 -0.245189 -0.129705
v 2.282789 -0.203377 -0.010906
v 2.327131 -0.298018 -0.277862
v 2.357976 -0.323212 -0.347498
v 2.389104 -0.322035 -0.414620
v 2.474798 -0.297569 -0.533066
v 2.447407 -0.313921 -0.495957
v 2.579447 -0.244418 -0.628418
v 2.697731 -0.191988 -0.698120
v 2.825423 -0.098894 -0.737425
v 2.723795 -0.181805 -0.706657
v 2.988357 0.056456 -0.743607
v 2.928960 -0.025483 -0.742738
v 3.164342 0.403026 -0.709797
v 3.100265 0.206703 -0.726044
v 3.204883 0.846178 -0.560893
v 3.203964 0.752161 -0.565704
v 3.173565 0.855674 -0.681060
v 3.202847 0.847036 -0.571550
v 3.190056 0.852427 -0.638521
v 3.182026 0.827715 -0.680566
v 3.177494 0.440653 -0.704296
v 3.217285 0.752161 -0.495957
v 2.832556 0.752161 0.273497
v 2.701173 0.752161 0.354695
v 3.109114 0.752161 -0.029119
v 3.183552 0.752161 -0.229575
v 2.286566 -1.295266 0.526544
v 2.333519 -1.474115 0.436977
v 2.340157 -1.467296 0.452239
v 2.347176 -1.448571 0.469925
v 2.349287 -1.432047 0.476708
v 2.296300 -1.505673 0.519276
v 2.230774 -1.295098 0.406012
v 2.346014 -1.360677 0.479235
v 2.342346 -1.344065 0.473544
v 2.333691 -1.325516 0.457338
v 2.326386 -1.318609 0.442482
v 2.241503 -1.505506 0.400892
v 2.261570 -1.311226 0.473870
v 2.270844 -1.337710 0.483980
v 2.270372 -1.317891 0.488508
v 2.282822 -1.345621 0.511681
v 2.277526 -1.356615 0.494078
v 2.287453 -1.377846 0.516032
v 2.288326 -1.436954 0.512974
v 2.284699 -1.461410 0.497328
v 2.292202 -1.465806 0.515028
v 2.268706 -1.470482 0.466336
v 2.277969 -1.482810 0.482741
v 2.278239 -1.473719 0.484810
v 2.241533 -1.364629 0.419907
v 2.243575 -1.348063 0.426547
v 2.239438 -1.345592 0.417940
v 2.249193 -1.317850 0.442750
v 2.246725 -1.329026 0.432935
v 2.256868 -1.326919 0.456145
v 2.262316 -1.466691 0.453482
v 2.255583 -1.458412 0.441120
v 2.257600 -1.482768 0.438733
v 2.241210 -1.423485 0.413094
v 2.245016 -1.455027 0.415273
v 2.248955 -1.450528 0.425267
v 2.304971 -1.360680 0.390549
v 2.307013 -1.344114 0.397189
v 2.313905 -1.325469 0.414591
v 2.320525 -1.318609 0.429817
v 2.328450 -1.474115 0.426025
v 2.321129 -1.467250 0.411130
v 2.312340 -1.448615 0.394645
v 2.308608 -1.432044 0.388809
v 2.333630 -1.278580 0.548604
v 2.362045 -1.256721 0.565084
v 2.338894 -1.208045 0.536660
v 2.316450 -1.241758 0.516435
v 2.309308 -1.268448 0.538254
v 2.326536 -1.548459 0.530368
v 2.331869 -1.577927 0.504535
v 2.356371 -1.610878 0.524100
v 2.379106 -1.569950 0.555008
v 2.345671 -1.541105 0.539312
v 2.258243 -1.241758 0.390662
v 2.254313 -1.206984 0.353006
v 2.244803 -1.253554 0.322302
v 2.244629 -1.278583 0.356291
v 2.236725 -1.268600 0.381757
v 2.252432 -1.548566 0.370034
v 2.258008 -1.541102 0.349890
v 2.261301 -1.571834 0.312642
v 2.273358 -1.611857 0.343734
v 2.275376 -1.577927 0.382465
v 2.645032 0.806198 0.585608
v 2.606436 -0.562324 0.652323
v 2.550310 0.806198 0.495825
v 2.501187 -0.562324 0.552562
v 2.494832 -1.018111 0.559901
v 2.601444 -1.018111 0.660953
vn 0.6504 -0.3641 -0.6667
vn 0.1475 -0.6884 -0.7102
vn 0.4456 -0.7993 -0.4032
vn -0.2123 0.0387 0.9764
vn -0.2128 0.0426 0.9762
vn -0.0053 0.0427 0.9991
vn -0.0509 -0.0363 0.9980
vn -0.2127 -0.0000 0.9771
vn -0.0054 -0.0000 1.0000
vn -0.2109 -0.1271 0.9692
vn -0.0052 -0.1278 0.9918
vn 0.5112 -0.6783 0.5278
vn 0.3843 -0.7555 0.5306
vn 0.4083 -0.6167 0.6730
vn 0.1699 0.6420 -0.7476
vn 0.1470 0.6682 -0.7293
vn -0.0016 0.6695 -0.7428
vn 0.0039 0.6645 -0.7473
vn 0.0186 0.9961 -0.0860
vn -0.1457 0.7290 0.6688
vn 0.4547 0.6053 0.6533
vn 0.0003 0.9961 -0.0877
vn 0.4554 -0.6967 0.5542
vn 0.3794 -0.6526 0.6559
vn -0.4161 -0.2535 0.8733
vn 0.4833 -0.6632 0.5714
vn 0.3406 0.6320 -0.6962
vn 0.3218 0.6485 -0.6899
vn 0.0387 0.9960 -0.0809
vn -0.2937 0.7325 0.6142
vn -0.4301 0.0380 0.9020
vn 0.3109 -0.6927 -0.6508
vn 0.7374 -0.3455 -0.5804
vn -0.4302 0.0418 0.9017
vn -0.4301 -0.0000 0.9028
vn -0.4268 -0.1249 0.8957
vn -0.7079 0.2755 0.6504
vn -0.6083 -0.0008 0.7937
vn -0.6049 -0.1219 0.7869
vn -0.5905 -0.2478 0.7681
vn 0.4441 -0.6669 0.5984
vn -0.5860 -0.2785 0.7609
vn 0.4824 0.6223 -0.6165
vn 0.4670 0.6350 -0.6154
vn 0.7239 -0.4349 0.5356
vn 0.4833 -0.3615 0.7974
vn 0.0392 0.9968 -0.0692
vn -0.6609 0.6215 0.4207
vn -0.9905 0.0234 0.1354
vn 0.4400 -0.6931 -0.5710
vn 0.8035 -0.3322 -0.4939
vn 0.5987 0.6149 -0.5133
vn 0.5878 0.6235 -0.5155
vn 0.4214 -0.6751 0.6055
vn -0.7270 -0.2713 0.6307
vn -0.4846 -0.7679 0.4189
vn 0.0643 0.9966 -0.0522
vn -0.4850 0.4591 0.7443
vn 0.7388 -0.6735 -0.0232
vn 0.5103 -0.7368 -0.4435
vn 0.7387 -0.6227 -0.2580
vn -0.5692 0.4300 0.7008
vn -0.9231 0.3764 0.0784
vn 0.4885 0.5017 0.7140
vn 0.9531 -0.0639 -0.2958
vn 0.5442 -0.6936 -0.4720
vn 0.8292 -0.3402 -0.4435
vn 0.9175 -0.2978 -0.2637
vn 0.5213 0.0010 0.8534
vn 0.5692 -0.0032 0.8222
vn 0.4533 -0.4793 0.7515
vn -0.6120 0.0274 0.7904
vn -0.6143 -0.1459 0.7754
vn -0.6837 -0.2764 0.6753
vn -0.9472 0.1398 0.2885
vn -0.9483 0.2510 0.1944
vn -0.8929 0.3352 0.3006
vn -0.7867 0.3447 0.5121
vn -0.7276 0.2679 0.6315
vn -0.8170 0.1552 0.5554
vn -0.6775 0.2230 0.7009
vn -0.9715 0.2150 0.0998
vn -0.9748 0.1622 0.1531
vn -0.8960 0.1531 0.4168
vn -0.4703 -0.6858 0.5554
vn -0.8466 -0.4692 0.2513
vn -0.9005 0.0875 0.4260
vn -0.7418 0.1580 0.6517
vn -0.9903 0.0668 0.1222
vn -0.9990 0.0192 0.0415
vn -0.9934 0.1111 0.0286
vn -0.7911 -0.3318 0.5139
vn -0.8343 -0.2647 0.4836
vn 0.3112 0.4694 -0.8263
vn 0.3779 0.2376 -0.8948
vn -0.5557 -0.7669 0.3210
vn -0.5719 0.7289 0.3765
vn -0.1494 0.6224 -0.7683
vn -0.1494 0.6260 -0.7654
vn 0.5863 -0.7351 -0.3404
vn -0.9525 -0.1343 -0.2733
vn -0.9122 0.0469 -0.4071
vn -0.9377 0.2190 -0.2696
vn -0.8400 0.0372 0.5413
vn 0.6229 -0.6941 -0.3609
vn -0.9089 -0.2594 0.3265
vn -0.6051 -0.7661 0.2167
vn -0.7213 0.5519 -0.4184
vn 0.6392 -0.7339 -0.2300
vn -0.9404 0.0343 0.3382
vn -0.8620 0.2143 -0.4593
vn -0.6556 0.5181 -0.5493
vn -0.7113 0.5915 -0.3797
vn 0.6771 -0.6945 -0.2432
vn -0.8758 -0.3732 0.3060
vn -0.9239 -0.3257 0.2010
vn -0.9074 -0.3142 0.2791
vn -0.7109 -0.3498 0.6101
vn -0.7813 -0.3827 0.4930
vn -0.9566 -0.2678 0.1151
vn -0.6792 -0.2811 0.6780
vn -0.7320 -0.2089 0.6484
vn -0.8795 -0.2332 0.4149
vn -0.7455 0.5506 0.3755
vn -0.6192 0.5390 0.5710
vn -0.8823 -0.2481 0.4000
vn -0.9681 -0.2115 0.1343
vn -0.9902 -0.1315 0.0473
vn -0.9599 -0.2529 0.1213
vn -0.9796 -0.1973 0.0378
vn -0.9526 -0.2560 0.1643
vn -0.6341 -0.7655 0.1090
vn 0.6702 -0.7331 -0.1158
vn -0.7130 0.6045 -0.3551
vn -0.7547 0.5731 -0.3192
vn -0.9849 0.0338 0.1701
vn 0.7088 -0.6948 -0.1223
vn -0.9976 0.0469 -0.0502
vn -0.9904 -0.1324 -0.0399
vn -0.9866 -0.0644 0.1498
vn -0.6601 0.1100 0.7431
vn -0.6274 -0.2537 0.7362
vn -0.9882 -0.0576 0.1422
vn -0.6436 -0.7654 -0.0000
vn 0.6805 -0.7328 -0.0000
vn -0.9994 0.0337 -0.0000
vn -0.7293 0.5403 -0.4197
vn 0.7191 -0.6949 -0.0000
vn -0.9993 0.0370 -0.0000
vn -1.0000 -0.0000 -0.0000
vn -0.9938 -0.1111 -0.0000
vn -0.9739 -0.2269 -0.0000
vn -0.9670 -0.2549 -0.0000
vn -0.9854 -0.0000 -0.1703
vn -0.9792 -0.1117 -0.1692
vn -0.9595 -0.2279 -0.1658
vn -0.9526 -0.2560 -0.1643
vn -0.6341 -0.7655 -0.1090
vn 0.6702 -0.7331 0.1158
vn -0.9849 0.0338 -0.1701
vn -0.6455 0.6323 -0.4284
vn -0.6757 0.6612 -0.3259
vn 0.7088 -0.6948 0.1223
vn -0.9847 0.0372 -0.1700
vn -0.6051 -0.7661 -0.2167
vn 0.6392 -0.7339 0.2300
vn -0.9404 0.0343 -0.3382
vn -0.6318 0.6431 -0.4328
vn 0.6771 -0.6945 0.2432
vn -0.9404 0.0377 -0.3380
vn -0.9409 -0.0000 -0.3386
vn -0.9349 -0.1132 -0.3364
vn -0.9155 -0.2309 -0.3294
vn -0.9089 -0.2594 -0.3265
vn -0.8590 -0.1156 -0.4987
vn -0.8405 -0.2355 -0.4879
vn -0.8343 -0.2647 -0.4836
vn -0.5557 -0.7669 -0.3210
vn 0.5863 -0.7351 0.3404
vn -0.8644 0.0351 -0.5015
vn -0.6729 0.6399 -0.3712
vn -0.7189 0.5764 -0.3886
vn 0.6229 -0.6941 0.3609
vn -0.8644 0.0385 -0.5012
vn -0.8648 -0.0000 -0.5021
vn 0.5103 -0.7368 0.4435
vn 0.5442 -0.6936 0.4720
vn -0.7545 0.0360 -0.6553
vn -0.7546 0.0396 -0.6549
vn -0.7548 -0.0000 -0.6560
vn -0.7495 -0.1186 -0.6513
vn -0.7325 -0.2414 -0.6365
vn -0.7270 -0.2713 -0.6307
vn -0.4846 -0.7679 -0.4189
vn -0.6827 0.6306 -0.3692
vn -0.6980 0.6318 -0.3371
vn -0.5905 -0.2478 -0.7681
vn -0.5860 -0.2785 -0.7609
vn -0.3909 -0.7690 -0.5058
vn 0.4107 -0.7388 0.5344
vn -0.6147 0.6532 -0.4420
vn -0.6093 0.0370 -0.7921
vn 0.4400 -0.6931 0.5710
vn -0.6095 0.0407 -0.7918
vn -0.6094 -0.0000 -0.7928
vn -0.6049 -0.1219 -0.7869
vn -0.4301 0.0380 -0.9020
vn -0.4302 0.0418 -0.9017
vn -0.4301 -0.0000 -0.9028
vn -0.4268 -0.1249 -0.8957
vn -0.4161 -0.2535 -0.8733
vn -0.4129 -0.2851 -0.8650
vn -0.2757 -0.7700 -0.5754
vn 0.2888 -0.7407 0.6066
vn -0.5039 0.6785 -0.5346
vn 0.3109 -0.6927 0.6508
vn -0.2049 -0.2578 -0.9442
vn -0.2024 -0.2902 -0.9353
vn -0.1354 -0.7683 -0.6256
vn 0.1359 -0.7464 0.6515
vn -0.5421 0.6429 -0.5411
vn -0.2125 0.0387 -0.9764
vn -0.5392 0.7060 -0.4591
vn 0.1491 -0.6885 0.7098
vn -0.2128 0.0426 -0.9762
vn -0.2127 -0.0000 -0.9771
vn -0.2109 -0.1271 -0.9692
vn -0.0053 0.0427 -0.9991
vn -0.0054 -0.0000 -1.0000
vn -0.0052 -0.1278 -0.9918
vn -0.0045 -0.2591 -0.9658
vn -0.0035 -0.2909 -0.9567
vn -0.0019 -0.7763 -0.6304
vn -0.0016 -0.7354 0.6776
vn -0.5641 0.4789 -0.6727
vn -0.0051 0.0389 -0.9992
vn -0.6329 0.5498 -0.5452
vn -0.0025 -0.7006 0.7135
vn 0.1558 -0.2928 -0.9434
vn 0.1020 -0.7770 -0.6211
vn -0.1102 -0.7354 0.6687
vn -0.6806 0.3272 -0.6555
vn 0.1630 0.0391 -0.9858
vn -0.6601 0.4655 -0.5895
vn -0.1170 -0.6988 0.7057
vn 0.1629 0.0430 -0.9857
vn 0.1633 -0.0000 -0.9866
vn 0.1620 -0.1287 -0.9784
vn 0.1576 -0.2609 -0.9524
vn 0.3250 0.0438 -0.9447
vn 0.3259 -0.0000 -0.9454
vn 0.3231 -0.1309 -0.9373
vn 0.3142 -0.2651 -0.9116
vn 0.3105 -0.2975 -0.9028
vn -0.6687 0.3803 0.6389
vn -0.2384 0.6730 0.7002
vn -0.2404 0.6798 0.6929
vn -0.5836 0.5609 0.5872
vn 0.2034 -0.7779 -0.5946
vn -0.6969 0.6919 0.1888
vn -0.0278 0.9963 0.0809
vn 0.2194 0.7370 -0.6394
vn -0.7060 0.4824 -0.5185
vn -0.7281 0.6501 0.2173
vn -0.2203 -0.7355 0.6407
vn 0.3254 0.0398 -0.9447
vn -0.7783 0.1578 -0.6077
vn -0.7824 -0.0464 -0.6211
vn -0.2335 -0.6977 0.6773
vn 0.4620 -0.3051 -0.8327
vn 0.3029 -0.7792 -0.5488
vn -0.0403 0.9965 0.0729
vn 0.3280 0.7357 -0.5926
vn -0.0030 -0.5945 0.8041
vn 0.2112 -0.6345 0.7435
vn 0.4853 0.0409 -0.8734
vn -0.0636 -0.0159 0.9978
vn -0.0804 -0.1172 0.9899
vn -0.3487 -0.6962 0.6274
vn 0.4849 0.0450 -0.8734
vn 0.4861 -0.0000 -0.8739
vn 0.4817 -0.1344 -0.8660
vn 0.4677 -0.2718 -0.8410
vn -0.3559 0.6757 0.6455
vn -0.3548 0.6855 0.6358
vn 0.6399 -0.0000 -0.7684
vn 0.6337 -0.1389 -0.7610
vn 0.6141 -0.2804 -0.7377
vn 0.5567 -0.8143 0.1646
vn 0.5596 -0.8003 0.2155
vn -0.4686 0.6777 0.5667
vn -0.4628 0.6913 0.5549
vn 0.8615 -0.3097 0.4024
vn 0.7830 -0.5660 0.2579
vn 0.7257 -0.5649 0.3926
vn -0.0513 0.9968 0.0620
vn 0.4333 0.7341 -0.5228
vn 0.6389 0.0423 -0.7681
vn -0.2298 -0.4445 0.8658
vn -0.3342 -0.4378 0.8347
vn -0.4600 -0.6946 0.5531
vn -0.1429 -0.1352 0.9805
vn -0.0426 -0.3134 0.9487
vn 0.6384 0.0466 -0.7683
vn 0.5301 0.7324 -0.4273
vn 0.7790 0.0439 -0.6255
vn -0.1933 -0.8152 0.5460
vn 0.7785 0.0483 -0.6258
vn 0.7801 -0.0000 -0.6257
vn 0.7719 -0.1439 -0.6192
vn 0.7465 -0.2898 -0.5990
vn 0.4369 -0.8466 0.3039
vn 0.4854 -0.8620 0.1460
vn -0.5712 0.6791 0.4611
vn -0.5596 0.6970 0.4485
vn -0.0604 0.9970 0.0487
vn 0.5923 -0.7691 0.2401
vn 0.8855 -0.1486 -0.4402
vn 0.6238 -0.7333 0.2706
vn -0.6559 0.6799 0.3280
vn -0.6379 0.7018 0.3170
vn -0.0671 0.9972 0.0336
vn 0.5959 0.7309 -0.3326
vn 0.8753 0.0406 -0.4818
vn 0.8851 0.0430 -0.4633
vn 0.8955 -0.0000 -0.4451
vn 0.6250 0.7538 -0.2029
vn 0.8688 0.0751 0.4894
vn 0.9293 0.3673 -0.0402
vn 0.9727 -0.0000 -0.2321
vn 0.9614 -0.1519 -0.2295
vn 0.5296 -0.7303 0.4315
vn 0.4795 -0.7961 0.3691
vn -0.7128 0.6802 0.1711
vn -0.6897 0.7052 0.1646
vn -0.0713 0.9973 0.0171
vn 0.5177 -0.6753 0.5253
vn -0.7329 0.6803 -0.0000
vn -0.7079 0.7064 -0.0000
vn -0.0727 0.9974 -0.0000
vn 0.6397 0.7686 -0.0000
vn 0.3443 0.9380 -0.0409
vn 0.0327 0.1271 0.9914
vn 0.8113 0.5847 -0.0000
vn 1.0000 -0.0000 -0.0000
vn 0.3212 -0.8307 0.4547
vn 0.4825 -0.8269 0.2887
vn 0.0100 -0.0542 0.9985
vn 0.9329 0.3584 0.0345
vn 0.9727 -0.0000 0.2321
vn 0.4693 -0.8361 0.2841
vn 0.5526 -0.7719 0.3143
vn -0.7128 0.6802 -0.1711
vn -0.6897 0.7052 -0.1646
vn -0.0713 0.9973 -0.0171
vn 0.6291 0.7532 0.1921
vn 0.3443 0.9380 0.0409
vn -0.6559 0.6799 -0.3280
vn -0.6379 0.7018 -0.3170
vn -0.0671 0.9972 -0.0336
vn 0.6019 0.7308 0.3218
vn 0.8830 0.0425 0.4674
vn 0.8528 0.0611 -0.5186
vn 0.8887 0.0458 0.4563
vn 0.8955 -0.0000 0.4451
vn 0.4776 -0.7436 0.4680
vn 0.7790 0.0439 0.6255
vn 0.7785 0.0483 0.6258
vn 0.7801 -0.0000 0.6257
vn 0.3636 -0.8078 0.4639
vn 0.4084 -0.8114 0.4181
vn -0.5712 0.6791 -0.4611
vn -0.5596 0.6970 -0.4485
vn -0.0604 0.9970 -0.0487
vn 0.5301 0.7324 0.4273
vn -0.4686 0.6777 -0.5667
vn -0.4628 0.6913 -0.5549
vn -0.0514 0.9968 -0.0620
vn 0.4333 0.7341 0.5228
vn 0.6389 0.0423 0.7681
vn 0.6384 0.0466 0.7683
vn 0.6399 -0.0000 0.7684
vn 0.4177 -0.8559 0.3050
vn 0.5177 -0.7724 0.3680
vn 0.4849 0.0450 0.8734
vn 0.4861 -0.0000 0.8739
vn 0.4060 -0.7912 0.4575
vn -0.3559 0.6757 -0.6455
vn -0.3548 0.6855 -0.6358
vn -0.0403 0.9965 -0.0729
vn 0.3280 0.7357 0.5926
vn 0.4853 0.0409 0.8734
vn -0.0278 0.9963 -0.0809
vn -0.2821 0.5761 0.7672
vn 0.3690 -0.0307 0.9289
vn 0.3250 0.0438 0.9447
vn 0.3259 -0.0000 0.9454
vn 0.4641 -0.7491 0.4727
vn 0.4364 -0.7003 0.5650
vn -0.2384 0.6730 -0.7002
vn -0.2404 0.6798 -0.6929
vn 0.4826 -0.7278 0.4872
vn 0.1633 -0.0000 0.9866
vn 0.5223 -0.6593 0.5409
vn -0.1185 0.6695 -0.7333
vn -0.1226 0.6745 -0.7280
vn -0.0142 0.9962 -0.0859
vn 0.1485 0.1860 0.9713
vn 0.0243 -0.9543 0.2978
vn 0.1631 -0.1042 0.9811
vn 0.1629 0.0430 0.9857
vn 0.4883 -0.6865 0.5388
vn -0.5479 0.8250 0.1388
vn 0.0041 0.9974 0.0720
vn -0.1584 0.1454 -0.9766
vn 0.6357 0.0966 -0.7658
vn -0.7388 0.6735 0.0232
vn -0.7454 0.6543 -0.1279
vn -0.7006 0.5383 -0.4685
vn -0.5621 0.5571 -0.6113
vn -0.2953 0.5571 -0.7761
vn 0.4638 -0.8858 0.0166
vn 0.0934 -0.9244 0.3698
vn 0.2890 -0.9244 0.2489
vn 0.3437 -0.9246 0.1644
vn -0.3529 0.3259 -0.8771
vn -0.0773 -0.4843 -0.8715
vn 0.3252 -0.6954 -0.6408
vn 0.3217 -0.7291 -0.6041
vn 0.4454 -0.7146 -0.5394
vn -0.6212 0.3095 0.7199
vn -0.8023 0.2517 0.5412
vn -0.8406 0.1361 0.5242
vn -0.4220 -0.2828 0.8613
vn -0.2394 -0.2473 0.9389
vn -0.4114 -0.3143 0.8555
vn -0.2304 -0.2784 0.9324
vn -0.1762 -0.7747 0.6072
vn -0.0506 -0.7581 0.6502
vn -0.9135 0.0243 0.4062
vn -0.8643 -0.1644 0.4754
vn -0.5902 -0.3483 0.7283
vn -0.9007 0.0521 0.4313
vn -0.2935 -0.8025 0.5196
vn 0.5754 -0.6806 -0.4535
vn -0.1962 0.4219 -0.8852
vn -0.9123 -0.1354 0.3864
vn -0.9346 -0.1854 0.3036
vn -0.9095 -0.2790 0.3082
vn -0.3819 -0.8231 0.4202
vn 0.6689 -0.6558 -0.3500
vn -0.0395 0.5245 -0.8505
vn -0.5995 -0.7878 0.1410
vn -0.5861 -0.7969 -0.1461
vn 0.0544 -0.6092 -0.7912
vn 0.0085 0.3708 -0.9287
vn -0.0458 0.6133 -0.7885
vn -0.0648 -0.0000 -0.9979
vn 0.1469 -0.7968 -0.5861
vn -0.3536 -0.7788 0.5182
vn -0.5970 -0.7836 -0.1720
vn -0.9253 0.0159 -0.3789
vn -0.8952 -0.2099 -0.3931
vn 0.6659 0.0324 -0.7453
vn 0.8368 -0.2049 -0.5078
vn 0.5959 0.0701 -0.8000
vn 0.4498 0.0366 -0.8924
vn 0.6487 -0.6991 -0.3006
vn 0.4107 -0.6936 -0.5919
vn 0.3972 -0.0975 -0.9125
vn -0.4297 -0.7995 0.4198
vn -0.8358 0.5386 -0.1061
vn -0.8071 0.5761 -0.1295
vn -0.9351 0.2473 -0.2539
vn -0.9087 0.0381 -0.4158
vn 0.7039 -0.6844 -0.1897
vn -0.4892 -0.8189 0.3002
vn -0.5406 -0.7800 0.3151
vn -0.6648 -0.7063 0.2433
vn 0.7602 0.2040 -0.6169
vn 0.9215 -0.1904 -0.3386
vn 0.6645 0.1882 -0.7232
vn 0.8070 0.3115 -0.5018
vn 0.9791 -0.1410 -0.1464
vn 0.7716 0.2345 -0.5913
vn 0.9734 -0.1792 -0.1429
vn 0.7378 -0.6722 -0.0611
vn -0.5253 -0.8354 0.1614
vn -0.5831 -0.7951 0.1671
vn -0.5313 -0.8471 0.0097
vn -0.5924 -0.8057 0.0037
vn 0.8063 0.3574 -0.4714
vn 0.9127 0.3360 -0.2326
vn 0.9888 -0.1322 0.0694
vn 0.9826 -0.1716 0.0705
vn 0.7438 -0.6637 0.0798
vn 0.9071 0.3697 -0.2013
vn 0.9567 0.0300 0.2894
vn 0.9489 -0.1280 0.2884
vn 0.9431 -0.1677 0.2870
vn 0.7175 -0.6598 0.2231
vn -0.5028 -0.8522 -0.1446
vn -0.5627 -0.8104 -0.1631
vn 0.8383 0.5399 0.0765
vn 0.8265 0.5415 -0.1542
vn -0.4409 -0.8498 -0.2888
vn -0.4949 -0.8086 -0.3183
vn 0.7116 0.6904 0.1302
vn 0.6883 0.6784 0.2569
vn 0.8648 0.0283 0.5013
vn 0.8606 -0.1285 0.4928
vn 0.8559 -0.1678 0.4892
vn 0.6598 -0.6612 0.3570
vn 0.7329 -0.1337 0.6671
vn 0.7298 -0.1720 0.6617
vn 0.5767 -0.6675 0.4711
vn -0.3517 -0.8406 -0.4119
vn -0.3965 -0.8006 -0.4493
vn 0.6087 0.6924 0.3875
vn 0.7317 0.0195 0.6813
vn 0.5122 0.7373 0.4404
vn 0.4222 0.6476 0.6343
vn 0.5721 0.0049 0.8201
vn 0.5792 -0.1434 0.8025
vn 0.5780 -0.1802 0.7959
vn 0.4771 -0.6777 0.5595
vn -0.2446 -0.8261 -0.5076
vn -0.2789 -0.7878 -0.5492
vn 0.4128 -0.1571 0.8972
vn 0.4136 -0.1923 0.8899
vn 0.3696 -0.6909 0.6213
vn -0.1287 -0.8084 -0.5744
vn -0.1531 -0.7717 -0.6173
vn 0.1999 0.7101 0.6751
vn 0.0951 0.6233 0.7762
vn 0.4001 -0.0143 0.9164
vn 0.2258 -0.0367 0.9735
vn -0.0250 0.5959 0.8027
vn 0.2435 -0.1745 0.9541
vn 0.2463 -0.2083 0.9465
vn 0.2605 -0.7060 0.6586
vn -0.0107 -0.7889 -0.6144
vn -0.0265 -0.7536 -0.6568
vn 0.0820 -0.2280 0.9702
vn 0.1534 -0.7225 0.6742
vn 0.1051 -0.7689 -0.6307
vn 0.0967 -0.7344 -0.6718
vn -0.2983 0.5977 0.7442
vn 0.0552 -0.0616 0.9966
vn -0.2412 0.6447 0.7254
vn 0.0774 -0.1954 0.9777
vn -0.5270 0.4146 0.7419
vn -0.1088 -0.0885 0.9901
vn -0.4546 0.5585 0.6938
vn -0.0826 -0.2195 0.9721
vn -0.0762 -0.2513 0.9649
vn 0.0501 -0.7399 0.6708
vn 0.2168 -0.7488 -0.6263
vn 0.2148 -0.7145 -0.6659
vn -0.5969 0.3410 0.7263
vn 0.1048 -0.3762 -0.9206
vn -0.7749 -0.5745 -0.2635
vn -0.6185 -0.5011 -0.6053
vn -0.4374 -0.4620 -0.7715
vn 0.2680 0.1947 0.9435
vn 0.2680 -0.1947 0.9435
vn -0.1024 -0.3151 0.9435
vn 0.5746 -0.7488 0.3304
vn -0.5346 -0.7779 0.3304
vn 0.9921 -0.0000 0.1256
vn 0.3066 -0.9435 0.1256
vn 0.0247 -0.9435 -0.3304
vn 0.3035 -0.9342 -0.1876
vn 0.5346 -0.7779 -0.3304
vn 0.9050 -0.2680 -0.3304
vn 0.9822 -0.0000 -0.1876
vn -0.3066 -0.9435 -0.1256
vn -0.3035 -0.9342 0.1876
vn -0.0247 -0.9435 0.3304
vn 0.8026 -0.5831 -0.1256
vn 0.7947 -0.5773 0.1876
vn 0.8897 -0.3151 0.3304
vn -0.4713 -0.5831 0.6617
vn -0.1876 -0.5773 0.7947
vn 0.0385 -0.7488 0.6617
vn 0.4089 -0.6284 0.6617
vn 0.4911 -0.3568 0.7947
vn 0.0546 -0.2485 -0.9671
vn -0.0126 0.1344 -0.9909
vn 0.3154 0.3204 -0.8932
vn -0.5744 0.6283 -0.5247
vn 0.4648 0.8596 -0.2122
vn -0.8976 -0.1824 -0.4014
vn -0.4149 0.8705 -0.2647
vn -0.2817 0.9259 0.2516
vn -0.5012 0.8645 0.0365
vn -0.7331 0.6699 0.1172
vn -0.9939 0.1010 0.0434
vn -0.9791 -0.1779 -0.0988
vn 0.0895 0.9847 0.1495
vn 0.1790 0.9723 -0.1505
vn -0.0437 0.9293 -0.3668
vn -0.8926 0.4277 -0.1428
vn -0.7933 0.4208 -0.4400
vn -0.7933 0.4208 -0.4399
vn -0.7962 0.1443 -0.5875
vn 0.5348 0.6537 -0.5353
vn 0.3073 0.5951 -0.7426
vn 0.0263 0.7234 -0.6899
vn -0.3017 0.5374 -0.7875
vn -0.2937 0.2542 -0.9215
vn 0.2433 0.0581 0.9682
vn 0.0812 0.0574 0.9950
vn -0.9997 -0.0263 -0.0000
vn 0.0747 -0.9519 0.2970
vn 0.7682 -0.0824 0.6348
vn 0.1598 -0.1013 0.9819
vn -0.1629 0.1497 -0.9752
vn 0.5847 0.0819 -0.8071
vn -0.9978 0.0554 0.0351
vn -0.6448 -0.0612 0.7619
vn 0.9995 0.0125 -0.0291
vn 0.5505 0.8263 0.1194
vn -0.7870 0.1095 -0.6072
vn -0.6949 0.1384 -0.7057
vn -0.6298 0.6117 -0.4788
vn -0.1100 0.7172 -0.6881
vn -0.7196 -0.0479 0.6927
vn 0.1629 -0.1416 0.9764
vn 0.0991 -0.7914 0.6032
vn -0.8493 -0.0172 0.5276
vn 0.8174 -0.1241 0.5625
vn 0.9978 -0.0554 -0.0351
vn 0.5221 0.5064 -0.6863
vn 0.0012 0.9999 0.0143
vn 0.8440 0.4869 -0.2252
vn -0.7402 0.6396 0.2074
vn 0.9974 -0.0617 0.0373
vn -0.9974 0.0617 -0.0373
vn 0.6986 -0.6846 0.2080
vn 0.1587 -0.0994 0.9823
vn 0.6994 -0.1017 0.7075
vn -0.4165 -0.0804 0.9056
vn -0.3309 0.9414 0.0651
vn 0.7402 -0.6396 -0.2074
vn 0.9926 0.0716 -0.0977
vn 0.9949 0.0204 -0.0989
vn 0.9942 0.0225 0.1048
vn 0.9921 0.0710 0.1039
vn 0.6027 0.2066 0.7707
vn 0.9515 0.3075 -0.0000
vn 0.6027 0.2066 -0.7707
vn 0.0210 0.0817 -0.9964
vn 0.0072 -0.0392 -0.9992
vn -0.0000 -0.0000 -1.0000
vn -0.8864 -0.4556 0.0816
vn -0.9729 -0.2081 -0.1009
vn -0.0172 0.0253 -0.9995
vn -0.0172 0.0253 0.9995
vn -0.9729 -0.2081 0.1009
vn 0.9964 0.0844 -0.0000
vn 0.7379 0.0650 0.6718
vn 0.6622 -0.2342 0.7118
vn 0.9311 -0.3647 -0.0027
vn -0.9669 0.2393 -0.0890
vn -0.0000 -0.0000 1.0000
vn -0.8864 -0.4556 -0.0816
vn 0.7379 0.0650 -0.6718
vn 0.0471 -0.1317 -0.9902
vn -0.8060 0.5872 0.0742
vn 0.6427 -0.2834 -0.7118
vn -0.9669 0.2393 0.0890
vn 0.5253 -0.5877 -0.6153
vn 0.7107 -0.7035 0.0032
vn -0.7315 -0.6818 -0.0073
vn -0.6829 -0.5384 -0.4936
vn 0.5050 -0.4783 0.7185
vn -0.6534 -0.5332 0.5374
vn -0.0471 0.1317 0.9902
vn -0.8121 0.5788 -0.0747
vn -0.9511 0.3090 -0.0000
vn -0.5878 0.8090 -0.0000
vn -0.2764 0.8506 -0.4472
vn -0.1625 0.5000 -0.8507
vn -0.6882 0.5000 -0.5257
vn -0.8944 -0.0000 -0.4472
vn -0.5257 -0.0000 -0.8507
vn -0.5813 0.1300 0.8032
vn -0.5278 0.0563 0.8475
vn -0.5287 -0.1476 0.8359
vn -0.5716 -0.2244 0.7893
vn -0.3787 -0.3692 0.8487
vn -0.5160 -0.5632 0.6454
vn -0.4822 0.5848 0.6523
vn -0.5098 0.3646 0.7792
vn -0.9513 -0.2959 0.0871
vn -0.7794 -0.5325 -0.3301
vn -0.7889 -0.5307 -0.3098
vn -0.8871 -0.3091 -0.3429
vn -0.4714 -0.7344 0.4883
vn -0.4367 -0.6495 0.6225
vn -0.3217 -0.3884 0.8635
vn -0.3003 -0.1996 0.9327
vn -0.3172 0.1311 0.9392
vn -0.3675 0.4486 0.8147
vn -0.4223 0.6381 0.6438
vn -0.4969 0.7217 0.4819
vn -0.6043 0.7380 0.3002
vn -0.7786 0.6267 0.0341
vn -0.8902 0.3975 -0.2227
vn -0.9352 0.1469 -0.3221
vn -0.7999 -0.5317 -0.2783
vn -0.6977 -0.6947 0.1749
vn -0.7356 -0.0593 0.6748
vn -0.9180 0.3652 -0.1546
vn -0.8595 0.4887 0.1496
vn -0.8065 -0.5349 -0.2518
vn -0.7750 -0.0746 0.6276
vn -0.9819 0.1400 0.1272
vn -0.9996 0.0199 0.0207
vn -0.9442 -0.3138 0.1000
vt 0.918405 0.668908
vt 0.923184 0.676254
vt 0.862724 0.827606
vt 0.636364 0.157461
vt 0.636364 0.157461
vt 0.923355 0.656264
vt 0.935146 0.664902
vt 0.362017 0.910620
vt 0.944789 0.678115
vt 0.881639 0.847024
vt 0.804313 0.898645
vt 0.750119 0.909873
vt 0.371723 0.914084
vt 0.693829 0.904592
vt 0.576061 0.692595
vt 0.924887 0.642753
vt 0.945386 0.649107
vt 0.590909 0.078731
vt 0.681818 0.078731
vt 0.963289 0.666509
vt 0.900085 0.863177
vt 0.545455 0.157461
vt 0.816645 0.928500
vt 0.752367 0.945321
vt 0.590909 0.078731
vt 0.681818 0.078731
vt 0.368100 0.917990
vt 0.684107 0.938103
vt 0.545455 0.157461
vt 0.625368 0.908795
vt 0.681818 0.236191
vt 0.362333 0.915911
vt 0.772727 0.236191
vt 0.572776 0.684447
vt 0.922864 0.626319
vt 0.590909 0.236191
vt 0.946966 0.614337
vt 0.954586 0.623249
vt 0.990570 0.641949
vt 0.965922 0.586730
vt 0.364064 0.880815
vt 0.366885 0.912299
vt 0.681818 0.236191
vt 0.772727 0.236191
vt 0.922079 0.879713
vt 0.359755 0.910283
vt 0.833986 0.962796
vt 0.743860 0.401702
vt 0.359777 0.920836
vt 0.590909 0.236191
vt 0.365641 0.906492
vt 0.756163 0.991190
vt 0.688094 0.399995
vt 0.371513 0.908655
vt 0.669940 0.979993
vt 0.631001 0.415689
vt 0.599888 0.938409
vt 0.582972 0.451045
vt 0.557013 0.881439
vt 0.554004 0.497869
vt 0.570776 0.672419
vt 0.915743 0.612839
vt 0.927660 0.600098
vt 0.936287 0.581729
vt 0.367915 0.881327
vt 0.818020 0.454518
vt 0.367915 0.911602
vt 0.740276 0.430167
vt 0.362703 0.921400
vt 0.692249 0.430726
vt 0.644507 0.445127
vt 0.603789 0.473283
vt 0.575840 0.510078
vt 0.555724 0.575755
vt 0.556775 0.581994
vt 0.573619 0.664373
vt 0.915506 0.580318
vt 0.808461 0.474031
vt 0.738260 0.455954
vt 0.620635 0.493319
vt 0.594475 0.522824
vt 0.570707 0.578732
vt 0.570863 0.584136
vt 0.578054 0.657998
vt 0.800576 0.492455
vt 0.737312 0.479267
vt 0.634604 0.511538
vt 0.610251 0.535462
vt 0.584468 0.582801
vt 0.583891 0.587439
vt 0.583270 0.653315
vt 0.794135 0.509779
vt 0.737081 0.500320
vt 0.704995 0.503207
vt 0.674004 0.512842
vt 0.646326 0.528175
vt 0.623643 0.547720
vt 0.596898 0.587688
vt 0.595685 0.591586
vt 0.588731 0.650130
vt 0.788971 0.525949
vt 0.737309 0.519331
vt 0.708728 0.522178
vt 0.681187 0.530671
vt 0.656211 0.543392
vt 0.635020 0.559449
vt 0.607821 0.593164
vt 0.606128 0.596307
vt 0.594104 0.648198
vt 0.784863 0.540844
vt 0.737839 0.536567
vt 0.712244 0.539700
vt 0.687479 0.546773
vt 0.664661 0.557299
vt 0.644687 0.570560
vt 0.617414 0.598961
vt 0.615228 0.601619
vt 0.598382 0.648097
vt 0.781766 0.554619
vt 0.738598 0.552092
vt 0.715352 0.555230
vt 0.692807 0.561283
vt 0.671755 0.570056
vt 0.652830 0.581057
vt 0.625701 0.605091
vt 0.623151 0.607247
vt 0.602274 0.648584
vt 0.779499 0.567290
vt 0.739479 0.566092
vt 0.718095 0.569138
vt 0.697319 0.574386
vt 0.677699 0.581764
vt 0.659660 0.590946
vt 0.632749 0.611327
vt 0.629928 0.613056
vt 0.605735 0.649576
vt 0.777902 0.578934
vt 0.740425 0.578773
vt 0.720513 0.581690
vt 0.701138 0.586286
vt 0.682666 0.592545
vt 0.665366 0.600266
vt 0.638675 0.617555
vt 0.635656 0.618942
vt 0.608735 0.651005
vt 0.776845 0.589667
vt 0.741406 0.590345
vt 0.722648 0.593125
vt 0.704368 0.597186
vt 0.686802 0.602542
vt 0.670108 0.609082
vt 0.643605 0.623713
vt 0.640441 0.624842
vt 0.611257 0.652821
vt 0.776227 0.599635
vt 0.742412 0.601022
vt 0.724547 0.603674
vt 0.707103 0.607297
vt 0.690232 0.611916
vt 0.674024 0.617486
vt 0.647666 0.629787
vt 0.644389 0.630729
vt 0.613295 0.655004
vt 0.775968 0.609023
vt 0.743446 0.611021
vt 0.726261 0.613572
vt 0.709427 0.616837
vt 0.693061 0.620844
vt 0.677237 0.625599
vt 0.651004 0.635836
vt 0.647593 0.636649
vt 0.614782 0.657553
vt 0.776125 0.620242
vt 0.744791 0.622764
vt 0.728182 0.625171
vt 0.711839 0.628123
vt 0.695893 0.631625
vt 0.680447 0.635679
vt 0.654561 0.644097
vt 0.651223 0.645157
vt 0.615945 0.661946
vt 0.776737 0.632642
vt 0.746349 0.635636
vt 0.730207 0.637991
vt 0.714253 0.640586
vt 0.698609 0.643435
vt 0.683366 0.646528
vt 0.657612 0.652897
vt 0.654159 0.653488
vt 0.618249 0.666111
vt 0.859286 0.639623
vt 0.854766 0.639461
vt 0.849735 0.639800
vt 0.777697 0.644571
vt 0.747921 0.648049
vt 0.732078 0.650394
vt 0.716370 0.652675
vt 0.700903 0.654928
vt 0.685735 0.657135
vt 0.659971 0.661616
vt 0.656399 0.661769
vt 0.620083 0.670301
vt 0.858399 0.645981
vt 0.854277 0.645912
vt 0.849391 0.646606
vt 0.778990 0.656019
vt 0.749511 0.660013
vt 0.733799 0.662362
vt 0.718196 0.664364
vt 0.702777 0.666079
vt 0.687562 0.667484
vt 0.661641 0.670180
vt 0.621434 0.674408
vt 0.857985 0.651586
vt 0.854177 0.651810
vt 0.849482 0.652945
vt 0.780609 0.667005
vt 0.751122 0.671563
vt 0.735374 0.673916
vt 0.719729 0.675665
vt 0.704230 0.676894
vt 0.622381 0.678316
vt 0.858147 0.656561
vt 0.854635 0.657179
vt 0.850156 0.658770
vt 0.782558 0.677587
vt 0.752763 0.682772
vt 0.736808 0.685119
vt 0.720971 0.686634
vt 0.705255 0.687422
vt 0.858951 0.660963
vt 0.855742 0.662050
vt 0.851471 0.664097
vt 0.784858 0.687867
vt 0.754452 0.693763
vt 0.738108 0.696090
vt 0.721918 0.697389
vt 0.860479 0.664845
vt 0.857585 0.666454
vt 0.363393 0.907221
vt 0.853466 0.668986
vt 0.363384 0.907538
vt 0.787556 0.698002
vt 0.362965 0.915136
vt 0.363620 0.917338
vt 0.756225 0.704725
vt 0.739285 0.707009
vt 0.722564 0.708113
vt 0.862861 0.668263
vt 0.860280 0.670417
vt 0.856180 0.673528
vt 0.363466 0.899877
vt 0.853466 0.668986
vt 0.758135 0.715930
vt 0.364497 0.917579
vt 0.740346 0.718107
vt 0.866134 0.671118
vt 0.863799 0.674021
vt 0.859896 0.677702
vt 0.365778 0.907237
vt 0.365781 0.907549
vt 0.794473 0.718769
vt 0.366018 0.915167
vt 0.760171 0.727729
vt 0.365383 0.917357
vt 0.741356 0.729941
vt 0.870428 0.673469
vt 0.868394 0.677164
vt 0.864622 0.681577
vt 0.799009 0.729990
vt 0.762508 0.740486
vt 0.742294 0.742777
vt 0.875896 0.675349
vt 0.874200 0.679859
vt 0.870622 0.685134
vt 0.804590 0.742197
vt 0.765256 0.754650
vt 0.743189 0.757108
vt 0.882657 0.676708
vt 0.881362 0.682030
vt 0.878167 0.688262
vt 0.811537 0.755712
vt 0.768569 0.770728
vt 0.744063 0.773493
vt 0.890747 0.677400
vt 0.889984 0.683479
vt 0.887517 0.690720
vt 0.820265 0.770833
vt 0.772659 0.789290
vt 0.744942 0.792574
vt 0.900003 0.677139
vt 0.900069 0.683792
vt 0.898895 0.692030
vt 0.831286 0.787799
vt 0.777832 0.810989
vt 0.745875 0.815125
vt 0.910177 0.675421
vt 0.911426 0.682071
vt 0.912440 0.691199
vt 0.845212 0.806739
vt 0.784542 0.836594
vt 0.746949 0.842111
vt 0.927959 0.686559
vt 0.793480 0.867020
vt 0.748343 0.874809
vt 0.702134 0.870905
vt 0.923750 0.677067
vt 0.936154 0.665811
vt 0.947041 0.650128
vt 0.948642 0.612938
vt 0.956863 0.624124
vt 0.928657 0.598834
vt 0.854300 0.639490
vt 0.853824 0.645970
vt 0.853740 0.651908
vt 0.854217 0.657320
vt 0.855343 0.662238
vt 0.857205 0.666694
vt 0.859909 0.670718
vt 0.863454 0.674379
vt 0.868069 0.677592
vt 0.873899 0.680363
vt 0.881101 0.682616
vt 0.889797 0.684150
vt 0.900015 0.684544
vt 0.911614 0.682877
vt 0.659918 0.855306
vt 0.587890 0.778341
vt 0.580348 0.698637
vt 0.643634 0.883114
vt 0.605091 0.850699
vt 0.568919 0.784650
vt 0.565325 0.777377
vt 0.583923 0.866377
vt 0.552392 0.787653
vt 0.549516 0.779647
vt 0.533018 0.787947
vt 0.539021 0.574528
vt 0.532273 0.778882
vt 0.542188 0.581887
vt 0.657942 0.669944
vt 0.688849 0.677578
vt 0.662631 0.678543
vt 0.658793 0.677976
vt 0.689587 0.687452
vt 0.662944 0.686691
vt 0.658952 0.685853
vt 0.622791 0.681969
vt 0.705835 0.697766
vt 0.689747 0.697184
vt 0.662569 0.694651
vt 0.658401 0.693595
vt 0.622594 0.685354
vt 0.705936 0.708090
vt 0.689275 0.706896
vt 0.661466 0.702503
vt 0.657094 0.701257
vt 0.621843 0.688440
vt 0.722896 0.719074
vt 0.705510 0.718631
vt 0.688082 0.716767
vt 0.659541 0.710397
vt 0.654920 0.708908
vt 0.620464 0.691221
vt 0.722803 0.730635
vt 0.704412 0.729668
vt 0.686134 0.727014
vt 0.656456 0.718262
vt 0.651826 0.716543
vt 0.618391 0.693667
vt 0.722298 0.743174
vt 0.702576 0.741541
vt 0.683181 0.737879
vt 0.652299 0.726243
vt 0.647572 0.724260
vt 0.615551 0.695770
vt 0.721292 0.757152
vt 0.699827 0.754640
vt 0.679020 0.749644
vt 0.646817 0.734510
vt 0.642009 0.732163
vt 0.611840 0.697555
vt 0.719661 0.773095
vt 0.695929 0.769395
vt 0.673362 0.762590
vt 0.639713 0.743133
vt 0.634889 0.740274
vt 0.607283 0.699101
vt 0.717231 0.791615
vt 0.690551 0.786279
vt 0.665812 0.776986
vt 0.630645 0.752076
vt 0.625917 0.748520
vt 0.601864 0.700213
vt 0.713756 0.813438
vt 0.683235 0.805815
vt 0.655840 0.793077
vt 0.619227 0.761179
vt 0.614764 0.756725
vt 0.595472 0.700575
vt 0.708892 0.839471
vt 0.673334 0.828597
vt 0.642734 0.811053
vt 0.605071 0.770117
vt 0.601114 0.764570
vt 0.588246 0.700127
vt 0.625557 0.831009
vt 0.584737 0.771600
vt 0.575651 0.695838
vt 0.724718 0.250046
vt 0.576704 0.693501
vt 0.719554 0.250165
vt 0.644845 0.883632
vt 0.738332 0.293597
vt 0.674476 0.877104
vt 0.717932 0.298742
vt 0.688354 0.865813
vt 0.702877 0.299247
vt 0.588760 0.871328
vt 0.775480 0.271239
vt 0.641809 0.884210
vt 0.740107 0.292692
vt 0.642922 0.884114
vt 0.739424 0.293102
vt 0.568446 0.702172
vt 0.745010 0.245411
vt 0.579332 0.868947
vt 0.780331 0.267468
vt 0.535499 0.797615
vt 0.540570 0.566601
vt 0.833631 0.246707
vt 0.569810 0.863871
vt 0.787841 0.262369
vt 0.558531 0.706277
vt 0.561684 0.643627
vt 0.763390 0.237408
vt 0.540830 0.574661
vt 0.839598 0.244199
vt 0.549073 0.581937
vt 0.839598 0.234025
vt 0.547926 0.580310
vt 0.839598 0.236191
vt 0.562934 0.633007
vt 0.775185 0.231935
vt 0.563001 0.636202
vt 0.771097 0.233367
vt 0.562085 0.641950
vt 0.765109 0.236191
vt 0.657473 0.667463
vt 0.900737 0.060320
vt 0.660817 0.670127
vt 0.906165 0.050918
vt 0.635295 0.672713
vt 0.712921 0.074077
vt 0.649687 0.665510
vt 0.879365 0.051488
vt 0.756999 0.051488
vt 0.689774 0.677537
vt 0.561041 0.044237
vt 0.688704 0.676438
vt 0.562975 0.040853
vt 0.661709 0.670752
vt 0.907515 0.048579
vt 0.671276 0.669304
vt 0.891910 0.029759
vt 0.744454 0.029759
vt 0.686917 0.674718
vt 0.706970 0.035167
vt 0.565758 0.035167
vt 0.626671 0.676343
vt 0.686297 0.086488
vt 0.624568 0.678075
vt 0.597401 0.089975
vt 0.675327 0.089975
vt 0.624459 0.678297
vt 0.596871 0.090795
vt 0.632579 0.673655
vt 0.705193 0.078731
vt 0.622616 0.680403
vt 0.593040 0.101307
vt 0.700972 0.686415
vt 0.547549 0.078731
vt 0.701663 0.687429
vt 0.545992 0.081015
vt 0.710651 0.697653
vt 0.534959 0.109408
vt 0.705517 0.692105
vt 0.540428 0.093168
vt 0.720841 0.708111
vt 0.528085 0.141772
vt 0.718557 0.704911
vt 0.531243 0.132844
vt 0.722626 0.710154
vt 0.527277 0.147795
vt 0.725711 0.713087
vt 0.527207 0.157461
vt 0.727871 0.718798
vt 0.528074 0.171216
vt 0.731992 0.730291
vt 0.533968 0.196406
vt 0.730062 0.723152
vt 0.531521 0.181595
vt 0.736071 0.742901
vt 0.543568 0.219631
vt 0.740461 0.757114
vt 0.558121 0.242079
vt 0.740116 0.753780
vt 0.555019 0.236191
vt 0.742911 0.773474
vt 0.576531 0.264023
vt 0.743130 0.772597
vt 0.575367 0.263111
vt 0.739273 0.792378
vt 0.602521 0.276709
vt 0.732645 0.814430
vt 0.630939 0.286152
vt 0.737545 0.802973
vt 0.616495 0.280507
vt 0.725031 0.831722
vt 0.650524 0.290395
vt 0.716862 0.840023
vt 0.663790 0.294277
vt 0.706291 0.851571
vt 0.679090 0.296859
vt 0.579362 0.687025
vt 0.720629 0.236191
vt 0.620889 0.678789
vt 0.603297 0.100187
vt 0.669431 0.100187
vt 0.598567 0.673422
vt 0.713217 0.181807
vt 0.605582 0.672501
vt 0.702498 0.157461
vt 0.575651 0.695838
vt 0.724718 0.250046
vt 0.576704 0.693501
vt 0.719555 0.250165
vt 0.644845 0.883632
vt 0.738332 0.293597
vt 0.674476 0.877104
vt 0.717932 0.298742
vt 0.688354 0.865813
vt 0.702877 0.299247
vt 0.588760 0.871328
vt 0.775480 0.271239
vt 0.641809 0.884210
vt 0.740107 0.292692
vt 0.642922 0.884114
vt 0.739424 0.293102
vt 0.568446 0.702172
vt 0.745009 0.245411
vt 0.579332 0.868947
vt 0.780331 0.267468
vt 0.535499 0.797615
vt 0.540570 0.566601
vt 0.833631 0.246707
vt 0.569810 0.863871
vt 0.787841 0.262369
vt 0.558531 0.706277
vt 0.561684 0.643627
vt 0.763390 0.237408
vt 0.540830 0.574661
vt 0.839598 0.244199
vt 0.549073 0.581937
vt 0.839598 0.234025
vt 0.547926 0.580310
vt 0.839598 0.236191
vt 0.562934 0.633007
vt 0.775184 0.231935
vt 0.563001 0.636202
vt 0.771097 0.233368
vt 0.562085 0.641950
vt 0.765109 0.236191
vt 0.657473 0.667463
vt 0.900736 0.060320
vt 0.660817 0.670127
vt 0.906165 0.050918
vt 0.635295 0.672713
vt 0.712922 0.074077
vt 0.649687 0.665510
vt 0.879365 0.051488
vt 0.756999 0.051488
vt 0.689774 0.677537
vt 0.561040 0.044233
vt 0.688704 0.676438
vt 0.562975 0.040850
vt 0.661709 0.670751
vt 0.907515 0.048579
vt 0.671276 0.669304
vt 0.891910 0.029759
vt 0.744454 0.029759
vt 0.686917 0.674718
vt 0.706970 0.035167
vt 0.565758 0.035167
vt 0.626671 0.676344
vt 0.686297 0.086488
vt 0.624568 0.678075
vt 0.597401 0.089975
vt 0.675327 0.089975
vt 0.624459 0.678297
vt 0.596863 0.090775
vt 0.632580 0.673655
vt 0.705193 0.078731
vt 0.622616 0.680403
vt 0.593034 0.101291
vt 0.700973 0.686415
vt 0.547549 0.078731
vt 0.701663 0.687429
vt 0.545992 0.081015
vt 0.710651 0.697653
vt 0.534959 0.109408
vt 0.705517 0.692105
vt 0.540428 0.093167
vt 0.720841 0.708111
vt 0.528085 0.141772
vt 0.718557 0.704911
vt 0.531243 0.132844
vt 0.722626 0.710154
vt 0.527277 0.147795
vt 0.725711 0.713087
vt 0.527207 0.157461
vt 0.727870 0.718798
vt 0.528074 0.171216
vt 0.731992 0.730291
vt 0.533968 0.196406
vt 0.730062 0.723152
vt 0.531521 0.181595
vt 0.736071 0.742901
vt 0.543568 0.219631
vt 0.740461 0.757114
vt 0.558121 0.242079
vt 0.740116 0.753780
vt 0.555019 0.236191
vt 0.742911 0.773474
vt 0.576532 0.264048
vt 0.743130 0.772597
vt 0.575367 0.263111
vt 0.739273 0.792378
vt 0.602522 0.276724
vt 0.732645 0.814430
vt 0.630939 0.286152
vt 0.737545 0.802973
vt 0.616495 0.280507
vt 0.725031 0.831722
vt 0.650524 0.290395
vt 0.716862 0.840023
vt 0.663790 0.294277
vt 0.706291 0.851571
vt 0.679090 0.296859
vt 0.579362 0.687025
vt 0.720629 0.236191
vt 0.620889 0.678789
vt 0.603297 0.100187
vt 0.669431 0.100187
vt 0.598566 0.673421
vt 0.713217 0.181807
vt 0.605582 0.672501
vt 0.702498 0.157461
vt 0.862724 0.827606
vt 0.368643 0.907880
vt 0.370454 0.907803
vt 0.369161 0.921170
vt 0.927959 0.686559
vt 0.370788 0.921114
vt 0.912440 0.691199
vt 0.372388 0.921075
vt 0.898895 0.692030
vt 0.372242 0.907776
vt 0.831286 0.787799
vt 0.862724 0.827606
vt 0.845212 0.806739
vt 0.831286 0.787799
vt 0.371920 0.904260
vt 0.831286 0.787799
vt 0.862724 0.827606
vt 0.368362 0.904351
vt 0.370155 0.904285
vt 0.862724 0.827606
vt 0.845212 0.806739
vt 0.831286 0.787799
vt 0.831286 0.787799
vt 0.372231 0.895990
vt 0.368627 0.896078
vt 0.862724 0.827606
vt 0.370441 0.895995
vt 0.862724 0.827606
vt 0.845212 0.806739
vt 0.831286 0.787799
vt 0.372196 0.894459
vt 0.831286 0.787799
vt 0.862724 0.827606
vt 0.368578 0.894545
vt 0.370397 0.894413
vt 0.368696 0.893347
vt 0.862724 0.827606
vt 0.370491 0.893189
vt 0.845212 0.806739
vt 0.372263 0.893251
vt 0.831286 0.787799
vt 0.372388 0.893857
vt 0.831286 0.787799
vt 0.862724 0.827606
vt 0.368798 0.893960
vt 0.370605 0.893802
vt 0.365626 0.915047
vt 0.365175 0.917004
vt 0.365371 0.907428
vt 0.363795 0.907421
vt 0.363357 0.915020
vt 0.364583 0.907420
vt 0.364547 0.915000
vt 0.364502 0.917172
vt 0.363830 0.916988
vt 0.856180 0.673528
vt 0.363706 0.899732
vt 0.365764 0.899888
vt 0.859896 0.677702
vt 0.364615 0.899658
vt 0.365526 0.899740
vt 0.853466 0.668986
vt 0.363227 0.898453
vt 0.856180 0.673528
vt 0.363454 0.898403
vt 0.859896 0.677702
vt 0.366018 0.898459
vt 0.364618 0.898372
vt 0.365790 0.898408
vt 0.363467 0.896562
vt 0.853466 0.668986
vt 0.856180 0.673528
vt 0.363625 0.896519
vt 0.365791 0.896546
vt 0.859896 0.677702
vt 0.364609 0.896599
vt 0.365628 0.896497
vt 0.363519 0.896085
vt 0.853466 0.668986
vt 0.856180 0.673528
vt 0.363763 0.895775
vt 0.853466 0.668986
vt 0.365759 0.896044
vt 0.859896 0.677702
vt 0.856180 0.673528
vt 0.364646 0.895857
vt 0.859896 0.677702
vt 0.365520 0.895708
vt 0.915297 0.594755
vt 0.373461 0.905677
vt 0.910241 0.607664
vt 0.372404 0.905716
vt 0.914141 0.585536
vt 0.373404 0.904985
vt 0.915308 0.593461
vt 0.373452 0.905573
vt 0.909161 0.574018
vt 0.372438 0.904709
vt 0.889515 0.554511
vt 0.369533 0.905115
vt 0.902195 0.562927
vt 0.370865 0.905013
vt 0.913763 0.580387
vt 0.373372 0.904563
vt 0.854314 0.534254
vt 0.365493 0.905850
vt 0.847474 0.534211
vt 0.364815 0.905996
vt 0.865391 0.538580
vt 0.366675 0.905574
vt 0.829144 0.537173
vt 0.362741 0.906772
vt 0.842411 0.534109
vt 0.364268 0.906210
vt 0.813919 0.542877
vt 0.360862 0.908051
vt 0.804502 0.552263
vt 0.359572 0.909452
vt 0.810915 0.544309
vt 0.360510 0.908398
vt 0.797682 0.562442
vt 0.358695 0.911048
vt 0.794864 0.567456
vt 0.358426 0.911897
vt 0.793604 0.573052
vt 0.358259 0.912704
vt 0.793003 0.583950
vt 0.358387 0.914375
vt 0.792727 0.580362
vt 0.358268 0.913834
vt 0.794507 0.594298
vt 0.359082 0.915954
vt 0.796413 0.603639
vt 0.360086 0.917283
vt 0.800840 0.612506
vt 0.361528 0.918424
vt 0.796858 0.605409
vt 0.360334 0.917486
vt 0.808898 0.622639
vt 0.363851 0.919467
vt 0.804655 0.618929
vt 0.362831 0.918995
vt 0.826945 0.632684
vt 0.368165 0.920427
vt 0.816801 0.629141
vt 0.365894 0.919876
vt 0.854997 0.636123
vt 0.373461 0.919914
vt 0.859705 0.636286
vt 0.372411 0.919725
vt 0.850162 0.633364
vt 0.373255 0.921317
vt 0.854552 0.635878
vt 0.373442 0.920036
vt 0.851802 0.634491
vt 0.373325 0.920803
vt 0.848711 0.633738
vt 0.372941 0.921211
vt 0.828875 0.633375
vt 0.368607 0.920475
vt 0.861219 0.638090
vt 0.372595 0.918941
vt 0.897768 0.634316
vt 0.372909 0.909333
vt 0.905624 0.625321
vt 0.372686 0.907676
vt 0.876927 0.642186
vt 0.373026 0.913695
vt 0.868656 0.641199
vt 0.372862 0.915999
vt 0.696629 0.457836
vt 0.370781 0.911157
vt 0.370122 0.910974
vt 0.369273 0.910386
vt 0.368727 0.909740
vt 0.655913 0.470558
vt 0.700933 0.481856
vt 0.368391 0.907218
vt 0.368671 0.906469
vt 0.369267 0.905706
vt 0.369830 0.905371
vt 0.665651 0.492935
vt 0.698475 0.468140
vt 0.368315 0.900104
vt 0.695938 0.464637
vt 0.366381 0.900973
vt 0.697807 0.464408
vt 0.689477 0.460071
vt 0.690267 0.461611
vt 0.364010 0.903265
vt 0.363015 0.905069
vt 0.685615 0.461278
vt 0.364959 0.913849
vt 0.666928 0.467116
vt 0.663292 0.470054
vt 0.366541 0.914985
vt 0.663064 0.468323
vt 0.660172 0.480345
vt 0.371310 0.915806
vt 0.658626 0.476793
vt 0.660285 0.475943
vt 0.369484 0.915857
vt 0.691388 0.484854
vt 0.377168 0.902454
vt 0.694845 0.481993
vt 0.375370 0.901005
vt 0.694735 0.483803
vt 0.699756 0.475289
vt 0.698257 0.476099
vt 0.371982 0.899893
vt 0.699087 0.471553
vt 0.369856 0.899900
vt 0.661392 0.483148
vt 0.372413 0.915646
vt 0.664627 0.486514
vt 0.374091 0.914957
vt 0.662936 0.486696
vt 0.675196 0.489938
vt 0.377168 0.911591
vt 0.671849 0.490989
vt 0.670742 0.489521
vt 0.376217 0.913058
vt 0.372281 0.906733
vt 0.371808 0.906085
vt 0.371008 0.905487
vt 0.370352 0.905303
vt 0.371244 0.911100
vt 0.371816 0.910767
vt 0.372453 0.909988
vt 0.372791 0.909215
vt 0.692169 0.459230
vt 0.695505 0.450876
vt 0.703956 0.457505
vt 0.697377 0.462008
vt 0.696629 0.457836
vt 0.655913 0.470558
vt 0.657638 0.474520
vt 0.650435 0.474092
vt 0.652668 0.463322
vt 0.660373 0.469164
vt 0.700185 0.477684
vt 0.707537 0.481386
vt 0.701755 0.486178
vt 0.697068 0.483070
vt 0.700933 0.481856
vt 0.665651 0.492935
vt 0.669516 0.491721
vt 0.667466 0.497261
vt 0.660687 0.495909
vt 0.663927 0.488972
vt 0.364277 0.886194
vt 0.360929 0.910084
vt 0.366318 0.887795
vt 0.364492 0.910502
vt 0.363084 0.917583
vt 0.360691 0.918647
s 1
usemtl Material.002
f 3848/4452/2437 3482/4058/2438 3849/4454/2439
f 3477/4053/2440 3478/4054/2441 3746/4347/2442 3470/4046/2443
f 3478/4054/2441 3479/4055/2444 3747/4348/2445 3746/4347/2442
f 3479/4055/2444 3481/4057/2446 3748/4349/2447 3747/4348/2445
f 3851/4458/2448 3852/4460/2449 3748/4349/2447 3481/4057/2446 3850/4456/2450
f 3473/4049/2451 3474/4050/2452 3469/4045/2453 3468/4044/2454
f 3750/4351/2455 3476/4052/2456 3745/4346/2457 3749/4350/2458
f 3476/4052/2456 3477/4053/2440 3470/4046/2443 3745/4346/2457
f 3854/4464/2459 3855/4466/2460 3495/4073/2461 3853/4462/2462
f 3483/4059/2463 3484/4060/2464 3474/4050/2452 3473/4049/2451
f 3751/4352/2465 3486/4063/2466 3476/4052/2456 3750/4351/2455
f 3486/4063/2466 3487/4064/2467 3477/4053/2440 3476/4052/2456
f 3499/4077/2468 3482/4058/2438 3848/4452/2437 3856/4468/2469
f 3487/4064/2467 3489/4066/2470 3478/4054/2441 3477/4053/2440
f 3489/4066/2470 3490/4067/2471 3479/4055/2444 3478/4054/2441
f 3490/4067/2471 3493/4071/2472 3481/4057/2446 3479/4055/2444
f 3855/4466/2460 3850/4456/2450 3481/4057/2446 3493/4071/2472 3495/4073/2461
f 3508/4090/2473 3511/4095/2474 3490/4067/2471 3489/4066/2470
f 3511/4095/2474 3513/4098/2475 3493/4071/2472 3490/4067/2471
f 3513/4098/2475 3514/4100/2476 3495/4073/2461 3493/4071/2472
f 3857/4470/2477 3853/4462/2462 3495/4073/2461 3514/4100/2476 3515/4102/2478
f 3500/4078/2479 3502/4081/2480 3484/4060/2464 3483/4059/2463
f 3859/4475/2481 3857/4470/2477 3515/4102/2478 3858/4472/2482
f 3752/4354/2483 3503/4082/2484 3486/4063/2466 3751/4352/2465
f 3503/4082/2484 3507/4088/2485 3487/4064/2467 3486/4063/2466
f 3516/4104/2486 3499/4077/2468 3856/4468/2469 3860/4477/2487
f 3507/4088/2485 3508/4090/2473 3489/4066/2470 3487/4064/2467
f 3517/4105/2488 3518/4106/2489 3502/4080/2480 3500/4078/2479
f 3861/4480/2490 3858/4473/2482 3515/4103/2478 3525/4116/2491 3526/4117/2492
f 3753/4355/2493 3519/4107/2494 3503/4083/2484 3752/4353/2483
f 3863/4484/2495 3861/4480/2490 3526/4117/2492 3527/4118/2496 3862/4482/2497
f 3521/4112/2498 3508/4092/2473 4138/4957/2499 4137/4956/2500
f 3864/4486/2501 3862/4482/2497 3527/4118/2496 3528/4119/2502 3516/4104/2486 3860/4478/2487 3866/4490/2503 3865/4488/2504
f 3519/4108/2494 3520/4110/2505 4136/4955/2506 4135/4954/2507
f 3521/4111/2498 3522/4113/2508 3511/4096/2474 3508/4091/2473
f 3522/4113/2508 3523/4114/2509 3513/4099/2475 3511/4096/2474
f 3523/4114/2509 3524/4115/2510 3514/4101/2476 3513/4099/2475
f 3524/4115/2510 3525/4116/2491 3515/4103/2478 3514/4101/2476
f 3538/4129/2511 4124/4943/2512 4123/4942/2513 4116/4935/2514 4115/4934/2515 3531/4122/2516
f 4117/4936/2517 4116/4935/2514 4123/4942/2513 4127/4946/2518 4075/4878/2519 4096/4909/2520 4098/4912/2521 4081/4884/2522 4083/4888/2523 4069/4872/2524
f 3545/4136/2525 3546/4137/2526 4125/4944/2527 4124/4943/2512 3538/4129/2511
f 3532/4123/2528 3533/4124/2529 3525/4116/2491 3524/4115/2510
f 4028/4790/2530 3518/4106/2489 3517/4105/2488 4029/4792/2531
f 3533/4124/2529 3534/4125/2532 3526/4117/2492 3525/4116/2491
f 3529/4120/2533 3519/4107/2494 3753/4355/2493 4031/4796/2534 4030/4794/2535
f 3534/4125/2532 3535/4126/2536 3527/4118/2496 3526/4117/2492
f 3520/4109/2505 3519/4107/2494 3529/4120/2533 4032/4798/2537 4034/4802/2538 4033/4800/2539 3530/4121/2540
f 3535/4126/2536 3536/4127/2541 3528/4119/2502 3527/4118/2496
f 3530/4121/2540 3531/4122/2516 3521/4111/2498 3520/4109/2505
f 3540/4131/2542 3541/4132/2543 3534/4125/2532 3533/4124/2529
f 4035/4804/2544 3529/4120/2533 4030/4794/2535
f 3541/4132/2543 3542/4133/2545 3535/4126/2536 3534/4125/2532
f 3537/4128/2546 3530/4121/2540 4033/4800/2539 4038/4810/2547 4036/4806/2548 4037/4808/2549
f 3529/4120/2533 4035/4804/2544 4032/4798/2537
f 3542/4133/2545 3543/4134/2550 3536/4127/2541 3535/4126/2536
f 3537/4128/2546 3538/4129/2511 3531/4122/2516 3530/4121/2540
f 4132/4951/2551 4131/4950/2552 3539/4130/2553 3532/4123/2528 4120/4939/2554 4119/4938/2555
f 4128/4947/2556 4132/4951/2551 4119/4938/2555 4118/4937/2557 4074/4877/2558 4091/4901/2559 4090/4899/2560 4099/4914/2561 4101/4918/2562 4080/4883/2563
f 3539/4130/2553 3540/4131/2542 3533/4124/2529 3532/4123/2528
f 3547/4138/2564 3548/4139/2565 3539/4130/2553 4131/4950/2552 4130/4949/2566
f 3548/4139/2565 3549/4140/2567 3540/4131/2542 3539/4130/2553
f 3549/4140/2567 3550/4141/2568 3541/4132/2543 3540/4131/2542
f 3550/4141/2568 3551/4142/2569 3542/4133/2545 3541/4132/2543
f 3537/4128/2546 4037/4808/2549 4040/4814/2570 4039/4812/2571 3544/4135/2572
f 3551/4142/2569 3552/4143/2573 3543/4134/2550 3542/4133/2545
f 3544/4135/2572 3545/4136/2525 3538/4129/2511 3537/4128/2546
f 4127/4946/2518 4126/4945/2574 4129/4948/2575 4128/4947/2556 4080/4883/2563 4103/4921/2576 4102/4919/2577 4093/4904/2578 4095/4908/2579 4075/4878/2519
f 3559/4150/2580 3560/4151/2581 3551/4142/2569 3550/4141/2568
f 3553/4144/2582 3544/4135/2572 4039/4812/2571 4041/4816/2583
f 3560/4151/2581 3561/4152/2584 3552/4143/2573 3551/4142/2569
f 3553/4144/2582 3554/4145/2585 3545/4136/2525 3544/4135/2572
f 3554/4145/2585 3555/4146/2586 3546/4137/2526 3545/4136/2525
f 3555/4146/2586 3556/4147/2587 3547/4138/2564 3546/4137/2526
f 3556/4147/2587 3557/4148/2588 3548/4139/2565 3547/4138/2564
f 3557/4148/2588 3558/4149/2589 3549/4140/2567 3548/4139/2565
f 3558/4149/2589 3559/4150/2580 3550/4141/2568 3549/4140/2567
f 3564/4155/2590 3565/4156/2591 3556/4147/2587 3555/4146/2586
f 3565/4156/2591 3566/4157/2592 3557/4148/2588 3556/4147/2587
f 3566/4157/2592 3567/4158/2593 3558/4149/2589 3557/4148/2588
f 3567/4158/2593 3568/4159/2594 3559/4150/2580 3558/4149/2589
f 3568/4159/2594 3569/4160/2595 3560/4151/2581 3559/4150/2580
f 3562/4153/2596 3553/4144/2582 4041/4816/2583 4043/4820/2597 4042/4818/2598
f 3569/4160/2595 3570/4161/2599 3561/4152/2584 3560/4151/2581
f 3562/4153/2596 3563/4154/2600 3554/4145/2585 3553/4144/2582
f 3563/4154/2600 3564/4155/2590 3555/4146/2586 3554/4145/2585
f 3577/4168/2601 3578/4169/2602 3569/4160/2595 3568/4159/2594
f 3571/4162/2603 3562/4153/2596 4042/4818/2598 4044/4822/2604
f 3578/4169/2602 3579/4170/2605 3570/4161/2599 3569/4160/2595
f 3571/4162/2603 3572/4163/2606 3563/4154/2600 3562/4153/2596
f 3572/4163/2606 3573/4164/2607 3564/4155/2590 3563/4154/2600
f 3573/4164/2607 3574/4165/2608 3565/4156/2591 3564/4155/2590
f 3574/4165/2608 3575/4166/2609 3566/4157/2592 3565/4156/2591
f 3575/4166/2609 3576/4167/2610 3567/4158/2593 3566/4157/2592
f 3576/4167/2610 3577/4168/2601 3568/4159/2594 3567/4158/2593
f 3583/4174/2611 3584/4175/2612 3575/4166/2609 3574/4165/2608
f 3584/4175/2612 3585/4176/2613 3576/4167/2610 3575/4166/2609
f 3585/4176/2613 3586/4177/2614 3577/4168/2601 3576/4167/2610
f 3586/4177/2614 3587/4178/2615 3578/4169/2602 3577/4168/2601
f 3580/4171/2616 3571/4162/2603 4044/4822/2604 4045/4824/2617 4046/4826/2618
f 3587/4178/2615 3588/4179/2619 3579/4170/2605 3578/4169/2602
f 3580/4171/2616 3581/4172/2620 3572/4163/2606 3571/4162/2603
f 3581/4172/2620 3582/4173/2621 3573/4164/2607 3572/4163/2606
f 3582/4173/2621 3583/4174/2611 3574/4165/2608 3573/4164/2607
f 3596/4187/2622 3597/4188/2623 3588/4179/2619 3587/4178/2615
f 3589/4180/2624 3590/4181/2625 3581/4172/2620 3580/4171/2616
f 3590/4181/2625 3591/4182/2626 3582/4173/2621 3581/4172/2620
f 3591/4182/2626 3592/4183/2627 3583/4174/2611 3582/4173/2621
f 3592/4183/2627 3593/4184/2628 3584/4175/2612 3583/4174/2611
f 3593/4184/2628 3594/4185/2629 3585/4176/2613 3584/4175/2612
f 3594/4185/2629 3595/4186/2630 3586/4177/2614 3585/4176/2613
f 3595/4186/2630 3596/4187/2622 3587/4178/2615 3586/4177/2614
f 3589/4180/2624 3580/4171/2616 4046/4826/2618 4048/4830/2631 4047/4828/2632
f 3602/4193/2633 3603/4194/2634 3594/4185/2629 3593/4184/2628
f 3603/4194/2634 3604/4195/2635 3595/4186/2630 3594/4185/2629
f 3604/4195/2635 3605/4196/2636 3596/4187/2622 3595/4186/2630
f 4049/4832/2637 3598/4189/2638 3589/4180/2624 4047/4828/2632
f 3605/4196/2636 3606/4197/2639 3597/4188/2623 3596/4187/2622
f 3598/4189/2638 3599/4190/2640 3590/4181/2625 3589/4180/2624
f 3599/4190/2640 3600/4191/2641 3591/4182/2626 3590/4181/2625
f 3600/4191/2641 3601/4192/2642 3592/4183/2627 3591/4182/2626
f 3601/4192/2642 3602/4193/2633 3593/4184/2628 3592/4183/2627
f 3607/4198/2643 3608/4199/2644 3599/4190/2640 3598/4189/2638
f 3608/4199/2644 3609/4200/2645 3600/4191/2641 3599/4190/2640
f 3609/4200/2645 3610/4201/2646 3601/4192/2642 3600/4191/2641
f 3610/4201/2646 3611/4202/2647 3602/4193/2633 3601/4192/2642
f 3611/4202/2647 3612/4203/2648 3603/4194/2634 3602/4193/2633
f 3612/4203/2648 3613/4204/2649 3604/4195/2635 3603/4194/2634
f 3613/4204/2649 3614/4205/2650 3605/4196/2636 3604/4195/2635
f 4050/4834/2651 3607/4198/2643 3598/4189/2638 4049/4832/2637
f 3614/4205/2650 3615/4206/2652 3606/4197/2639 3605/4196/2636
f 3620/4211/2653 3621/4212/2654 3612/4203/2648 3611/4202/2647
f 3621/4212/2654 3622/4213/2655 3613/4204/2649 3612/4203/2648
f 3622/4213/2655 3623/4214/2656 3614/4205/2650 3613/4204/2649
f 4051/4836/2657 3616/4207/2658 3607/4198/2643 4050/4834/2651 4052/4838/2659
f 3623/4214/2656 3624/4215/2660 3615/4206/2652 3614/4205/2650
f 3616/4207/2658 3617/4208/2661 3608/4199/2644 3607/4198/2643
f 3617/4208/2661 3618/4209/2662 3609/4200/2645 3608/4199/2644
f 3618/4209/2662 3619/4210/2663 3610/4201/2646 3609/4200/2645
f 3619/4210/2663 3620/4211/2653 3611/4202/2647 3610/4201/2646
f 3626/4217/2664 3627/4218/2665 3618/4209/2662 3617/4208/2661
f 3627/4218/2665 3628/4219/2666 3619/4210/2663 3618/4209/2662
f 3628/4219/2666 3629/4220/2667 3620/4211/2653 3619/4210/2663
f 3629/4220/2667 3630/4221/2668 3621/4212/2654 3620/4211/2653
f 3630/4221/2668 3631/4222/2669 3622/4213/2655 3621/4212/2654
f 3631/4222/2669 3632/4223/2670 3623/4214/2656 3622/4213/2655
f 4053/4840/2671 3625/4216/2672 3616/4207/2658 4051/4836/2657 4054/4842/2673
f 3632/4223/2670 3633/4224/2674 3624/4215/2660 3623/4214/2656
f 3625/4216/2672 3626/4217/2664 3617/4208/2661 3616/4207/2658
f 3639/4230/2675 3640/4231/2676 3631/4222/2669 3630/4221/2668
f 3640/4231/2676 3641/4232/2677 3632/4223/2670 3631/4222/2669
f 4055/4844/2678 3634/4225/2679 3625/4216/2672 4053/4840/2671 4056/4846/2680
f 3641/4232/2677 3642/4233/2681 3633/4224/2674 3632/4223/2670
f 3634/4225/2679 3635/4226/2682 3626/4217/2664 3625/4216/2672
f 3635/4226/2682 3636/4227/2683 3627/4218/2665 3626/4217/2664
f 3636/4227/2683 3637/4228/2684 3628/4219/2666 3627/4218/2665
f 3637/4228/2684 3638/4229/2685 3629/4220/2667 3628/4219/2666
f 3638/4229/2685 3639/4230/2675 3630/4221/2668 3629/4220/2667
f 3647/4238/2686 3648/4239/2687 3636/4227/2683 3635/4226/2682
f 3648/4239/2687 3649/4240/2688 3637/4228/2684 3636/4227/2683
f 3649/4240/2688 3650/4241/2689 3638/4229/2685 3637/4228/2684
f 3650/4241/2689 3651/4242/2690 3639/4230/2675 3638/4229/2685
f 4058/4850/2691 3643/4234/2692 3644/4235/2693 4057/4848/2694
f 3651/4242/2690 3652/4243/2695 3640/4231/2676 3639/4230/2675
f 4060/4854/2696 3754/4356/2697 3645/4236/2698 4059/4852/2699 4061/4856/2700
f 3652/4243/2695 3653/4244/2701 3641/4232/2677 3640/4231/2676
f 3645/4236/2698 3646/4237/2702 3634/4225/2679 4055/4844/2678 4063/4860/2703 4062/4858/2704 4059/4852/2699
f 3653/4244/2701 3654/4245/2705 3642/4233/2681 3641/4232/2677
f 3646/4237/2702 3647/4238/2686 3635/4226/2682 3634/4225/2679
f 3663/4254/2706 3664/4255/2707 3652/4243/2695 3651/4242/2690
f 3755/4357/2708 3657/4248/2709 3645/4236/2698 3754/4356/2697
f 3867/4492/2710 3653/4244/2701 3652/4243/2695 3664/4255/2707 3868/4494/2711
f 3657/4248/2709 3658/4249/2712 3646/4237/2702 3645/4236/2698
f 3870/4498/2713 3869/4496/2714 3665/4256/2715 3654/4245/2705 3653/4244/2701 3867/4492/2710
f 3658/4249/2712 3659/4250/2716 3647/4238/2686 3646/4237/2702
f 3659/4250/2716 3660/4251/2717 3648/4239/2687 3647/4238/2686
f 3660/4251/2717 3661/4252/2718 3649/4240/2688 3648/4239/2687
f 3661/4252/2718 3662/4253/2719 3650/4241/2689 3649/4240/2688
f 3662/4253/2719 3663/4254/2706 3651/4242/2690 3650/4241/2689
f 3655/4246/2720 3656/4247/2721 3644/4235/2693 3643/4234/2692
f 3671/4262/2722 3672/4263/2723 3661/4252/2718 3660/4251/2717
f 3672/4263/2723 3673/4264/2724 3662/4253/2719 3661/4252/2718
f 3872/4503/2725 3663/4254/2706 3662/4253/2719 3673/4264/2724 3871/4501/2726
f 3666/4257/2727 3667/4258/2728 3656/4247/2721 3655/4246/2720
f 3874/4507/2729 3873/4505/2730 3664/4255/2707 3663/4254/2706 3872/4503/2725 3875/4510/2731
f 3756/4358/2732 3668/4259/2733 3657/4248/2709 3755/4357/2708
f 3664/4255/2707 3873/4505/2730 3868/4494/2711
f 3668/4259/2733 3669/4260/2734 3658/4249/2712 3657/4248/2709
f 3877/4515/2735 3878/4518/2736 3674/4265/2737 3665/4256/2715 3869/4496/2714 3879/4520/2738 3876/4513/2739
f 3669/4260/2734 3670/4261/2740 3659/4250/2716 3658/4249/2712
f 3670/4261/2740 3671/4262/2722 3660/4251/2717 3659/4250/2716
f 3677/4268/2741 3678/4269/2742 3669/4260/2734 3668/4259/2733
f 3880/4522/2743 3674/4265/2737 3878/4518/2736
f 3678/4269/2742 3679/4270/2744 3670/4261/2740 3669/4260/2734
f 3679/4270/2744 3680/4271/2745 3671/4262/2722 3670/4261/2740
f 3680/4271/2745 3681/4272/2746 3672/4263/2723 3671/4262/2722
f 3681/4272/2746 3682/4273/2747 3673/4264/2724 3672/4263/2723
f 3881/4524/2748 3871/4501/2726 3673/4264/2724 3682/4273/2747 3882/4526/2749
f 3675/4266/2750 3676/4267/2751 3667/4258/2728 3666/4257/2727
f 3757/4359/2752 3677/4268/2741 3668/4259/2733 3756/4358/2732
f 3884/4530/2753 3682/4273/2747 3681/4272/2746 3689/4280/2754 3883/4528/2755
f 3882/4526/2749 3682/4273/2747 3884/4530/2753
f 3683/4274/2756 3684/4275/2757 3676/4267/2751 3675/4266/2750
f 3758/4360/2758 3685/4276/2759 3677/4268/2741 3757/4359/2752
f 3685/4276/2759 3686/4277/2760 3678/4269/2742 3677/4268/2741
f 3686/4277/2760 3687/4278/2761 3679/4270/2744 3678/4269/2742
f 3687/4278/2761 3688/4279/2762 3680/4271/2745 3679/4270/2744
f 3688/4279/2762 3689/4280/2754 3681/4272/2746 3680/4271/2745
f 3692/4284/2763 3693/4286/2764 3686/4277/2760 3685/4276/2759
f 3693/4286/2764 3694/4289/2765 3687/4278/2761 3686/4277/2760
f 3694/4289/2765 3695/4290/2766 3688/4279/2762 3687/4278/2761
f 3695/4290/2766 3696/4291/2767 3689/4280/2754 3688/4279/2762
f 3886/4534/2768 3883/4528/2755 3689/4280/2754 3696/4291/2767 3885/4532/2769
f 3690/4281/2770 3691/4282/2771 3684/4275/2757 3683/4274/2756
f 3759/4361/2772 3692/4284/2763 3685/4276/2759 3758/4360/2758
f 3885/4532/2769 3696/4291/2767 3887/4536/2773
f 3697/4292/2774 3698/4293/2775 3691/4282/2771 3690/4281/2770
f 3760/4362/2776 3699/4294/2777 3692/4284/2763 3759/4361/2772
s 0
f 3701/4298/2778 3694/4288/2778 4004/4756/2778 4003/4755/2778
f 3694/4288/2779 3693/4287/2779 4000/4752/2779 4004/4756/2779
s 1
f 3701/4297/2780 3702/4299/2781 3695/4290/2766 3694/4289/2765
f 3888/4538/2782 3887/4536/2773 3696/4291/2767 3695/4290/2766 3702/4299/2781 3889/4540/2783
s 0
f 3693/4287/2784 3692/4283/2784 3999/4751/2784 4000/4752/2784
s 1
f 3707/4307/2785 3708/4309/2786 3702/4299/2781 3701/4297/2780
f 3891/4544/2787 3889/4540/2783 3702/4299/2781 3708/4309/2786 3890/4542/2788
f 3703/4300/2789 3704/4301/2790 3698/4293/2775 3697/4292/2774
f 3761/4363/2791 3705/4302/2792 3699/4294/2777 3760/4362/2776
s 0
f 3707/4308/2793 3701/4298/2793 4003/4755/2793 3997/4749/2793
s 1
f 3709/4310/2794 3710/4311/2795 3704/4301/2790 3703/4300/2789
f 3762/4364/2796 3711/4312/2797 3705/4302/2792 3761/4363/2791
f 3711/4312/2797 3712/4313/2798 3706/4305/2799 3705/4302/2792
f 3712/4313/2798 3713/4314/2800 3707/4307/2785 3706/4305/2799
f 3713/4314/2800 3714/4315/2801 3708/4309/2786 3707/4307/2785
f 3708/4309/2786 3714/4315/2801 3892/4546/2802 3890/4542/2788
f 3718/4319/2803 3719/4320/2804 3713/4314/2800 3712/4313/2798
f 3719/4320/2804 3720/4321/2805 3714/4315/2801 3713/4314/2800
f 3894/4550/2806 3892/4546/2802 3714/4315/2801 3720/4321/2805 3893/4548/2807
f 3715/4316/2808 3716/4317/2809 3710/4311/2795 3709/4310/2794
f 3763/4365/2810 3717/4318/2811 3711/4312/2797 3762/4364/2796
f 3717/4318/2811 3718/4319/2803 3712/4313/2798 3711/4312/2797
f 3721/4322/2812 3722/4323/2813 3716/4317/2809 3715/4316/2808
f 3764/4366/2814 3723/4324/2815 3717/4318/2811 3763/4365/2810
f 3723/4324/2815 3724/4325/2816 3718/4319/2803 3717/4318/2811
f 3724/4325/2816 3725/4326/2817 3719/4320/2804 3718/4319/2803
f 3725/4326/2817 3726/4327/2818 3720/4321/2805 3719/4320/2804
f 3896/4554/2819 3893/4548/2807 3720/4321/2805 3726/4327/2818 3895/4552/2820
f 3731/4332/2821 3732/4333/2822 3726/4327/2818 3725/4326/2817
f 3726/4327/2818 3732/4333/2822 3897/4556/2823 3895/4552/2820
f 3727/4328/2824 3728/4329/2825 3722/4323/2813 3721/4322/2812
f 3765/4367/2826 3729/4330/2827 3723/4324/2815 3764/4366/2814
f 3729/4330/2827 3730/4331/2828 3724/4325/2816 3723/4324/2815
f 3730/4331/2828 3731/4332/2821 3725/4326/2817 3724/4325/2816
f 3766/4368/2829 3735/4336/2830 3729/4330/2827 3765/4367/2826
f 3735/4336/2830 3736/4337/2831 3730/4331/2828 3729/4330/2827
f 3736/4337/2831 3737/4338/2832 3731/4332/2821 3730/4331/2828
f 3737/4338/2832 3738/4339/2833 3732/4333/2822 3731/4332/2821
f 3899/4560/2834 3897/4556/2823 3732/4333/2822 3738/4339/2833 3898/4558/2835
f 3733/4334/2836 3734/4335/2837 3728/4329/2825 3727/4328/2824
f 3900/4562/2838 3898/4558/2835 3738/4339/2833 3744/4345/2839 3901/4564/2840
f 3739/4340/2841 3740/4341/2842 3734/4335/2837 3733/4334/2836
f 3767/4369/2843 3741/4342/2844 3735/4336/2830 3766/4368/2829
s 0
f 3741/4342/2845 3745/4346/2845 3968/4706/2845 3969/4708/2845
s 1
f 3742/4343/2846 3743/4344/2847 3737/4338/2832 3736/4337/2831
f 3743/4344/2847 3744/4345/2839 3738/4339/2833 3737/4338/2832
f 3470/4046/2443 3746/4347/2442 3743/4344/2847 3742/4343/2846
f 3746/4347/2442 3747/4348/2445 3744/4345/2839 3743/4344/2847
f 3902/4566/2848 3901/4564/2840 3744/4345/2839 3747/4348/2445 3748/4349/2447
f 3902/4566/2848 3748/4349/2447 3852/4460/2449
f 3468/4044/2454 3469/4045/2453 3740/4341/2842 3739/4340/2841
f 3749/4350/2458 3745/4346/2457 3741/4342/2844 3767/4369/2843
f 3971/4711/2849 3967/4704/2850 3977/4720/2851 3975/4716/2852
f 4029/4792/2531 3517/4105/2488 3500/4078/2479 3483/4059/2463 3473/4049/2451 3468/4044/2454 3739/4340/2841 3733/4334/2836 3727/4328/2824 3721/4322/2812 3715/4316/2808 3709/4310/2794 3703/4300/2789 3697/4292/2774 3690/4281/2770 3683/4274/2756 3675/4266/2750 3666/4257/2727 3655/4246/2720 3643/4234/2692 4058/4850/2691 4064/4862/2853 4068/4870/2854 4067/4868/2855 4065/4864/2856 4066/4866/2857
f 3903/4568/2858 3849/4454/2439 3482/4058/2438 3499/4077/2468 3516/4104/2486 3528/4119/2502 3536/4127/2541 3543/4134/2550 3552/4143/2573 3561/4152/2584 3570/4161/2599 3579/4170/2605 3588/4179/2619 3597/4188/2623 3606/4197/2639 3615/4206/2652 3624/4215/2660 3633/4224/2674 3642/4233/2681 3654/4245/2705 3665/4256/2715 3674/4265/2737 3880/4522/2743 3904/4570/2859 3906/4575/2860 3905/4573/2861
f 3469/4045/2453 3749/4350/2458 3767/4369/2843 3740/4341/2842
f 3740/4341/2842 3767/4369/2843 3766/4368/2829 3734/4335/2837
f 3734/4335/2837 3766/4368/2829 3765/4367/2826 3728/4329/2825
f 3728/4329/2825 3765/4367/2826 3764/4366/2814 3722/4323/2813
f 3722/4323/2813 3764/4366/2814 3763/4365/2810 3716/4317/2809
f 3716/4317/2809 3763/4365/2810 3762/4364/2796 3710/4311/2795
f 3710/4311/2795 3762/4364/2796 3761/4363/2791 3704/4301/2790
f 3704/4301/2790 3761/4363/2791 3760/4362/2776 3698/4293/2775
f 3698/4293/2775 3760/4362/2776 3759/4361/2772 3691/4282/2771
f 3691/4282/2771 3759/4361/2772 3758/4360/2758 3684/4275/2757
f 3684/4275/2757 3758/4360/2758 3757/4359/2752 3676/4267/2751
f 3676/4267/2751 3757/4359/2752 3756/4358/2732 3667/4258/2728
f 3667/4258/2728 3756/4358/2732 3755/4357/2708 3656/4247/2721
f 3656/4247/2721 3755/4357/2708 3754/4356/2697 3644/4235/2693
f 4057/4848/2694 3644/4235/2693 3754/4356/2697 4060/4854/2696
f 4031/4796/2534 3753/4355/2493 3518/4106/2489 4028/4790/2530
f 3518/4106/2489 3753/4355/2493 3752/4353/2483 3502/4080/2480
f 3502/4081/2480 3752/4354/2483 3751/4352/2465 3484/4060/2464
f 3484/4060/2464 3751/4352/2465 3750/4351/2455 3474/4050/2452
f 3474/4050/2452 3750/4351/2455 3749/4350/2458 3469/4045/2453
f 3907/4577/2862 3908/4579/2863 3770/4372/2864 3847/4451/2865 3774/4376/2866
f 3911/4585/2867 3910/4583/2868 3909/4581/2869 3771/4373/2870 3768/4370/2871
f 3771/4373/2870 3772/4374/2872 3846/4450/2873 3768/4370/2871
f 3772/4374/2872 3773/4375/2874 3769/4371/2875 3846/4450/2873
f 3773/4375/2874 3774/4376/2866 3847/4451/2865 3769/4371/2875
f 3913/4589/2876 3912/4587/2877 3775/4377/2878 3772/4374/2872 3771/4373/2870 3914/4591/2879
f 3775/4377/2878 3776/4378/2880 3773/4375/2874 3772/4374/2872
f 3776/4378/2880 3777/4379/2881 3774/4376/2866 3773/4375/2874
f 3907/4577/2862 3774/4376/2866 3777/4379/2881 3915/4593/2882
f 3914/4591/2879 3771/4373/2870 3909/4581/2869
f 3916/4595/2883 3775/4377/2878 3912/4587/2877
f 3918/4600/2884 3917/4597/2885 3778/4380/2886 3776/4378/2880 3775/4377/2878 3916/4595/2883
f 3778/4380/2886 3779/4382/2887 3777/4379/2881 3776/4378/2880
f 3915/4593/2882 3777/4379/2881 3779/4382/2887 3919/4602/2888
f 3920/4605/2889 3778/4381/2886 3917/4598/2885
f 3922/4609/2890 3921/4607/2891 3779/4383/2887 3778/4381/2886 3920/4605/2889
f 3924/4613/2892 3925/4615/2893 3919/4603/2888 3779/4383/2887 3921/4607/2891 3923/4611/2894
f 3927/4619/2895 3780/4384/2896 3926/4617/2897
f 3780/4384/2896 3928/4621/2898 3929/4623/2899 3926/4617/2897
f 3930/4626/2900 3781/4385/2901 3931/4628/2902
f 3934/4635/2903 3931/4628/2902 3781/4385/2901 3782/4386/2904 3932/4630/2905 3933/4632/2906
f 3782/4386/2904 3783/4387/2907 3780/4384/2896 3927/4619/2895 3932/4630/2905
f 3937/4643/2908 3936/4640/2909 3935/4638/2910 3938/4645/2911 3928/4621/2898 3780/4384/2896 3783/4387/2907
f 3785/4389/2912 3786/4390/2913 3783/4387/2907 3782/4386/2904
f 3937/4643/2908 3783/4387/2907 3786/4390/2913 3787/4391/2914 3939/4647/2915
f 3941/4651/2916 3784/4388/2917 3781/4385/2901 3930/4626/2900 3940/4649/2918
f 3784/4388/2917 3785/4389/2912 3782/4386/2904 3781/4385/2901
f 3942/4653/2919 3788/4392/2920 3943/4655/2921
f 3941/4651/2916 3943/4655/2921 3788/4392/2920 3789/4393/2922 3784/4388/2917
f 3789/4393/2922 3790/4394/2923 3785/4389/2912 3784/4388/2917
f 3790/4394/2923 3791/4395/2924 3786/4390/2913 3785/4389/2912
f 3791/4395/2924 3792/4396/2925 3787/4391/2914 3786/4390/2913
f 3796/4400/2926 3797/4401/2927 3792/4396/2925 3791/4395/2924
f 3945/4659/2928 3944/4657/2929 3793/4397/2930 3788/4392/2920 3942/4653/2919
f 3793/4397/2930 3794/4398/2931 3789/4393/2922 3788/4392/2920
f 3794/4398/2931 3795/4399/2932 3790/4394/2923 3789/4393/2922
f 3795/4399/2932 3796/4400/2926 3791/4395/2924 3790/4394/2923
f 3944/4657/2929 3946/4661/2933 3798/4402/2934 3799/4403/2935 3793/4397/2930
f 3799/4403/2935 3800/4404/2936 3794/4398/2931 3793/4397/2930
f 3800/4404/2936 3801/4405/2937 3795/4399/2932 3794/4398/2931
f 3801/4405/2937 3802/4406/2938 3796/4400/2926 3795/4399/2932
f 3802/4406/2938 3803/4407/2939 3797/4401/2927 3796/4400/2926
f 3948/4665/2940 3798/4402/2934 3946/4661/2933 3947/4663/2941
f 3808/4412/2942 3809/4413/2943 3803/4407/2939 3802/4406/2938
f 3950/4669/2944 3949/4667/2945 3804/4408/2946 3798/4402/2934 3948/4665/2940
f 3804/4408/2946 3805/4409/2947 3799/4403/2935 3798/4402/2934
f 3805/4409/2947 3806/4410/2948 3800/4404/2936 3799/4403/2935
f 3806/4410/2948 3807/4411/2949 3801/4405/2937 3800/4404/2936
f 3807/4411/2949 3808/4412/2942 3802/4406/2938 3801/4405/2937
f 3811/4415/2950 3812/4416/2951 3806/4410/2948 3805/4409/2947
f 3812/4416/2951 3813/4417/2952 3807/4411/2949 3806/4410/2948
f 3813/4417/2952 3814/4418/2953 3808/4412/2942 3807/4411/2949
f 3814/4418/2953 3815/4419/2954 3809/4413/2943 3808/4412/2942
f 3951/4671/2955 3810/4414/2956 3804/4408/2946 3949/4667/2945
f 3810/4414/2956 3811/4415/2950 3805/4409/2947 3804/4408/2946
f 3953/4675/2957 3952/4673/2958 3816/4420/2959 3810/4414/2956 3951/4671/2955
f 3816/4420/2959 3817/4421/2960 3811/4415/2950 3810/4414/2956
f 3817/4421/2960 3818/4422/2961 3812/4416/2951 3811/4415/2950
f 3818/4422/2961 3819/4423/2962 3813/4417/2952 3812/4416/2951
f 3819/4423/2962 3820/4424/2963 3814/4418/2953 3813/4417/2952
f 3820/4424/2963 3821/4425/2964 3815/4419/2954 3814/4418/2953
f 3823/4427/2965 3824/4428/2966 3818/4422/2961 3817/4421/2960
f 3824/4428/2966 3825/4429/2967 3819/4423/2962 3818/4422/2961
f 3825/4429/2967 3826/4430/2968 3820/4424/2963 3819/4423/2962
f 3826/4430/2968 3827/4431/2969 3821/4425/2964 3820/4424/2963
f 3955/4679/2970 3954/4677/2971 3822/4426/2972 3816/4420/2959 3952/4673/2958
f 3822/4426/2972 3823/4427/2965 3817/4421/2960 3816/4420/2959
f 3828/4432/2973 3822/4426/2972 3954/4677/2971 3956/4681/2974
f 3828/4432/2973 3829/4433/2975 3823/4427/2965 3822/4426/2972
f 3829/4433/2975 3830/4434/2976 3824/4428/2966 3823/4427/2965
f 3830/4434/2976 3831/4435/2977 3825/4429/2967 3824/4428/2966
f 3831/4435/2977 3832/4436/2978 3826/4430/2968 3825/4429/2967
f 3832/4436/2978 3833/4437/2979 3827/4431/2969 3826/4430/2968
f 3836/4440/2980 3837/4441/2981 3831/4435/2977 3830/4434/2976
f 3837/4441/2981 3838/4442/2982 3832/4436/2978 3831/4435/2977
f 3838/4442/2982 3839/4443/2983 3833/4437/2979 3832/4436/2978
f 3957/4683/2984 3834/4438/2985 3828/4432/2973 3956/4681/2974 3958/4685/2986
f 3834/4438/2985 3835/4439/2987 3829/4433/2975 3828/4432/2973
f 3835/4439/2987 3836/4440/2980 3830/4434/2976 3829/4433/2975
f 3960/4689/2988 3840/4444/2989 3834/4438/2985 3957/4683/2984 3959/4687/2990
f 3840/4444/2989 3841/4445/2991 3835/4439/2987 3834/4438/2985
f 3841/4445/2991 3842/4446/2992 3836/4440/2980 3835/4439/2987
f 3842/4446/2992 3843/4447/2993 3837/4441/2981 3836/4440/2980
f 3843/4447/2993 3844/4448/2994 3838/4442/2982 3837/4441/2981
f 3844/4448/2994 3845/4449/2995 3839/4443/2983 3838/4442/2982
f 3961/4691/2996 3840/4444/2989 3960/4689/2988
f 3961/4691/2996 3911/4585/2867 3768/4370/2871 3841/4445/2991 3840/4444/2989
f 3768/4370/2871 3846/4450/2873 3842/4446/2992 3841/4445/2991
f 3846/4450/2873 3769/4371/2875 3843/4447/2993 3842/4446/2992
f 3769/4371/2875 3847/4451/2865 3844/4448/2994 3843/4447/2993
f 3847/4451/2865 3770/4372/2864 3845/4449/2995 3844/4448/2994
f 3963/4695/2997 3939/4647/2915 3787/4391/2914 3792/4396/2925 3797/4401/2927 3803/4407/2939 3809/4413/2943 3815/4419/2954 3821/4425/2964 3827/4431/2969 3833/4437/2979 3839/4443/2983 3845/4449/2995 3770/4372/2864 3908/4579/2863 3962/4693/2998 3964/4698/2999 3965/4700/3000
s 0
f 3969/4707/3048 3967/4704/3048 3971/4711/3048 3970/4709/3048
f 3968/4705/3049 3966/4703/3049 3967/4704/3049 3969/4707/3049
f 3736/4337/3050 3735/4336/3050 3970/4710/3050 3971/4712/3050
f 3735/4336/3051 3741/4342/3051 3969/4708/3051 3970/4710/3051
f 3745/4346/2781 3470/4046/2781 3966/4702/2781 3968/4706/2781
s 1
f 3742/4343/2846 3736/4337/2831 3974/4715/3052 3973/4714/3053
f 3975/4716/2852 3977/4720/2851 3983/4728/3054 3981/4725/3055
s 0
f 3976/4718/3056 3972/4713/3056 3978/4721/3056 3982/4727/3056
s 1
f 3470/4046/2443 3742/4343/2846 3973/4714/3053 3972/4713/3057
s 0
f 3736/4337/3058 3971/4712/3058 3975/4717/3058 3974/4715/3058
s 1
f 3966/4702/3059 3470/4046/2443 3972/4713/3057 3976/4718/3060
f 3967/4704/2850 3966/4703/3059 3976/4719/3060 3977/4720/2851
f 3983/4728/3054 3982/4726/3061 3988/4735/3062 3989/4736/3063
f 3978/4721/3064 3979/4722/3065 3985/4730/3066 3984/4729/3067
f 3973/4714/3053 3974/4715/3052 3980/4723/3068 3979/4722/3065
f 3972/4713/3057 3973/4714/3053 3979/4722/3065 3978/4721/3064
f 3977/4720/2851 3976/4719/3060 3982/4726/3061 3983/4728/3054
s 0
f 3974/4715/3069 3975/4717/3069 3981/4724/3069 3980/4723/3069
s 1
f 3987/4732/3070 3989/4736/3063 3995/4747/3071 3993/4743/3072
s 0
f 3988/4734/3073 3984/4729/3073 3990/4738/3073 3994/4745/3073
f 3980/4723/3074 3981/4724/3074 3987/4733/3074 3986/4731/3074
f 3982/4727/3075 3978/4721/3075 3984/4729/3075 3988/4734/3075
s 1
f 3981/4725/3055 3983/4728/3054 3989/4736/3063 3987/4732/3070
f 3979/4722/3065 3980/4723/3068 3986/4731/3076 3985/4730/3066
f 3991/4739/3077 3992/4741/3078 3993/4743/3072 3995/4747/3071
f 3990/4737/3079 3991/4739/3077 3995/4747/3071 3994/4746/3080
f 3985/4730/3066 3986/4731/3076 3992/4742/3078 3991/4740/3077
f 3984/4729/3067 3985/4730/3066 3991/4740/3077 3990/4738/3079
f 3989/4736/3063 3988/4735/3062 3994/4746/3080 3995/4747/3071
s 0
f 3986/4731/3081 3987/4733/3081 3993/4744/3081 3992/4742/3081
f 4001/4753/3082 4002/4754/3082 4000/4752/3082 3999/4751/3082
f 4002/4754/3083 4003/4755/3083 4004/4756/3083 4000/4752/3083
f 3996/4748/3084 3997/4749/3084 4003/4755/3084 4002/4754/3084
f 3998/4750/3085 3996/4748/3085 4002/4754/3085 4001/4753/3085
s 1
f 3699/4294/2777 3705/4302/2792 4007/4760/3086 4005/4757/3087
f 3692/4284/2763 3699/4294/2777 4005/4757/3087 3700/4296/3088
s 0
f 3706/4306/3089 3707/4308/3089 3997/4749/3089 3996/4748/3089
f 3705/4303/3090 3706/4306/3090 3996/4748/3090 3998/4750/3090
f 4006/4758/3091 3700/4295/3091 4010/4764/3091 4012/4766/3091
f 4008/4761/3092 4006/4758/3092 4012/4766/3092 4014/4769/3092
f 3998/4750/3093 4001/4753/3093 4008/4761/3093 4009/4762/3093
f 3999/4751/3094 3692/4285/3094 3700/4295/3094 4006/4758/3094
f 3705/4304/3095 3998/4750/3095 4009/4762/3095 4007/4759/3095
f 4001/4753/3096 3999/4751/3096 4006/4758/3096 4008/4761/3096
s 1
f 4011/4765/3097 4013/4767/3098 4019/4776/3099 4017/4773/3100
s 0
f 4015/4770/3101 4014/4769/3101 4020/4777/3101 4021/4778/3101
f 4007/4759/3102 4009/4762/3102 4015/4770/3102 4013/4768/3102
f 4009/4762/3103 4008/4761/3103 4014/4769/3103 4015/4770/3103
s 1
f 4005/4757/3087 4007/4760/3086 4013/4767/3098 4011/4765/3097
f 3700/4296/3088 4005/4757/3087 4011/4765/3097 4010/4763/3104
s 0
f 4018/4774/3105 4016/4771/3105 4022/4779/3105 4024/4782/3105
f 4020/4777/3106 4018/4774/3106 4024/4782/3106 4026/4787/3106
s 1
f 4010/4763/3104 4011/4765/3097 4017/4773/3100 4016/4772/3107
s 0
f 4014/4769/3108 4012/4766/3108 4018/4774/3108 4020/4777/3108
f 4012/4766/3091 4010/4764/3091 4016/4771/3091 4018/4774/3091
f 4013/4768/3102 4015/4770/3102 4021/4778/3102 4019/4775/3102
s 1
f 4022/4780/3109 4023/4781/3110 4026/4786/3111 4024/4783/3112
f 4023/4781/3110 4025/4785/3113 4027/4788/3114 4026/4786/3111
s 0
f 4019/4775/3115 4021/4778/3115 4027/4789/3115 4025/4784/3115
f 4021/4778/3116 4020/4777/3116 4026/4787/3116 4027/4789/3116
s 1
f 4017/4773/3100 4019/4776/3099 4025/4785/3113 4023/4781/3110
f 4016/4772/3107 4017/4773/3100 4023/4781/3110 4022/4780/3109
f 4114/4933/3124 4113/4932/3125 4122/4941/3126 4121/4940/3127 3523/4114/2509 3522/4113/2508
f 3531/4122/2516 4115/4934/2515 4114/4933/3124 3522/4113/2508 3521/4111/2498
f 4075/4878/2519 4095/4908/2579 4094/4906/3128 4097/4910/3129 4096/4909/2520
f 4101/4918/2562 4100/4916/3130 4104/4922/3131 4103/4921/2576 4080/4883/2563
f 4086/4892/3132 4085/4891/3133 4077/4880/3134 4076/4879/3135
f 4121/4940/3127 4120/4939/2554 3532/4123/2528 3524/4115/2510 3523/4114/2509
f 3546/4137/2526 3547/4138/2564 4130/4949/2566 4129/4948/2575 4126/4945/2574 4125/4944/2527
f 4108/4927/3136 4107/4926/3137 4106/4925/3138 4105/4924/3139 4112/4931/3140 4111/4930/3141 4110/4929/3142 4109/4928/3143 4070/4873/3144 4071/4874/3145 4072/4875/3146 4073/4876/3147 4076/4879/3135 4077/4880/3134 4078/4881/3148 4079/4882/3149
f 4089/4898/3150 4088/4896/3151 4092/4902/3152 4091/4901/2559 4074/4877/2558
f 4081/4884/2522 4082/4886/3153 4083/4888/2523
f 4084/4889/3154 4085/4890/3133 4086/4893/3132
f 4087/4895/3155 4088/4896/3151 4089/4898/3150
f 4090/4899/2560 4091/4901/2559 4092/4902/3152
f 4093/4904/2578 4094/4906/3128 4095/4908/2579
f 4096/4909/2520 4097/4910/3129 4098/4912/2521
f 4099/4914/2561 4100/4916/3130 4101/4918/2562
f 4102/4919/2577 4103/4921/2576 4104/4922/3131
f 4069/4872/2524 4083/4888/2523 4082/4886/3153 4085/4890/3133 4084/4889/3154
f 4094/4907/3128 4093/4905/2578 4105/4924/3139 4106/4925/3138
f 4097/4911/3129 4094/4907/3128 4106/4925/3138 4107/4926/3137
f 4102/4920/2577 4104/4923/3131 4111/4930/3141 4112/4931/3140
f 4093/4905/2578 4102/4920/2577 4112/4931/3140 4105/4924/3139
f 4088/4897/3151 4087/4894/3155 4073/4876/3147 4072/4875/3146
f 4104/4923/3131 4100/4917/3130 4110/4929/3142 4111/4930/3141
f 4082/4887/3153 4081/4885/2522 4079/4882/3149 4078/4881/3148
f 4099/4915/2561 4090/4900/2560 4070/4873/3144 4109/4928/3143
f 4090/4900/2560 4092/4903/3152 4071/4874/3145 4070/4873/3144
f 4098/4913/2521 4097/4911/3129 4107/4926/3137 4108/4927/3136
f 4092/4903/3152 4088/4897/3151 4072/4875/3146 4071/4874/3145
f 4087/4894/3155 4086/4892/3132 4076/4879/3135 4073/4876/3147
f 4085/4891/3133 4082/4887/3153 4078/4881/3148 4077/4880/3134
f 4100/4917/3130 4099/4915/2561 4109/4928/3143 4110/4929/3142
f 4081/4885/2522 4098/4913/2521 4108/4927/3136 4079/4882/3149
f 4113/4932/3125 4114/4933/3124 4115/4934/2515 4116/4935/2514 4117/4936/2517
f 4118/4937/2557 4119/4938/2555 4120/4939/2554 4121/4940/3127 4122/4941/3126
f 4123/4942/2513 4124/4943/2512 4125/4944/2527 4126/4945/2574 4127/4946/2518
f 4128/4947/2556 4129/4948/2575 4130/4949/2566 4131/4950/2552 4132/4951/2551
f 4118/4937/2557 4122/4941/3126 4113/4932/3125 4117/4936/2517 4069/4872/2524 4084/4889/3154 4086/4893/3132 4087/4895/3155 4089/4898/3150 4074/4877/2558
f 4135/4954/2507 4136/4955/2506 4134/4953/3156 4133/4952/3157
f 4136/4955/2506 4137/4956/2500 4138/4957/2499 4134/4953/3156
f 3520/4110/2505 3521/4112/2498 4137/4956/2500 4136/4955/2506
f 3508/4092/2473 3507/4089/2485 4134/4953/3156 4138/4957/2499
f 3503/4084/2484 3519/4108/2494 4135/4954/2507 4133/4952/3157
f 3507/4089/2485 3503/4084/2484 4133/4952/3157 4134/4953/3156
s 0
usemtl 
f 3874/4508/3001 3870/4499/3001 3867/4493/3001 3868/4495/3001 3873/4506/3001
f 3875/4511/3002 3485/4062/3002 3879/4521/3002 3869/4497/3002 3870/4500/3002 3874/4509/3002
f 3881/4525/3003 3485/4061/3003 3875/4512/3003 3872/4504/3003 3871/4502/3003
f 3906/4576/3004 3471/4047/3004 3496/4074/3004 3905/4574/3004
f 3891/4545/3005 3488/4065/3005 3888/4539/3005 3889/4541/3005
f 3864/4487/3006 3498/4076/3006 3863/4485/3006 3862/4483/3006
f 3471/4047/3007 3501/4079/3007 3496/4074/3007
f 3897/4557/3008 3899/4561/3008 3501/4079/3008 3896/4555/3008 3895/4553/3008
f 3900/4563/3009 3496/4074/3009 3501/4079/3009 3899/4561/3009 3898/4559/3009
f 3901/4565/3010 3902/4567/3010 3852/4461/3010 3851/4459/3010 3496/4074/3010 3900/4563/3010
f 3857/4471/3011 3859/4476/3011 3498/4076/3011 3854/4465/3011 3853/4463/3011
f 3863/4485/3012 3498/4076/3012 3859/4476/3012 3858/4474/3012 3861/4481/3012
f 3896/4555/3013 3501/4079/3013 3894/4551/3013 3893/4549/3013
f 3894/4551/3014 3501/4079/3014 3488/4065/3014 3891/4545/3014 3890/4543/3014 3892/4547/3014
f 3501/4079/3015 3471/4047/3015 3488/4065/3015
f 3854/4465/3016 3498/4076/3016 3866/4491/3016 3860/4479/3016 3856/4469/3016 3848/4453/3016 3849/4455/3016 3903/4569/3016 3496/4074/3016 3851/4459/3016 3850/4457/3016 3855/4467/3016
f 3866/4491/3017 3498/4076/3017 3865/4489/3017
f 3905/4574/3017 3496/4074/3017 3903/4569/3017
f 3864/4487/3018 3865/4489/3018 3498/4076/3018
f 3888/4539/3019 3488/4065/3019 3886/4535/3019 3885/4533/3019 3887/4537/3019
f 3883/4529/3020 3886/4535/3020 3488/4065/3020 3485/4061/3020 3881/4525/3020 3882/4527/3020 3884/4531/3020
f 3878/4519/3021 3877/4516/3021 3485/4061/3021 3488/4065/3021 3471/4047/3021 3904/4571/3021 3880/4523/3021
f 3877/4517/3022 3876/4514/3022 3485/4062/3022
f 3904/4572/3022 3471/4047/3022 3906/4576/3022
f 3879/4521/3023 3485/4062/3023 3876/4514/3023
s 1
f 4055/4845/2678 4056/4847/2680 3492/4070/3117 4063/4861/2703
f 4054/4843/2673 3497/4075/3118 3492/4070/3117 4056/4847/2680 4053/4841/2671
f 3475/4051/3119 3510/4094/3120 3504/4085/3121
f 3480/4056/3122 3512/4097/3123 4065/4865/2856 4067/4869/2855
f 4028/4791/2530 4029/4793/2531 4066/4867/2857 3512/4097/3123 4034/4803/2538 4032/4799/2537 4035/4805/2544 4030/4795/2535 4031/4797/2534
f 4065/4865/2856 3512/4097/3123 4066/4867/2857
f 4038/4811/2547 3510/4094/3120 4036/4807/2548
f 4037/4809/2549 4036/4807/2548 3510/4094/3120 4040/4815/2570
f 3510/4094/3120 3475/4051/3119 4043/4821/2597 4041/4817/2583 4039/4813/2571 4040/4815/2570
f 4034/4803/2538 3512/4097/3123 3510/4094/3120 4038/4811/2547 4033/4801/2539
f 3510/4094/3120 3512/4097/3123 3504/4085/3121
f 3504/4085/3121 3512/4097/3123 3480/4056/3122
f 4068/4871/2854 3480/4056/3122 4067/4869/2855
f 4043/4821/2597 3475/4051/3119 4045/4825/2617 4044/4823/2604 4042/4819/2598
f 3475/4051/3119 3504/4085/3121 3497/4075/3118
f 3497/4075/3118 3504/4085/3121 3492/4070/3117
f 3492/4070/3117 3504/4085/3121 3480/4056/3122
f 4045/4825/2617 3475/4051/3119 3497/4075/3118 4048/4831/2631 4046/4827/2618
f 4047/4829/2632 4048/4831/2631 3497/4075/3118 4052/4839/2659 4050/4835/2651 4049/4833/2637
f 4052/4839/2659 3497/4075/3118 4054/4843/2673 4051/4837/2657
f 3492/4070/3117 3480/4056/3122 4068/4871/2854 4064/4863/2853
f 4063/4861/2703 3492/4070/3117 4064/4863/2853 4058/4851/2691 4057/4849/2694 4060/4855/2696 4061/4857/2700 4062/4859/2704
f 4062/4859/2704 4061/4857/2700 4059/4853/2699
s 0
usemtl 
f 3933/4633/3024 3932/4631/3024 3927/4620/3024 3926/4618/3024 3929/4624/3024
f 3928/4622/3025 3938/4646/3025 3491/4069/3025 3934/4636/3025 3933/4634/3025 3929/4625/3025
f 3931/4629/3026 3934/4637/3026 3491/4068/3026 3940/4650/3026 3930/4627/3026
f 3472/4048/3027 3965/4701/3027 3964/4699/3027 3505/4086/3027
f 3494/4072/3028 3950/4670/3028 3948/4666/3028 3947/4664/3028
f 3922/4610/3029 3506/4087/3029 3923/4612/3029 3921/4608/3029
f 3472/4048/3030 3505/4086/3030 3509/4093/3030
f 3954/4678/3031 3955/4680/3031 3509/4093/3031 3958/4686/3031 3956/4682/3031
f 3958/4686/3032 3509/4093/3032 3505/4086/3032 3959/4688/3032 3957/4684/3032
f 3960/4690/3033 3959/4688/3033 3505/4086/3033 3910/4584/3033 3911/4586/3033 3961/4692/3033
f 3912/4588/3034 3913/4590/3034 3506/4087/3034 3918/4601/3034 3916/4596/3034
f 3922/4610/3035 3920/4606/3035 3917/4599/3035 3918/4601/3035 3506/4087/3035
f 3953/4676/3036 3509/4093/3036 3955/4680/3036 3952/4674/3036
f 3949/4668/3037 3950/4670/3037 3494/4072/3037 3509/4093/3037 3953/4676/3037 3951/4672/3037
f 3509/4093/3038 3494/4072/3038 3472/4048/3038
f 3914/4592/3039 3909/4582/3039 3910/4584/3039 3505/4086/3039 3962/4694/3039 3908/4580/3039 3907/4578/3039 3915/4594/3039 3919/4604/3039 3925/4616/3039 3506/4087/3039 3913/4590/3039
f 3505/4086/3040 3964/4699/3040 3962/4694/3040
f 3924/4614/3041 3506/4087/3041 3925/4616/3041
f 3923/4612/3042 3506/4087/3042 3924/4614/3042
f 3946/4662/3043 3944/4658/3043 3945/4660/3043 3494/4072/3043 3947/4664/3043
f 3945/4660/3044 3942/4654/3044 3943/4656/3044 3941/4652/3044 3940/4650/3044 3491/4068/3044 3494/4072/3044
f 3963/4696/3045 3472/4048/3045 3494/4072/3045 3491/4068/3045 3936/4641/3045 3937/4644/3045 3939/4648/3045
f 3472/4048/3046 3963/4697/3046 3965/4701/3046
f 3936/4642/3046 3491/4069/3046 3935/4639/3046
f 3935/4639/3047 3491/4069/3047 3938/4646/3047
o Sphere.005
v -2.981272 0.752161 0.643275
v -2.988357 0.846178 0.637159
v -2.988357 -0.574027 0.825377
v -3.330756 -1.407605 0.001707
v -3.387716 -1.461210 0.074805
v -2.835478 0.752161 0.631360
v -2.852712 0.846178 0.625362
v -2.542615 -0.223439 -0.048737
v -2.834473 0.855674 0.731268
v -2.820920 -0.574027 0.809964
v -2.819166 -1.050189 0.820143
v -2.816478 -1.300038 0.835756
v -3.160653 0.627210 -0.048742
v -2.819166 -1.549887 0.820143
v -2.855926 -1.662696 0.526825
v -2.734763 0.752161 0.596074
v -2.752990 0.846178 0.590423
v -3.444688 -1.758259 -0.401727
v -2.717213 0.855674 0.690185
v -2.690627 -0.574027 0.764315
v -3.870013 -1.449242 -0.076810
v -2.687188 -1.050189 0.773904
v -2.681914 -1.300038 0.788611
v -3.638630 -1.749816 -0.218253
v -3.217285 0.318197 -0.495957
v -2.687188 -1.549887 0.773904
v -3.861651 -1.411017 0.145507
v -2.702809 -1.790134 0.730347
v -3.019358 -1.449237 0.448927
v -2.854012 -0.181807 -0.495957
v -2.656086 -1.949241 0.448927
v -2.772522 -1.662696 0.497604
v -2.641943 0.752161 0.538773
v -3.607144 -1.258254 0.448927
v -2.661087 0.846178 0.533687
v -2.609145 0.855674 0.623470
v -2.954416 0.127213 0.029779
v -3.021376 -1.544073 0.376583
v -2.795902 -2.035941 0.312737
v -2.570549 -0.574027 0.690185
v -2.565556 -1.050189 0.698815
v -3.480165 -1.283859 0.513138
v -2.428682 0.127215 0.354697
v -2.557899 -1.300038 0.712051
v -2.791956 0.627210 0.354694
v -2.565556 -1.549887 0.698815
v -2.588234 -1.790134 0.659615
v -2.625062 -2.011547 0.595958
v -2.695657 -1.662696 0.450152
v -2.560586 0.752161 0.461658
v -2.580532 0.846178 0.457332
v -2.583038 0.850695 0.600625
v -2.556816 -0.577067 0.668452
v -2.527560 -1.055169 0.664700
v -2.449199 -1.300038 0.609019
v -2.458945 -1.549887 0.597762
v -2.487808 -1.790134 0.564425
v -2.534681 -2.011547 0.510289
v -2.597760 -2.403845 0.437434
v -2.620583 -2.403845 0.401496
v -2.628284 -1.662696 0.386292
v -2.436687 0.855674 0.424285
v -2.378923 -0.574027 0.468863
v -2.371451 -1.050189 0.474629
v -2.405391 -1.790134 0.448437
v -2.460507 -2.011547 0.405902
v -2.534681 -2.403845 0.348660
v -2.562976 -2.403845 0.320424
v -2.572993 -1.662696 0.308478
v -2.314740 -0.574027 0.330176
v -2.306437 -1.050189 0.334148
v -2.344150 -1.790134 0.316106
v -2.405391 -2.011547 0.286808
v -2.487808 -2.403845 0.247379
v -2.520170 -2.403845 0.227929
v -2.531907 -1.662696 0.219701
v -2.275216 -0.574027 0.179692
v -2.266402 -1.050189 0.181717
v -2.252884 -1.300038 0.184822
v -2.266402 -1.549887 0.181717
v -2.306437 -1.790134 0.172519
v -2.371451 -2.011547 0.157583
v -2.458945 -2.403845 0.137482
v -2.493810 -2.403845 0.127567
v -2.506607 -1.662696 0.123372
v -2.261870 -0.574027 0.023193
v -2.252884 -1.050189 0.023193
v -2.239101 -1.300038 0.023194
v -2.252884 -1.549887 0.023193
v -2.293704 -1.790134 0.023193
v -2.359991 -2.011547 0.023193
v -2.449198 -2.403845 0.023193
v -2.484910 -2.403845 0.023193
v -2.498064 -1.662696 0.023193
v -2.275216 -0.574027 -0.133305
v -2.266402 -1.050189 -0.135330
v -2.252884 -1.300038 -0.138435
v -2.266402 -1.549887 -0.135330
v -2.306437 -1.790134 -0.126133
v -2.371451 -2.011547 -0.111196
v -2.458945 -2.403845 -0.091096
v -2.493810 -2.403845 -0.081180
v -2.506607 -1.662696 -0.076986
v -2.314740 -0.574027 -0.283790
v -2.306437 -1.050189 -0.287761
v -2.293704 -1.300038 -0.293853
v -2.306437 -1.549887 -0.287761
v -2.344150 -1.790134 -0.269720
v -2.405391 -2.011547 -0.240421
v -2.487808 -2.403845 -0.200993
v -2.520170 -2.403845 -0.181543
v -2.531907 -1.662696 -0.173314
v -2.378923 -0.574027 -0.422477
v -2.371451 -1.050189 -0.428243
v -2.359991 -1.300038 -0.437087
v -2.371451 -1.549887 -0.428243
v -2.405391 -1.790134 -0.402050
v -2.460507 -2.011547 -0.359516
v -2.534681 -2.403845 -0.302274
v -2.562975 -2.403845 -0.274037
v -2.572992 -1.662696 -0.262092
v -2.465299 -0.574027 -0.544037
v -2.458945 -1.050189 -0.551376
v -2.449199 -1.300038 -0.562632
v -2.458945 -1.549887 -0.551376
v -2.487808 -1.790134 -0.518039
v -2.534681 -2.011547 -0.463903
v -2.597760 -2.403845 -0.391048
v -2.620582 -2.403845 -0.355109
v -2.628284 -1.662696 -0.339906
v -2.570549 -0.574027 -0.643799
v -2.565556 -1.050189 -0.652429
v -2.557899 -1.300038 -0.665664
v -2.565556 -1.549887 -0.652429
v -2.588234 -1.790134 -0.613229
v -2.625061 -2.011547 -0.549571
v -2.674623 -2.403845 -0.463903
v -2.690776 -2.403845 -0.421644
v -2.695657 -1.662696 -0.403766
v -2.690627 -0.574027 -0.717929
v -2.687188 -1.050189 -0.727518
v -2.681913 -1.300038 -0.742225
v -2.687188 -1.549887 -0.727518
v -2.702809 -1.790134 -0.683961
v -2.728176 -2.011547 -0.613229
v -2.762314 -2.403845 -0.518039
v -2.770860 -2.403845 -0.471083
v -2.772522 -1.662696 -0.451218
v -2.820920 -0.574027 -0.763578
v -2.819166 -1.050189 -0.773757
v -2.816477 -1.300038 -0.789370
v -2.819166 -1.549887 -0.773757
v -2.827130 -1.790134 -0.727518
v -2.840062 -2.011547 -0.652429
v -2.857465 -2.403845 -0.551376
v -2.857756 -2.403845 -0.501528
v -2.855926 -1.662696 -0.480439
v -2.988357 -0.574026 -0.778991
v -2.988357 -1.050189 -0.789370
v -2.988356 -1.300038 -0.805289
v -2.988357 -1.549887 -0.789370
v -2.988357 -1.790134 -0.742225
v -2.988357 -2.011547 -0.665665
v -2.988357 -2.403845 -0.562633
v -2.985247 -2.403845 -0.511808
v -2.994390 -1.662696 -0.490306
v -3.177254 -0.574027 -0.763578
v -3.179698 -1.050189 -0.773757
v -3.183447 -1.300038 -0.789370
v -3.179698 -1.549887 -0.773757
v -3.168597 -1.790134 -0.727518
v -3.150568 -2.011547 -0.652429
v -3.126306 -2.403845 -0.551376
v -3.111228 -2.403845 -0.501528
v -3.115308 -1.662696 -0.480439
v -3.267693 0.752161 -0.549688
v -3.271953 0.846178 -0.544037
v -3.321830 0.855674 -0.643799
v -3.358893 -0.574027 -0.717929
v -3.363687 -1.050189 -0.727518
v -3.371040 -1.300038 -0.742225
v -3.363687 -1.549887 -0.727518
v -3.341910 -1.790134 -0.683961
v -3.306546 -2.011547 -0.613229
v -3.258955 -2.403845 -0.518039
v -3.232368 -2.403845 -0.471083
v -3.231579 -1.662696 -0.451218
v -3.397091 0.752161 -0.492386
v -3.400074 0.846178 -0.487300
v -3.472485 0.855674 -0.577084
v -3.526292 -0.574027 -0.643799
v -3.533252 -1.050189 -0.652429
v -3.543926 -1.300038 -0.665665
v -3.533252 -1.549887 -0.652429
v -3.501637 -1.790134 -0.613229
v -3.450296 -2.011547 -0.549571
v -3.381204 -2.403845 -0.463903
v -3.338736 -1.662696 -0.403766
v -3.510509 0.752161 -0.415271
v -3.512374 0.846178 -0.410946
v -3.604536 0.855674 -0.487300
v -3.673018 -0.574027 -0.544037
v -3.681876 -1.050189 -0.551376
v -3.695463 -1.300038 -0.562633
v -3.681876 -1.549887 -0.551376
v -3.641638 -1.790134 -0.518039
v -3.432659 -1.662696 -0.339906
v -3.603590 0.752161 -0.321306
v -3.604536 0.846178 -0.317908
v -3.712906 0.855674 -0.377899
v -3.793433 -0.574027 -0.422477
v -3.803850 -1.050189 -0.428243
v -3.819826 -1.300038 -0.437087
v -3.803850 -1.549887 -0.428243
v -3.756534 -1.790134 -0.402050
v -3.672754 0.752161 -0.214102
v -3.673018 0.846178 -0.211761
v -3.793433 0.855674 -0.253084
v -3.882910 -0.574027 -0.283790
v -3.894484 -1.050189 -0.287762
v -3.912236 -1.300038 -0.293854
v -3.894484 -1.549887 -0.287762
v -3.715346 0.752161 -0.097779
v -3.715189 0.846178 -0.096586
v -3.843021 0.855674 -0.117652
v -3.938009 -0.574027 -0.194951
v -3.950296 -1.050189 -0.135330
v -3.969141 -1.300038 -0.138436
v -3.950296 -1.549887 -0.135330
v -3.729727 0.752161 0.023193
v -3.729429 0.846178 0.023193
v -3.859765 0.855674 0.023193
v -4.111486 -0.572993 -0.158717
v -3.969142 -1.050189 0.023193
v -3.988356 -1.300038 0.023193
v -3.715346 0.752161 0.144165
v -3.715189 0.846178 0.142972
v -3.843021 0.855674 0.164038
v -3.938009 -0.574027 0.219864
v -3.950296 -1.050189 0.181716
v -3.969142 -1.300038 0.184822
v -3.672754 0.752161 0.260488
v -3.673018 0.846178 0.258148
v -3.793433 0.855674 0.299470
v -3.882910 -0.574027 0.330176
v -3.894484 -1.050189 0.334148
v -3.912236 -1.300038 0.340240
v -3.603590 0.752161 0.367693
v -3.604536 0.846178 0.364294
v -3.712906 0.855674 0.424285
v -3.793433 -0.574027 0.468863
v -3.803850 -1.050189 0.474629
v -3.819826 -1.300038 0.483473
v -3.510510 0.752161 0.461658
v -3.512374 0.846178 0.457332
v -3.604536 0.855674 0.533687
v -3.673018 -0.574027 0.590423
v -3.681877 -1.050189 0.597762
v -3.695463 -1.300038 0.609019
v -3.397091 0.752161 0.538773
v -3.400074 0.846178 0.533687
v -3.472485 0.855674 0.623470
v -3.526292 -0.574027 0.690185
v -3.533252 -1.050189 0.698815
v -3.543927 -1.300038 0.712051
v -3.267693 0.752161 0.596075
v -3.271953 0.846178 0.590423
v -3.321830 0.855674 0.690185
v -3.358893 -0.574027 0.764315
v -3.363687 -1.050189 0.773904
v -3.371040 -1.300038 0.788611
v -3.127288 0.752161 0.631361
v -3.132933 0.846178 0.625362
v -3.158360 0.855674 0.731268
v -3.177254 -0.574027 0.809964
v -3.179698 -1.050189 0.820144
v -3.183447 -1.300038 0.835757
v -2.988357 0.855674 0.745140
v -2.988357 -1.050189 0.835757
v -2.988357 -1.300038 0.851676
v -2.988357 -1.549887 0.835757
v -2.988357 0.847036 0.646914
v -2.851064 0.847036 0.634930
v -2.749758 0.847036 0.599436
v -2.656394 0.847036 0.541798
v -2.574559 0.847036 0.464231
v -3.276459 0.847036 -0.553050
v -3.406616 0.847036 -0.495412
v -3.520700 0.847036 -0.417844
v -3.614326 0.847036 -0.323328
v -3.683897 0.847036 -0.215495
v -3.726738 0.847036 -0.098489
v -3.741204 0.847036 0.023193
v -3.726738 0.847036 0.144875
v -3.683897 0.847036 0.261881
v -3.614326 0.847036 0.369714
v -3.520700 0.847036 0.464231
v -3.406616 0.847036 0.541798
v -3.276459 0.847036 0.599436
v -3.135230 0.847036 0.634930
v -2.960713 -1.841945 0.673776
v -3.099892 -2.375199 0.555271
v -3.010690 -1.732432 0.455879
v -2.830661 -1.868030 0.621092
v -2.894237 -2.058410 0.572881
v -2.994135 -2.396371 0.513076
v -3.007109 -2.396701 0.471091
v -2.811391 -2.076732 0.511858
v -2.923681 -2.411952 0.461180
v -2.942767 -2.410931 0.423697
v -2.864729 -2.426488 0.393599
v -2.888930 -2.424206 0.361979
v -3.658316 -2.325705 -0.225472
v -3.802246 -1.948606 -0.224208
v -3.770298 -2.302220 -0.163600
v -3.722537 -2.309437 -0.144891
v -3.861402 -1.931157 -0.110304
v -3.820607 -2.287381 -0.066733
v -3.768480 -2.295886 -0.056427
v -3.642425 -1.655456 -0.089331
v -3.939429 -1.712450 -0.005933
v -3.894752 -1.917877 0.009371
v -3.848969 -2.276088 0.035043
v -3.794381 -2.285572 0.036518
v -3.667285 -1.645557 -0.000121
v -3.946387 -1.702893 0.128347
v -3.901014 -1.909277 0.130220
v -3.854294 -2.268773 0.137817
v -3.799245 -2.278892 0.130376
v -3.671953 -1.639145 0.089964
v -3.933681 -1.481517 0.260059
v -3.922979 -1.698903 0.258770
v -3.879948 -1.905686 0.247598
v -3.836379 -2.265719 0.237638
v -3.782884 -2.276103 0.221537
v -3.656250 -1.636469 0.177462
v -3.877550 -1.483353 0.389100
v -3.870106 -1.700633 0.380324
v -3.832363 -1.907242 0.356994
v -3.795911 -2.267043 0.330672
v -3.745927 -2.277312 0.306499
v -3.620778 -1.637629 0.259009
v -3.792296 -1.491190 0.503767
v -3.789797 -1.708015 0.488337
v -3.760087 -1.913887 0.454203
v -3.734446 -2.272693 0.413342
v -3.689794 -2.282472 0.381997
v -3.566901 -1.642582 0.331473
v -3.681193 -1.504728 0.599652
v -3.685141 -1.720767 0.578659
v -3.665899 -1.925363 0.535491
v -3.654345 -2.282453 0.482471
v -3.616643 -2.291386 0.445129
v -3.496690 -1.651137 0.392067
v -3.548512 -1.523446 0.673072
v -3.560158 -1.738399 0.647820
v -3.553418 -1.941231 0.597734
v -3.558687 -2.295948 0.535404
v -3.529284 -2.303710 0.493469
v -3.412842 -1.662966 0.438465
v -3.399352 -1.546624 0.721205
v -3.419652 -1.760233 0.693160
v -3.426965 -1.960881 0.638539
v -3.451149 -2.312659 0.570106
v -3.431076 -2.318970 0.525160
v -3.318580 -1.677613 0.468883
v -3.239444 -1.573373 0.742201
v -3.269022 -1.785429 0.712937
v -3.291403 -1.983557 0.656338
v -3.335862 -2.331943 0.585243
v -3.325791 -2.336582 0.538984
v -3.217527 -1.694517 0.482151
v -3.074934 -1.602663 0.735253
v -3.114058 -1.813020 0.706392
v -3.151938 -2.008388 0.650448
v -3.217257 -2.353060 0.580234
v -3.217476 -2.355867 0.534410
v -3.113565 -1.713027 0.477760
v -3.013931 -2.034420 0.621094
v -3.110293 -2.376085 0.511612
v -2.855996 -1.691043 0.527632
v -2.876697 -1.662696 0.528305
v -2.826938 -1.784336 0.775020
v -2.911448 -1.674312 0.804242
v -2.988357 -1.628307 0.820368
v -2.725216 -1.985706 0.667870
v -2.819318 -1.793715 0.769879
v -2.822285 -1.790134 0.772206
v -2.772213 -1.800689 0.501303
v -2.710584 -2.011547 0.648754
v -2.669497 -2.363278 0.519148
v -2.689473 -2.051989 0.623736
v -2.694105 -1.898401 0.455838
v -2.666299 -2.403845 0.502399
v -2.657644 -2.403845 0.436625
v -2.656086 -2.403845 0.448927
v -2.659147 -1.965945 0.424753
v -2.665513 -1.942392 0.430073
v -2.686528 -1.907341 0.448927
v -3.310129 -2.403845 -0.436648
v -3.372915 -2.403845 -0.454485
v -3.340739 -1.944100 -0.410554
v -3.263328 -2.258254 -0.453402
v -3.580224 -1.998231 -0.467159
v -3.562068 -2.011547 -0.473576
v -3.388532 -2.403845 -0.458921
v -3.408427 -2.258254 -0.494622
v -3.534579 -2.034918 -0.484364
v -3.392889 -1.758259 -0.369714
v -3.428416 -1.708178 -0.344108
v -3.433185 -1.704985 -0.340773
v -3.351282 -1.886819 -0.401727
v -3.476694 -1.662696 -0.295452
v -3.725036 -1.849351 -0.401727
v -3.738921 -1.840888 -0.392300
v -3.857655 -1.718184 -0.275123
v -3.795184 -1.790134 -0.342144
v -3.944513 -1.574780 -0.134377
v -3.920807 -1.605578 -0.178402
v -3.953804 -1.549887 -0.105822
v -3.962494 -1.506105 -0.061050
v -3.974620 -1.478657 0.023193
v -3.959630 -1.426136 0.183255
v -3.969612 -1.449241 0.084348
v -3.906711 -1.377796 0.338344
v -3.817836 -1.331165 0.482372
v -3.839197 -1.333653 0.448927
v -3.694822 -1.311827 0.608488
v -3.701650 -1.309322 0.601846
v -3.541743 -1.351157 0.709343
v -3.368011 -1.402951 0.782553
v -3.459180 -1.365758 0.744855
v -3.243058 -1.449241 0.810889
v -3.180483 -1.497564 0.823413
v -3.106042 -1.549887 0.826154
v -2.864272 -1.662696 0.448927
v -3.413639 -1.662696 -0.291780
v -2.950003 -1.662696 0.085769
v -3.031180 -1.662696 -0.055411
v -2.902456 -1.779364 0.415188
v -2.915154 -1.751456 0.419403
v -2.829336 -1.863027 0.621674
v -2.875282 -1.753836 0.661521
v -2.927998 -1.701452 0.691863
v -2.802897 -2.054751 0.516694
v -2.825751 -1.872423 0.615938
v -2.827074 -1.868824 0.618450
v -2.856317 -1.888089 0.377944
v -2.799564 -2.079648 0.498301
v -2.852046 -2.392089 0.397610
v -2.794582 -2.118289 0.474094
v -2.817960 -1.985702 0.325330
v -2.859837 -2.427889 0.384863
v -2.869454 -2.429782 0.327206
v -2.865019 -2.429940 0.337196
v -2.807156 -2.050108 0.294005
v -2.807500 -2.028629 0.298816
v -2.814796 -1.994723 0.318088
v -3.634027 -2.331277 -0.246595
v -3.690692 -2.321297 -0.245960
v -3.582869 -1.927695 -0.241668
v -3.577330 -2.212762 -0.280255
v -3.804314 -1.936456 -0.226690
v -3.792909 -1.950971 -0.235923
v -3.704786 -2.318815 -0.245802
v -3.708281 -2.189699 -0.278786
v -3.776404 -1.975736 -0.250634
v -3.587463 -1.757918 -0.204182
v -3.602794 -1.708596 -0.176397
v -3.605415 -1.705036 -0.172565
v -3.580655 -1.876285 -0.234668
v -3.623520 -1.661032 -0.125733
v -3.885151 -1.783600 -0.143320
v -3.892981 -1.773957 -0.132353
v -3.942937 -1.647596 -0.010430
v -3.919148 -1.720526 -0.078711
v -3.957272 -1.508252 0.122301
v -3.953525 -1.539096 0.080892
v -3.953905 -1.484965 0.147375
v -3.943025 -1.445281 0.184965
v -3.927398 -1.418901 0.257595
v -3.866090 -1.374584 0.386071
v -3.903149 -1.393750 0.306359
v -3.775208 -1.340041 0.501102
v -3.657569 -1.312854 0.597911
v -3.684218 -1.311822 0.575163
v -3.520323 -1.314956 0.672547
v -3.527305 -1.311736 0.668514
v -3.373495 -1.372941 0.721516
v -3.218484 -1.445264 0.742673
v -3.298123 -1.398627 0.731640
v -3.114581 -1.505298 0.737857
v -3.066796 -1.557165 0.735392
v -3.012269 -1.614484 0.721924
v -2.925117 -1.754058 0.349326
v -3.570249 -1.671162 -0.138386
v -3.089027 -1.742996 0.064340
v -3.192459 -1.730987 -0.034498
v -2.988357 -0.554573 0.763031
v -3.177254 -0.554573 0.747617
v -2.988357 0.836220 0.682794
v -3.158360 0.836220 0.668922
v -3.321830 0.836220 0.627839
v -3.358893 -0.554573 0.701968
v -2.988357 -0.204172 0.912878
v -3.177254 -0.204172 0.897465
v -3.358893 -0.204172 0.851816
v -3.355726 -0.200379 0.815424
v -2.985190 -0.200379 0.876486
v -3.174088 -0.200379 0.861073
v -3.033318 0.662030 0.883632
v -3.222215 0.662030 0.868219
v -3.403854 0.662030 0.822570
v -3.405509 0.669671 0.797947
v -3.034973 0.669671 0.859009
v -3.223870 0.669671 0.843596
v -3.041246 0.814765 0.931290
v -3.230143 0.814765 0.915877
v -3.411782 0.814765 0.870228
v -3.413008 0.824567 0.846722
v -3.042472 0.824567 0.907784
v -3.231370 0.824567 0.892371
v -3.075099 0.824300 1.025066
v -3.263997 0.824300 1.009653
v -3.445635 0.824300 0.964005
v -3.445635 0.843754 0.901658
v -3.075099 0.843754 0.962720
v -3.263997 0.843754 0.947307
v -3.865817 -0.563419 0.219864
v -3.878104 -1.023690 0.181716
v -3.770829 0.818568 0.164038
v -3.770829 0.818568 -0.117652
v -3.865817 -0.563419 -0.194951
v -3.787573 0.818568 0.023193
v -3.884422 -0.563419 0.023193
v -3.896950 -1.023690 0.023193
v -3.878104 -1.023690 -0.135330
v -4.128230 -0.572993 0.023193
v -4.074237 -0.610099 -0.158717
v -4.111486 -0.572993 0.205103
v -4.090981 -0.610099 0.023193
v -4.074237 -0.610099 0.205103
v -4.221006 -0.809612 -0.158717
v -4.237750 -0.809612 0.023193
v -4.182161 -0.820068 -0.158717
v -4.221006 -0.809612 0.205103
v -4.198905 -0.820068 0.023193
v -4.182161 -0.820068 0.205103
v -4.138857 -1.116985 -0.158717
v -4.155601 -1.116985 0.023193
v -4.108811 -1.116463 -0.158717
v -4.138857 -1.116985 0.205103
v -4.125555 -1.116463 0.023193
v -4.108811 -1.116463 0.205103
v -4.096190 -1.197046 -0.148600
v -4.112934 -1.197046 0.033310
v -4.023998 -1.234153 -0.148600
v -4.096190 -1.197046 0.215221
v -4.040742 -1.234153 0.033310
v -4.023998 -1.234153 0.215221
v -2.528641 0.846178 0.384303
v -2.520960 0.752161 0.405890
v -2.467533 0.851906 0.400480
v -2.519488 0.847036 0.386726
v -2.433263 0.770935 0.426928
v -2.422661 0.508533 0.435109
v -2.443320 0.627210 0.453735
v -2.430216 0.855674 0.410304
v -2.365661 0.147692 0.354697
v -2.345030 0.100699 0.315685
v -2.388447 0.251049 0.391686
v -2.300705 -0.039198 0.173836
v -2.334188 0.058560 0.282510
v -2.281342 -0.173318 0.023193
v -2.290888 -0.245189 -0.129705
v -2.282789 -0.203377 -0.010906
v -2.327131 -0.298018 -0.277862
v -2.357976 -0.323212 -0.347498
v -2.389104 -0.322035 -0.414620
v -2.474798 -0.297569 -0.533066
v -2.447407 -0.313921 -0.495957
v -2.579447 -0.244418 -0.628418
v -2.697731 -0.191988 -0.698120
v -2.825423 -0.098894 -0.737425
v -2.723795 -0.181805 -0.706657
v -2.988357 0.056456 -0.743607
v -2.928960 -0.025483 -0.742738
v -3.164342 0.403026 -0.709797
v -3.100265 0.206703 -0.726044
v -3.204883 0.846178 -0.560893
v -3.203964 0.752161 -0.565704
v -3.173565 0.855674 -0.681060
v -3.202847 0.847036 -0.571550
v -3.190056 0.852427 -0.638521
v -3.182026 0.827715 -0.680566
v -3.177494 0.440653 -0.704296
v -3.217285 0.752161 -0.495957
v -2.832556 0.752161 0.273497
v -2.701173 0.752161 0.354695
v -3.109114 0.752161 -0.029119
v -3.183552 0.752161 -0.229575
v -2.286566 -1.295266 0.526544
v -2.333519 -1.474115 0.436977
v -2.340157 -1.467296 0.452239
v -2.347176 -1.448571 0.469925
v -2.349287 -1.432047 0.476708
v -2.296300 -1.505673 0.519276
v -2.230774 -1.295098 0.406012
v -2.346014 -1.360677 0.479235
v -2.342346 -1.344065 0.473544
v -2.333691 -1.325516 0.457338
v -2.326386 -1.318609 0.442482
v -2.241503 -1.505506 0.400892
v -2.261570 -1.311226 0.473870
v -2.270844 -1.337710 0.483980
v -2.270372 -1.317891 0.488508
v -2.282822 -1.345621 0.511681
v -2.277526 -1.356615 0.494078
v -2.287453 -1.377846 0.516032
v -2.288326 -1.436954 0.512974
v -2.284699 -1.461410 0.497328
v -2.292202 -1.465806 0.515028
v -2.268706 -1.470482 0.466336
v -2.277969 -1.482810 0.482741
v -2.278239 -1.473719 0.484810
v -2.241533 -1.364629 0.419907
v -2.243575 -1.348063 0.426547
v -2.239438 -1.345592 0.417940
v -2.249193 -1.317850 0.442750
v -2.246725 -1.329026 0.432935
v -2.256868 -1.326919 0.456145
v -2.262316 -1.466691 0.453482
v -2.255583 -1.458412 0.441120
v -2.257600 -1.482768 0.438733
v -2.241210 -1.423485 0.413094
v -2.245016 -1.455027 0.415273
v -2.248955 -1.450528 0.425267
v -2.304971 -1.360680 0.390549
v -2.307013 -1.344114 0.397189
v -2.313905 -1.325469 0.414591
v -2.320525 -1.318609 0.429817
v -2.328450 -1.474115 0.426025
v -2.321129 -1.467250 0.411130
v -2.312340 -1.448615 0.394645
v -2.308608 -1.432044 0.388809
v -2.333630 -1.278580 0.548604
v -2.362045 -1.256721 0.565084
v -2.338894 -1.208045 0.536660
v -2.316450 -1.241758 0.516435
v -2.309308 -1.268448 0.538254
v -2.326536 -1.548459 0.530368
v -2.331869 -1.577927 0.504535
v -2.356371 -1.610878 0.524100
v -2.379106 -1.569950 0.555008
v -2.345671 -1.541105 0.539312
v -2.258243 -1.241758 0.390662
v -2.254313 -1.206984 0.353006
v -2.244803 -1.253554 0.322302
v -2.244629 -1.278583 0.356291
v -2.236725 -1.268600 0.381757
v -2.252432 -1.548566 0.370034
v -2.258008 -1.541102 0.349890
v -2.261301 -1.571834 0.312642
v -2.273358 -1.611857 0.343734
v -2.275376 -1.577927 0.382465
v -2.645032 0.806198 0.585608
v -2.606436 -0.562324 0.652323
v -2.550310 0.806198 0.495825
v -2.501187 -0.562324 0.552562
v -2.494832 -1.018111 0.559901
v -2.601444 -1.018111 0.660953
vn -0.6504 -0.3641 -0.6667
vn -0.4456 -0.7993 -0.4032
vn -0.1475 -0.6884 -0.7102
vn 0.2123 0.0387 0.9764
vn 0.0509 -0.0363 0.9980
vn 0.0053 0.0427 0.9991
vn 0.2128 0.0426 0.9762
vn 0.0054 -0.0000 1.0000
vn 0.2127 -0.0000 0.9771
vn 0.0052 -0.1278 0.9918
vn 0.2109 -0.1271 0.9692
vn -0.5112 -0.6783 0.5278
vn -0.4083 -0.6167 0.6730
vn -0.3843 -0.7555 0.5306
vn -0.1699 0.6420 -0.7476
vn -0.0039 0.6645 -0.7473
vn 0.0016 0.6695 -0.7428
vn -0.1470 0.6682 -0.7293
vn -0.0186 0.9961 -0.0860
vn -0.0003 0.9961 -0.0877
vn -0.4547 0.6053 0.6533
vn 0.1457 0.7290 0.6688
vn -0.4554 -0.6967 0.5542
vn -0.4833 -0.6632 0.5714
vn 0.4161 -0.2535 0.8733
vn -0.3794 -0.6526 0.6559
vn -0.3406 0.6320 -0.6962
vn -0.3218 0.6485 -0.6899
vn -0.0387 0.9960 -0.0809
vn 0.2937 0.7325 0.6142
vn 0.4301 0.0380 0.9020
vn -0.3109 -0.6927 -0.6508
vn -0.7374 -0.3455 -0.5804
vn 0.4302 0.0418 0.9017
vn 0.4301 -0.0000 0.9028
vn 0.4268 -0.1249 0.8957
vn 0.7079 0.2755 0.6504
vn 0.6083 -0.0008 0.7937
vn 0.6049 -0.1219 0.7869
vn 0.5905 -0.2478 0.7681
vn -0.4441 -0.6669 0.5984
vn 0.5860 -0.2785 0.7609
vn -0.4824 0.6223 -0.6165
vn -0.4670 0.6350 -0.6154
vn -0.7239 -0.4349 0.5356
vn -0.4833 -0.3615 0.7974
vn -0.0392 0.9968 -0.0692
vn 0.6609 0.6215 0.4207
vn 0.9905 0.0234 0.1354
vn -0.4400 -0.6931 -0.5710
vn -0.8035 -0.3322 -0.4939
vn -0.5987 0.6149 -0.5133
vn -0.5878 0.6235 -0.5155
vn -0.4214 -0.6751 0.6055
vn 0.4846 -0.7679 0.4189
vn 0.7270 -0.2713 0.6307
vn -0.0643 0.9966 -0.0522
vn 0.4850 0.4591 0.7443
vn -0.7388 -0.6735 -0.0232
vn -0.7387 -0.6227 -0.2580
vn -0.5103 -0.7368 -0.4435
vn 0.5692 0.4300 0.7008
vn -0.4885 0.5017 0.7140
vn 0.9231 0.3764 0.0784
vn -0.9531 -0.0639 -0.2958
vn -0.9175 -0.2978 -0.2637
vn -0.8292 -0.3402 -0.4435
vn -0.5442 -0.6936 -0.4720
vn -0.4533 -0.4793 0.7515
vn -0.5692 -0.0032 0.8222
vn -0.5213 0.0010 0.8534
vn 0.6120 0.0274 0.7904
vn 0.6143 -0.1459 0.7754
vn 0.6837 -0.2764 0.6753
vn 0.9472 0.1398 0.2885
vn 0.8170 0.1552 0.5554
vn 0.7276 0.2679 0.6315
vn 0.7867 0.3447 0.5121
vn 0.8929 0.3352 0.3006
vn 0.9483 0.2510 0.1944
vn 0.6775 0.2230 0.7009
vn 0.7418 0.1580 0.6517
vn 0.9005 0.0875 0.4260
vn 0.8466 -0.4692 0.2513
vn 0.4703 -0.6858 0.5554
vn 0.8960 0.1531 0.4168
vn 0.9748 0.1622 0.1531
vn 0.9715 0.2150 0.0998
vn 0.9903 0.0668 0.1222
vn 0.9934 0.1111 0.0286
vn 0.9990 0.0192 0.0415
vn 0.7911 -0.3318 0.5139
vn 0.8343 -0.2647 0.4836
vn -0.3112 0.4694 -0.8263
vn -0.3779 0.2376 -0.8948
vn 0.5557 -0.7669 0.3210
vn 0.5719 0.7289 0.3765
vn 0.1494 0.6260 -0.7654
vn 0.1494 0.6224 -0.7683
vn -0.5863 -0.7351 -0.3404
vn 0.8400 0.0372 0.5413
vn 0.9377 0.2190 -0.2696
vn 0.9122 0.0469 -0.4071
vn 0.9525 -0.1343 -0.2733
vn -0.6229 -0.6941 -0.3609
vn 0.9089 -0.2594 0.3265
vn 0.6051 -0.7661 0.2167
vn 0.7213 0.5519 -0.4184
vn -0.6392 -0.7339 -0.2300
vn 0.9404 0.0343 0.3382
vn 0.7113 0.5915 -0.3797
vn 0.6556 0.5181 -0.5493
vn 0.8620 0.2143 -0.4593
vn -0.6771 -0.6945 -0.2432
vn 0.8758 -0.3732 0.3060
vn 0.7813 -0.3827 0.4930
vn 0.7109 -0.3498 0.6101
vn 0.9074 -0.3142 0.2791
vn 0.9239 -0.3257 0.2010
vn 0.9566 -0.2678 0.1151
vn 0.9681 -0.2115 0.1343
vn 0.8823 -0.2481 0.4000
vn 0.6192 0.5390 0.5710
vn 0.7455 0.5506 0.3755
vn 0.8795 -0.2332 0.4149
vn 0.7320 -0.2089 0.6484
vn 0.6792 -0.2811 0.6780
vn 0.9902 -0.1315 0.0473
vn 0.9796 -0.1973 0.0378
vn 0.9599 -0.2529 0.1213
vn 0.9526 -0.2560 0.1643
vn 0.6341 -0.7655 0.1090
vn -0.6702 -0.7331 -0.1158
vn 0.9849 0.0338 0.1701
vn 0.7547 0.5731 -0.3192
vn 0.7130 0.6045 -0.3551
vn -0.7088 -0.6948 -0.1223
vn 0.9882 -0.0576 0.1422
vn 0.6274 -0.2537 0.7362
vn 0.6601 0.1100 0.7431
vn 0.9866 -0.0644 0.1498
vn 0.9904 -0.1324 -0.0399
vn 0.9976 0.0469 -0.0502
vn 0.6436 -0.7654 -0.0000
vn -0.6805 -0.7328 -0.0000
vn 0.9994 0.0337 -0.0000
vn 0.7293 0.5403 -0.4197
vn -0.7191 -0.6949 -0.0000
vn 0.9993 0.0370 -0.0000
vn 1.0000 -0.0000 -0.0000
vn 0.9938 -0.1111 -0.0000
vn 0.9739 -0.2269 -0.0000
vn 0.9670 -0.2549 -0.0000
vn 0.9854 -0.0000 -0.1703
vn 0.9792 -0.1117 -0.1692
vn 0.9595 -0.2279 -0.1658
vn 0.9526 -0.2560 -0.1643
vn 0.6341 -0.7655 -0.1090
vn -0.6702 -0.7331 0.1158
vn 0.9849 0.0338 -0.1701
vn 0.6757 0.6612 -0.3259
vn 0.6455 0.6323 -0.4284
vn -0.7088 -0.6948 0.1223
vn 0.9847 0.0372 -0.1700
vn 0.6051 -0.7661 -0.2167
vn -0.6392 -0.7339 0.2300
vn 0.9404 0.0343 -0.3382
vn 0.6318 0.6431 -0.4328
vn -0.6771 -0.6945 0.2432
vn 0.9404 0.0377 -0.3380
vn 0.9409 -0.0000 -0.3386
vn 0.9349 -0.1132 -0.3364
vn 0.9155 -0.2309 -0.3294
vn 0.9089 -0.2594 -0.3265
vn 0.8590 -0.1156 -0.4987
vn 0.8405 -0.2355 -0.4879
vn 0.8343 -0.2647 -0.4836
vn 0.5557 -0.7669 -0.3210
vn -0.5863 -0.7351 0.3404
vn 0.8644 0.0351 -0.5015
vn 0.7189 0.5764 -0.3886
vn 0.6729 0.6399 -0.3712
vn -0.6229 -0.6941 0.3609
vn 0.8644 0.0385 -0.5012
vn 0.8648 -0.0000 -0.5021
vn -0.5103 -0.7368 0.4435
vn -0.5442 -0.6936 0.4720
vn 0.7545 0.0360 -0.6553
vn 0.7546 0.0396 -0.6549
vn 0.7548 -0.0000 -0.6560
vn 0.7495 -0.1186 -0.6513
vn 0.7325 -0.2414 -0.6365
vn 0.7270 -0.2713 -0.6307
vn 0.4846 -0.7679 -0.4189
vn 0.6980 0.6318 -0.3371
vn 0.6827 0.6306 -0.3692
vn 0.5905 -0.2478 -0.7681
vn 0.5860 -0.2785 -0.7609
vn 0.3909 -0.7690 -0.5058
vn -0.4107 -0.7388 0.5344
vn 0.6147 0.6532 -0.4420
vn 0.6093 0.0370 -0.7921
vn -0.4400 -0.6931 0.5710
vn 0.6095 0.0407 -0.7918
vn 0.6094 -0.0000 -0.7928
vn 0.6049 -0.1219 -0.7869
vn 0.4301 0.0380 -0.9020
vn 0.4302 0.0418 -0.9017
vn 0.4301 -0.0000 -0.9028
vn 0.4268 -0.1249 -0.8957
vn 0.4161 -0.2535 -0.8733
vn 0.4129 -0.2851 -0.8650
vn 0.2757 -0.7700 -0.5754
vn -0.2888 -0.7407 0.6066
vn 0.5039 0.6785 -0.5346
vn -0.3109 -0.6927 0.6508
vn 0.2049 -0.2578 -0.9442
vn 0.2024 -0.2902 -0.9353
vn 0.1354 -0.7683 -0.6256
vn -0.1359 -0.7464 0.6515
vn 0.5421 0.6429 -0.5411
vn 0.5392 0.7060 -0.4591
vn 0.2125 0.0387 -0.9764
vn -0.1491 -0.6885 0.7098
vn 0.2128 0.0426 -0.9762
vn 0.2127 -0.0000 -0.9771
vn 0.2109 -0.1271 -0.9692
vn 0.0053 0.0427 -0.9991
vn 0.0054 -0.0000 -1.0000
vn 0.0052 -0.1278 -0.9918
vn 0.0045 -0.2591 -0.9658
vn 0.0035 -0.2909 -0.9567
vn 0.0019 -0.7763 -0.6304
vn 0.0016 -0.7354 0.6776
vn 0.5641 0.4789 -0.6727
vn 0.6329 0.5498 -0.5452
vn 0.0051 0.0389 -0.9992
vn 0.0025 -0.7006 0.7135
vn -0.1558 -0.2928 -0.9434
vn -0.1020 -0.7770 -0.6211
vn 0.1102 -0.7354 0.6687
vn 0.6806 0.3272 -0.6555
vn 0.6601 0.4655 -0.5895
vn -0.1630 0.0391 -0.9858
vn 0.1170 -0.6988 0.7057
vn -0.1629 0.0430 -0.9857
vn -0.1633 -0.0000 -0.9866
vn -0.1620 -0.1287 -0.9784
vn -0.1576 -0.2609 -0.9524
vn -0.3250 0.0438 -0.9447
vn -0.3259 -0.0000 -0.9454
vn -0.3231 -0.1309 -0.9373
vn -0.3142 -0.2651 -0.9116
vn -0.3105 -0.2975 -0.9028
vn 0.6687 0.3803 0.6389
vn 0.5836 0.5609 0.5872
vn 0.2404 0.6798 0.6929
vn 0.2384 0.6730 0.7002
vn -0.2034 -0.7779 -0.5946
vn 0.6969 0.6919 0.1888
vn 0.7281 0.6501 0.2173
vn 0.7060 0.4824 -0.5185
vn -0.2194 0.7370 -0.6394
vn 0.0278 0.9963 0.0809
vn 0.2203 -0.7355 0.6407
vn 0.7824 -0.0464 -0.6211
vn 0.7783 0.1578 -0.6077
vn -0.3254 0.0398 -0.9447
vn 0.2335 -0.6977 0.6773
vn -0.4620 -0.3051 -0.8327
vn -0.3029 -0.7792 -0.5488
vn 0.0403 0.9965 0.0729
vn -0.3280 0.7357 -0.5926
vn 0.0030 -0.5945 0.8041
vn -0.2112 -0.6345 0.7435
vn -0.4853 0.0409 -0.8734
vn 0.0636 -0.0159 0.9978
vn 0.3487 -0.6962 0.6274
vn 0.0804 -0.1172 0.9899
vn -0.4849 0.0450 -0.8734
vn -0.4861 -0.0000 -0.8739
vn -0.4817 -0.1344 -0.8660
vn -0.4677 -0.2718 -0.8410
vn 0.3559 0.6757 0.6455
vn 0.3548 0.6855 0.6358
vn -0.6399 -0.0000 -0.7684
vn -0.6337 -0.1389 -0.7610
vn -0.6141 -0.2804 -0.7377
vn -0.5567 -0.8143 0.1646
vn -0.5596 -0.8003 0.2155
vn 0.4686 0.6777 0.5667
vn 0.4628 0.6913 0.5549
vn -0.8615 -0.3097 0.4024
vn -0.7257 -0.5649 0.3926
vn -0.7830 -0.5660 0.2579
vn 0.0513 0.9968 0.0620
vn -0.4333 0.7341 -0.5228
vn -0.6389 0.0423 -0.7681
vn 0.2298 -0.4445 0.8658
vn 0.0426 -0.3134 0.9487
vn 0.1429 -0.1352 0.9805
vn 0.4600 -0.6946 0.5531
vn 0.3342 -0.4378 0.8347
vn -0.6384 0.0466 -0.7683
vn -0.5301 0.7324 -0.4273
vn -0.7790 0.0439 -0.6255
vn 0.1933 -0.8152 0.5460
vn -0.7785 0.0483 -0.6258
vn -0.7801 -0.0000 -0.6257
vn -0.7719 -0.1439 -0.6192
vn -0.7465 -0.2898 -0.5990
vn -0.4369 -0.8466 0.3039
vn -0.4854 -0.8620 0.1460
vn 0.5712 0.6791 0.4611
vn 0.5596 0.6970 0.4485
vn 0.0604 0.9970 0.0487
vn -0.5923 -0.7691 0.2401
vn -0.6238 -0.7333 0.2706
vn -0.8855 -0.1486 -0.4402
vn 0.6559 0.6799 0.3280
vn 0.6379 0.7018 0.3170
vn 0.0671 0.9972 0.0336
vn -0.5959 0.7309 -0.3326
vn -0.8753 0.0406 -0.4818
vn -0.8851 0.0430 -0.4633
vn -0.8955 -0.0000 -0.4451
vn -0.6250 0.7538 -0.2029
vn -0.8688 0.0751 0.4894
vn -0.9293 0.3673 -0.0402
vn -0.9727 -0.0000 -0.2321
vn -0.9614 -0.1519 -0.2295
vn -0.5296 -0.7303 0.4315
vn -0.4795 -0.7961 0.3691
vn 0.7128 0.6802 0.1711
vn 0.6897 0.7052 0.1646
vn 0.0713 0.9973 0.0171
vn -0.5177 -0.6753 0.5253
vn 0.7329 0.6803 -0.0000
vn 0.7079 0.7064 -0.0000
vn 0.0727 0.9974 -0.0000
vn -0.6397 0.7686 -0.0000
vn -0.3443 0.9380 -0.0409
vn -0.0327 0.1271 0.9914
vn -0.8113 0.5847 -0.0000
vn -1.0000 -0.0000 -0.0000
vn -0.3212 -0.8307 0.4547
vn -0.4825 -0.8269 0.2888
vn -0.0100 -0.0542 0.9985
vn -0.9329 0.3584 0.0345
vn -0.9727 -0.0000 0.2321
vn -0.4693 -0.8361 0.2841
vn -0.5526 -0.7719 0.3143
vn 0.7128 0.6802 -0.1711
vn 0.6897 0.7052 -0.1646
vn 0.0713 0.9973 -0.0171
vn -0.6291 0.7532 0.1921
vn -0.3443 0.9380 0.0409
vn 0.6559 0.6799 -0.3280
vn 0.6379 0.7018 -0.3170
vn 0.0671 0.9972 -0.0336
vn -0.6019 0.7308 0.3218
vn -0.8528 0.0611 -0.5186
vn -0.8830 0.0425 0.4674
vn -0.8887 0.0458 0.4563
vn -0.8955 -0.0000 0.4451
vn -0.4776 -0.7436 0.4680
vn -0.7790 0.0439 0.6255
vn -0.7785 0.0483 0.6258
vn -0.7801 -0.0000 0.6257
vn -0.3636 -0.8078 0.4639
vn -0.4084 -0.8114 0.4181
vn 0.5712 0.6791 -0.4611
vn 0.5596 0.6970 -0.4485
vn 0.0604 0.9970 -0.0487
vn -0.5301 0.7324 0.4273
vn 0.4686 0.6777 -0.5667
vn 0.4628 0.6913 -0.5549
vn 0.0514 0.9968 -0.0620
vn -0.4333 0.7341 0.5228
vn -0.6389 0.0423 0.7681
vn -0.6384 0.0466 0.7683
vn -0.6399 -0.0000 0.7684
vn -0.4177 -0.8559 0.3050
vn -0.5177 -0.7724 0.3680
vn -0.4849 0.0450 0.8734
vn -0.4861 -0.0000 0.8739
vn -0.4060 -0.7912 0.4575
vn 0.3559 0.6757 -0.6455
vn 0.3548 0.6855 -0.6358
vn 0.0403 0.9965 -0.0729
vn -0.3280 0.7357 0.5926
vn -0.4853 0.0409 0.8734
vn 0.0278 0.9963 -0.0809
vn 0.2821 0.5761 0.7672
vn -0.3690 -0.0307 0.9289
vn -0.3250 0.0438 0.9447
vn -0.3259 -0.0000 0.9454
vn -0.4641 -0.7491 0.4727
vn -0.4364 -0.7003 0.5650
vn 0.2384 0.6730 -0.7002
vn 0.2404 0.6798 -0.6929
vn -0.4826 -0.7278 0.4872
vn -0.5223 -0.6593 0.5409
vn -0.1633 -0.0000 0.9866
vn 0.1185 0.6695 -0.7333
vn 0.1226 0.6745 -0.7280
vn 0.0142 0.9962 -0.0859
vn -0.1485 0.1860 0.9713
vn -0.0243 -0.9543 0.2978
vn -0.1631 -0.1042 0.9811
vn -0.1629 0.0430 0.9857
vn -0.4883 -0.6865 0.5388
vn 0.5479 0.8250 0.1388
vn -0.6357 0.0966 -0.7658
vn 0.1584 0.1454 -0.9766
vn -0.0041 0.9974 0.0720
vn 0.2953 0.5571 -0.7761
vn 0.5621 0.5571 -0.6113
vn 0.7006 0.5383 -0.4685
vn 0.7454 0.6543 -0.1279
vn 0.7388 0.6735 0.0232
vn -0.4638 -0.8858 0.0166
vn -0.3437 -0.9246 0.1644
vn -0.2890 -0.9244 0.2489
vn -0.0934 -0.9244 0.3698
vn 0.3529 0.3259 -0.8771
vn -0.4454 -0.7146 -0.5394
vn -0.3217 -0.7291 -0.6041
vn -0.3252 -0.6954 -0.6408
vn 0.0773 -0.4843 -0.8715
vn 0.6212 0.3095 0.7199
vn 0.2394 -0.2473 0.9389
vn 0.4220 -0.2828 0.8613
vn 0.8406 0.1361 0.5242
vn 0.8023 0.2517 0.5412
vn 0.2304 -0.2784 0.9324
vn 0.4114 -0.3143 0.8555
vn 0.0506 -0.7581 0.6502
vn 0.1762 -0.7747 0.6072
vn 0.9135 0.0243 0.4062
vn 0.9007 0.0521 0.4313
vn 0.5902 -0.3483 0.7283
vn 0.8642 -0.1644 0.4754
vn 0.2935 -0.8025 0.5196
vn -0.5754 -0.6806 -0.4535
vn 0.1962 0.4219 -0.8852
vn 0.9123 -0.1354 0.3864
vn 0.9346 -0.1854 0.3036
vn 0.3819 -0.8231 0.4202
vn 0.9095 -0.2790 0.3082
vn -0.6689 -0.6558 -0.3500
vn 0.0395 0.5245 -0.8505
vn 0.5995 -0.7878 0.1410
vn 0.5861 -0.7969 -0.1461
vn -0.0544 -0.6092 -0.7912
vn -0.0085 0.3708 -0.9287
vn 0.0648 -0.0000 -0.9979
vn 0.0458 0.6133 -0.7885
vn -0.1469 -0.7968 -0.5861
vn 0.5970 -0.7836 -0.1720
vn 0.3536 -0.7788 0.5182
vn 0.8952 -0.2099 -0.3931
vn 0.9253 0.0159 -0.3789
vn -0.6659 0.0324 -0.7453
vn -0.5959 0.0701 -0.8000
vn -0.8368 -0.2049 -0.5078
vn -0.4498 0.0366 -0.8924
vn -0.3972 -0.0975 -0.9125
vn -0.4107 -0.6936 -0.5919
vn -0.6487 -0.6991 -0.3006
vn 0.4297 -0.7995 0.4198
vn 0.8358 0.5386 -0.1061
vn 0.9087 0.0381 -0.4158
vn 0.9351 0.2473 -0.2539
vn 0.8071 0.5761 -0.1295
vn -0.7039 -0.6844 -0.1897
vn 0.4892 -0.8189 0.3002
vn 0.6648 -0.7063 0.2433
vn 0.5406 -0.7800 0.3151
vn -0.7602 0.2040 -0.6169
vn -0.6645 0.1882 -0.7232
vn -0.9215 -0.1904 -0.3386
vn -0.8070 0.3115 -0.5018
vn -0.7716 0.2345 -0.5913
vn -0.9791 -0.1410 -0.1464
vn -0.9734 -0.1792 -0.1429
vn -0.7378 -0.6722 -0.0611
vn 0.5253 -0.8354 0.1614
vn 0.5831 -0.7951 0.1671
vn 0.5313 -0.8471 0.0097
vn 0.5924 -0.8057 0.0037
vn -0.8063 0.3574 -0.4714
vn -0.9888 -0.1322 0.0694
vn -0.9127 0.3360 -0.2326
vn -0.9826 -0.1716 0.0705
vn -0.7438 -0.6637 0.0798
vn -0.9489 -0.1280 0.2884
vn -0.9567 0.0300 0.2894
vn -0.9071 0.3697 -0.2013
vn -0.9431 -0.1677 0.2870
vn -0.7175 -0.6598 0.2231
vn 0.5028 -0.8522 -0.1446
vn 0.5627 -0.8104 -0.1631
vn -0.8383 0.5399 0.0765
vn -0.8265 0.5415 -0.1542
vn 0.4409 -0.8498 -0.2888
vn 0.4949 -0.8086 -0.3183
vn -0.7116 0.6904 0.1302
vn -0.8648 0.0283 0.5013
vn -0.6883 0.6784 0.2569
vn -0.8606 -0.1285 0.4928
vn -0.8559 -0.1678 0.4892
vn -0.6598 -0.6612 0.3570
vn -0.7329 -0.1337 0.6671
vn -0.7298 -0.1720 0.6617
vn -0.5767 -0.6675 0.4711
vn 0.3517 -0.8406 -0.4119
vn 0.3965 -0.8006 -0.4493
vn -0.6087 0.6924 0.3875
vn -0.7317 0.0195 0.6813
vn -0.5122 0.7373 0.4404
vn -0.5721 0.0049 0.8201
vn -0.4222 0.6476 0.6343
vn -0.5792 -0.1434 0.8025
vn -0.5780 -0.1802 0.7959
vn -0.4771 -0.6777 0.5595
vn 0.2446 -0.8261 -0.5076
vn 0.2789 -0.7878 -0.5492
vn -0.4128 -0.1571 0.8972
vn -0.4136 -0.1923 0.8899
vn -0.3696 -0.6909 0.6213
vn 0.1287 -0.8084 -0.5744
vn 0.1531 -0.7717 -0.6173
vn -0.1999 0.7101 0.6751
vn -0.4001 -0.0143 0.9164
vn -0.0951 0.6233 0.7762
vn -0.2258 -0.0367 0.9735
vn 0.0250 0.5959 0.8027
vn -0.2435 -0.1745 0.9541
vn -0.2463 -0.2083 0.9465
vn -0.2605 -0.7060 0.6586
vn 0.0107 -0.7889 -0.6144
vn 0.0265 -0.7536 -0.6568
vn -0.0820 -0.2280 0.9702
vn -0.1534 -0.7225 0.6742
vn -0.1051 -0.7689 -0.6307
vn -0.0967 -0.7344 -0.6718
vn 0.2983 0.5977 0.7442
vn 0.2412 0.6447 0.7254
vn -0.0552 -0.0616 0.9966
vn -0.0774 -0.1954 0.9777
vn 0.5270 0.4146 0.7419
vn 0.4546 0.5585 0.6938
vn 0.1088 -0.0885 0.9901
vn 0.0826 -0.2195 0.9721
vn 0.0762 -0.2513 0.9649
vn -0.0501 -0.7399 0.6708
vn -0.2168 -0.7488 -0.6263
vn -0.2148 -0.7145 -0.6659
vn 0.5969 0.3410 0.7263
vn -0.1048 -0.3762 -0.9206
vn 0.4374 -0.4620 -0.7715
vn 0.6185 -0.5011 -0.6053
vn 0.7749 -0.5745 -0.2635
vn -0.2680 0.1947 0.9435
vn -0.2680 -0.1947 0.9435
vn 0.1024 -0.3151 0.9435
vn -0.5746 -0.7488 0.3304
vn 0.5346 -0.7779 0.3304
vn -0.9921 -0.0000 0.1256
vn -0.3066 -0.9435 0.1256
vn -0.0247 -0.9435 -0.3304
vn -0.3035 -0.9342 -0.1876
vn -0.5346 -0.7779 -0.3304
vn -0.9050 -0.2680 -0.3304
vn -0.9822 -0.0000 -0.1876
vn 0.3066 -0.9435 -0.1256
vn 0.3035 -0.9342 0.1876
vn 0.0247 -0.9435 0.3304
vn -0.8026 -0.5831 -0.1256
vn -0.7947 -0.5773 0.1876
vn -0.8897 -0.3151 0.3304
vn 0.4713 -0.5831 0.6617
vn 0.1876 -0.5773 0.7947
vn -0.0385 -0.7488 0.6617
vn -0.4089 -0.6284 0.6617
vn -0.4911 -0.3568 0.7947
vn -0.0546 -0.2485 -0.9671
vn 0.0126 0.1344 -0.9909
vn -0.3154 0.3204 -0.8932
vn 0.5744 0.6283 -0.5247
vn -0.4648 0.8596 -0.2122
vn 0.8976 -0.1824 -0.4014
vn 0.4149 0.8705 -0.2647
vn 0.2817 0.9259 0.2516
vn 0.5012 0.8645 0.0365
vn 0.7331 0.6699 0.1172
vn 0.9939 0.1010 0.0434
vn 0.9791 -0.1779 -0.0988
vn -0.0895 0.9847 0.1495
vn -0.1790 0.9723 -0.1505
vn 0.0437 0.9293 -0.3668
vn 0.8926 0.4277 -0.1428
vn 0.7933 0.4208 -0.4400
vn 0.7933 0.4208 -0.4399
vn 0.7962 0.1443 -0.5875
vn -0.5348 0.6537 -0.5353
vn -0.3073 0.5951 -0.7426
vn -0.0263 0.7234 -0.6899
vn 0.3017 0.5374 -0.7875
vn 0.2937 0.2542 -0.9215
vn -0.2433 0.0581 0.9682
vn -0.0812 0.0574 0.9950
vn 0.9997 -0.0263 -0.0000
vn -0.0747 -0.9519 0.2970
vn -0.1598 -0.1013 0.9819
vn -0.7682 -0.0824 0.6348
vn -0.5847 0.0819 -0.8071
vn 0.1629 0.1497 -0.9752
vn 0.9978 0.0554 0.0351
vn 0.6448 -0.0612 0.7619
vn -0.9995 0.0125 -0.0291
vn -0.5505 0.8263 0.1194
vn 0.7870 0.1095 -0.6072
vn 0.1100 0.7172 -0.6881
vn 0.6298 0.6117 -0.4788
vn 0.6949 0.1384 -0.7057
vn 0.7196 -0.0479 0.6927
vn 0.8493 -0.0172 0.5276
vn -0.0991 -0.7914 0.6032
vn -0.1629 -0.1416 0.9764
vn -0.8174 -0.1241 0.5625
vn -0.9978 -0.0554 -0.0351
vn -0.5221 0.5064 -0.6863
vn -0.8440 0.4869 -0.2252
vn -0.0012 0.9999 0.0143
vn 0.7402 0.6396 0.2074
vn -0.9974 -0.0617 0.0373
vn 0.9974 0.0617 -0.0373
vn -0.6986 -0.6846 0.2080
vn -0.1587 -0.0994 0.9823
vn -0.6994 -0.1017 0.7075
vn 0.4165 -0.0804 0.9056
vn 0.3309 0.9414 0.0651
vn -0.7402 -0.6396 -0.2074
vn -0.9926 0.0716 -0.0977
vn -0.9949 0.0204 -0.0989
vn -0.9942 0.0225 0.1048
vn -0.9921 0.0710 0.1039
vn -0.9515 0.3075 -0.0000
vn -0.6027 0.2066 0.7707
vn -0.6027 0.2066 -0.7707
vn -0.0210 0.0817 -0.9964
vn -0.0072 -0.0392 -0.9992
vn -0.0000 -0.0000 -1.0000
vn 0.8864 -0.4556 0.0816
vn 0.9729 -0.2081 -0.1009
vn 0.0172 0.0253 -0.9995
vn 0.0172 0.0253 0.9995
vn 0.9729 -0.2081 0.1009
vn -0.9964 0.0844 -0.0000
vn -0.9311 -0.3647 -0.0027
vn -0.6622 -0.2342 0.7118
vn -0.7379 0.0650 0.6718
vn 0.9669 0.2393 -0.0890
vn -0.0000 -0.0000 1.0000
vn 0.8864 -0.4556 -0.0816
vn -0.7379 0.0650 -0.6718
vn -0.0471 -0.1317 -0.9902
vn 0.8060 0.5872 0.0742
vn -0.6427 -0.2834 -0.7118
vn 0.9669 0.2393 0.0890
vn -0.5253 -0.5877 -0.6153
vn 0.6829 -0.5385 -0.4936
vn 0.7315 -0.6818 -0.0073
vn -0.7107 -0.7035 0.0032
vn 0.6534 -0.5332 0.5374
vn -0.5050 -0.4783 0.7185
vn 0.0471 0.1317 0.9902
vn 0.8121 0.5788 -0.0747
vn 0.9511 0.3090 -0.0000
vn 0.5878 0.8090 -0.0000
vn 0.2764 0.8506 -0.4472
vn 0.6882 0.5000 -0.5257
vn 0.1625 0.5000 -0.8507
vn 0.8944 -0.0000 -0.4472
vn 0.5257 -0.0000 -0.8507
vn 0.5813 0.1300 0.8032
vn 0.5716 -0.2244 0.7893
vn 0.5287 -0.1476 0.8359
vn 0.5278 0.0563 0.8475
vn 0.5160 -0.5632 0.6454
vn 0.3787 -0.3692 0.8487
vn 0.5098 0.3646 0.7792
vn 0.4822 0.5848 0.6523
vn 0.9513 -0.2959 0.0871
vn 0.8871 -0.3091 -0.3429
vn 0.7889 -0.5307 -0.3098
vn 0.7794 -0.5325 -0.3301
vn 0.4714 -0.7344 0.4883
vn 0.6977 -0.6947 0.1749
vn 0.7999 -0.5317 -0.2783
vn 0.9352 0.1469 -0.3221
vn 0.8902 0.3975 -0.2227
vn 0.7786 0.6267 0.0341
vn 0.6043 0.7380 0.3002
vn 0.4969 0.7217 0.4819
vn 0.4223 0.6381 0.6438
vn 0.3675 0.4486 0.8147
vn 0.3172 0.1311 0.9392
vn 0.3003 -0.1996 0.9327
vn 0.3217 -0.3884 0.8635
vn 0.4367 -0.6495 0.6225
vn 0.7356 -0.0593 0.6748
vn 0.8595 0.4887 0.1496
vn 0.9180 0.3652 -0.1546
vn 0.8065 -0.5349 -0.2518
vn 0.7750 -0.0746 0.6276
vn 0.9819 0.1400 0.1272
vn 0.9442 -0.3138 0.1000
vn 0.9996 0.0199 0.0207
vt 0.918405 0.668908
vt 0.923184 0.676254
vt 0.862724 0.827606
vt 0.636364 0.157461
vt 0.636364 0.157461
vt 0.923355 0.656264
vt 0.935146 0.664902
vt 0.362017 0.910620
vt 0.944789 0.678115
vt 0.881639 0.847024
vt 0.804313 0.898645
vt 0.750119 0.909873
vt 0.371723 0.914084
vt 0.693829 0.904592
vt 0.576061 0.692595
vt 0.924887 0.642753
vt 0.945386 0.649107
vt 0.590909 0.078731
vt 0.681818 0.078731
vt 0.963289 0.666509
vt 0.900085 0.863177
vt 0.545455 0.157461
vt 0.816645 0.928500
vt 0.752367 0.945321
vt 0.590909 0.078731
vt 0.681818 0.078731
vt 0.368100 0.917990
vt 0.684107 0.938103
vt 0.545455 0.157461
vt 0.625368 0.908795
vt 0.681818 0.236191
vt 0.362333 0.915911
vt 0.772727 0.236191
vt 0.572776 0.684447
vt 0.922864 0.626319
vt 0.590909 0.236191
vt 0.946966 0.614337
vt 0.954586 0.623249
vt 0.990570 0.641949
vt 0.965922 0.586730
vt 0.364064 0.880815
vt 0.366885 0.912299
vt 0.681818 0.236191
vt 0.772727 0.236191
vt 0.922079 0.879713
vt 0.359755 0.910283
vt 0.833986 0.962796
vt 0.743860 0.401702
vt 0.359777 0.920836
vt 0.590909 0.236191
vt 0.365641 0.906492
vt 0.756163 0.991190
vt 0.688094 0.399995
vt 0.371513 0.908655
vt 0.669940 0.979993
vt 0.631001 0.415689
vt 0.599888 0.938409
vt 0.582972 0.451045
vt 0.557013 0.881439
vt 0.554004 0.497869
vt 0.570776 0.672419
vt 0.915743 0.612839
vt 0.927660 0.600098
vt 0.936287 0.581729
vt 0.367915 0.881327
vt 0.818020 0.454518
vt 0.367915 0.911602
vt 0.740276 0.430167
vt 0.362703 0.921400
vt 0.692249 0.430726
vt 0.644507 0.445127
vt 0.603789 0.473283
vt 0.575840 0.510078
vt 0.555724 0.575755
vt 0.556775 0.581994
vt 0.573619 0.664373
vt 0.915506 0.580318
vt 0.808461 0.474031
vt 0.738260 0.455954
vt 0.620635 0.493319
vt 0.594475 0.522824
vt 0.570707 0.578732
vt 0.570863 0.584136
vt 0.578054 0.657998
vt 0.800576 0.492455
vt 0.737312 0.479267
vt 0.634604 0.511538
vt 0.610251 0.535462
vt 0.584468 0.582801
vt 0.583891 0.587439
vt 0.583270 0.653315
vt 0.794135 0.509779
vt 0.737081 0.500320
vt 0.704995 0.503207
vt 0.674004 0.512842
vt 0.646326 0.528175
vt 0.623643 0.547720
vt 0.596898 0.587688
vt 0.595685 0.591586
vt 0.588731 0.650130
vt 0.788971 0.525949
vt 0.737309 0.519331
vt 0.708728 0.522178
vt 0.681187 0.530671
vt 0.656211 0.543392
vt 0.635020 0.559449
vt 0.607821 0.593164
vt 0.606128 0.596307
vt 0.594104 0.648198
vt 0.784863 0.540844
vt 0.737839 0.536567
vt 0.712244 0.539700
vt 0.687479 0.546773
vt 0.664661 0.557299
vt 0.644687 0.570560
vt 0.617414 0.598961
vt 0.615228 0.601619
vt 0.598382 0.648097
vt 0.781766 0.554619
vt 0.738598 0.552092
vt 0.715352 0.555230
vt 0.692807 0.561283
vt 0.671755 0.570056
vt 0.652830 0.581057
vt 0.625701 0.605091
vt 0.623151 0.607247
vt 0.602274 0.648584
vt 0.779499 0.567290
vt 0.739479 0.566092
vt 0.718095 0.569138
vt 0.697319 0.574386
vt 0.677699 0.581764
vt 0.659660 0.590946
vt 0.632749 0.611327
vt 0.629928 0.613056
vt 0.605735 0.649576
vt 0.777902 0.578934
vt 0.740425 0.578773
vt 0.720513 0.581690
vt 0.701138 0.586286
vt 0.682666 0.592545
vt 0.665366 0.600266
vt 0.638675 0.617555
vt 0.635656 0.618942
vt 0.608735 0.651005
vt 0.776845 0.589667
vt 0.741406 0.590345
vt 0.722648 0.593125
vt 0.704368 0.597186
vt 0.686802 0.602542
vt 0.670108 0.609082
vt 0.643605 0.623713
vt 0.640441 0.624842
vt 0.611257 0.652821
vt 0.776227 0.599635
vt 0.742412 0.601022
vt 0.724547 0.603674
vt 0.707103 0.607297
vt 0.690232 0.611916
vt 0.674024 0.617486
vt 0.647666 0.629787
vt 0.644389 0.630729
vt 0.613295 0.655004
vt 0.775968 0.609023
vt 0.743446 0.611021
vt 0.726261 0.613572
vt 0.709427 0.616837
vt 0.693061 0.620844
vt 0.677237 0.625599
vt 0.651004 0.635836
vt 0.647593 0.636649
vt 0.614782 0.657553
vt 0.776125 0.620242
vt 0.744791 0.622764
vt 0.728182 0.625171
vt 0.711839 0.628123
vt 0.695893 0.631625
vt 0.680447 0.635679
vt 0.654561 0.644097
vt 0.651223 0.645157
vt 0.615945 0.661946
vt 0.776737 0.632642
vt 0.746349 0.635636
vt 0.730207 0.637991
vt 0.714253 0.640586
vt 0.698609 0.643435
vt 0.683366 0.646528
vt 0.657612 0.652897
vt 0.654159 0.653488
vt 0.618249 0.666111
vt 0.859286 0.639623
vt 0.854766 0.639461
vt 0.849735 0.639800
vt 0.777697 0.644571
vt 0.747921 0.648049
vt 0.732078 0.650394
vt 0.716370 0.652675
vt 0.700903 0.654928
vt 0.685735 0.657135
vt 0.659971 0.661616
vt 0.656399 0.661769
vt 0.620083 0.670301
vt 0.858399 0.645981
vt 0.854277 0.645912
vt 0.849391 0.646606
vt 0.778990 0.656019
vt 0.749511 0.660013
vt 0.733799 0.662362
vt 0.718196 0.664364
vt 0.702777 0.666079
vt 0.687562 0.667484
vt 0.661641 0.670180
vt 0.621434 0.674408
vt 0.857985 0.651586
vt 0.854177 0.651810
vt 0.849482 0.652945
vt 0.780609 0.667005
vt 0.751122 0.671563
vt 0.735374 0.673916
vt 0.719729 0.675665
vt 0.704230 0.676894
vt 0.622381 0.678316
vt 0.858147 0.656561
vt 0.854635 0.657179
vt 0.850156 0.658770
vt 0.782558 0.677587
vt 0.752763 0.682772
vt 0.736808 0.685119
vt 0.720971 0.686634
vt 0.705255 0.687422
vt 0.858951 0.660963
vt 0.855742 0.662050
vt 0.851471 0.664097
vt 0.784858 0.687867
vt 0.754452 0.693763
vt 0.738108 0.696090
vt 0.721918 0.697389
vt 0.860479 0.664845
vt 0.857585 0.666454
vt 0.363393 0.907221
vt 0.853466 0.668986
vt 0.363384 0.907538
vt 0.787556 0.698002
vt 0.362965 0.915136
vt 0.363620 0.917338
vt 0.756225 0.704725
vt 0.739285 0.707009
vt 0.722564 0.708113
vt 0.862861 0.668263
vt 0.860280 0.670417
vt 0.856180 0.673528
vt 0.363466 0.899877
vt 0.853466 0.668986
vt 0.758135 0.715930
vt 0.364497 0.917579
vt 0.740346 0.718107
vt 0.866134 0.671118
vt 0.863799 0.674021
vt 0.859896 0.677702
vt 0.365778 0.907237
vt 0.365781 0.907549
vt 0.794473 0.718769
vt 0.366018 0.915167
vt 0.760171 0.727729
vt 0.365383 0.917357
vt 0.741356 0.729941
vt 0.870428 0.673469
vt 0.868394 0.677164
vt 0.864622 0.681577
vt 0.799009 0.729990
vt 0.762508 0.740486
vt 0.742294 0.742777
vt 0.875896 0.675349
vt 0.874200 0.679859
vt 0.870622 0.685134
vt 0.804590 0.742197
vt 0.765256 0.754650
vt 0.743189 0.757108
vt 0.882657 0.676708
vt 0.881362 0.682030
vt 0.878167 0.688262
vt 0.811537 0.755712
vt 0.768569 0.770728
vt 0.744063 0.773493
vt 0.890747 0.677400
vt 0.889984 0.683479
vt 0.887517 0.690720
vt 0.820265 0.770833
vt 0.772659 0.789290
vt 0.744942 0.792574
vt 0.900003 0.677139
vt 0.900069 0.683792
vt 0.898895 0.692030
vt 0.831286 0.787799
vt 0.777832 0.810989
vt 0.745875 0.815125
vt 0.910177 0.675421
vt 0.911426 0.682071
vt 0.912440 0.691199
vt 0.845212 0.806739
vt 0.784542 0.836594
vt 0.746949 0.842111
vt 0.927959 0.686559
vt 0.793480 0.867020
vt 0.748343 0.874809
vt 0.702134 0.870905
vt 0.923750 0.677067
vt 0.936154 0.665811
vt 0.947041 0.650128
vt 0.948642 0.612938
vt 0.956863 0.624124
vt 0.928657 0.598834
vt 0.854300 0.639490
vt 0.853824 0.645970
vt 0.853740 0.651908
vt 0.854217 0.657320
vt 0.855343 0.662238
vt 0.857205 0.666694
vt 0.859909 0.670718
vt 0.863454 0.674379
vt 0.868069 0.677592
vt 0.873899 0.680363
vt 0.881101 0.682616
vt 0.889797 0.684150
vt 0.900015 0.684544
vt 0.911614 0.682877
vt 0.659918 0.855306
vt 0.587890 0.778341
vt 0.580348 0.698637
vt 0.643634 0.883114
vt 0.605091 0.850699
vt 0.568919 0.784650
vt 0.565325 0.777377
vt 0.583923 0.866377
vt 0.552392 0.787653
vt 0.549516 0.779647
vt 0.533018 0.787947
vt 0.539021 0.574528
vt 0.532273 0.778882
vt 0.542188 0.581887
vt 0.657942 0.669944
vt 0.688849 0.677578
vt 0.662631 0.678543
vt 0.658793 0.677976
vt 0.689587 0.687452
vt 0.662944 0.686691
vt 0.658952 0.685853
vt 0.622791 0.681969
vt 0.705835 0.697766
vt 0.689747 0.697184
vt 0.662569 0.694651
vt 0.658401 0.693595
vt 0.622594 0.685354
vt 0.705936 0.708090
vt 0.689275 0.706896
vt 0.661466 0.702503
vt 0.657094 0.701257
vt 0.621843 0.688440
vt 0.722896 0.719074
vt 0.705510 0.718631
vt 0.688082 0.716767
vt 0.659541 0.710397
vt 0.654920 0.708908
vt 0.620464 0.691221
vt 0.722803 0.730635
vt 0.704412 0.729668
vt 0.686134 0.727014
vt 0.656456 0.718262
vt 0.651826 0.716543
vt 0.618391 0.693667
vt 0.722298 0.743174
vt 0.702576 0.741541
vt 0.683181 0.737879
vt 0.652299 0.726243
vt 0.647572 0.724260
vt 0.615551 0.695770
vt 0.721292 0.757152
vt 0.699827 0.754640
vt 0.679020 0.749644
vt 0.646817 0.734510
vt 0.642009 0.732163
vt 0.611840 0.697555
vt 0.719661 0.773095
vt 0.695929 0.769395
vt 0.673362 0.762590
vt 0.639713 0.743133
vt 0.634889 0.740274
vt 0.607283 0.699101
vt 0.717231 0.791615
vt 0.690551 0.786279
vt 0.665812 0.776986
vt 0.630645 0.752076
vt 0.625917 0.748520
vt 0.601864 0.700213
vt 0.713756 0.813438
vt 0.683235 0.805815
vt 0.655840 0.793077
vt 0.619227 0.761179
vt 0.614764 0.756725
vt 0.595472 0.700575
vt 0.708892 0.839471
vt 0.673334 0.828597
vt 0.642734 0.811053
vt 0.605071 0.770117
vt 0.601114 0.764570
vt 0.588246 0.700127
vt 0.625557 0.831009
vt 0.584737 0.771600
vt 0.575651 0.695838
vt 0.724718 0.250046
vt 0.576704 0.693501
vt 0.719554 0.250165
vt 0.644845 0.883632
vt 0.738332 0.293597
vt 0.674476 0.877104
vt 0.717932 0.298742
vt 0.688354 0.865813
vt 0.702877 0.299247
vt 0.588760 0.871328
vt 0.775480 0.271239
vt 0.641809 0.884210
vt 0.740107 0.292692
vt 0.642922 0.884114
vt 0.739424 0.293102
vt 0.568446 0.702172
vt 0.745010 0.245411
vt 0.579332 0.868947
vt 0.780331 0.267468
vt 0.535499 0.797615
vt 0.540570 0.566601
vt 0.833631 0.246707
vt 0.569810 0.863871
vt 0.787841 0.262369
vt 0.558531 0.706277
vt 0.561684 0.643627
vt 0.763390 0.237408
vt 0.540830 0.574661
vt 0.839598 0.244199
vt 0.549073 0.581937
vt 0.839598 0.234025
vt 0.547926 0.580310
vt 0.839598 0.236191
vt 0.562934 0.633007
vt 0.775185 0.231935
vt 0.563001 0.636202
vt 0.771097 0.233367
vt 0.562085 0.641950
vt 0.765109 0.236191
vt 0.657473 0.667463
vt 0.900737 0.060320
vt 0.660817 0.670127
vt 0.906165 0.050918
vt 0.635295 0.672713
vt 0.712921 0.074077
vt 0.649687 0.665510
vt 0.879365 0.051488
vt 0.756999 0.051488
vt 0.689774 0.677537
vt 0.561041 0.044237
vt 0.688704 0.676438
vt 0.562975 0.040853
vt 0.661709 0.670752
vt 0.907515 0.048579
vt 0.671276 0.669304
vt 0.891910 0.029759
vt 0.744454 0.029759
vt 0.686917 0.674718
vt 0.706970 0.035167
vt 0.565758 0.035167
vt 0.626671 0.676343
vt 0.686297 0.086488
vt 0.624568 0.678075
vt 0.597401 0.089975
vt 0.675327 0.089975
vt 0.624459 0.678297
vt 0.596871 0.090795
vt 0.632579 0.673655
vt 0.705193 0.078731
vt 0.622616 0.680403
vt 0.593040 0.101307
vt 0.700972 0.686415
vt 0.547549 0.078731
vt 0.701663 0.687429
vt 0.545992 0.081015
vt 0.710651 0.697653
vt 0.534959 0.109408
vt 0.705517 0.692105
vt 0.540428 0.093168
vt 0.720841 0.708111
vt 0.528085 0.141772
vt 0.718557 0.704911
vt 0.531243 0.132844
vt 0.722626 0.710154
vt 0.527277 0.147795
vt 0.725711 0.713087
vt 0.527207 0.157461
vt 0.727871 0.718798
vt 0.528074 0.171216
vt 0.731992 0.730291
vt 0.533968 0.196406
vt 0.730062 0.723152
vt 0.531521 0.181595
vt 0.736071 0.742901
vt 0.543568 0.219631
vt 0.740461 0.757114
vt 0.558121 0.242079
vt 0.740116 0.753780
vt 0.555019 0.236191
vt 0.742911 0.773474
vt 0.576531 0.264023
vt 0.743130 0.772597
vt 0.575367 0.263111
vt 0.739273 0.792378
vt 0.602521 0.276709
vt 0.732645 0.814430
vt 0.630939 0.286152
vt 0.737545 0.802973
vt 0.616495 0.280507
vt 0.725031 0.831722
vt 0.650524 0.290395
vt 0.716862 0.840023
vt 0.663790 0.294277
vt 0.706291 0.851571
vt 0.679090 0.296859
vt 0.579362 0.687025
vt 0.720629 0.236191
vt 0.620889 0.678789
vt 0.603297 0.100187
vt 0.669431 0.100187
vt 0.598567 0.673422
vt 0.713217 0.181807
vt 0.605582 0.672501
vt 0.702498 0.157461
vt 0.575651 0.695838
vt 0.724718 0.250046
vt 0.576704 0.693501
vt 0.719555 0.250165
vt 0.644845 0.883632
vt 0.738332 0.293597
vt 0.674476 0.877104
vt 0.717932 0.298742
vt 0.688354 0.865813
vt 0.702877 0.299247
vt 0.588760 0.871328
vt 0.775480 0.271239
vt 0.641809 0.884210
vt 0.740107 0.292692
vt 0.642922 0.884114
vt 0.739424 0.293102
vt 0.568446 0.702172
vt 0.745009 0.245411
vt 0.579332 0.868947
vt 0.780331 0.267468
vt 0.535499 0.797615
vt 0.540570 0.566601
vt 0.833631 0.246707
vt 0.569810 0.863871
vt 0.787841 0.262369
vt 0.558531 0.706277
vt 0.561684 0.643627
vt 0.763390 0.237408
vt 0.540830 0.574661
vt 0.839598 0.244199
vt 0.549073 0.581937
vt 0.839598 0.234025
vt 0.547926 0.580310
vt 0.839598 0.236191
vt 0.562934 0.633007
vt 0.775184 0.231935
vt 0.563001 0.636202
vt 0.771097 0.233368
vt 0.562085 0.641950
vt 0.765109 0.236191
vt 0.657473 0.667463
vt 0.900736 0.060320
vt 0.660817 0.670127
vt 0.906165 0.050918
vt 0.635295 0.672713
vt 0.712922 0.074077
vt 0.649687 0.665510
vt 0.879365 0.051488
vt 0.756999 0.051488
vt 0.689774 0.677537
vt 0.561040 0.044233
vt 0.688704 0.676438
vt 0.562975 0.040850
vt 0.661709 0.670751
vt 0.907515 0.048579
vt 0.671276 0.669304
vt 0.891910 0.029759
vt 0.744454 0.029759
vt 0.686917 0.674718
vt 0.706970 0.035167
vt 0.565758 0.035167
vt 0.626671 0.676344
vt 0.686297 0.086488
vt 0.624568 0.678075
vt 0.597401 0.089975
vt 0.675327 0.089975
vt 0.624459 0.678297
vt 0.596863 0.090775
vt 0.632580 0.673655
vt 0.705193 0.078731
vt 0.622616 0.680403
vt 0.593034 0.101291
vt 0.700973 0.686415
vt 0.547549 0.078731
vt 0.701663 0.687429
vt 0.545992 0.081015
vt 0.710651 0.697653
vt 0.534959 0.109408
vt 0.705517 0.692105
vt 0.540428 0.093167
vt 0.720841 0.708111
vt 0.528085 0.141772
vt 0.718557 0.704911
vt 0.531243 0.132844
vt 0.722626 0.710154
vt 0.527277 0.147795
vt 0.725711 0.713087
vt 0.527207 0.157461
vt 0.727870 0.718798
vt 0.528074 0.171216
vt 0.731992 0.730291
vt 0.533968 0.196406
vt 0.730062 0.723152
vt 0.531521 0.181595
vt 0.736071 0.742901
vt 0.543568 0.219631
vt 0.740461 0.757114
vt 0.558121 0.242079
vt 0.740116 0.753780
vt 0.555019 0.236191
vt 0.742911 0.773474
vt 0.576532 0.264048
vt 0.743130 0.772597
vt 0.575367 0.263111
vt 0.739273 0.792378
vt 0.602522 0.276724
vt 0.732645 0.814430
vt 0.630939 0.286152
vt 0.737545 0.802973
vt 0.616495 0.280507
vt 0.725031 0.831722
vt 0.650524 0.290395
vt 0.716862 0.840023
vt 0.663790 0.294277
vt 0.706291 0.851571
vt 0.679090 0.296859
vt 0.579362 0.687025
vt 0.720629 0.236191
vt 0.620889 0.678789
vt 0.603297 0.100187
vt 0.669431 0.100187
vt 0.598566 0.673421
vt 0.713217 0.181807
vt 0.605582 0.672501
vt 0.702498 0.157461
vt 0.862724 0.827606
vt 0.368643 0.907880
vt 0.370454 0.907803
vt 0.369161 0.921170
vt 0.927959 0.686559
vt 0.370788 0.921114
vt 0.912440 0.691199
vt 0.372388 0.921075
vt 0.898895 0.692030
vt 0.372242 0.907776
vt 0.831286 0.787799
vt 0.862724 0.827606
vt 0.845212 0.806739
vt 0.831286 0.787799
vt 0.371920 0.904260
vt 0.831286 0.787799
vt 0.862724 0.827606
vt 0.368362 0.904351
vt 0.370155 0.904285
vt 0.862724 0.827606
vt 0.845212 0.806739
vt 0.831286 0.787799
vt 0.831286 0.787799
vt 0.372231 0.895990
vt 0.368627 0.896078
vt 0.862724 0.827606
vt 0.370441 0.895995
vt 0.862724 0.827606
vt 0.845212 0.806739
vt 0.831286 0.787799
vt 0.372196 0.894459
vt 0.831286 0.787799
vt 0.862724 0.827606
vt 0.368578 0.894545
vt 0.370397 0.894413
vt 0.368696 0.893347
vt 0.862724 0.827606
vt 0.370491 0.893189
vt 0.845212 0.806739
vt 0.372263 0.893251
vt 0.831286 0.787799
vt 0.372388 0.893857
vt 0.831286 0.787799
vt 0.862724 0.827606
vt 0.368798 0.893960
vt 0.370605 0.893802
vt 0.365626 0.915047
vt 0.365175 0.917004
vt 0.365371 0.907428
vt 0.363795 0.907421
vt 0.363357 0.915020
vt 0.364583 0.907420
vt 0.364547 0.915000
vt 0.364502 0.917172
vt 0.363830 0.916988
vt 0.856180 0.673528
vt 0.363706 0.899732
vt 0.365764 0.899888
vt 0.859896 0.677702
vt 0.364615 0.899658
vt 0.365526 0.899740
vt 0.853466 0.668986
vt 0.363227 0.898453
vt 0.856180 0.673528
vt 0.363454 0.898403
vt 0.859896 0.677702
vt 0.366018 0.898459
vt 0.364618 0.898372
vt 0.365790 0.898408
vt 0.363467 0.896562
vt 0.853466 0.668986
vt 0.856180 0.673528
vt 0.363625 0.896519
vt 0.365791 0.896546
vt 0.859896 0.677702
vt 0.364609 0.896599
vt 0.365628 0.896497
vt 0.363519 0.896085
vt 0.853466 0.668986
vt 0.856180 0.673528
vt 0.363763 0.895775
vt 0.853466 0.668986
vt 0.365759 0.896044
vt 0.859896 0.677702
vt 0.856180 0.673528
vt 0.364646 0.895857
vt 0.859896 0.677702
vt 0.365520 0.895708
vt 0.915297 0.594755
vt 0.373461 0.905677
vt 0.910241 0.607664
vt 0.372404 0.905716
vt 0.914141 0.585536
vt 0.373404 0.904985
vt 0.915308 0.593461
vt 0.373452 0.905573
vt 0.909161 0.574018
vt 0.372438 0.904709
vt 0.889515 0.554511
vt 0.369533 0.905115
vt 0.902195 0.562927
vt 0.370865 0.905013
vt 0.913763 0.580387
vt 0.373372 0.904563
vt 0.854314 0.534254
vt 0.365493 0.905850
vt 0.847474 0.534211
vt 0.364815 0.905996
vt 0.865391 0.538580
vt 0.366675 0.905574
vt 0.829144 0.537173
vt 0.362741 0.906772
vt 0.842411 0.534109
vt 0.364268 0.906210
vt 0.813919 0.542877
vt 0.360862 0.908051
vt 0.804502 0.552263
vt 0.359572 0.909452
vt 0.810915 0.544309
vt 0.360510 0.908398
vt 0.797682 0.562442
vt 0.358695 0.911048
vt 0.794864 0.567456
vt 0.358426 0.911897
vt 0.793604 0.573052
vt 0.358259 0.912704
vt 0.793003 0.583950
vt 0.358387 0.914375
vt 0.792727 0.580362
vt 0.358268 0.913834
vt 0.794507 0.594298
vt 0.359082 0.915954
vt 0.796413 0.603639
vt 0.360086 0.917283
vt 0.800840 0.612506
vt 0.361528 0.918424
vt 0.796858 0.605409
vt 0.360334 0.917486
vt 0.808898 0.622639
vt 0.363851 0.919467
vt 0.804655 0.618929
vt 0.362831 0.918995
vt 0.826945 0.632684
vt 0.368165 0.920427
vt 0.816801 0.629141
vt 0.365894 0.919876
vt 0.854997 0.636123
vt 0.373461 0.919914
vt 0.859705 0.636286
vt 0.372411 0.919725
vt 0.850162 0.633364
vt 0.373255 0.921317
vt 0.854552 0.635878
vt 0.373442 0.920036
vt 0.851802 0.634491
vt 0.373325 0.920803
vt 0.848711 0.633738
vt 0.372941 0.921211
vt 0.828875 0.633375
vt 0.368607 0.920475
vt 0.861219 0.638090
vt 0.372595 0.918941
vt 0.897768 0.634316
vt 0.372909 0.909333
vt 0.905624 0.625321
vt 0.372686 0.907676
vt 0.876927 0.642186
vt 0.373026 0.913695
vt 0.868656 0.641199
vt 0.372862 0.915999
vt 0.696629 0.457836
vt 0.370781 0.911157
vt 0.370122 0.910974
vt 0.369273 0.910386
vt 0.368727 0.909740
vt 0.655913 0.470558
vt 0.700933 0.481856
vt 0.368391 0.907218
vt 0.368671 0.906469
vt 0.369267 0.905706
vt 0.369830 0.905371
vt 0.665651 0.492935
vt 0.698475 0.468140
vt 0.368315 0.900104
vt 0.695938 0.464637
vt 0.366381 0.900973
vt 0.697807 0.464408
vt 0.689477 0.460071
vt 0.690267 0.461611
vt 0.364010 0.903265
vt 0.363015 0.905069
vt 0.685615 0.461278
vt 0.364959 0.913849
vt 0.666928 0.467116
vt 0.663292 0.470054
vt 0.366541 0.914985
vt 0.663064 0.468323
vt 0.660172 0.480345
vt 0.371310 0.915806
vt 0.658626 0.476793
vt 0.660285 0.475943
vt 0.369484 0.915857
vt 0.691388 0.484854
vt 0.377168 0.902454
vt 0.694845 0.481993
vt 0.375370 0.901005
vt 0.694735 0.483803
vt 0.699756 0.475289
vt 0.698257 0.476099
vt 0.371982 0.899893
vt 0.699087 0.471553
vt 0.369856 0.899900
vt 0.661392 0.483148
vt 0.372413 0.915646
vt 0.664627 0.486514
vt 0.374091 0.914957
vt 0.662936 0.486696
vt 0.675196 0.489938
vt 0.377168 0.911591
vt 0.671849 0.490989
vt 0.670742 0.489521
vt 0.376217 0.913058
vt 0.372281 0.906733
vt 0.371808 0.906085
vt 0.371008 0.905487
vt 0.370352 0.905303
vt 0.371244 0.911100
vt 0.371816 0.910767
vt 0.372453 0.909988
vt 0.372791 0.909215
vt 0.692169 0.459230
vt 0.695505 0.450876
vt 0.703956 0.457505
vt 0.697377 0.462008
vt 0.696629 0.457836
vt 0.655913 0.470558
vt 0.657638 0.474520
vt 0.650435 0.474092
vt 0.652668 0.463322
vt 0.660373 0.469164
vt 0.700185 0.477684
vt 0.707537 0.481386
vt 0.701755 0.486178
vt 0.697068 0.483070
vt 0.700933 0.481856
vt 0.665651 0.492935
vt 0.669516 0.491721
vt 0.667466 0.497261
vt 0.660687 0.495909
vt 0.663927 0.488972
vt 0.364277 0.886194
vt 0.360929 0.910084
vt 0.366318 0.887795
vt 0.364492 0.910502
vt 0.363084 0.917583
vt 0.360691 0.918647
s 1
usemtl Material.002
f 4519/5366/3158 4520/5368/3159 4153/4972/3160
f 4148/4967/3161 4141/4960/3162 4417/5261/3163 4149/4968/3164
f 4149/4968/3164 4417/5261/3163 4418/5262/3165 4150/4969/3166
f 4150/4969/3166 4418/5262/3165 4419/5263/3167 4152/4971/3168
f 4522/5372/3169 4521/5370/3170 4152/4971/3168 4419/5263/3167 4523/5374/3171
f 4144/4963/3172 4139/4958/3173 4140/4959/3174 4145/4964/3175
f 4421/5265/3176 4420/5264/3177 4416/5260/3178 4147/4966/3179
f 4147/4966/3179 4416/5260/3178 4141/4960/3162 4148/4967/3161
f 4525/5378/3180 4524/5376/3181 4166/4987/3182 4526/5380/3183
f 4154/4973/3184 4144/4963/3172 4145/4964/3175 4155/4974/3185
f 4422/5266/3186 4421/5265/3176 4147/4966/3179 4157/4977/3187
f 4157/4977/3187 4147/4966/3179 4148/4967/3161 4158/4978/3188
f 4170/4991/3189 4527/5382/3190 4519/5366/3158 4153/4972/3160
f 4158/4978/3188 4148/4967/3161 4149/4968/3164 4160/4980/3191
f 4160/4980/3191 4149/4968/3164 4150/4969/3166 4161/4981/3192
f 4161/4981/3192 4150/4969/3166 4152/4971/3168 4164/4985/3193
f 4526/5380/3183 4166/4987/3182 4164/4985/3193 4152/4971/3168 4521/5370/3170
f 4179/5004/3194 4160/4980/3191 4161/4981/3192 4182/5009/3195
f 4182/5009/3195 4161/4981/3192 4164/4985/3193 4184/5012/3196
f 4184/5012/3196 4164/4985/3193 4166/4987/3182 4185/5014/3197
f 4528/5384/3198 4186/5016/3199 4185/5014/3197 4166/4987/3182 4524/5376/3181
f 4171/4992/3200 4154/4973/3184 4155/4974/3185 4173/4995/3201
f 4530/5389/3202 4529/5386/3203 4186/5016/3199 4528/5384/3198
f 4423/5268/3204 4422/5266/3186 4157/4977/3187 4174/4996/3205
f 4174/4996/3205 4157/4977/3187 4158/4978/3188 4178/5002/3206
f 4187/5018/3207 4531/5391/3208 4527/5382/3190 4170/4991/3189
f 4178/5002/3206 4158/4978/3188 4160/4980/3191 4179/5004/3194
f 4188/5019/3209 4171/4992/3200 4173/4994/3201 4189/5020/3210
f 4532/5394/3211 4197/5031/3212 4196/5030/3213 4186/5017/3199 4529/5387/3203
f 4424/5269/3214 4423/5267/3204 4174/4997/3205 4190/5021/3215
f 4534/5398/3216 4533/5396/3217 4198/5032/3218 4197/5031/3212 4532/5394/3211
f 4192/5026/3219 4808/5870/3220 4809/5871/3221 4179/5006/3194
f 4535/5400/3222 4536/5402/3223 4537/5404/3224 4531/5392/3208 4187/5018/3207 4199/5033/3225 4198/5032/3218 4533/5396/3217
f 4190/5022/3215 4806/5868/3226 4807/5869/3227 4191/5024/3228
f 4192/5025/3219 4179/5005/3194 4182/5010/3195 4193/5027/3229
f 4193/5027/3229 4182/5010/3195 4184/5013/3196 4194/5028/3230
f 4194/5028/3230 4184/5013/3196 4185/5015/3197 4195/5029/3231
f 4195/5029/3231 4185/5015/3197 4186/5017/3199 4196/5030/3213
f 4209/5043/3232 4202/5036/3233 4786/5848/3234 4787/5849/3235 4794/5856/3236 4795/5857/3237
f 4788/5850/3238 4740/5786/3239 4754/5802/3240 4752/5798/3241 4769/5826/3242 4767/5823/3243 4746/5792/3244 4798/5860/3245 4794/5856/3236 4787/5849/3235
f 4216/5050/3246 4209/5043/3232 4795/5857/3237 4796/5858/3247 4217/5051/3248
f 4203/5037/3249 4195/5029/3231 4196/5030/3213 4204/5038/3250
f 4699/5704/3251 4700/5706/3252 4188/5019/3209 4189/5020/3210
f 4204/5038/3250 4196/5030/3213 4197/5031/3212 4205/5039/3253
f 4200/5034/3254 4701/5708/3255 4702/5710/3256 4424/5269/3214 4190/5021/3215
f 4205/5039/3253 4197/5031/3212 4198/5032/3218 4206/5040/3257
f 4191/5023/3228 4201/5035/3258 4704/5714/3259 4705/5716/3260 4703/5712/3261 4200/5034/3254 4190/5021/3215
f 4206/5040/3257 4198/5032/3218 4199/5033/3225 4207/5041/3262
f 4201/5035/3258 4191/5023/3228 4192/5025/3219 4202/5036/3233
f 4211/5045/3263 4204/5038/3250 4205/5039/3253 4212/5046/3264
f 4706/5718/3265 4701/5708/3255 4200/5034/3254
f 4212/5046/3264 4205/5039/3253 4206/5040/3257 4213/5047/3266
f 4208/5042/3267 4708/5722/3268 4707/5720/3269 4709/5724/3270 4704/5714/3259 4201/5035/3258
f 4200/5034/3254 4703/5712/3261 4706/5718/3265
f 4213/5047/3266 4206/5040/3257 4207/5041/3262 4214/5048/3271
f 4208/5042/3267 4201/5035/3258 4202/5036/3233 4209/5043/3232
f 4803/5865/3272 4790/5852/3273 4791/5853/3274 4203/5037/3249 4210/5044/3275 4802/5864/3276
f 4799/5861/3277 4751/5797/3278 4772/5832/3279 4770/5828/3280 4761/5813/3281 4762/5815/3282 4745/5791/3283 4789/5851/3284 4790/5852/3273 4803/5865/3272
f 4210/5044/3275 4203/5037/3249 4204/5038/3250 4211/5045/3263
f 4218/5052/3285 4801/5863/3286 4802/5864/3276 4210/5044/3275 4219/5053/3287
f 4219/5053/3287 4210/5044/3275 4211/5045/3263 4220/5054/3288
f 4220/5054/3288 4211/5045/3263 4212/5046/3264 4221/5055/3289
f 4221/5055/3289 4212/5046/3264 4213/5047/3266 4222/5056/3290
f 4208/5042/3267 4215/5049/3291 4710/5726/3292 4711/5728/3293 4708/5722/3268
f 4222/5056/3290 4213/5047/3266 4214/5048/3271 4223/5057/3294
f 4215/5049/3291 4208/5042/3267 4209/5043/3232 4216/5050/3246
f 4798/5860/3245 4746/5792/3244 4766/5822/3295 4764/5818/3296 4773/5833/3297 4774/5835/3298 4751/5797/3278 4799/5861/3277 4800/5862/3299 4797/5859/3300
f 4230/5064/3301 4221/5055/3289 4222/5056/3290 4231/5065/3302
f 4224/5058/3303 4712/5730/3304 4710/5726/3292 4215/5049/3291
f 4231/5065/3302 4222/5056/3290 4223/5057/3294 4232/5066/3305
f 4224/5058/3303 4215/5049/3291 4216/5050/3246 4225/5059/3306
f 4225/5059/3306 4216/5050/3246 4217/5051/3248 4226/5060/3307
f 4226/5060/3307 4217/5051/3248 4218/5052/3285 4227/5061/3308
f 4227/5061/3308 4218/5052/3285 4219/5053/3287 4228/5062/3309
f 4228/5062/3309 4219/5053/3287 4220/5054/3288 4229/5063/3310
f 4229/5063/3310 4220/5054/3288 4221/5055/3289 4230/5064/3301
f 4235/5069/3311 4226/5060/3307 4227/5061/3308 4236/5070/3312
f 4236/5070/3312 4227/5061/3308 4228/5062/3309 4237/5071/3313
f 4237/5071/3313 4228/5062/3309 4229/5063/3310 4238/5072/3314
f 4238/5072/3314 4229/5063/3310 4230/5064/3301 4239/5073/3315
f 4239/5073/3315 4230/5064/3301 4231/5065/3302 4240/5074/3316
f 4233/5067/3317 4713/5732/3318 4714/5734/3319 4712/5730/3304 4224/5058/3303
f 4240/5074/3316 4231/5065/3302 4232/5066/3305 4241/5075/3320
f 4233/5067/3317 4224/5058/3303 4225/5059/3306 4234/5068/3321
f 4234/5068/3321 4225/5059/3306 4226/5060/3307 4235/5069/3311
f 4248/5082/3322 4239/5073/3315 4240/5074/3316 4249/5083/3323
f 4242/5076/3324 4715/5736/3325 4713/5732/3318 4233/5067/3317
f 4249/5083/3323 4240/5074/3316 4241/5075/3320 4250/5084/3326
f 4242/5076/3324 4233/5067/3317 4234/5068/3321 4243/5077/3327
f 4243/5077/3327 4234/5068/3321 4235/5069/3311 4244/5078/3328
f 4244/5078/3328 4235/5069/3311 4236/5070/3312 4245/5079/3329
f 4245/5079/3329 4236/5070/3312 4237/5071/3313 4246/5080/3330
f 4246/5080/3330 4237/5071/3313 4238/5072/3314 4247/5081/3331
f 4247/5081/3331 4238/5072/3314 4239/5073/3315 4248/5082/3322
f 4254/5088/3332 4245/5079/3329 4246/5080/3330 4255/5089/3333
f 4255/5089/3333 4246/5080/3330 4247/5081/3331 4256/5090/3334
f 4256/5090/3334 4247/5081/3331 4248/5082/3322 4257/5091/3335
f 4257/5091/3335 4248/5082/3322 4249/5083/3323 4258/5092/3336
f 4251/5085/3337 4717/5740/3338 4716/5738/3339 4715/5736/3325 4242/5076/3324
f 4258/5092/3336 4249/5083/3323 4250/5084/3326 4259/5093/3340
f 4251/5085/3337 4242/5076/3324 4243/5077/3327 4252/5086/3341
f 4252/5086/3341 4243/5077/3327 4244/5078/3328 4253/5087/3342
f 4253/5087/3342 4244/5078/3328 4245/5079/3329 4254/5088/3332
f 4267/5101/3343 4258/5092/3336 4259/5093/3340 4268/5102/3344
f 4260/5094/3345 4251/5085/3337 4252/5086/3341 4261/5095/3346
f 4261/5095/3346 4252/5086/3341 4253/5087/3342 4262/5096/3347
f 4262/5096/3347 4253/5087/3342 4254/5088/3332 4263/5097/3348
f 4263/5097/3348 4254/5088/3332 4255/5089/3333 4264/5098/3349
f 4264/5098/3349 4255/5089/3333 4256/5090/3334 4265/5099/3350
f 4265/5099/3350 4256/5090/3334 4257/5091/3335 4266/5100/3351
f 4266/5100/3351 4257/5091/3335 4258/5092/3336 4267/5101/3343
f 4260/5094/3345 4718/5742/3352 4719/5744/3353 4717/5740/3338 4251/5085/3337
f 4273/5107/3354 4264/5098/3349 4265/5099/3350 4274/5108/3355
f 4274/5108/3355 4265/5099/3350 4266/5100/3351 4275/5109/3356
f 4275/5109/3356 4266/5100/3351 4267/5101/3343 4276/5110/3357
f 4720/5746/3358 4718/5742/3352 4260/5094/3345 4269/5103/3359
f 4276/5110/3357 4267/5101/3343 4268/5102/3344 4277/5111/3360
f 4269/5103/3359 4260/5094/3345 4261/5095/3346 4270/5104/3361
f 4270/5104/3361 4261/5095/3346 4262/5096/3347 4271/5105/3362
f 4271/5105/3362 4262/5096/3347 4263/5097/3348 4272/5106/3363
f 4272/5106/3363 4263/5097/3348 4264/5098/3349 4273/5107/3354
f 4278/5112/3364 4269/5103/3359 4270/5104/3361 4279/5113/3365
f 4279/5113/3365 4270/5104/3361 4271/5105/3362 4280/5114/3366
f 4280/5114/3366 4271/5105/3362 4272/5106/3363 4281/5115/3367
f 4281/5115/3367 4272/5106/3363 4273/5107/3354 4282/5116/3368
f 4282/5116/3368 4273/5107/3354 4274/5108/3355 4283/5117/3369
f 4283/5117/3369 4274/5108/3355 4275/5109/3356 4284/5118/3370
f 4284/5118/3370 4275/5109/3356 4276/5110/3357 4285/5119/3371
f 4721/5748/3372 4720/5746/3358 4269/5103/3359 4278/5112/3364
f 4285/5119/3371 4276/5110/3357 4277/5111/3360 4286/5120/3373
f 4291/5125/3374 4282/5116/3368 4283/5117/3369 4292/5126/3375
f 4292/5126/3375 4283/5117/3369 4284/5118/3370 4293/5127/3376
f 4293/5127/3376 4284/5118/3370 4285/5119/3371 4294/5128/3377
f 4722/5750/3378 4723/5752/3379 4721/5748/3372 4278/5112/3364 4287/5121/3380
f 4294/5128/3377 4285/5119/3371 4286/5120/3373 4295/5129/3381
f 4287/5121/3380 4278/5112/3364 4279/5113/3365 4288/5122/3382
f 4288/5122/3382 4279/5113/3365 4280/5114/3366 4289/5123/3383
f 4289/5123/3383 4280/5114/3366 4281/5115/3367 4290/5124/3384
f 4290/5124/3384 4281/5115/3367 4282/5116/3368 4291/5125/3374
f 4297/5131/3385 4288/5122/3382 4289/5123/3383 4298/5132/3386
f 4298/5132/3386 4289/5123/3383 4290/5124/3384 4299/5133/3387
f 4299/5133/3387 4290/5124/3384 4291/5125/3374 4300/5134/3388
f 4300/5134/3388 4291/5125/3374 4292/5126/3375 4301/5135/3389
f 4301/5135/3389 4292/5126/3375 4293/5127/3376 4302/5136/3390
f 4302/5136/3390 4293/5127/3376 4294/5128/3377 4303/5137/3391
f 4724/5754/3392 4725/5756/3393 4722/5750/3378 4287/5121/3380 4296/5130/3394
f 4303/5137/3391 4294/5128/3377 4295/5129/3381 4304/5138/3395
f 4296/5130/3394 4287/5121/3380 4288/5122/3382 4297/5131/3385
f 4310/5144/3396 4301/5135/3389 4302/5136/3390 4311/5145/3397
f 4311/5145/3397 4302/5136/3390 4303/5137/3391 4312/5146/3398
f 4726/5758/3399 4727/5760/3400 4724/5754/3392 4296/5130/3394 4305/5139/3401
f 4312/5146/3398 4303/5137/3391 4304/5138/3395 4313/5147/3402
f 4305/5139/3401 4296/5130/3394 4297/5131/3385 4306/5140/3403
f 4306/5140/3403 4297/5131/3385 4298/5132/3386 4307/5141/3404
f 4307/5141/3404 4298/5132/3386 4299/5133/3387 4308/5142/3405
f 4308/5142/3405 4299/5133/3387 4300/5134/3388 4309/5143/3406
f 4309/5143/3406 4300/5134/3388 4301/5135/3389 4310/5144/3396
f 4318/5152/3407 4306/5140/3403 4307/5141/3404 4319/5153/3408
f 4319/5153/3408 4307/5141/3404 4308/5142/3405 4320/5154/3409
f 4320/5154/3409 4308/5142/3405 4309/5143/3406 4321/5155/3410
f 4321/5155/3410 4309/5143/3406 4310/5144/3396 4322/5156/3411
f 4729/5764/3412 4728/5762/3413 4315/5149/3414 4314/5148/3415
f 4322/5156/3411 4310/5144/3396 4311/5145/3397 4323/5157/3416
f 4731/5768/3417 4732/5770/3418 4730/5766/3419 4316/5150/3420 4425/5270/3421
f 4323/5157/3416 4311/5145/3397 4312/5146/3398 4324/5158/3422
f 4316/5150/3420 4730/5766/3419 4733/5772/3423 4734/5774/3424 4726/5758/3399 4305/5139/3401 4317/5151/3425
f 4324/5158/3422 4312/5146/3398 4313/5147/3402 4325/5159/3426
f 4317/5151/3425 4305/5139/3401 4306/5140/3403 4318/5152/3407
f 4334/5168/3427 4322/5156/3411 4323/5157/3416 4335/5169/3428
f 4426/5271/3429 4425/5270/3421 4316/5150/3420 4328/5162/3430
f 4538/5406/3431 4539/5408/3432 4335/5169/3428 4323/5157/3416 4324/5158/3422
f 4328/5162/3430 4316/5150/3420 4317/5151/3425 4329/5163/3433
f 4541/5412/3434 4538/5406/3431 4324/5158/3422 4325/5159/3426 4336/5170/3435 4540/5410/3436
f 4329/5163/3433 4317/5151/3425 4318/5152/3407 4330/5164/3437
f 4330/5164/3437 4318/5152/3407 4319/5153/3408 4331/5165/3438
f 4331/5165/3438 4319/5153/3408 4320/5154/3409 4332/5166/3439
f 4332/5166/3439 4320/5154/3409 4321/5155/3410 4333/5167/3440
f 4333/5167/3440 4321/5155/3410 4322/5156/3411 4334/5168/3427
f 4326/5160/3441 4314/5148/3415 4315/5149/3414 4327/5161/3442
f 4342/5176/3443 4331/5165/3438 4332/5166/3439 4343/5177/3444
f 4343/5177/3444 4332/5166/3439 4333/5167/3440 4344/5178/3445
f 4543/5417/3446 4542/5415/3447 4344/5178/3445 4333/5167/3440 4334/5168/3427
f 4337/5171/3448 4326/5160/3441 4327/5161/3442 4338/5172/3449
f 4545/5421/3450 4546/5424/3451 4543/5417/3446 4334/5168/3427 4335/5169/3428 4544/5419/3452
f 4427/5272/3453 4426/5271/3429 4328/5162/3430 4339/5173/3454
f 4335/5169/3428 4539/5408/3432 4544/5419/3452
f 4339/5173/3454 4328/5162/3430 4329/5163/3433 4340/5174/3455
f 4548/5429/3456 4547/5427/3457 4550/5434/3458 4540/5410/3436 4336/5170/3435 4345/5179/3459 4549/5432/3460
f 4340/5174/3455 4329/5163/3433 4330/5164/3437 4341/5175/3461
f 4341/5175/3461 4330/5164/3437 4331/5165/3438 4342/5176/3443
f 4348/5182/3462 4339/5173/3454 4340/5174/3455 4349/5183/3463
f 4551/5436/3464 4549/5432/3460 4345/5179/3459
f 4349/5183/3463 4340/5174/3455 4341/5175/3461 4350/5184/3465
f 4350/5184/3465 4341/5175/3461 4342/5176/3443 4351/5185/3466
f 4351/5185/3466 4342/5176/3443 4343/5177/3444 4352/5186/3467
f 4352/5186/3467 4343/5177/3444 4344/5178/3445 4353/5187/3468
f 4552/5438/3469 4553/5440/3470 4353/5187/3468 4344/5178/3445 4542/5415/3447
f 4346/5180/3471 4337/5171/3448 4338/5172/3449 4347/5181/3472
f 4428/5273/3473 4427/5272/3453 4339/5173/3454 4348/5182/3462
f 4555/5444/3474 4554/5442/3475 4360/5194/3476 4352/5186/3467 4353/5187/3468
f 4553/5440/3470 4555/5444/3474 4353/5187/3468
f 4354/5188/3477 4346/5180/3471 4347/5181/3472 4355/5189/3478
f 4429/5274/3479 4428/5273/3473 4348/5182/3462 4356/5190/3480
f 4356/5190/3480 4348/5182/3462 4349/5183/3463 4357/5191/3481
f 4357/5191/3481 4349/5183/3463 4350/5184/3465 4358/5192/3482
f 4358/5192/3482 4350/5184/3465 4351/5185/3466 4359/5193/3483
f 4359/5193/3483 4351/5185/3466 4352/5186/3467 4360/5194/3476
f 4363/5198/3484 4356/5190/3480 4357/5191/3481 4364/5200/3485
f 4364/5200/3485 4357/5191/3481 4358/5192/3482 4365/5203/3486
f 4365/5203/3486 4358/5192/3482 4359/5193/3483 4366/5204/3487
f 4366/5204/3487 4359/5193/3483 4360/5194/3476 4367/5205/3488
f 4557/5448/3489 4556/5446/3490 4367/5205/3488 4360/5194/3476 4554/5442/3475
f 4361/5195/3491 4354/5188/3477 4355/5189/3478 4362/5196/3492
f 4430/5275/3493 4429/5274/3479 4356/5190/3480 4363/5198/3484
f 4556/5446/3490 4558/5450/3494 4367/5205/3488
f 4368/5206/3495 4361/5195/3491 4362/5196/3492 4369/5207/3496
f 4431/5276/3497 4430/5275/3493 4363/5198/3484 4370/5208/3498
s 0
f 4372/5212/3499 4674/5669/3499 4675/5670/3499 4365/5202/3499
f 4365/5202/3500 4675/5670/3500 4671/5666/3500 4364/5201/3500
s 1
f 4372/5211/3501 4365/5203/3486 4366/5204/3487 4373/5213/3502
f 4559/5452/3503 4560/5454/3504 4373/5213/3502 4366/5204/3487 4367/5205/3488 4558/5450/3494
s 0
f 4364/5201/3505 4671/5666/3505 4670/5665/3505 4363/5197/3505
s 1
f 4378/5221/3506 4372/5211/3501 4373/5213/3502 4379/5223/3507
f 4562/5458/3508 4561/5456/3509 4379/5223/3507 4373/5213/3502 4560/5454/3504
f 4374/5214/3510 4368/5206/3495 4369/5207/3496 4375/5215/3511
f 4432/5277/3512 4431/5276/3497 4370/5208/3498 4376/5216/3513
s 0
f 4378/5222/3514 4668/5663/3514 4674/5669/3514 4372/5212/3514
s 1
f 4380/5224/3515 4374/5214/3510 4375/5215/3511 4381/5225/3516
f 4433/5278/3517 4432/5277/3512 4376/5216/3513 4382/5226/3518
f 4382/5226/3518 4376/5216/3513 4377/5219/3519 4383/5227/3520
f 4383/5227/3520 4377/5219/3519 4378/5221/3506 4384/5228/3521
f 4384/5228/3521 4378/5221/3506 4379/5223/3507 4385/5229/3522
f 4379/5223/3507 4561/5456/3509 4563/5460/3523 4385/5229/3522
f 4389/5233/3524 4383/5227/3520 4384/5228/3521 4390/5234/3525
f 4390/5234/3525 4384/5228/3521 4385/5229/3522 4391/5235/3526
f 4565/5464/3527 4564/5462/3528 4391/5235/3526 4385/5229/3522 4563/5460/3523
f 4386/5230/3529 4380/5224/3515 4381/5225/3516 4387/5231/3530
f 4434/5279/3531 4433/5278/3517 4382/5226/3518 4388/5232/3532
f 4388/5232/3532 4382/5226/3518 4383/5227/3520 4389/5233/3524
f 4392/5236/3533 4386/5230/3529 4387/5231/3530 4393/5237/3534
f 4435/5280/3535 4434/5279/3531 4388/5232/3532 4394/5238/3536
f 4394/5238/3536 4388/5232/3532 4389/5233/3524 4395/5239/3537
f 4395/5239/3537 4389/5233/3524 4390/5234/3525 4396/5240/3538
f 4396/5240/3538 4390/5234/3525 4391/5235/3526 4397/5241/3539
f 4567/5468/3540 4566/5466/3541 4397/5241/3539 4391/5235/3526 4564/5462/3528
f 4402/5246/3542 4396/5240/3538 4397/5241/3539 4403/5247/3543
f 4397/5241/3539 4566/5466/3541 4568/5470/3544 4403/5247/3543
f 4398/5242/3545 4392/5236/3533 4393/5237/3534 4399/5243/3546
f 4436/5281/3547 4435/5280/3535 4394/5238/3536 4400/5244/3548
f 4400/5244/3548 4394/5238/3536 4395/5239/3537 4401/5245/3549
f 4401/5245/3549 4395/5239/3537 4396/5240/3538 4402/5246/3542
f 4437/5282/3550 4436/5281/3547 4400/5244/3548 4406/5250/3551
f 4406/5250/3551 4400/5244/3548 4401/5245/3549 4407/5251/3552
f 4407/5251/3552 4401/5245/3549 4402/5246/3542 4408/5252/3553
f 4408/5252/3553 4402/5246/3542 4403/5247/3543 4409/5253/3554
f 4570/5474/3555 4569/5472/3556 4409/5253/3554 4403/5247/3543 4568/5470/3544
f 4404/5248/3557 4398/5242/3545 4399/5243/3546 4405/5249/3558
f 4571/5476/3559 4572/5478/3560 4415/5259/3561 4409/5253/3554 4569/5472/3556
f 4410/5254/3562 4404/5248/3557 4405/5249/3558 4411/5255/3563
f 4438/5283/3564 4437/5282/3550 4406/5250/3551 4412/5256/3565
s 0
f 4412/5256/3566 4640/5622/3566 4639/5620/3566 4416/5260/3566
s 1
f 4413/5257/3567 4407/5251/3552 4408/5252/3553 4414/5258/3568
f 4414/5258/3568 4408/5252/3553 4409/5253/3554 4415/5259/3561
f 4141/4960/3162 4413/5257/3567 4414/5258/3568 4417/5261/3163
f 4417/5261/3163 4414/5258/3568 4415/5259/3561 4418/5262/3165
f 4573/5480/3569 4419/5263/3167 4418/5262/3165 4415/5259/3561 4572/5478/3560
f 4573/5480/3569 4523/5374/3171 4419/5263/3167
f 4139/4958/3173 4410/5254/3562 4411/5255/3563 4140/4959/3174
f 4420/5264/3177 4438/5283/3564 4412/5256/3565 4416/5260/3178
f 4642/5625/3570 4646/5630/3571 4648/5634/3572 4638/5618/3573
f 4700/5706/3252 4737/5780/3574 4736/5778/3575 4738/5782/3576 4739/5784/3577 4735/5776/3578 4729/5764/3412 4314/5148/3415 4326/5160/3441 4337/5171/3448 4346/5180/3471 4354/5188/3477 4361/5195/3491 4368/5206/3495 4374/5214/3510 4380/5224/3515 4386/5230/3529 4392/5236/3533 4398/5242/3545 4404/5248/3557 4410/5254/3562 4139/4958/3173 4144/4963/3172 4154/4973/3184 4171/4992/3200 4188/5019/3209
f 4574/5482/3579 4576/5487/3580 4577/5489/3581 4575/5484/3582 4551/5436/3464 4345/5179/3459 4336/5170/3435 4325/5159/3426 4313/5147/3402 4304/5138/3395 4295/5129/3381 4286/5120/3373 4277/5111/3360 4268/5102/3344 4259/5093/3340 4250/5084/3326 4241/5075/3320 4232/5066/3305 4223/5057/3294 4214/5048/3271 4207/5041/3262 4199/5033/3225 4187/5018/3207 4170/4991/3189 4153/4972/3160 4520/5368/3159
f 4140/4959/3174 4411/5255/3563 4438/5283/3564 4420/5264/3177
f 4411/5255/3563 4405/5249/3558 4437/5282/3550 4438/5283/3564
f 4405/5249/3558 4399/5243/3546 4436/5281/3547 4437/5282/3550
f 4399/5243/3546 4393/5237/3534 4435/5280/3535 4436/5281/3547
f 4393/5237/3534 4387/5231/3530 4434/5279/3531 4435/5280/3535
f 4387/5231/3530 4381/5225/3516 4433/5278/3517 4434/5279/3531
f 4381/5225/3516 4375/5215/3511 4432/5277/3512 4433/5278/3517
f 4375/5215/3511 4369/5207/3496 4431/5276/3497 4432/5277/3512
f 4369/5207/3496 4362/5196/3492 4430/5275/3493 4431/5276/3497
f 4362/5196/3492 4355/5189/3478 4429/5274/3479 4430/5275/3493
f 4355/5189/3478 4347/5181/3472 4428/5273/3473 4429/5274/3479
f 4347/5181/3472 4338/5172/3449 4427/5272/3453 4428/5273/3473
f 4338/5172/3449 4327/5161/3442 4426/5271/3429 4427/5272/3453
f 4327/5161/3442 4315/5149/3414 4425/5270/3421 4426/5271/3429
f 4728/5762/3413 4731/5768/3417 4425/5270/3421 4315/5149/3414
f 4702/5710/3256 4699/5704/3251 4189/5020/3210 4424/5269/3214
f 4189/5020/3210 4173/4994/3201 4423/5267/3204 4424/5269/3214
f 4173/4995/3201 4155/4974/3185 4422/5266/3186 4423/5268/3204
f 4155/4974/3185 4145/4964/3175 4421/5265/3176 4422/5266/3186
f 4145/4964/3175 4140/4959/3174 4420/5264/3177 4421/5265/3176
f 4578/5491/3583 4445/5290/3584 4518/5365/3585 4441/5286/3586 4579/5493/3587
f 4582/5499/3588 4439/5284/3589 4442/5287/3590 4580/5495/3591 4581/5497/3592
f 4442/5287/3590 4439/5284/3589 4517/5364/3593 4443/5288/3594
f 4443/5288/3594 4517/5364/3593 4440/5285/3595 4444/5289/3596
f 4444/5289/3596 4440/5285/3595 4518/5365/3585 4445/5290/3584
f 4584/5503/3597 4585/5505/3598 4442/5287/3590 4443/5288/3594 4446/5291/3599 4583/5501/3600
f 4446/5291/3599 4443/5288/3594 4444/5289/3596 4447/5292/3601
f 4447/5292/3601 4444/5289/3596 4445/5290/3584 4448/5293/3602
f 4578/5491/3583 4586/5507/3603 4448/5293/3602 4445/5290/3584
f 4585/5505/3598 4580/5495/3591 4442/5287/3590
f 4587/5509/3604 4583/5501/3600 4446/5291/3599
f 4589/5514/3605 4587/5509/3604 4446/5291/3599 4447/5292/3601 4449/5294/3606 4588/5511/3607
f 4449/5294/3606 4447/5292/3601 4448/5293/3602 4450/5296/3608
f 4586/5507/3603 4590/5516/3609 4450/5296/3608 4448/5293/3602
f 4591/5519/3610 4588/5512/3607 4449/5295/3606
f 4593/5523/3611 4591/5519/3610 4449/5295/3606 4450/5297/3608 4592/5521/3612
f 4595/5527/3613 4594/5525/3614 4592/5521/3612 4450/5297/3608 4590/5517/3609 4596/5529/3615
f 4598/5533/3616 4597/5531/3617 4451/5298/3618
f 4451/5298/3618 4597/5531/3617 4600/5537/3619 4599/5535/3620
f 4601/5540/3621 4602/5542/3622 4452/5299/3623
f 4605/5549/3624 4604/5546/3625 4603/5544/3626 4453/5300/3627 4452/5299/3623 4602/5542/3622
f 4453/5300/3627 4603/5544/3626 4598/5533/3616 4451/5298/3618 4454/5301/3628
f 4608/5557/3629 4454/5301/3628 4451/5298/3618 4599/5535/3620 4609/5559/3630 4606/5552/3631 4607/5554/3632
f 4456/5303/3633 4453/5300/3627 4454/5301/3628 4457/5304/3634
f 4608/5557/3629 4610/5561/3635 4458/5305/3636 4457/5304/3634 4454/5301/3628
f 4612/5565/3637 4611/5563/3638 4601/5540/3621 4452/5299/3623 4455/5302/3639
f 4455/5302/3639 4452/5299/3623 4453/5300/3627 4456/5303/3633
f 4613/5567/3640 4614/5569/3641 4459/5306/3642
f 4612/5565/3637 4455/5302/3639 4460/5307/3643 4459/5306/3642 4614/5569/3641
f 4460/5307/3643 4455/5302/3639 4456/5303/3633 4461/5308/3644
f 4461/5308/3644 4456/5303/3633 4457/5304/3634 4462/5309/3645
f 4462/5309/3645 4457/5304/3634 4458/5305/3636 4463/5310/3646
f 4467/5314/3647 4462/5309/3645 4463/5310/3646 4468/5315/3648
f 4616/5573/3649 4613/5567/3640 4459/5306/3642 4464/5311/3650 4615/5571/3651
f 4464/5311/3650 4459/5306/3642 4460/5307/3643 4465/5312/3652
f 4465/5312/3652 4460/5307/3643 4461/5308/3644 4466/5313/3653
f 4466/5313/3653 4461/5308/3644 4462/5309/3645 4467/5314/3647
f 4615/5571/3651 4464/5311/3650 4470/5317/3654 4469/5316/3655 4617/5575/3656
f 4470/5317/3654 4464/5311/3650 4465/5312/3652 4471/5318/3657
f 4471/5318/3657 4465/5312/3652 4466/5313/3653 4472/5319/3658
f 4472/5319/3658 4466/5313/3653 4467/5314/3647 4473/5320/3659
f 4473/5320/3659 4467/5314/3647 4468/5315/3648 4474/5321/3660
f 4619/5579/3661 4618/5577/3662 4617/5575/3656 4469/5316/3655
f 4479/5326/3663 4473/5320/3659 4474/5321/3660 4480/5327/3664
f 4621/5583/3665 4619/5579/3661 4469/5316/3655 4475/5322/3666 4620/5581/3667
f 4475/5322/3666 4469/5316/3655 4470/5317/3654 4476/5323/3668
f 4476/5323/3668 4470/5317/3654 4471/5318/3657 4477/5324/3669
f 4477/5324/3669 4471/5318/3657 4472/5319/3658 4478/5325/3670
f 4478/5325/3670 4472/5319/3658 4473/5320/3659 4479/5326/3663
f 4482/5329/3671 4476/5323/3668 4477/5324/3669 4483/5330/3672
f 4483/5330/3672 4477/5324/3669 4478/5325/3670 4484/5331/3673
f 4484/5331/3673 4478/5325/3670 4479/5326/3663 4485/5332/3674
f 4485/5332/3674 4479/5326/3663 4480/5327/3664 4486/5333/3675
f 4622/5585/3676 4620/5581/3667 4475/5322/3666 4481/5328/3677
f 4481/5328/3677 4475/5322/3666 4476/5323/3668 4482/5329/3671
f 4624/5589/3678 4622/5585/3676 4481/5328/3677 4487/5334/3679 4623/5587/3680
f 4487/5334/3679 4481/5328/3677 4482/5329/3671 4488/5335/3681
f 4488/5335/3681 4482/5329/3671 4483/5330/3672 4489/5336/3682
f 4489/5336/3682 4483/5330/3672 4484/5331/3673 4490/5337/3683
f 4490/5337/3683 4484/5331/3673 4485/5332/3674 4491/5338/3684
f 4491/5338/3684 4485/5332/3674 4486/5333/3675 4492/5339/3685
f 4494/5341/3686 4488/5335/3681 4489/5336/3682 4495/5342/3687
f 4495/5342/3687 4489/5336/3682 4490/5337/3683 4496/5343/3688
f 4496/5343/3688 4490/5337/3683 4491/5338/3684 4497/5344/3689
f 4497/5344/3689 4491/5338/3684 4492/5339/3685 4498/5345/3690
f 4626/5593/3691 4623/5587/3680 4487/5334/3679 4493/5340/3692 4625/5591/3693
f 4493/5340/3692 4487/5334/3679 4488/5335/3681 4494/5341/3686
f 4499/5346/3694 4627/5595/3695 4625/5591/3693 4493/5340/3692
f 4499/5346/3694 4493/5340/3692 4494/5341/3686 4500/5347/3696
f 4500/5347/3696 4494/5341/3686 4495/5342/3687 4501/5348/3697
f 4501/5348/3697 4495/5342/3687 4496/5343/3688 4502/5349/3698
f 4502/5349/3698 4496/5343/3688 4497/5344/3689 4503/5350/3699
f 4503/5350/3699 4497/5344/3689 4498/5345/3690 4504/5351/3700
f 4507/5354/3701 4501/5348/3697 4502/5349/3698 4508/5355/3702
f 4508/5355/3702 4502/5349/3698 4503/5350/3699 4509/5356/3703
f 4509/5356/3703 4503/5350/3699 4504/5351/3700 4510/5357/3704
f 4628/5597/3705 4629/5599/3706 4627/5595/3695 4499/5346/3694 4505/5352/3707
f 4505/5352/3707 4499/5346/3694 4500/5347/3696 4506/5353/3708
f 4506/5353/3708 4500/5347/3696 4501/5348/3697 4507/5354/3701
f 4631/5603/3709 4630/5601/3710 4628/5597/3705 4505/5352/3707 4511/5358/3711
f 4511/5358/3711 4505/5352/3707 4506/5353/3708 4512/5359/3712
f 4512/5359/3712 4506/5353/3708 4507/5354/3701 4513/5360/3713
f 4513/5360/3713 4507/5354/3701 4508/5355/3702 4514/5361/3714
f 4514/5361/3714 4508/5355/3702 4509/5356/3703 4515/5362/3715
f 4515/5362/3715 4509/5356/3703 4510/5357/3704 4516/5363/3716
f 4632/5605/3717 4631/5603/3709 4511/5358/3711
f 4632/5605/3717 4511/5358/3711 4512/5359/3712 4439/5284/3589 4582/5499/3588
f 4439/5284/3589 4512/5359/3712 4513/5360/3713 4517/5364/3593
f 4517/5364/3593 4513/5360/3713 4514/5361/3714 4440/5285/3595
f 4440/5285/3595 4514/5361/3714 4515/5362/3715 4518/5365/3585
f 4518/5365/3585 4515/5362/3715 4516/5363/3716 4441/5286/3586
f 4634/5609/3718 4636/5614/3719 4635/5612/3720 4633/5607/3721 4579/5493/3587 4441/5286/3586 4516/5363/3716 4510/5357/3704 4504/5351/3700 4498/5345/3690 4492/5339/3685 4486/5333/3675 4480/5327/3664 4474/5321/3660 4468/5315/3648 4463/5310/3646 4458/5305/3636 4610/5561/3635
s 0
f 4640/5621/3769 4641/5623/3769 4642/5625/3769 4638/5618/3769
f 4639/5619/3770 4640/5621/3770 4638/5618/3770 4637/5617/3770
f 4407/5251/3771 4642/5626/3771 4641/5624/3771 4406/5250/3771
f 4406/5250/3772 4641/5624/3772 4640/5622/3772 4412/5256/3772
f 4416/5260/3502 4639/5620/3502 4637/5616/3502 4141/4960/3502
s 1
f 4413/5257/3567 4644/5628/3773 4645/5629/3774 4407/5251/3552
f 4646/5630/3571 4652/5639/3775 4654/5642/3776 4648/5634/3572
s 0
f 4647/5632/3777 4653/5641/3777 4649/5635/3777 4643/5627/3777
s 1
f 4141/4960/3162 4643/5627/3778 4644/5628/3773 4413/5257/3567
s 0
f 4407/5251/3779 4645/5629/3779 4646/5631/3779 4642/5626/3779
s 1
f 4637/5616/3780 4647/5632/3781 4643/5627/3778 4141/4960/3162
f 4638/5618/3573 4648/5634/3572 4647/5633/3781 4637/5617/3780
f 4654/5642/3776 4660/5650/3782 4659/5649/3783 4653/5640/3784
f 4649/5635/3785 4655/5643/3786 4656/5644/3787 4650/5636/3788
f 4644/5628/3773 4650/5636/3788 4651/5637/3789 4645/5629/3774
f 4643/5627/3778 4649/5635/3785 4650/5636/3788 4644/5628/3773
f 4648/5634/3572 4654/5642/3776 4653/5640/3784 4647/5633/3781
s 0
f 4645/5629/3790 4651/5637/3790 4652/5638/3790 4646/5631/3790
s 1
f 4658/5646/3791 4664/5657/3792 4666/5661/3793 4660/5650/3782
s 0
f 4659/5648/3794 4665/5659/3794 4661/5652/3794 4655/5643/3794
f 4651/5637/3795 4657/5645/3795 4658/5647/3795 4652/5638/3795
f 4653/5641/3796 4659/5648/3796 4655/5643/3796 4649/5635/3796
s 1
f 4652/5639/3775 4658/5646/3791 4660/5650/3782 4654/5642/3776
f 4650/5636/3788 4656/5644/3787 4657/5645/3797 4651/5637/3789
f 4662/5653/3798 4666/5661/3793 4664/5657/3792 4663/5655/3799
f 4661/5651/3800 4665/5660/3801 4666/5661/3793 4662/5653/3798
f 4656/5644/3787 4662/5654/3798 4663/5656/3799 4657/5645/3797
f 4655/5643/3786 4661/5652/3800 4662/5654/3798 4656/5644/3787
f 4660/5650/3782 4666/5661/3793 4665/5660/3801 4659/5649/3783
s 0
f 4657/5645/3802 4663/5656/3802 4664/5658/3802 4658/5647/3802
f 4672/5667/3803 4670/5665/3803 4671/5666/3803 4673/5668/3803
f 4673/5668/3804 4671/5666/3804 4675/5670/3804 4674/5669/3804
f 4667/5662/3805 4673/5668/3805 4674/5669/3805 4668/5663/3805
f 4669/5664/3806 4672/5667/3806 4673/5668/3806 4667/5662/3806
s 1
f 4370/5208/3498 4676/5671/3807 4678/5674/3808 4376/5216/3513
f 4363/5198/3484 4371/5210/3809 4676/5671/3807 4370/5208/3498
s 0
f 4377/5220/3810 4667/5662/3810 4668/5663/3810 4378/5222/3810
f 4376/5217/3811 4669/5664/3811 4667/5662/3811 4377/5220/3811
f 4677/5672/3812 4683/5680/3812 4681/5678/3812 4371/5209/3812
f 4679/5675/3813 4685/5683/3813 4683/5680/3813 4677/5672/3813
f 4669/5664/3814 4680/5676/3814 4679/5675/3814 4672/5667/3814
f 4670/5665/3815 4677/5672/3815 4371/5209/3815 4363/5199/3815
f 4376/5218/3816 4678/5673/3816 4680/5676/3816 4669/5664/3816
f 4672/5667/3817 4679/5675/3817 4677/5672/3817 4670/5665/3817
s 1
f 4682/5679/3818 4688/5687/3819 4690/5690/3820 4684/5681/3821
s 0
f 4686/5684/3822 4692/5692/3822 4691/5691/3822 4685/5683/3822
f 4678/5673/3823 4684/5682/3823 4686/5684/3823 4680/5676/3823
f 4680/5676/3824 4686/5684/3824 4685/5683/3824 4679/5675/3824
s 1
f 4676/5671/3807 4682/5679/3818 4684/5681/3821 4678/5674/3808
f 4371/5210/3809 4681/5677/3825 4682/5679/3818 4676/5671/3807
s 0
f 4689/5688/3826 4695/5696/3826 4693/5693/3826 4687/5685/3826
f 4691/5691/3827 4697/5701/3827 4695/5696/3827 4689/5688/3827
s 1
f 4681/5677/3825 4687/5686/3828 4688/5687/3819 4682/5679/3818
s 0
f 4685/5683/3829 4691/5691/3829 4689/5688/3829 4683/5680/3829
f 4683/5680/3812 4689/5688/3812 4687/5685/3812 4681/5678/3812
f 4684/5682/3823 4690/5689/3823 4692/5692/3823 4686/5684/3823
s 1
f 4693/5694/3830 4695/5697/3831 4697/5700/3832 4694/5695/3833
f 4694/5695/3833 4697/5700/3832 4698/5702/3834 4696/5699/3835
s 0
f 4690/5689/3836 4696/5698/3836 4698/5703/3836 4692/5692/3836
f 4692/5692/3837 4698/5703/3837 4697/5701/3837 4691/5691/3837
s 1
f 4688/5687/3819 4694/5695/3833 4696/5699/3835 4690/5690/3820
f 4687/5686/3828 4693/5694/3830 4694/5695/3833 4688/5687/3819
f 4785/5847/3845 4193/5027/3229 4194/5028/3230 4792/5854/3846 4793/5855/3847 4784/5846/3848
f 4202/5036/3233 4192/5025/3219 4193/5027/3229 4785/5847/3845 4786/5848/3234
f 4746/5792/3244 4767/5823/3243 4768/5824/3849 4765/5820/3850 4766/5822/3295
f 4772/5832/3279 4751/5797/3278 4774/5835/3298 4775/5836/3851 4771/5830/3852
f 4757/5806/3853 4747/5793/3854 4748/5794/3855 4756/5805/3856
f 4792/5854/3846 4194/5028/3230 4195/5029/3231 4203/5037/3249 4791/5853/3274
f 4217/5051/3248 4796/5858/3247 4797/5859/3300 4800/5862/3299 4801/5863/3286 4218/5052/3285
f 4779/5841/3857 4750/5796/3858 4749/5795/3859 4748/5794/3855 4747/5793/3854 4744/5790/3860 4743/5789/3861 4742/5788/3862 4741/5787/3863 4780/5842/3864 4781/5843/3865 4782/5844/3866 4783/5845/3867 4776/5838/3868 4777/5839/3869 4778/5840/3870
f 4760/5812/3871 4745/5791/3283 4762/5815/3282 4763/5816/3872 4759/5810/3873
f 4752/5798/3241 4754/5802/3240 4753/5800/3874
f 4755/5803/3875 4757/5807/3853 4756/5804/3856
f 4758/5809/3876 4760/5812/3871 4759/5810/3873
f 4761/5813/3281 4763/5816/3872 4762/5815/3282
f 4764/5818/3296 4766/5822/3295 4765/5820/3850
f 4767/5823/3243 4769/5826/3242 4768/5824/3849
f 4770/5828/3280 4772/5832/3279 4771/5830/3852
f 4773/5833/3297 4775/5836/3851 4774/5835/3298
f 4740/5786/3239 4755/5803/3875 4756/5804/3856 4753/5800/3874 4754/5802/3240
f 4765/5821/3850 4777/5839/3869 4776/5838/3868 4764/5819/3296
f 4768/5825/3849 4778/5840/3870 4777/5839/3869 4765/5821/3850
f 4773/5834/3297 4783/5845/3867 4782/5844/3866 4775/5837/3851
f 4764/5819/3296 4776/5838/3868 4783/5845/3867 4773/5834/3297
f 4759/5811/3873 4743/5789/3861 4744/5790/3860 4758/5808/3876
f 4775/5837/3851 4782/5844/3866 4781/5843/3865 4771/5831/3852
f 4753/5801/3874 4749/5795/3859 4750/5796/3858 4752/5799/3241
f 4770/5829/3280 4780/5842/3864 4741/5787/3863 4761/5814/3281
f 4761/5814/3281 4741/5787/3863 4742/5788/3862 4763/5817/3872
f 4769/5827/3242 4779/5841/3857 4778/5840/3870 4768/5825/3849
f 4763/5817/3872 4742/5788/3862 4743/5789/3861 4759/5811/3873
f 4758/5808/3876 4744/5790/3860 4747/5793/3854 4757/5806/3853
f 4756/5805/3856 4748/5794/3855 4749/5795/3859 4753/5801/3874
f 4771/5831/3852 4781/5843/3865 4780/5842/3864 4770/5829/3280
f 4752/5799/3241 4750/5796/3858 4779/5841/3857 4769/5827/3242
f 4784/5846/3848 4788/5850/3238 4787/5849/3235 4786/5848/3234 4785/5847/3845
f 4789/5851/3284 4793/5855/3847 4792/5854/3846 4791/5853/3274 4790/5852/3273
f 4794/5856/3236 4798/5860/3245 4797/5859/3300 4796/5858/3247 4795/5857/3237
f 4799/5861/3277 4803/5865/3272 4802/5864/3276 4801/5863/3286 4800/5862/3299
f 4789/5851/3284 4745/5791/3283 4760/5812/3871 4758/5809/3876 4757/5807/3853 4755/5803/3875 4740/5786/3239 4788/5850/3238 4784/5846/3848 4793/5855/3847
f 4806/5868/3226 4804/5866/3877 4805/5867/3878 4807/5869/3227
f 4807/5869/3227 4805/5867/3878 4809/5871/3221 4808/5870/3220
f 4191/5024/3228 4807/5869/3227 4808/5870/3220 4192/5026/3219
f 4179/5006/3194 4809/5871/3221 4805/5867/3878 4178/5003/3206
f 4174/4998/3205 4804/5866/3877 4806/5868/3226 4190/5022/3215
f 4178/5003/3206 4805/5867/3878 4804/5866/3877 4174/4998/3205
s 0
usemtl 
f 4545/5422/3722 4544/5420/3722 4539/5409/3722 4538/5407/3722 4541/5413/3722
f 4546/5425/3723 4545/5423/3723 4541/5414/3723 4540/5411/3723 4550/5435/3723 4156/4976/3723
f 4552/5439/3724 4542/5416/3724 4543/5418/3724 4546/5426/3724 4156/4975/3724
f 4577/5490/3725 4576/5488/3725 4167/4988/3725 4142/4961/3725
f 4562/5459/3726 4560/5455/3726 4559/5453/3726 4159/4979/3726
f 4535/5401/3727 4533/5397/3727 4534/5399/3727 4169/4990/3727
f 4142/4961/3728 4167/4988/3728 4172/4993/3728
f 4568/5471/3729 4566/5467/3729 4567/5469/3729 4172/4993/3729 4570/5475/3729
f 4571/5477/3730 4569/5473/3730 4570/5475/3730 4172/4993/3730 4167/4988/3730
f 4572/5479/3731 4571/5477/3731 4167/4988/3731 4522/5373/3731 4523/5375/3731 4573/5481/3731
f 4528/5385/3732 4524/5377/3732 4525/5379/3732 4169/4990/3732 4530/5390/3732
f 4534/5399/3733 4532/5395/3733 4529/5388/3733 4530/5390/3733 4169/4990/3733
f 4567/5469/3734 4564/5463/3734 4565/5465/3734 4172/4993/3734
f 4565/5465/3735 4563/5461/3735 4561/5457/3735 4562/5459/3735 4159/4979/3735 4172/4993/3735
f 4172/4993/3736 4159/4979/3736 4142/4961/3736
f 4525/5379/3737 4526/5381/3737 4521/5371/3737 4522/5373/3737 4167/4988/3737 4574/5483/3737 4520/5369/3737 4519/5367/3737 4527/5383/3737 4531/5393/3737 4537/5405/3737 4169/4990/3737
f 4537/5405/3738 4536/5403/3738 4169/4990/3738
f 4576/5488/3738 4574/5483/3738 4167/4988/3738
f 4535/5401/3739 4169/4990/3739 4536/5403/3739
f 4559/5453/3740 4558/5451/3740 4556/5447/3740 4557/5449/3740 4159/4979/3740
f 4554/5443/3741 4555/5445/3741 4553/5441/3741 4552/5439/3741 4156/4975/3741 4159/4979/3741 4557/5449/3741
f 4549/5433/3742 4551/5437/3742 4575/5485/3742 4142/4961/3742 4159/4979/3742 4156/4975/3742 4548/5430/3742
f 4548/5431/3743 4156/4976/3743 4547/5428/3743
f 4575/5486/3743 4577/5490/3743 4142/4961/3743
f 4550/5435/3744 4547/5428/3744 4156/4976/3744
s 1
f 4726/5759/3399 4734/5775/3424 4163/4984/3838 4727/5761/3400
f 4725/5757/3393 4724/5755/3392 4727/5761/3400 4163/4984/3838 4168/4989/3839
f 4146/4965/3840 4175/4999/3841 4181/5008/3842
f 4151/4970/3843 4738/5783/3576 4736/5779/3575 4183/5011/3844
f 4699/5705/3251 4702/5711/3256 4701/5709/3255 4706/5719/3265 4703/5713/3261 4705/5717/3260 4183/5011/3844 4737/5781/3574 4700/5707/3252
f 4736/5779/3575 4737/5781/3574 4183/5011/3844
f 4709/5725/3270 4707/5721/3269 4181/5008/3842
f 4708/5723/3268 4711/5729/3293 4181/5008/3842 4707/5721/3269
f 4181/5008/3842 4711/5729/3293 4710/5727/3292 4712/5731/3304 4714/5735/3319 4146/4965/3840
f 4705/5717/3260 4704/5715/3259 4709/5725/3270 4181/5008/3842 4183/5011/3844
f 4181/5008/3842 4175/4999/3841 4183/5011/3844
f 4175/4999/3841 4151/4970/3843 4183/5011/3844
f 4739/5785/3577 4738/5783/3576 4151/4970/3843
f 4714/5735/3319 4713/5733/3318 4715/5737/3325 4716/5739/3339 4146/4965/3840
f 4146/4965/3840 4168/4989/3839 4175/4999/3841
f 4168/4989/3839 4163/4984/3838 4175/4999/3841
f 4163/4984/3838 4151/4970/3843 4175/4999/3841
f 4716/5739/3339 4717/5741/3338 4719/5745/3353 4168/4989/3839 4146/4965/3840
f 4718/5743/3352 4720/5747/3358 4721/5749/3372 4723/5753/3379 4168/4989/3839 4719/5745/3353
f 4723/5753/3379 4722/5751/3378 4725/5757/3393 4168/4989/3839
f 4163/4984/3838 4735/5777/3578 4739/5785/3577 4151/4970/3843
f 4734/5775/3424 4733/5773/3423 4732/5771/3418 4731/5769/3417 4728/5763/3413 4729/5765/3412 4735/5777/3578 4163/4984/3838
f 4733/5773/3423 4730/5767/3419 4732/5771/3418
s 0
usemtl 
f 4604/5547/3745 4600/5538/3745 4597/5532/3745 4598/5534/3745 4603/5545/3745
f 4599/5536/3746 4600/5539/3746 4604/5548/3746 4605/5550/3746 4162/4983/3746 4609/5560/3746
f 4602/5543/3747 4601/5541/3747 4611/5564/3747 4162/4982/3747 4605/5551/3747
f 4143/4962/3748 4176/5000/3748 4635/5613/3748 4636/5615/3748
f 4165/4986/3749 4618/5578/3749 4619/5580/3749 4621/5584/3749
f 4593/5524/3750 4592/5522/3750 4594/5526/3750 4177/5001/3750
f 4143/4962/3751 4180/5007/3751 4176/5000/3751
f 4625/5592/3752 4627/5596/3752 4629/5600/3752 4180/5007/3752 4626/5594/3752
f 4629/5600/3753 4628/5598/3753 4630/5602/3753 4176/5000/3753 4180/5007/3753
f 4631/5604/3754 4632/5606/3754 4582/5500/3754 4581/5498/3754 4176/5000/3754 4630/5602/3754
f 4583/5502/3755 4587/5510/3755 4589/5515/3755 4177/5001/3755 4584/5504/3755
f 4593/5524/3756 4177/5001/3756 4589/5515/3756 4588/5513/3756 4591/5520/3756
f 4624/5590/3757 4623/5588/3757 4626/5594/3757 4180/5007/3757
f 4620/5582/3758 4622/5586/3758 4624/5590/3758 4180/5007/3758 4165/4986/3758 4621/5584/3758
f 4180/5007/3759 4143/4962/3759 4165/4986/3759
f 4585/5506/3760 4584/5504/3760 4177/5001/3760 4596/5530/3760 4590/5518/3760 4586/5508/3760 4578/5492/3760 4579/5494/3760 4633/5608/3760 4176/5000/3760 4581/5498/3760 4580/5496/3760
f 4176/5000/3761 4633/5608/3761 4635/5613/3761
f 4595/5528/3762 4596/5530/3762 4177/5001/3762
f 4594/5526/3763 4595/5528/3763 4177/5001/3763
f 4617/5576/3764 4618/5578/3764 4165/4986/3764 4616/5574/3764 4615/5572/3764
f 4616/5574/3765 4165/4986/3765 4162/4982/3765 4611/5564/3765 4612/5566/3765 4614/5570/3765 4613/5568/3765
f 4634/5610/3766 4610/5562/3766 4608/5558/3766 4607/5555/3766 4162/4982/3766 4165/4986/3766 4143/4962/3766
f 4143/4962/3767 4636/5615/3767 4634/5611/3767
f 4607/5556/3767 4606/5553/3767 4162/4983/3767
f 4606/5553/3768 4609/5560/3768 4162/4983/3768
o Cube.004
v -0.543630 -0.363275 -0.414754
v -3.799779 -0.528586 0.008587
v -0.533355 -0.363275 0.176232
v -0.571826 1.084240 -0.415531
v -0.561541 1.084240 0.177324
v -3.209702 -0.892238 -0.328663
v -3.589935 -0.528586 0.138277
v -3.734935 -0.329013 0.138276
v -1.864929 1.001381 -0.198199
v -1.844112 1.001381 0.362425
v -4.611300 -1.073637 -0.483583
v -4.637805 -1.073637 -0.098638
v -3.053333 0.397554 0.091218
v -5.354804 0.104904 -0.787597
v -3.761665 -0.645892 0.043625
v -5.368710 0.073517 -0.493211
v -3.899566 -0.601084 0.043625
v -4.089113 0.578002 -0.410049
v -4.114779 0.578002 -0.055989
v -3.899566 -0.456088 0.043625
v -5.194433 1.466313 -0.473969
v -3.676435 -0.528586 0.043626
v -5.844817 -1.492327 -0.346285
v -5.209252 1.464608 -0.246495
v -5.843889 -1.266485 -0.346996
v -4.988858 1.629646 -0.450786
v -5.495231 -1.746944 -0.346834
v -3.638321 -0.645892 0.119855
v -5.710756 -1.676849 -0.346285
v -3.761665 -0.411281 0.043625
v -5.242003 -1.464870 -0.385429
v -1.898308 -0.608946 0.118557
v -5.328143 -1.662663 -0.366508
v -5.259147 -1.157462 -0.378970
v -5.004747 1.629646 -0.215266
v -5.193864 -1.252103 -0.367501
v -3.638321 -0.411281 0.119855
v -5.676571 -1.162007 -0.372492
v -1.535036 -1.108951 0.118557
v -5.429032 -1.168129 -0.397547
v -5.211780 -1.728685 -0.517574
v -3.073881 -0.608946 0.118557
v -5.233209 -1.728229 -0.216712
v -2.486094 -0.417963 0.118557
v -3.861451 -0.338782 0.119855
v -5.805954 -1.058310 -0.567717
v -5.816518 -1.073961 -0.295483
v -5.291608 -2.424658 -0.516916
v -5.312138 -2.424737 -0.223633
v -5.808268 -2.256528 -0.563132
v -5.825268 -2.256528 -0.286487
v -5.311694 -3.340991 -0.631437
v -5.342136 -3.341659 -0.360155
v -5.642428 -3.284681 -0.697246
v -5.675718 -3.285608 -0.448937
v -5.104305 -4.177152 -0.462550
v -5.119467 -4.177152 -0.233526
v -5.314108 -3.942537 -0.509571
v -5.332294 -3.942752 -0.293761
v -5.172085 -3.993864 -0.212745
v -5.442940 -3.785131 -0.315713
v -5.416023 -3.784657 -0.592107
v -5.149457 -3.993714 -0.511635
v -0.834002 1.272098 -0.461314
v -0.817427 1.272098 0.301265
v -0.711226 -0.704935 -0.456868
v -0.694701 -0.704935 0.296683
v -1.466381 1.159643 0.383479
v -1.136030 -0.953480 -0.221539
v -1.494223 1.159643 -0.235153
v -1.108328 -0.953480 0.372035
v -3.705667 -1.087790 -0.383211
v -3.719674 -1.087790 0.017181
v -5.299313 0.858628 -0.355151
v -4.478088 0.841510 -0.127067
v -4.455583 0.845811 -0.456720
v -5.283586 0.873652 -0.633768
v -5.257579 1.303792 -0.239005
v -5.239050 1.309598 -0.534464
v -4.856154 1.463303 -0.156008
v -4.834254 1.463315 -0.476441
v -0.550736 0.363808 -0.479645
v -0.528823 -0.517792 -0.119315
v -0.538208 0.363809 0.241190
v -0.560121 1.245410 -0.119140
v -0.640857 1.268011 -0.491841
v -1.646859 1.115784 0.396909
v -1.876516 1.384684 0.087074
v -1.810497 -0.020760 -0.304530
v -1.781238 -0.020760 0.442302
v -1.299883 -1.016171 -0.176006
v -0.572936 -0.589089 0.261493
v -3.770075 -0.239272 -0.461498
v -3.808413 -0.239272 0.067006
v -4.751685 -1.438351 -0.306830
v -4.226366 -1.096063 -0.432150
v -2.205023 0.758476 0.274797
v -3.888925 0.618939 -0.209054
v -4.656022 0.400923 -0.618539
v -4.683738 0.383978 -0.181137
v -5.625029 0.208777 -0.647964
v -3.559026 0.475671 -0.363840
v -4.943695 -0.464536 -0.628489
v -4.970175 -0.480467 -0.199109
v -3.587532 0.475671 0.016660
v -4.976894 1.652127 -0.330797
v -5.091116 1.553328 -0.486506
v -5.110101 1.553316 -0.202802
v -5.223226 1.450387 -0.364635
v -5.241742 1.409166 -0.225761
v -4.359429 0.668232 -0.105919
v -4.336123 0.671862 -0.442122
v -5.223313 1.412533 -0.512808
v -5.082158 -1.864305 -0.345070
v -5.937459 -0.916392 -0.438543
v -5.093295 -1.412361 -0.519742
v -5.113583 -1.412563 -0.204591
v -5.680156 -0.489779 -0.387431
v -5.665935 -0.475160 -0.654119
v -5.205174 -2.456219 -0.359651
v -5.913549 -2.225011 -0.435642
v -5.546230 -2.340574 -0.592972
v -5.571858 -2.340618 -0.200702
v -5.847729 -1.662366 -0.566763
v -5.256187 -2.053703 -0.512099
v -5.275568 -2.053703 -0.214190
v -5.864557 -1.662366 -0.291670
v -5.264806 -3.351870 -0.481739
v -5.720747 -3.274574 -0.586035
v -5.471980 -3.312741 -0.715337
v -5.515665 -3.313830 -0.357784
v -5.737979 -2.817789 -0.632521
v -5.323626 -2.879774 -0.592450
v -5.351112 -2.880276 -0.316264
v -5.764608 -2.818347 -0.374660
v -5.085015 -4.213655 -0.345349
v -5.346258 -3.920840 -0.411986
v -5.200087 -4.066853 -0.500504
v -5.219967 -4.066956 -0.228156
v -5.120063 -4.148095 -0.200740
v -5.544896 -3.601367 -0.383087
v -5.514948 -3.600681 -0.646811
v -5.232922 -3.720271 -0.566640
v -5.259619 -3.720689 -0.281780
v -5.384024 -3.879727 -0.286611
v -5.359809 -3.879382 -0.557531
v -5.100605 -4.148095 -0.493848
v -5.112996 -4.033115 -0.351654
v -5.275462 -3.888967 -0.599076
v -5.482763 -3.745904 -0.478514
v -5.309197 -3.889375 -0.202728
v -1.170342 1.214263 -0.348511
v -0.627360 1.268012 0.263795
v -0.586410 -0.589089 -0.489993
v -0.905649 -0.831848 0.334612
v -0.752961 0.283581 0.441111
v -0.775717 0.283581 -0.601229
v -0.679948 -1.075629 -0.080106
v -0.848730 1.642792 -0.080012
v -1.148131 1.214263 0.342719
v -0.927765 -0.831848 -0.339411
v -1.675942 1.115784 -0.188645
v -1.270826 -1.016171 0.379943
v -1.055031 -1.349690 0.075451
v -1.282147 0.103081 0.491402
v -1.320334 0.103081 -0.341990
v -1.547450 1.555853 0.073960
v -4.249493 -1.096063 -0.060834
v -2.206024 0.758476 -0.234338
v -3.145940 -0.288212 0.180874
v -3.122988 -0.288212 -0.407337
v -3.929497 -1.387632 -0.209184
v -5.340005 0.590284 -0.428604
v -4.665281 1.155122 -0.142168
v -4.643321 1.158196 -0.465857
v -5.325574 0.610934 -0.702525
v -4.864262 0.854996 -0.611973
v -5.449640 0.883825 -0.512475
v -4.311186 0.835552 -0.259684
v -4.890100 0.840028 -0.196283
v -5.272727 1.105827 -0.285776
v -5.255480 1.115789 -0.573483
v -4.956459 1.611702 -0.175992
v -4.935935 1.611702 -0.478769
v -5.033837 1.390674 -0.557748
v -5.323147 1.274501 -0.404148
v -4.768807 1.489611 -0.307545
v -5.061683 1.386866 -0.134040
v -0.527440 0.370789 -0.119322
v -1.731910 1.515526 0.104537
v -4.501082 -1.382675 -0.276427
v -0.568975 -0.937783 -0.114295
v -1.493364 0.049806 -0.289341
v -0.596813 0.339789 0.404246
v -4.229010 0.088297 -0.504151
v -3.480632 -0.340463 -0.435905
v -3.516571 -0.340463 0.111030
v -5.103882 1.514429 -0.139687
v -4.264183 0.084666 -0.007625
v -3.324511 0.612142 -0.145716
v -4.988691 -1.613779 -0.345290
v -5.102526 1.562496 -0.344860
v -4.892507 1.648782 -0.321356
v -5.285115 1.369807 -0.382481
v -5.076603 1.514939 -0.548173
v -5.548563 -1.858035 -0.593150
v -5.338363 -0.996191 -0.195259
v -5.323660 -0.967032 -0.595562
v -5.798713 -0.324392 -0.564564
v -5.528366 -2.848843 -0.669290
v -5.155203 -2.127079 -0.350756
v -5.573457 -1.858035 -0.199211
v -5.966816 -1.588991 -0.441605
v -5.250738 -4.014349 -0.177671
v -5.257885 -2.891527 -0.440340
v -5.566197 -2.849611 -0.303737
v -5.826600 -2.806310 -0.506934
v -5.202332 -4.082100 -0.362901
v -5.425483 -3.829284 -0.447317
v -5.221125 -4.014137 -0.566861
v -5.064037 -4.200281 -0.342342
v -5.194427 -3.742961 -0.410625
v -5.367730 -3.660318 -0.655868
v -5.584569 -3.578715 -0.535701
v -5.406343 -3.661056 -0.277877
v -1.022734 0.191207 0.466659
v -0.615368 0.339789 -0.632528
v -0.871233 -1.215493 -0.002306
v -0.643206 1.617362 -0.113987
v -1.214846 -1.415913 0.101563
v -1.453392 0.049806 0.495442
v -1.053210 0.191207 -0.471954
v -1.204711 1.597909 -0.002989
v -2.110075 1.100782 0.035649
v -2.372393 -0.170121 0.265014
v -2.226175 -0.168564 -0.284645
v -4.818995 0.636641 -0.638900
v -5.525165 0.622711 -0.581621
v -4.163471 0.668929 -0.239922
v -4.844453 0.618368 -0.223200
v -4.945633 1.137872 -0.577496
v -5.379193 1.105038 -0.448992
v -4.539274 1.162663 -0.284303
v -4.972410 1.128238 -0.158157
v -3.628051 -0.638431 0.140395
v -3.587684 -0.540867 0.156050
v -3.587483 -0.525288 0.157640
v -3.641536 -0.655788 0.136691
v -3.830459 -0.703158 0.104422
v -3.740994 -0.709510 0.116819
v -3.681710 -0.682838 0.128128
v -3.587413 -0.514824 0.158194
v -3.619751 -0.424772 0.156995
v -3.879225 -0.677968 0.096891
v -3.872489 -0.684417 0.097778
v -3.839231 -0.702247 0.102880
v -3.625785 -0.416686 0.156321
v -3.629653 -0.411273 0.156598
v -3.944525 -0.617167 0.097718
v -3.938839 -0.629618 0.096744
v -3.645000 -0.390721 0.154833
v -3.672009 -0.371638 0.151110
v -3.969064 -0.503907 0.097800
v -3.970098 -0.507332 0.097508
v -3.968393 -0.551078 0.096206
v -3.799164 -0.332989 0.131732
v -3.786549 -0.331923 0.133832
v -3.735771 -0.328561 0.139630
v -3.733788 -0.329166 0.139922
v -3.945804 -0.422495 0.106163
v -3.870381 -0.344272 0.121377
v -3.863817 -0.339247 0.122587
v -3.863196 -0.338782 0.122678
v -3.859793 -0.337577 0.123173
v -1.755909 -0.914749 -0.219385
v -1.727057 -0.952698 -0.213962
v -1.679064 -1.038784 -0.202379
v -1.698485 -0.990199 -0.208341
v -1.541391 -1.422628 0.068368
v -1.557616 -1.232163 -0.059761
v -1.557945 -1.179453 0.238506
v -1.633758 -1.037467 0.330986
v -1.535036 -1.352580 0.118557
v -1.644514 -1.004641 0.333816
v -1.735040 -0.880966 0.338110
v -2.239861 -0.536066 0.308266
v -2.028939 -0.608948 0.329926
v -1.830771 -0.749812 0.340935
v -2.401707 -0.479275 0.287332
v -2.545512 -0.467494 0.264458
v -2.573802 -0.465357 0.260476
v -3.237640 -0.834345 0.118557
v -3.408673 -1.081416 0.064410
v -3.082685 -0.636044 0.164659
v -3.034113 -0.603630 0.175670
v -1.830720 -0.816966 -0.235347
v -2.579660 -0.576478 -0.327124
v -2.229455 -0.556642 -0.296708
v -2.183599 -0.570804 -0.291168
v -2.787791 -0.608951 -0.344355
v -2.715168 -0.584398 -0.339591
v -3.072055 -0.807605 -0.352120
v -3.259613 -1.078481 -0.343041
v -3.239750 -1.016583 -0.347234
v -3.191290 -0.905615 -0.353566
v -3.374764 -1.300955 -0.208108
v -3.386758 -1.398212 -0.145306
v -3.414397 -1.178984 -0.000593
v -3.409255 -1.082370 0.063702
v -1.535130 -1.138686 0.117808
v -1.535087 -1.109231 0.118152
v -1.540447 -1.138476 0.075827
v -3.320115 -0.997438 -0.111566
v -3.346035 -1.022135 -0.060600
v -3.328919 -0.998150 -0.058625
v -1.535244 -1.108800 0.118141
v -1.652066 -0.951185 0.108359
v -1.699910 -0.950824 -0.093199
v -1.638336 -1.033899 -0.088044
v -1.600225 -1.138808 -0.085468
v -3.268987 -0.994770 -0.249451
v -3.393541 -1.190736 -0.067256
v -3.323168 -1.187064 -0.257042
v -3.180179 -0.782251 -0.006752
v -3.166630 -0.781156 -0.088230
v -3.229457 -0.851302 -0.012438
v -3.238083 -0.863389 -0.013433
v -3.224534 -0.862294 -0.094912
v -1.743955 -0.821397 0.118557
v -1.746391 -0.821610 0.135112
v -1.802297 -0.743659 0.130460
v -1.800545 -0.743506 0.118557
v -1.760008 -0.821276 0.050929
v -1.817746 -0.743376 0.046094
v -1.906617 -0.641137 0.031150
v -1.882042 -0.659010 0.033384
v -1.887931 -0.640883 0.064223
v -3.094241 -0.675116 -0.004288
v -3.137897 -0.742471 -0.092233
v -3.111762 -0.687958 -0.006175
v -3.043073 -0.672967 -0.082021
v -3.160672 -0.756493 -0.011819
v -3.147122 -0.755397 -0.093297
v -1.857839 -0.664647 0.118557
v -1.818443 -0.718871 0.118557
v -1.818920 -0.718913 0.121796
v -1.875382 -0.640978 0.117088
v -1.837781 -0.718725 0.037090
v -5.319382 -1.616112 -0.547416
v -5.381820 -1.685880 -0.557495
v -5.528585 -1.690984 -0.591628
v -5.413317 -1.699377 -0.563977
v -5.707413 -1.172907 -0.579466
v -5.749999 -1.587784 -0.572858
v -5.748216 -1.185469 -0.573510
v -5.817739 -1.347583 -0.566005
v -5.817670 -1.408785 -0.566560
v -5.771015 -1.562645 -0.571176
v -5.768606 -1.203467 -0.570487
v -5.755082 -1.584396 -0.572475
v -5.615669 -1.676847 -0.584728
v -5.571925 -1.690596 -0.588315
v -5.212325 -1.313605 -0.199714
v -5.262907 -1.520887 -0.220687
v -5.217053 -1.214584 -0.187743
v -5.231078 -1.412543 -0.212932
v -5.243171 -1.177318 -0.189496
v -5.311237 -1.157995 -0.201243
v -5.291114 -1.576322 -0.221453
v -5.329544 -1.631839 -0.217393
v -5.301967 -1.601691 -0.220230
v -5.375309 -1.155853 -0.207116
v -5.317873 -1.155893 -0.201965
v -5.396820 -1.155372 -0.216365
v -5.498540 -1.159018 -0.247527
v -5.534150 -1.164363 -0.254172
v -5.624716 -1.164867 -0.268609
v -5.722086 -1.190428 -0.275725
v -5.696097 -1.176675 -0.274905
v -5.372262 -1.126826 -0.602768
v -5.363667 -1.127600 -0.602518
v -5.594839 -1.141221 -0.592484
v -5.537049 -1.135997 -0.597866
v -5.207264 -1.329692 -0.543738
v -5.221861 -1.401445 -0.546140
v -5.221107 -1.221259 -0.548585
v -5.219751 -1.397050 -0.545812
v -5.355703 -1.128991 -0.600341
v -5.248764 -1.180140 -0.561366
v -5.301075 -1.594968 -0.546557
v -5.263008 -1.515951 -0.547081
v -5.625037 -1.693583 -0.216890
v -5.771602 -1.218256 -0.278538
v -5.556385 -1.714154 -0.196685
v -5.657148 -1.684016 -0.226969
v -5.722885 -1.639516 -0.247852
v -5.839786 -1.290944 -0.287953
v -5.839888 -1.465434 -0.285967
v -5.823586 -1.507753 -0.280476
v -5.822146 -1.255188 -0.285155
v -5.362688 -1.669098 -0.212432
v -5.417367 -1.696426 -0.206620
v -5.451850 -1.711792 -0.202582
v -5.553446 -1.715120 -0.196812
v -3.999542 -0.075487 -0.482824
v -3.625354 -0.289868 -0.448702
v -3.894018 0.281984 -0.433995
v -3.396324 0.079141 -0.389222
v -3.290799 0.436612 -0.340393
v -3.114128 0.026821 -0.363992
v -3.255226 0.052981 -0.376607
v -3.645171 0.180563 -0.411609
v -3.664716 -0.214514 0.028230
v -3.645067 -0.297776 0.083044
v -3.572382 -0.977040 -0.341067
v -3.048755 -0.258494 -0.360856
v -3.069380 -0.258494 0.121631
v -3.402450 -0.305450 0.064341
v -2.374227 -0.152371 0.190648
v -2.560490 -0.517546 -0.295060
v -2.682264 -0.524663 -0.305287
v -3.171533 -0.968675 -0.308117
v -3.370153 -0.305450 -0.384290
v -2.242828 -0.150972 -0.260217
v -2.723056 0.562902 -0.093756
v -2.477347 0.600131 -0.065649
v -3.542136 -0.333465 0.097217
v -3.599436 -0.294754 0.087801
v -3.597654 -0.295298 0.088040
v -2.747528 -0.546728 -0.309195
v -3.002983 -0.725250 -0.315564
v -2.530753 0.460051 -0.249058
v -2.711431 0.354674 -0.266314
v -2.224719 0.682119 -0.218952
v -2.344606 0.729506 -0.040906
v -3.440603 0.427974 -0.325178
v -3.229854 0.550615 -0.146258
v -2.548165 0.460051 0.124315
v -2.223819 0.682119 0.198673
v -2.737771 0.354674 0.083698
v -3.110134 -0.813328 -0.316750
v -2.958516 0.357774 -0.286711
v -2.834973 0.356224 -0.276513
v -3.199559 0.392874 -0.305944
v -3.040792 0.024612 -0.325302
v -2.986159 0.357774 0.048090
v -3.466219 0.427974 -0.013067
v -2.138494 0.989734 0.002509
v -3.153683 -0.913050 -0.311556
v -3.294390 0.071630 -0.345997
v -3.167591 0.048121 -0.335650
v -3.518018 0.162773 -0.364360
vn 0.9819 -0.0519 -0.1819
vn 0.9526 0.0241 -0.3034
vn 0.9997 0.0187 -0.0171
vn 0.9982 -0.0577 -0.0189
vn 0.9662 0.0246 0.2567
vn 0.9888 -0.0502 0.1403
vn 0.9904 0.1369 -0.0178
vn 0.9755 0.1232 0.1824
vn 0.9663 0.1254 -0.2247
vn -0.3226 0.2007 -0.9250
vn -0.1850 0.2438 -0.9520
vn -0.4684 0.8573 0.2135
vn -0.2391 0.9710 0.0039
vn -0.1356 0.1975 0.9709
vn 0.0355 0.2446 0.9690
vn -0.6595 0.7512 0.0272
vn -0.3251 0.1848 0.9275
vn -0.1134 0.2320 -0.9661
vn -0.0795 -0.2898 0.9538
vn -0.1185 -0.3261 0.9379
vn 0.0420 -0.9990 0.0163
vn -0.0187 -0.9998 -0.0001
vn 0.1025 -0.2220 -0.9696
vn 0.1262 -0.2300 -0.9650
vn 0.3704 -0.9258 0.0751
vn 0.1801 -0.2005 -0.9630
vn -0.1709 -0.1264 0.9771
vn -0.1281 -0.3028 -0.9444
vn 0.4492 -0.2073 -0.8690
vn 0.9307 -0.3539 -0.0926
vn 0.6017 -0.7946 -0.0808
vn 0.7348 -0.1944 0.6498
vn 0.3700 -0.2481 0.8953
vn -0.3341 -0.0485 -0.9413
vn -0.1106 -0.0225 -0.9936
vn 0.0295 0.0145 -0.9995
vn -0.2642 -0.2915 -0.9194
vn -0.1934 -0.2853 -0.9387
vn -0.1900 -0.2643 -0.9456
vn -0.0384 -0.2928 -0.9554
vn -0.3168 -0.3055 -0.8979
vn -0.1979 -0.3210 -0.9262
vn 0.1247 0.2912 0.9485
vn 0.1878 0.0092 0.9822
vn 0.4674 0.0200 0.8838
vn 0.5900 0.2704 0.7607
vn 0.1645 -0.1062 -0.9806
vn 0.1859 0.0218 -0.9823
vn 0.1473 0.0101 -0.9890
vn 0.1193 -0.0048 -0.9929
vn 0.1425 0.1006 -0.9847
vn 0.1761 0.1100 -0.9782
vn 0.1587 0.3048 -0.9391
vn 0.3888 0.1493 -0.9091
vn 0.2548 0.0614 -0.9651
vn 0.2515 0.3350 -0.9080
vn -0.0763 0.0071 -0.9971
vn 0.1134 -0.0066 -0.9935
vn 0.3645 0.0577 -0.9294
vn -0.5521 0.6785 -0.4846
vn 0.1307 0.5846 0.8008
vn 0.1051 0.0012 -0.9945
vn -0.1802 0.9497 0.2561
vn -0.0003 0.0679 0.9977
vn 0.0621 0.0622 0.9961
vn 0.0937 0.0289 0.9952
vn -0.1675 0.1428 0.9755
vn -0.0503 0.2612 0.9640
vn -0.2156 -0.1392 0.9665
vn -0.5325 -0.2232 0.8165
vn -0.5588 -0.1450 0.8166
vn -0.5735 -0.0824 0.8151
vn -0.4262 0.0165 0.9045
vn -0.3023 0.0659 0.9509
vn -0.1793 0.0603 0.9819
vn -0.1324 0.0721 0.9886
vn -0.0469 0.0633 0.9969
vn -0.2226 -0.1339 -0.9657
vn 0.2276 0.0506 0.9724
vn 0.2473 -0.0071 0.9689
vn 0.1505 -0.0416 0.9877
vn 0.1944 -0.0775 0.9779
vn 0.0978 -0.0914 0.9910
vn -0.1686 -0.0326 0.9852
vn -0.2265 -0.0077 0.9740
vn -0.1536 -0.0100 0.9881
vn -0.1177 0.1172 0.9861
vn -0.2086 -0.1050 0.9724
vn -0.0193 -0.0150 0.9997
vn 0.1061 0.6820 0.7237
vn -0.9699 0.2398 0.0424
vn 0.1992 0.9261 -0.3203
vn 0.1990 0.9292 -0.3115
vn 0.3077 -0.3964 0.8650
vn 0.2093 0.1562 0.9653
vn 0.1728 0.3971 0.9014
vn -0.3026 0.1376 0.9431
vn -0.1308 -0.0099 0.9914
vn -0.6802 0.1547 0.7166
vn -0.6738 -0.0384 0.7379
vn -0.6146 0.7058 0.3524
vn -0.7540 0.6411 0.1435
vn -0.3028 0.8956 0.3259
vn 0.3330 0.0538 0.9414
vn -0.0598 0.2860 0.9564
vn -0.2315 0.0941 0.9683
vn 0.0318 -0.1303 0.9910
vn -0.0775 -0.1486 0.9858
vn -0.1424 -0.1776 0.9737
vn -0.2195 -0.1782 0.9592
vn -0.2638 0.0870 0.9606
vn -0.1464 -0.0047 0.9892
vn -0.3075 0.0446 0.9505
vn -0.4445 0.0996 0.8902
vn -0.1368 0.3261 0.9354
vn -0.4314 0.6411 -0.6347
vn -0.0442 0.8558 0.5154
vn 0.4735 0.8478 0.2387
vn 0.1459 0.9893 0.0014
vn 0.0545 -0.1040 0.9931
vn 0.8015 -0.5935 0.0732
vn 0.2919 -0.1806 -0.9392
vn 0.9356 -0.2760 0.2202
vn 0.3932 -0.1091 -0.9129
vn 0.2167 -0.0658 0.9740
vn -0.2682 0.9045 -0.3316
vn -0.5032 0.7511 -0.4274
vn -0.6266 0.7783 -0.0402
vn -0.2660 0.9634 -0.0341
vn -0.7551 0.6549 -0.0293
vn -0.7072 0.6627 -0.2463
vn 0.4990 0.3113 -0.8087
vn 0.3193 0.4594 -0.8289
vn 0.5936 0.8046 0.0185
vn 0.8146 0.5753 0.0736
vn -0.9256 0.3775 0.0286
vn -0.9775 0.2071 0.0395
vn -0.5683 0.3153 -0.7600
vn -0.4021 0.1937 -0.8949
vn -0.1119 0.2457 -0.9629
vn 0.0710 0.1493 -0.9862
vn 0.0537 -0.0090 -0.9985
vn 0.1044 0.1610 -0.9814
vn 0.1923 0.2050 -0.9597
vn 0.0673 0.2050 -0.9764
vn 0.0099 0.1437 -0.9896
vn 0.4939 -0.0645 -0.8671
vn 0.0089 -0.2518 -0.9677
vn 0.0222 -0.1884 -0.9818
vn 0.2149 -0.1932 -0.9573
vn 0.5066 -0.0712 -0.8592
vn 0.4875 0.0824 -0.8692
vn 0.2842 0.1828 -0.9412
vn 0.1294 0.2058 -0.9700
vn 0.0591 0.2037 -0.9773
vn 0.0230 0.2118 -0.9770
vn -0.0351 0.2131 -0.9764
vn -0.3814 -0.0036 -0.9244
vn -0.3767 -0.0055 -0.9263
vn 0.0927 0.0633 -0.9937
vn -0.4402 0.0004 -0.8979
vn 0.6115 0.0066 -0.7912
vn -0.3914 0.2477 0.8863
vn -0.1544 0.0903 0.9839
vn -0.1498 -0.1158 0.9819
vn -0.0658 -0.2126 0.9749
vn -0.0925 -0.2043 0.9745
vn -0.2200 -0.1974 0.9553
vn -0.4338 -0.1319 0.8913
vn -0.5388 0.0137 0.8423
vn -0.4831 0.0995 0.8699
vn -0.4334 0.1335 0.8913
vn -0.3440 0.1288 0.9301
vn -0.3251 0.1658 0.9310
vn -0.1691 0.1745 0.9700
vn -0.0986 -0.1370 0.9857
vn -0.1253 -0.1499 0.9807
vn -0.2094 -0.1481 0.9666
vn -0.2223 -0.1244 0.9670
vn -0.2172 -0.1525 0.9641
vn -0.2122 -0.1469 0.9661
vn -0.4507 0.1022 0.8868
vn 0.0766 -0.1169 -0.9902
vn -0.2892 -0.0441 -0.9563
vn 0.0387 -0.2468 -0.9683
vn -0.0293 -0.2645 -0.9639
vn -0.0383 -0.2653 -0.9634
vn -0.0196 -0.2715 -0.9622
vn -0.1625 0.1411 -0.9766
vn -0.2203 0.0913 -0.9711
vn -0.2304 0.0763 -0.9701
vn -0.3484 0.0812 -0.9338
vn -0.5648 -0.0342 -0.8245
vn -0.3741 -0.2953 -0.8791
vn 0.0173 -0.3063 -0.9518
vn 0.1683 -0.2867 -0.9431
vn -0.9028 0.2113 -0.3745
vn -0.7681 0.1929 -0.6106
vn -0.9852 0.1599 0.0620
vn 0.6231 0.0975 -0.7761
vn 0.0890 0.1189 -0.9889
vn -0.4460 0.0404 -0.8941
vn 0.0856 -0.0220 -0.9961
vn -0.3510 -0.0612 -0.9344
vn 0.6200 0.0483 -0.7831
vn 0.3047 -0.0510 0.9511
vn 0.9740 -0.1615 0.1587
vn 0.9634 -0.1483 0.2234
vn 0.3114 -0.1135 0.9435
vn -0.0326 0.1844 0.9823
vn -0.2354 0.2576 0.9371
vn -0.2120 0.2693 0.9394
vn -0.0922 0.2765 0.9566
vn 0.0683 0.2638 0.9622
vn 0.5112 0.1659 0.8433
vn 0.4975 -0.1344 0.8570
vn -0.0582 -0.2306 0.9713
vn -0.1708 -0.2048 0.9638
vn -0.5607 0.0026 0.8280
vn -0.1302 0.0005 0.9915
vn -0.0927 0.1964 0.9761
vn -0.0401 0.1901 0.9809
vn -0.0008 0.2000 0.9798
vn 0.0883 0.2023 0.9753
vn -0.1171 -0.0824 0.9897
vn -0.5386 -0.0953 0.8372
vn -0.9887 -0.0040 -0.1501
vn -0.9938 -0.1060 -0.0332
vn -0.7797 -0.2278 0.5833
vn -0.8048 -0.4192 0.4202
vn -0.0528 -0.0352 0.9980
vn -0.2714 0.0697 0.9600
vn 0.4358 -0.0947 0.8950
vn 0.5783 0.3204 0.7503
vn -0.7310 -0.6606 0.1708
vn -0.0955 -0.9026 0.4197
vn -0.7571 -0.6522 0.0380
vn 0.3689 -0.1615 0.9153
vn 0.9958 -0.0496 0.0763
vn 0.9955 0.0935 -0.0132
vn 0.4628 0.0854 0.8823
vn -0.6565 -0.2036 0.7263
vn -0.1840 -0.1726 0.9676
vn -0.2784 -0.0510 0.9591
vn -0.7918 -0.2521 0.5563
vn -0.9732 -0.1443 -0.1790
vn -0.9123 -0.2449 -0.3281
vn -0.7380 -0.6727 -0.0530
vn 0.0332 -0.9976 -0.0600
vn -0.6598 -0.6955 -0.2843
vn -0.0173 -0.9237 -0.3827
vn -0.7456 -0.6639 -0.0576
vn -0.7213 -0.6712 -0.1708
vn -0.5279 -0.4895 -0.6941
vn -0.6490 -0.5814 -0.4907
vn -0.8018 -0.5956 -0.0492
vn -0.8445 -0.5316 -0.0646
vn 0.8048 0.1581 -0.5721
vn 0.7008 -0.1967 -0.6856
vn 0.2747 -0.2015 -0.9402
vn 0.2421 -0.1739 -0.9545
vn 0.9841 -0.1054 0.1428
vn 0.9448 0.3086 0.1106
vn 0.5368 0.3439 0.7704
vn 0.9581 0.2624 0.1148
vn 0.7638 0.0740 -0.6412
vn 0.2041 -0.1568 -0.9663
vn -0.4120 -0.3437 -0.8439
vn -0.8853 -0.4544 -0.0988
vn -0.7475 -0.1889 0.6368
vn -0.2994 0.1134 0.9474
vn 0.0860 0.0063 0.9963
vn 0.1306 0.0103 0.9914
vn 0.0695 0.2748 0.9590
vn 0.2928 -0.2334 0.9273
vn 0.2087 -0.2132 0.9544
vn 0.1841 0.0074 -0.9829
vn 0.3422 0.2552 -0.9043
vn -0.2527 -0.0156 -0.9674
vn -0.2818 0.2510 -0.9261
vn -0.2719 -0.3252 -0.9057
vn 0.4637 -0.8855 -0.0307
vn 0.4491 -0.8795 0.1575
vn 0.8043 0.5905 -0.0664
vn -0.0751 0.9960 -0.0479
vn -0.7474 -0.6020 -0.2809
vn 0.1700 -0.9601 0.2222
vn -0.9056 -0.4225 -0.0372
vn -0.8228 -0.5287 0.2085
vn -0.8605 -0.2963 0.4144
vn 0.0260 -0.2309 0.9726
vn -0.5263 -0.3487 0.7755
vn -0.1933 -0.0172 0.9810
vn -0.0451 -0.0121 0.9989
vn -0.4869 -0.3066 0.8179
vn -0.3986 -0.2808 0.8731
vn -0.3899 -0.0367 -0.9201
vn -0.3772 0.2171 -0.9003
vn -0.2121 0.9764 -0.0401
vn -0.4298 0.1790 -0.8850
vn -0.8635 0.4921 -0.1108
vn -0.5988 0.2003 0.7754
vn -0.1341 0.5500 -0.8243
vn 0.3153 0.3828 0.8683
vn -0.3890 0.0713 0.9185
vn -0.2455 -0.2756 0.9294
vn -0.2604 -0.2671 0.9278
vn -0.3023 -0.2726 0.9134
vn -0.4027 -0.2508 0.8803
vn -0.1717 -0.2653 0.9488
vn 0.1038 -0.2221 0.9695
vn 0.0532 -0.2645 0.9629
vn -0.0603 -0.2628 0.9630
vn -0.1242 -0.2666 0.9558
vn 0.0738 -0.2478 0.9660
vn -0.1013 0.9074 -0.4080
vn -0.1449 -0.2412 -0.9596
vn -0.0346 -0.2440 -0.9692
vn 0.0265 -0.2480 -0.9684
vn -0.0735 -0.0710 -0.9948
vn -0.1523 0.0689 -0.9859
vn -0.5199 0.5183 -0.6790
vn 0.4632 -0.3061 -0.8317
vn 0.8230 -0.5171 -0.2349
vn 0.8763 -0.4071 0.2577
vn 0.5347 -0.0075 -0.8450
vn 0.5872 -0.4668 0.6612
vn 0.4326 -0.6550 0.6195
vn -0.1310 0.1937 -0.9723
vn 0.2024 0.1569 -0.9667
vn 0.4326 0.3498 -0.8310
vn 0.2077 0.1900 -0.9596
vn 0.4990 0.2891 -0.8170
vn -0.1849 0.2556 -0.9489
vn -0.5260 -0.0796 0.8467
vn -0.9799 0.1989 0.0176
vn -0.9783 0.1827 0.0980
vn -0.5713 -0.1184 0.8121
vn 0.4872 0.8661 0.1119
vn -0.0815 0.1464 0.9859
vn 0.7954 0.5946 0.1175
vn 0.0580 0.0861 0.9946
vn -0.3101 -0.1073 0.9446
vn -0.2372 -0.1382 0.9616
vn -0.2780 0.2260 -0.9336
vn 0.1579 0.1740 -0.9720
vn 0.5139 0.3075 -0.8009
vn -0.6348 -0.1042 0.7656
vn -0.9832 0.1698 0.0669
vn 0.8278 0.5507 0.1076
vn 0.1413 0.0921 0.9857
vn -0.1549 -0.1017 0.9827
vn 0.1024 0.3151 0.9435
vn 0.7002 0.2680 0.6617
vn -0.2680 0.1947 0.9435
vn -0.2680 -0.1947 0.9435
vn 0.1024 -0.3151 0.9435
vn -0.8897 0.3151 0.3304
vn -0.5746 -0.7488 0.3304
vn 0.5346 -0.7778 0.3304
vn -0.9921 -0.0000 0.1256
vn -0.3066 -0.9435 0.1257
vn 0.3035 -0.9342 0.1876
vn 0.0247 -0.9435 0.3304
vn -0.7947 -0.5773 0.1876
vn -0.8897 -0.3151 0.3304
vn -0.7946 0.5774 0.1876
vn -0.5746 0.7488 0.3304
vn 0.4713 -0.5831 0.6617
vn 0.1876 -0.5773 0.7947
vn -0.0385 -0.7488 0.6617
vn -0.4089 -0.6284 0.6617
vn -0.4911 -0.3568 0.7947
vn -0.7240 -0.1947 0.6617
vn -0.7240 0.1947 0.6617
vn -0.4911 0.3568 0.7947
vn -0.4089 0.6284 0.6617
vn 0.7002 -0.2680 0.6617
vn 0.6071 -0.0000 0.7947
vn 0.3313 -0.0000 0.9435
vn -0.0385 0.7488 0.6617
vn 0.1876 0.5773 0.7947
vn 0.4713 0.5831 0.6617
vn 0.5346 -0.7779 0.3304
vn -0.3066 -0.9435 0.1256
vn 0.8026 -0.5831 0.1256
vn 0.7947 -0.5773 -0.1876
vn 0.5746 -0.7488 -0.3304
vn -0.0247 -0.9435 -0.3304
vn -0.3035 -0.9342 -0.1876
vn -0.5346 -0.7779 -0.3304
vn -0.9050 -0.2680 -0.3304
vn -0.9822 -0.0000 -0.1876
vn 0.3066 -0.9435 -0.1256
vn -0.8026 -0.5831 -0.1256
vn -0.7947 -0.5774 0.1876
vn -0.8897 -0.3149 0.3304
vn 0.9822 -0.0000 0.1876
vn 0.9050 -0.2680 0.3304
vn -0.0289 0.9995 0.0086
vn 0.0289 -0.9995 -0.0086
vn 0.0988 0.0115 -0.9950
vn -0.0988 -0.0115 0.9950
vn 0.9353 0.2770 0.2203
vn 0.0202 0.9752 0.2202
vn -0.9397 0.3417 0.0171
vn -0.4548 -0.8866 0.0843
vn 0.2782 -0.9605 0.0091
vn 0.8063 0.5858 0.0814
vn -0.4404 0.8975 0.0231
vn -0.9764 0.2136 -0.0319
vn 0.0636 -0.9839 -0.1669
vn 0.5371 -0.8403 -0.0737
vn 0.8792 -0.4155 -0.2332
vn 0.5267 -0.8500 0.0011
vn 0.1718 -0.9787 -0.1127
vn 0.0151 -0.9976 0.0676
vn 0.0348 -0.9985 0.0416
vn -0.2625 -0.9616 -0.0798
vn -0.9921 -0.0327 -0.1211
vn -0.9773 0.2113 -0.0159
vn -0.9587 0.2834 -0.0253
vn -0.7436 0.6534 -0.1420
vn -0.4494 0.8906 -0.0701
vn -0.0446 0.9736 -0.2238
vn 0.5938 0.7738 -0.2203
vn 0.8029 0.5834 -0.1223
vn 0.9195 0.3256 -0.2203
vn 0.0011 -0.9999 0.0148
vn -0.0153 -0.9922 -0.1240
vn 0.0492 -0.9817 -0.1840
vn -0.8224 -0.5688 0.0111
vn -0.8270 -0.5616 0.0257
vn -0.9845 -0.1200 0.1277
vn -0.9119 0.4104 0.0065
vn -0.9123 0.4096 0.0037
vn -0.7490 0.6495 0.1309
vn 0.3080 0.9479 -0.0815
vn 0.3071 0.9437 0.1226
vn 0.5525 0.8039 0.2203
vn 0.9971 -0.0031 -0.0754
vn 0.9927 -0.0029 0.1204
vn 0.9245 -0.3082 0.2245
vn 0.1701 0.2420 -0.9553
vn 0.1413 0.2726 -0.9517
vn 0.4144 0.0762 -0.9069
vn -0.1711 0.9547 0.2435
vn 0.3948 0.5014 -0.7699
vn 0.1047 0.0259 -0.9942
vn 0.3324 0.0788 -0.9398
vn 0.0892 0.1119 -0.9897
vn 0.0160 0.2663 -0.9638
vn -0.0439 0.2350 -0.9710
vn 0.1232 0.2805 -0.9519
vn 0.1410 0.2778 -0.9502
vn 0.0946 0.2418 -0.9657
vn 0.0783 0.2358 -0.9686
vn -0.3033 0.2390 0.9224
vn -0.2539 0.3385 0.9060
vn -0.1396 0.3088 0.9408
vn -0.2338 0.3865 0.8922
vn -0.0681 0.3058 0.9497
vn -0.0211 0.2714 0.9622
vn -0.0532 0.3756 0.9253
vn -0.0301 0.2898 0.9566
vn 0.1197 -0.0175 0.9927
vn -0.0542 0.4155 0.9080
vn -0.4800 0.8768 -0.0276
vn -0.6557 0.7516 -0.0712
vn -0.0438 0.9986 -0.0296
vn 0.1331 0.2508 -0.9588
vn 0.3351 0.9079 -0.2519
vn 0.2657 0.9637 0.0270
vn 0.2953 0.7237 0.6238
vn -0.9205 0.3859 0.0611
vn -0.8766 0.2759 0.3942
vn -0.6644 0.2370 -0.7088
vn -0.4523 0.2611 0.8528
vn -0.3119 0.1288 -0.9413
vn 0.0721 0.1046 -0.9919
vn 0.0154 0.1165 -0.9931
vn -0.0396 0.1189 -0.9921
vn -0.1536 0.1676 -0.9738
vn -0.3801 0.1479 -0.9130
vn -0.2942 0.1504 -0.9438
vn 0.2611 -0.0108 -0.9652
vn -0.0379 0.1238 -0.9916
vn 0.3091 0.0793 -0.9477
vn -0.9821 0.1763 0.0660
vn -0.9667 0.2550 -0.0196
vn 0.1988 0.5018 0.8418
vn 0.1910 0.8377 -0.5117
vn -0.7819 0.0493 -0.6214
vn -0.6735 0.3303 0.6613
vn -0.0998 0.9324 0.3474
vn 0.3332 0.6793 -0.6539
vn 0.5906 -0.4498 -0.6700
vn 0.0502 0.4706 -0.8809
vn 0.3031 -0.1694 -0.9378
vn -0.6055 0.2435 0.7577
vn 0.0362 0.6734 0.7384
vn 0.0777 0.2584 -0.9629
vt 0.819443 0.136222
vt 0.243761 0.263679
vt 0.901155 0.099068
vt 0.940458 0.301479
vt 0.815939 0.164417
vt 0.899918 0.206262
vt 0.454546 0.157461
vt 0.195985 0.328180
vt 0.274718 0.333497
vt 0.756159 0.184789
vt 0.799240 0.272803
vt 0.504033 0.118800
vt 0.491431 0.018675
vt 0.521509 0.401944
vt 0.679508 0.292942
vt 0.268783 0.236401
vt 0.447501 0.192400
vt 0.230276 0.260304
vt 0.387969 0.252338
vt 0.426038 0.365796
vt 0.251967 0.244845
vt 0.563988 0.208971
vt 0.572977 0.297858
vt 0.261279 0.253800
vt 0.461156 0.235988
vt 0.232288 0.277486
vt 0.223792 0.340649
vt 0.192054 0.293191
vt 0.186548 0.323817
vt 0.224061 0.281935
vt 0.248434 0.244159
vt 0.294634 0.336750
vt 0.451956 0.321160
vt 0.442678 0.288060
vt 0.258234 0.290580
vt 0.226094 0.294187
vt 0.242928 0.342664
vt 0.257056 0.244159
vt 0.286012 0.336750
vt 0.265305 0.295738
vt 0.477677 0.240784
vt 0.221967 0.247725
vt 0.248434 0.203362
vt 0.185570 0.312031
vt 0.174059 0.342459
vt 0.248434 0.232416
vt 0.185570 0.250403
vt 0.189124 0.297842
vt 0.206851 0.293191
vt 0.206778 0.321090
vt 0.201090 0.321090
vt 0.269715 0.232416
vt 0.164289 0.250403
vt 0.271216 0.295738
vt 0.248864 0.275968
vt 0.228037 0.247725
vt 0.295021 0.237356
vt 0.295786 0.247866
vt 0.308644 0.203362
vt 0.242927 0.324943
vt 0.286012 0.328662
vt 0.681818 0.236191
vt 0.228131 0.209739
vt 0.182515 0.341504
vt 0.164289 0.312031
vt 0.257724 0.324943
vt 0.271216 0.328662
vt 0.295021 0.203362
vt 0.295786 0.292960
vt 0.185570 0.249134
vt 0.185570 0.283717
vt 0.216704 0.295263
vt 0.228131 0.328552
vt 0.284511 0.243024
vt 0.468001 0.300877
vt 0.303611 0.238100
vt 0.270644 0.295738
vt 0.304385 0.247240
vt 0.242928 0.328552
vt 0.269715 0.243024
vt 0.192054 0.286571
vt 0.226249 0.322029
vt 0.283986 0.247240
vt 0.243438 0.290580
vt 0.257724 0.342664
vt 0.299906 0.346256
vt 0.186548 0.314713
vt 0.228131 0.247725
vt 0.772727 0.236191
vt 0.206850 0.249134
vt 0.304246 0.325372
vt 0.164289 0.283717
vt 0.206850 0.321090
vt 0.206851 0.247725
vt 0.243438 0.247240
vt 0.449098 0.104686
vt 0.500000 0.236191
vt 0.464402 0.021041
vt 0.504078 0.419098
vt 0.590909 0.236191
vt 0.309685 0.282774
vt 0.403605 0.165994
vt 0.419036 0.411097
vt 0.348057 0.208255
vt 0.426797 0.095253
vt 0.440820 0.021166
vt 0.498553 0.439623
vt 0.386392 0.137468
vt 0.434533 0.451420
vt 0.325443 0.154274
vt 0.402761 0.081679
vt 0.410282 0.019526
vt 0.505177 0.467394
vt 0.378754 0.108011
vt 0.320319 0.102215
vt 0.466681 0.476708
vt 0.379152 0.067688
vt 0.531912 0.493154
vt 0.362674 0.029306
vt 0.372178 0.082320
vt 0.492830 0.487192
vt 0.330666 0.061800
vt 0.385245 0.019302
vt 0.519893 0.486154
vt 0.322452 0.075106
vt 0.487839 0.485639
vt 0.376436 0.091092
vt 0.387331 0.072064
vt 0.799561 0.170170
vt 0.865868 0.233058
vt 0.807089 0.129930
vt 0.927973 0.313889
vt 0.897744 0.063177
vt 0.828373 0.260848
vt 0.796064 0.110905
vt 0.777832 0.180925
vt 0.880298 0.030618
vt 0.900042 0.341669
vt 0.583171 0.108475
vt 0.284522 0.364092
vt 0.598819 0.389240
vt 0.572478 0.016626
vt 0.412854 0.270688
vt 0.437129 0.342156
vt 0.533532 0.296294
vt 0.529542 0.218622
vt 0.455780 0.215514
vt 0.429807 0.282302
vt 0.448011 0.326768
vt 0.459289 0.226090
vt 0.490503 0.292229
vt 0.492365 0.231543
vt 0.812235 0.150574
vt 0.850278 0.121728
vt 0.897474 0.147743
vt 0.915987 0.257008
vt 0.844435 0.176987
vt 0.806901 0.166818
vt 0.816943 0.267902
vt 0.776708 0.228147
vt 0.745111 0.145154
vt 0.817894 0.315774
vt 0.787788 0.106505
vt 0.901978 0.075425
vt 0.936226 0.305663
vt 0.583295 0.155494
vt 0.302320 0.213854
vt 0.611169 0.344324
vt 0.490213 0.066724
vt 0.537681 0.110323
vt 0.763961 0.280440
vt 0.185932 0.220399
vt 0.587337 0.250373
vt 0.511876 0.190456
vt 0.518475 0.334621
vt 0.409673 0.222755
vt 0.610779 0.200121
vt 0.300959 0.292825
vt 0.481214 0.157426
vt 0.497509 0.374512
vt 0.626014 0.295613
vt 0.299044 0.251532
vt 0.476455 0.262513
vt 0.470144 0.234502
vt 0.464494 0.310500
vt 0.457305 0.293225
vt 0.453275 0.255335
vt 0.450679 0.323043
vt 0.434706 0.285226
vt 0.547351 0.297898
vt 0.541481 0.214224
vt 0.460149 0.229735
vt 0.459517 0.064621
vt 0.376082 0.188471
vt 0.465232 0.109299
vt 0.477570 0.020074
vt 0.511566 0.409570
vt 0.420855 0.387010
vt 0.368051 0.232948
vt 0.418850 0.179395
vt 0.435934 0.060761
vt 0.357312 0.147615
vt 0.410114 0.120657
vt 0.466543 0.445521
vt 0.393416 0.152138
vt 0.437761 0.100448
vt 0.452943 0.021414
vt 0.499726 0.428625
vt 0.423614 0.432965
vt 0.333863 0.181791
vt 0.407310 0.053382
vt 0.352567 0.107430
vt 0.394577 0.099941
vt 0.485929 0.472051
vt 0.381673 0.122037
vt 0.414540 0.088578
vt 0.425887 0.020389
vt 0.500428 0.453421
vt 0.450291 0.466181
vt 0.321344 0.126477
vt 0.372776 0.052405
vt 0.356658 0.075295
vt 0.377561 0.077066
vt 0.512371 0.490173
vt 0.345647 0.045654
vt 0.526324 0.490541
vt 0.375151 0.021300
vt 0.321140 0.085129
vt 0.479572 0.482772
vt 0.377193 0.097604
vt 0.393613 0.076011
vt 0.396635 0.019063
vt 0.512283 0.478521
vt 0.491584 0.486805
vt 0.324075 0.069816
vt 0.375354 0.087230
vt 0.383155 0.069676
vt 0.386509 0.048182
vt 0.386089 0.086734
vt 0.353428 0.085757
vt 0.503866 0.485896
vt 0.788705 0.175658
vt 0.877943 0.223079
vt 0.811480 0.134606
vt 0.913769 0.328078
vt 0.888976 0.046621
vt 0.898764 0.272455
vt 0.791184 0.150544
vt 0.846072 0.099703
vt 0.828761 0.197940
vt 0.846920 0.247300
vt 0.801619 0.120382
vt 0.770194 0.183603
vt 0.868537 0.022604
vt 0.886017 0.349124
vt 0.833252 0.072052
vt 0.863485 0.301502
vt 0.776984 0.145894
vt 0.797345 0.219818
vt 0.511462 0.017196
vt 0.539742 0.397199
vt 0.728160 0.186015
vt 0.192262 0.298998
vt 0.676319 0.339106
vt 0.262308 0.205195
vt 0.637583 0.146996
vt 0.274302 0.326860
vt 0.565882 0.064467
vt 0.402295 0.263741
vt 0.431512 0.351757
vt 0.512044 0.294127
vt 0.511000 0.225225
vt 0.451641 0.208958
vt 0.493979 0.206144
vt 0.430023 0.239457
vt 0.545158 0.254981
vt 0.493339 0.324027
vt 0.422370 0.277107
vt 0.443084 0.333556
vt 0.458168 0.221273
vt 0.478935 0.291974
vt 0.482579 0.235569
vt 0.477553 0.219311
vt 0.443523 0.249657
vt 0.497306 0.260612
vt 0.472378 0.313191
vt 0.847189 0.148983
vt 0.788022 0.225264
vt 0.511479 0.065543
vt 0.849555 0.108537
vt 0.769617 0.144914
vt 0.909226 0.263261
vt 0.546898 0.172706
vt 0.290240 0.324994
vt 0.607466 0.148432
vt 0.638453 0.344422
vt 0.286435 0.207260
vt 0.466933 0.310716
vt 0.565657 0.339470
vt 0.641182 0.244942
vt 0.281152 0.270507
vt 0.473530 0.065882
vt 0.464934 0.258685
vt 0.484652 0.262165
vt 0.447350 0.252436
vt 0.473112 0.223879
vt 0.418917 0.129997
vt 0.468579 0.397358
vt 0.445395 0.147006
vt 0.392472 0.207285
vt 0.401780 0.110089
vt 0.447888 0.063115
vt 0.461670 0.430795
vt 0.364432 0.168485
vt 0.508954 0.488673
vt 0.421679 0.057231
vt 0.475359 0.459801
vt 0.353717 0.126290
vt 0.364311 0.063973
vt 0.354011 0.081391
vt 0.383570 0.083262
vt 0.379723 0.047962
vt 0.395473 0.050221
vt 0.389380 0.092014
vt 0.352795 0.093889
vt 0.495928 0.480647
vt 0.880884 0.287333
vt 0.796996 0.151310
vt 0.839668 0.085735
vt 0.838145 0.190109
vt 0.823393 0.065451
vt 0.850538 0.309061
vt 0.784136 0.148250
vt 0.812956 0.209119
vt 0.755809 0.231883
vt 0.181623 0.257689
vt 0.747814 0.327536
vt 0.208910 0.209121
vt 0.692016 0.146048
vt 0.205535 0.319715
vt 0.498313 0.200296
vt 0.421434 0.233059
vt 0.560646 0.253163
vt 0.499696 0.329458
vt 0.486085 0.213034
vt 0.437639 0.245122
vt 0.521183 0.257829
vt 0.483094 0.318141
vt 0.625015 0.366333
vt 0.174721 0.310803
vt 0.635293 0.356976
vt 0.184783 0.342170
vt 0.636002 0.355519
vt 0.186839 0.345422
vt 0.622224 0.368051
vt 0.174039 0.302500
vt 0.589461 0.375461
vt 0.210236 0.208991
vt 0.604213 0.374275
vt 0.178100 0.250130
vt 0.614830 0.370979
vt 0.175148 0.280140
vt 0.636408 0.354621
vt 0.188509 0.347106
vt 0.634788 0.347324
vt 0.215269 0.356487
vt 0.581792 0.374717
vt 0.235427 0.203354
vt 0.582757 0.375060
vt 0.231329 0.204460
vt 0.587969 0.375619
vt 0.213725 0.205140
vt 0.634105 0.346747
vt 0.218744 0.356309
vt 0.633827 0.346323
vt 0.221127 0.356891
vt 0.578367 0.370607
vt 0.276262 0.202954
vt 0.578077 0.371594
vt 0.272141 0.202853
vt 0.632279 0.345148
vt 0.230548 0.356050
vt 0.628812 0.344388
vt 0.245799 0.352642
vt 0.295070 0.201853
vt 0.582354 0.362842
vt 0.299962 0.215975
vt 0.582043 0.363131
vt 0.299355 0.215267
vt 0.579622 0.366365
vt 0.293202 0.209887
vt 0.610503 0.344752
vt 0.294349 0.309856
vt 0.612401 0.344328
vt 0.291012 0.315110
vt 0.302404 0.204260
vt 0.275739 0.334421
vt 0.299296 0.203475
vt 0.274914 0.335080
vt 0.299163 0.203433
vt 0.586813 0.356067
vt 0.313067 0.233941
vt 0.599299 0.347877
vt 0.313067 0.279452
vt 0.600369 0.347295
vt 0.312502 0.283103
vt 0.600469 0.347243
vt 0.312403 0.283394
vt 0.601008 0.347048
vt 0.311750 0.285035
vt 0.750049 0.110937
vt 0.730521 0.185584
vt 0.752420 0.109415
vt 0.737531 0.186396
vt 0.756459 0.106105
vt 0.753262 0.186972
vt 0.754801 0.107944
vt 0.744464 0.187237
vt 0.793142 0.064449
vt 0.818868 0.227356
vt 0.779464 0.084737
vt 0.790851 0.204799
vt 0.818487 0.037014
vt 0.783098 0.254154
vt 0.826060 0.020326
vt 0.844366 0.355779
vt 0.756654 0.272816
vt 0.801568 0.056614
vt 0.808564 0.236191
vt 0.842764 0.354603
vt 0.750849 0.274086
vt 0.831230 0.350870
vt 0.728305 0.274842
vt 0.771881 0.342148
vt 0.630724 0.264600
vt 0.795674 0.343036
vt 0.663544 0.267844
vt 0.819152 0.346610
vt 0.704421 0.275339
vt 0.753798 0.341722
vt 0.605502 0.261465
vt 0.737461 0.343257
vt 0.581254 0.261153
vt 0.734503 0.343347
vt 0.576485 0.261175
vt 0.658717 0.368602
vt 0.459019 0.236191
vt 0.635509 0.384336
vt 0.610398 0.016968
vt 0.414831 0.226659
vt 0.678974 0.355989
vt 0.496015 0.243095
vt 0.684702 0.353781
vt 0.505805 0.246245
vt 0.743702 0.114971
vt 0.712417 0.183193
vt 0.680965 0.128033
vt 0.574126 0.166410
vt 0.226244 0.331221
vt 0.710325 0.127152
vt 0.633116 0.163086
vt 0.714130 0.126311
vt 0.640175 0.164062
vt 0.239889 0.334731
vt 0.540023 0.166869
vt 0.551299 0.167583
vt 0.235413 0.333022
vt 0.257111 0.344209
vt 0.481705 0.157461
vt 0.621484 0.107852
vt 0.422117 0.159667
vt 0.264456 0.353048
vt 0.433044 0.157461
vt 0.263002 0.352083
vt 0.457352 0.152601
vt 0.451740 0.152601
vt 0.260718 0.349693
vt 0.616520 0.077517
vt 0.380848 0.187272
vt 0.617738 0.064186
vt 0.366542 0.196677
vt 0.611103 0.031188
vt 0.398790 0.218348
vt 0.610338 0.017103
vt 0.414667 0.226534
vt 0.777101 0.236059
vt 0.040851 0.108805
vt 0.772769 0.236120
vt 0.040143 0.060096
vt 0.777071 0.228669
vt 0.028643 0.122742
vt 0.432481 0.195679
vt 0.050367 0.348332
vt 0.427301 0.204652
vt 0.045916 0.354449
vt 0.431635 0.204999
vt 0.047173 0.350481
vt 0.772692 0.236129
vt 0.039469 0.085516
vt 0.743835 0.234664
vt 0.052903 0.135708
vt 0.739655 0.204480
vt 0.028248 0.150960
vt 0.754865 0.205252
vt 0.037817 0.145519
vt 0.773639 0.203045
vt 0.043618 0.138846
vt 0.435243 0.172978
vt 0.043264 0.341846
vt 0.397838 0.207693
vt 0.036131 0.360130
vt 0.401640 0.176447
vt 0.052903 0.344830
vt 0.470187 0.214131
vt 0.067198 0.156983
vt 0.471489 0.199787
vt 0.057296 0.137864
vt 0.457709 0.213130
vt 0.056899 0.142359
vt 0.455525 0.212955
vt 0.052903 0.139047
vt 0.456827 0.198611
vt 0.055492 0.140358
vt 0.720445 0.236191
vt 0.096637 0.067695
vt 0.720260 0.239105
vt 0.081962 0.060096
vt 0.706150 0.238287
vt 0.072733 0.072886
vt 0.706284 0.236191
vt 0.071330 0.085169
vt 0.719043 0.226064
vt 0.096637 0.170355
vt 0.704781 0.225340
vt 0.077014 0.158950
vt 0.684075 0.222361
vt 0.105523 0.202521
vt 0.689183 0.223436
vt 0.103971 0.205232
vt 0.686516 0.228054
vt 0.101374 0.206224
vt 0.490973 0.215048
vt 0.099315 0.070147
vt 0.478576 0.199083
vt 0.099191 0.064045
vt 0.487323 0.214233
vt 0.101591 0.068009
vt 0.498332 0.203497
vt 0.106611 0.075292
vt 0.474939 0.213239
vt 0.106952 0.060096
vt 0.476240 0.198896
vt 0.098681 0.062700
vt 0.691946 0.236191
vt 0.101470 0.210719
vt 0.701805 0.236191
vt 0.106722 0.216697
vt 0.701768 0.236761
vt 0.106952 0.213674
vt 0.687612 0.235971
vt 0.096637 0.208539
vt 0.700115 0.223991
vt 0.101063 0.207599
vt 0.442802 0.115459
vt 0.286675 0.239314
vt 0.434790 0.120512
vt 0.244515 0.246611
vt 0.295021 0.243710
vt 0.422660 0.133021
vt 0.217650 0.295263
vt 0.431661 0.123172
vt 0.206850 0.288916
vt 0.248434 0.247240
vt 0.411114 0.157966
vt 0.274602 0.290149
vt 0.403255 0.148480
vt 0.258699 0.253380
vt 0.407497 0.159454
vt 0.271216 0.288671
vt 0.244556 0.247240
vt 0.399665 0.158561
vt 0.289162 0.293443
vt 0.258234 0.338580
vt 0.398995 0.156973
vt 0.216704 0.297699
vt 0.291476 0.293333
vt 0.401597 0.150326
vt 0.223792 0.295263
vt 0.203934 0.249387
vt 0.405577 0.159864
vt 0.246533 0.247437
vt 0.265305 0.340440
vt 0.402824 0.148857
vt 0.205714 0.249134
vt 0.258234 0.253624
vt 0.414723 0.138449
vt 0.178590 0.204060
vt 0.271216 0.247240
vt 0.418631 0.135563
vt 0.221967 0.294837
vt 0.182957 0.203362
vt 0.498305 0.407569
vt 0.265305 0.328091
vt 0.304385 0.280030
vt 0.500128 0.413846
vt 0.303611 0.233858
vt 0.251018 0.295113
vt 0.492230 0.404479
vt 0.270644 0.330144
vt 0.233922 0.295346
vt 0.500699 0.410542
vt 0.300372 0.279226
vt 0.308644 0.235057
vt 0.486436 0.403109
vt 0.206851 0.327229
vt 0.228994 0.295113
vt 0.475540 0.402311
vt 0.215823 0.329843
vt 0.497454 0.415762
vt 0.255121 0.296005
vt 0.492582 0.418017
vt 0.177814 0.313068
vt 0.496176 0.416643
vt 0.174059 0.314070
vt 0.256984 0.296244
vt 0.466497 0.402618
vt 0.168460 0.250403
vt 0.474475 0.402239
vt 0.175314 0.250485
vt 0.216704 0.330042
vt 0.463383 0.402813
vt 0.304246 0.293333
vt 0.166066 0.251728
vt 0.451017 0.404627
vt 0.294634 0.299180
vt 0.206850 0.293191
vt 0.447433 0.405649
vt 0.203401 0.293775
vt 0.438615 0.408179
vt 0.299906 0.325372
vt 0.195028 0.295629
vt 0.430795 0.412203
vt 0.252260 0.325927
vt 0.432610 0.410853
vt 0.254401 0.324943
vt 0.294634 0.329014
vt 0.439618 0.144927
vt 0.192505 0.203461
vt 0.243438 0.295113
vt 0.440443 0.144360
vt 0.191554 0.203362
vt 0.420114 0.155134
vt 0.283986 0.293333
vt 0.214539 0.203681
vt 0.424864 0.153028
vt 0.209315 0.203362
vt 0.228131 0.288951
vt 0.455908 0.119743
vt 0.303611 0.203362
vt 0.185882 0.252386
vt 0.454890 0.116844
vt 0.222196 0.281385
vt 0.453462 0.127318
vt 0.272174 0.205669
vt 0.192054 0.249134
vt 0.455078 0.116930
vt 0.221967 0.281342
vt 0.300892 0.203704
vt 0.441065 0.143736
vt 0.295786 0.247240
vt 0.190763 0.203711
vt 0.450360 0.132429
vt 0.283986 0.254370
vt 0.277074 0.203362
vt 0.445037 0.114629
vt 0.277840 0.293333
vt 0.284511 0.237736
vt 0.450238 0.114429
vt 0.228037 0.281935
vt 0.283765 0.294526
vt 0.453115 0.427104
vt 0.264136 0.207286
vt 0.426846 0.414904
vt 0.248147 0.327973
vt 0.461635 0.425954
vt 0.257843 0.203362
vt 0.449075 0.427683
vt 0.206778 0.344413
vt 0.267066 0.209244
vt 0.440459 0.428095
vt 0.201090 0.339692
vt 0.201090 0.340542
vt 0.421167 0.419699
vt 0.224061 0.282932
vt 0.256070 0.232765
vt 0.423740 0.425619
vt 0.221967 0.293534
vt 0.249451 0.232416
vt 0.426337 0.426592
vt 0.189731 0.336225
vt 0.224061 0.294744
vt 0.422461 0.417900
vt 0.226094 0.281934
vt 0.243733 0.330438
vt 0.487394 0.419849
vt 0.182515 0.312031
vt 0.172980 0.283869
vt 0.479413 0.421967
vt 0.179885 0.283952
vt 0.474640 0.423286
vt 0.183997 0.283717
vt 0.164289 0.315837
vt 0.461998 0.425912
vt 0.174059 0.312031
vt 0.257552 0.203387
vt 0.565096 0.164100
vt 0.595381 0.151963
vt 0.578838 0.186414
vt 0.620679 0.173617
vt 0.290023 0.310502
vt 0.634421 0.195931
vt 0.285235 0.297253
vt 0.274085 0.312849
vt 0.644967 0.168241
vt 0.282028 0.311313
vt 0.632823 0.170929
vt 0.599759 0.180015
vt 0.302404 0.307054
vt 0.293043 0.215054
vt 0.293205 0.209989
vt 0.277980 0.356994
vt 0.266270 0.322230
vt 0.258838 0.214849
vt 0.280826 0.214186
vt 0.211745 0.218291
vt 0.225750 0.326871
vt 0.234051 0.327743
vt 0.264418 0.348448
vt 0.283191 0.323011
vt 0.207462 0.317047
vt 0.234226 0.269528
vt 0.214386 0.268732
vt 0.287967 0.208601
vt 0.290931 0.209392
vt 0.290837 0.209362
vt 0.238874 0.328996
vt 0.256231 0.337819
vt 0.221019 0.298026
vt 0.235523 0.300347
vt 0.195193 0.297695
vt 0.202952 0.266645
vt 0.292793 0.291236
vt 0.274257 0.271326
vt 0.217927 0.238254
vt 0.191084 0.230106
vt 0.233651 0.238572
vt 0.262265 0.343272
vt 0.256924 0.298901
vt 0.245964 0.299939
vt 0.276639 0.296531
vt 0.265236 0.311082
vt 0.255115 0.237581
vt 0.291047 0.254281
vt 0.185409 0.262525
vt 0.263772 0.346791
vt 0.283601 0.307049
vt 0.275745 0.308454
vt 0.294870 0.305984
s 1
usemtl Material.001
f 4810/5872/3879 4891/6024/3880 4998/6158/3881 4892/6025/3882
f 4892/6025/3882 4998/6158/3881 4893/6026/3883 4812/5874/3884
f 4998/6158/3881 4894/6028/3885 4814/5877/3886 4893/6026/3883
f 4891/6024/3880 4813/5876/3887 4894/6028/3885 4998/6158/3881
f 4879/6007/3888 4971/6124/3889 4999/6159/3890 4976/6130/3891
f 4976/6130/3891 4999/6159/3890 4896/6030/3892 4877/6005/3893
f 4999/6159/3890 4897/6031/3894 4819/5882/3895 4896/6030/3892
f 4971/6124/3889 4818/5881/3896 4897/6031/3894 4999/6159/3890
f 4882/6013/3897 4977/6131/3898 5000/6160/3899 4981/6139/3900
f 4981/6139/3900 5000/6160/3899 4905/6041/3901 4881/6010/3902
f 5000/6160/3899 4904/6040/3903 4820/5883/3904 4905/6041/3901
f 4977/6131/3898 4821/5884/3905 4904/6040/3903 5000/6160/3899
f 4875/6002/3906 4963/6115/3907 5001/6161/3908 4967/6120/3909
f 4967/6120/3909 5001/6161/3908 4901/6035/3910 4876/6004/3911
f 5001/6161/3908 4892/6025/3882 4812/5874/3884 4901/6035/3910
f 4963/6115/3907 4810/5872/3879 4892/6025/3882 5001/6161/3908
f 4879/6007/3888 4975/6129/3912 5002/6162/3913 4971/6124/3889
f 4971/6124/3889 5002/6162/3913 4898/6032/3914 4818/5881/3896
f 5087/6288/3915 5085/6284/3916 5084/6282/3917 4898/6032/3914 5002/6162/3913 4900/6034/3918 5086/6286/3919
f 4975/6129/3912 4878/6006/3920 4900/6034/3918 5002/6162/3913
f 4874/6001/3921 4965/6118/3922 5003/6163/3923 4962/6114/3924
f 4962/6114/3924 5003/6163/3923 4893/6027/3883 4814/5877/3886
f 5003/6163/3923 4901/6036/3910 4812/5875/3884 4893/6027/3883
f 4965/6118/3922 4876/6003/3911 4901/6036/3910 5003/6163/3923
f 4820/5883/3904 4912/6050/3925 5004/6164/3926 5214/6587/3927 4902/6037/3928
f 5221/6598/3929 5216/6589/3930 4911/6048/3931 5218/6592/3932
f 5004/6164/3926 4908/6045/3933 4827/5893/3934 4911/6048/3931 5216/6589/3930
f 4912/6050/3925 4823/5888/3935 4908/6045/3933 5004/6164/3926
f 4881/6010/3902 4905/6041/3901 5005/6166/3936 4980/6137/3937
s 0
f 5076/6267/3939 5223/6601/3939 5222/6600/3939 4903/6038/3939
s 1
f 4905/6041/3901 4820/5883/3904 4902/6037/3928 5215/6588/3940 5005/6166/3936
s 0
f 4979/6136/3941 5226/6604/3941 5227/6605/3941 5006/6168/3941
s 1
f 5065/6242/3942 5064/6240/3943 5063/6238/3944 4977/6132/3898 4882/6012/3897 4979/6135/3945 5006/6167/3946 5066/6244/3947 5061/6234/3948 5056/6224/3949 5055/6222/3950 5054/6220/3951 5057/6226/3952 5060/6232/3953 5059/6230/3954 5058/6228/3955
f 5062/6236/3956 5061/6234/3948 5066/6244/3947
f 5069/6250/3957 5068/6248/3958 5074/6261/3959 4821/5885/3905 4977/6132/3898 5063/6238/3944
f 4821/5885/3905 5074/6261/3959 5073/6259/3960 5072/6257/3961
f 5070/6252/3962 5067/6246/3963 5066/6244/3947 5006/6167/3946 5071/6254/3964
f 4903/6039/3965 5075/6263/3966 5076/6265/3967
s 0
f 4978/6134/3969 5243/6621/3969 5257/6635/3969 5043/6207/3969
f 5220/6596/3970 5260/6638/3970 5254/6632/3970 5219/6594/3970
f 5217/6591/3971 5259/6637/3971 5260/6638/3971 5220/6596/3971
f 4903/6038/3972 5222/6600/3972 5255/6633/3972 4822/5887/3972
s 1
f 4889/6022/3973 4992/6152/3974 5007/6169/3975 4997/6157/3976
f 4997/6157/3976 5007/6169/3975 4919/6059/3977 4887/6020/3978
f 5007/6169/3975 4917/6056/3979 4833/5904/3980 4919/6059/3977
f 4992/6152/3974 4844/5946/3981 4917/6056/3979 5007/6169/3975
f 4822/5886/3982 4914/6052/3983 5008/6170/3984 4903/6039/3965
f 5079/6272/3985 5080/6274/3986 5082/6278/3987 5083/6280/3988 5075/6263/3966 4903/6039/3965 5008/6170/3984 4913/6051/3989 4821/5885/3905 5072/6257/3961
f 5082/6278/3987 5080/6274/3986 5081/6276/3990
f 5008/6170/3984 4909/6046/3991 4825/5891/3992 4913/6051/3989
f 4914/6052/3983 4828/5894/3993 4909/6046/3991 5008/6170/3984
s 0
f 5006/6168/3995 5227/6605/3995 5236/6614/3995 5071/6256/3995
s 1
f 5009/6171/3996 4907/6044/3997 4828/5894/3993 4914/6052/3983
f 4911/6048/3931 4827/5893/3934 4907/6044/3997 5009/6171/3996
f 4821/5884/3905 4926/6067/3998 5010/6173/3999 4904/6040/3903
f 4904/6040/3903 5010/6173/3999 4925/6066/4000 4820/5883/3904
f 5010/6173/3999 4923/6064/4001 4850/5967/4002 4925/6066/4000
f 4926/6067/3998 4852/5969/4003 4923/6064/4001 5010/6173/3999
f 4835/5912/4004 4916/6055/4005 5011/6174/4006 4915/6054/4007
f 4915/6054/4007 5011/6174/4006 4917/6057/3979 4844/5946/3981
f 5011/6174/4006 4918/6058/4008 4833/5905/3980 4917/6057/3979
f 4916/6055/4005 4830/5896/4009 4918/6058/4008 5011/6174/4006
f 4890/6023/4010 4993/6153/4011 5012/6175/4012 4996/6156/4013
f 4996/6156/4013 5012/6175/4012 4992/6152/3974 4889/6022/3973
f 5012/6175/4012 4915/6054/4007 4844/5946/3981 4992/6152/3974
f 4993/6153/4011 4835/5912/4004 4915/6054/4007 5012/6175/4012
f 4887/6019/3978 4919/6060/3977 5013/6176/4014 4995/6155/4015
f 4995/6155/4015 5013/6176/4014 4922/6063/4016 4888/6021/4017
f 5013/6176/4014 4918/6058/4008 4830/5896/4009 4922/6063/4016
f 4919/6060/3977 4833/5905/3980 4918/6058/4008 5013/6176/4014
f 4888/6021/4017 4922/6063/4016 5014/6177/4018 4994/6154/4019
f 4994/6154/4019 5014/6177/4018 4993/6153/4011 4890/6023/4010
f 5014/6177/4018 4916/6055/4005 4835/5912/4004 4993/6153/4011
f 4922/6063/4016 4830/5896/4009 4916/6055/4005 5014/6177/4018
f 5015/6178/4020 5160/6440/4021 5161/6442/4022 5159/6437/4023 5158/6435/4024 4850/5967/4002 4934/6077/4025
f 5162/6445/4026 5164/6449/4027 5168/6461/4028 5165/6452/4029 5166/6455/4030 5167/6458/4031 5169/6464/4032 5163/6447/4033 5170/6467/4034 5171/6470/4035 5160/6440/4021 5015/6178/4020 4933/6076/4036 4855/5973/4037
f 5015/6178/4020 4931/6074/4038 4859/5979/4039 4933/6076/4036
f 4934/6077/4025 4857/5976/4040 4931/6074/4038 5015/6178/4020
f 4825/5891/3992 4927/6069/4041 5016/6179/4042 4913/6051/3989
f 4913/6051/3989 5016/6179/4042 4926/6068/3998 4821/5885/3905
f 5181/6497/4043 5182/6499/4044 5177/6488/4045 5176/6485/4046 5174/6479/4047 5172/6473/4048 5175/6482/4049 5173/6476/4050 5178/6490/4051 5180/6494/4052 5179/6492/4053 4852/5970/4003 4926/6068/3998 5016/6179/4042
f 5187/6513/4054 5188/6515/4055 5186/6510/4056 5185/6508/4057 5184/6505/4058 5183/6502/4059 5181/6497/4043 5016/6179/4042 4927/6069/4041 4856/5974/4060
f 4820/5883/3904 4925/6066/4000 5017/6180/4061 4912/6050/3925
f 4912/6050/3925 5017/6180/4061 4928/6071/4062 4823/5888/3935
f 5017/6180/4061 5190/6521/4063 5189/6518/4064 5192/6526/4065 5191/6523/4066 5162/6445/4026 4855/5973/4037 4928/6071/4062
f 5158/6435/4024 5199/6546/4067 5200/6549/4068 5194/6532/4069 5196/6537/4070 5193/6529/4071 5195/6534/4072 5198/6543/4073 5197/6540/4074 5190/6521/4063 5017/6180/4061 4925/6066/4000 4850/5967/4002
f 4823/5888/3935 4928/6071/4062 5018/6181/4075 4910/6047/4076
f 4910/6047/4076 5018/6181/4075 4927/6070/4041 4825/5890/3992
f 5018/6181/4075 4924/6065/4077 4856/5975/4060 4927/6070/4041
f 4928/6071/4062 4855/5973/4037 4924/6065/4077 5018/6181/4075
f 4857/5976/4040 4942/6087/4078 5019/6182/4079 4931/6074/4038
f 4931/6074/4038 5019/6182/4079 4941/6086/4080 4859/5979/4039
f 5019/6182/4079 4939/6084/4081 4863/5985/4082 4941/6086/4080
f 4942/6087/4078 4861/5982/4083 4939/6084/4081 5019/6182/4079
f 4852/5969/4003 4935/6078/4084 5020/6183/4085 4923/6064/4001
f 4923/6064/4001 5020/6183/4085 4934/6077/4025 4850/5967/4002
f 5020/6183/4085 4929/6072/4086 4857/5976/4040 4934/6077/4025
f 4935/6078/4084 4858/5977/4087 4929/6072/4086 5020/6183/4085
f 5203/6556/4088 5201/6552/4089 5204/6558/4090 5205/6561/4091 5208/6570/4092 5207/6567/4093 5206/6564/4094 5209/6573/4095 5202/6554/4096 5187/6513/4054 4856/5974/4060 4936/6080/4097 5021/6184/4098
f 4852/5970/4003 5179/6492/4053 5210/6576/4099 5211/6579/4100 5212/6581/4101 5213/6584/4102 5203/6556/4088 5021/6184/4098 4935/6079/4084
f 5021/6184/4098 4932/6075/4103 4858/5978/4087 4935/6079/4084
f 4936/6080/4097 4860/5980/4104 4932/6075/4103 5021/6184/4098
f 4855/5973/4037 4933/6076/4036 5022/6185/4105 4924/6065/4077
f 4924/6065/4077 5022/6185/4105 4936/6081/4097 4856/5975/4060
f 5022/6185/4105 4930/6073/4106 4860/5981/4104 4936/6081/4097
f 4933/6076/4036 4859/5979/4039 4930/6073/4106 5022/6185/4105
f 4870/5997/4107 4954/6105/4108 5023/6186/4109 4960/6112/4110
f 4960/6112/4110 5023/6186/4109 4949/6097/4111 4869/5995/4112
f 5023/6186/4109 4948/6095/4113 4866/5989/4114 4949/6097/4111
f 4954/6105/4108 4868/5992/4115 4948/6095/4113 5023/6186/4109
f 4858/5977/4087 4943/6088/4116 5024/6187/4117 4929/6072/4086
f 4929/6072/4086 5024/6187/4117 4942/6087/4078 4857/5976/4040
f 5024/6187/4117 4937/6082/4118 4861/5982/4083 4942/6087/4078
f 4943/6088/4116 4862/5983/4119 4937/6082/4118 5024/6187/4117
f 4860/5980/4104 4944/6090/4120 5025/6188/4121 4932/6075/4103
f 4932/6075/4103 5025/6188/4121 4943/6089/4116 4858/5978/4087
f 5025/6188/4121 4940/6085/4122 4862/5984/4119 4943/6089/4116
f 4944/6090/4120 4864/5987/4123 4940/6085/4122 5025/6188/4121
f 4859/5979/4039 4941/6086/4080 5026/6189/4124 4930/6073/4106
f 4930/6073/4106 5026/6189/4124 4944/6091/4120 4860/5981/4104
f 5026/6189/4124 4938/6083/4125 4864/5986/4123 4944/6091/4120
f 4941/6086/4080 4863/5985/4082 4938/6083/4125 5026/6189/4124
f 4866/5990/4114 4948/6096/4113 5027/6190/4126 4945/6092/4127
f 4945/6092/4127 5027/6190/4126 4947/6094/4128 4865/5988/4129
f 5027/6190/4126 4946/6093/4130 4867/5991/4131 4947/6094/4128
f 4948/6096/4113 4868/5993/4115 4946/6093/4130 5027/6190/4126
f 4871/5998/4132 4955/6107/4133 5028/6191/4134 4959/6111/4135
f 4959/6111/4135 5028/6191/4134 4954/6106/4108 4870/5996/4107
f 5028/6191/4134 4946/6093/4130 4868/5993/4115 4954/6106/4108
f 4955/6107/4133 4867/5991/4131 4946/6093/4130 5028/6191/4134
f 4872/5999/4136 4956/6108/4137 5029/6192/4138 4958/6110/4139
f 4958/6110/4139 5029/6192/4138 4955/6107/4133 4871/5998/4132
f 5029/6192/4138 4947/6094/4128 4867/5991/4131 4955/6107/4133
f 4956/6108/4137 4865/5988/4129 4947/6094/4128 5029/6192/4138
f 4869/5994/4112 4949/6098/4111 5030/6193/4140 4957/6109/4141
f 4957/6109/4141 5030/6193/4140 4956/6108/4137 4872/5999/4136
f 5030/6193/4140 4945/6092/4127 4865/5988/4129 4956/6108/4137
f 4949/6098/4111 4866/5990/4114 4945/6092/4127 5030/6193/4140
f 4862/5983/4119 4953/6103/4142 5031/6194/4143 4937/6082/4118
f 4937/6082/4118 5031/6194/4143 4952/6102/4144 4861/5982/4083
f 5031/6194/4143 4957/6109/4141 4872/5999/4136 4952/6102/4144
f 4953/6103/4142 4869/5994/4112 4957/6109/4141 5031/6194/4143
f 4861/5982/4083 4952/6102/4144 5032/6195/4145 4939/6084/4081
f 4939/6084/4081 5032/6195/4145 4951/6101/4146 4863/5985/4082
f 5032/6195/4145 4958/6110/4139 4871/5998/4132 4951/6101/4146
f 4952/6102/4144 4872/5999/4136 4958/6110/4139 5032/6195/4145
f 4863/5985/4082 4951/6101/4146 5033/6196/4147 4938/6083/4125
f 4938/6083/4125 5033/6196/4147 4950/6099/4148 4864/5986/4123
f 5033/6196/4147 4959/6111/4135 4870/5996/4107 4950/6099/4148
f 4951/6101/4146 4871/5998/4132 4959/6111/4135 5033/6196/4147
f 4864/5987/4123 4950/6100/4148 5034/6197/4149 4940/6085/4122
f 4940/6085/4122 5034/6197/4149 4953/6104/4142 4862/5984/4119
f 5034/6197/4149 4960/6112/4110 4869/5995/4112 4953/6104/4142
f 4950/6100/4148 4870/5997/4107 4960/6112/4110 5034/6197/4149
f 4877/6005/3893 4974/6128/4150 5035/6198/4151 4969/6122/4152
f 4969/6122/4152 5035/6198/4151 4965/6118/3922 4874/6001/3921
f 5035/6198/4151 4964/6116/4153 4876/6003/3911 4965/6118/3922
f 4974/6128/4150 4880/6009/4154 4964/6116/4153 5035/6198/4151
f 4813/5876/3887 4891/6024/3880 5036/6199/4155 4895/6029/4156
f 4895/6029/4156 5036/6199/4155 4966/6119/4157 4873/6000/4158
f 5036/6199/4155 4963/6115/3907 4875/6002/3906 4966/6119/4157
f 4891/6024/3880 4810/5872/3879 4963/6115/3907 5036/6199/4155
f 4878/6006/3920 4970/6123/4159 5037/6200/4160 4973/6127/4161
f 4973/6127/4161 5037/6200/4160 4964/6117/4153 4880/6008/4154
f 5037/6200/4160 4967/6120/3909 4876/6004/3911 4964/6117/4153
f 4970/6123/4159 4875/6002/3906 4967/6120/3909 5037/6200/4160
f 4813/5876/3887 4895/6029/4156 5038/6201/4162 4894/6028/3885
f 4894/6028/3885 5038/6201/4162 4962/6114/3924 4814/5877/3886
f 5038/6201/4162 4968/6121/4163 4874/6001/3921 4962/6114/3924
f 4895/6029/4156 4873/6000/4158 4968/6121/4163 5038/6201/4162
f 5089/6292/4164 5086/6286/3919 4900/6034/3918 5039/6202/4165 5088/6290/4166
f 5090/6294/4167 5092/6299/4168 5088/6290/4166 5039/6202/4165 4972/6125/4169 5091/6296/4170
f 5039/6202/4165 4973/6127/4161 4880/6008/4154 4972/6125/4169
f 4900/6034/3918 4878/6006/3920 4973/6127/4161 5039/6202/4165
f 4819/5882/3895 4899/6033/4171 5040/6203/4172 4896/6030/3892
f 4896/6030/3892 5040/6203/4172 4974/6128/4150 4877/6005/3893
f 5040/6203/4172 4972/6126/4169 4880/6009/4154 4974/6128/4150
f 5093/6301/4173 5091/6297/4170 4972/6126/4169 5040/6203/4172 4899/6033/4171 5094/6303/4174
f 4873/6000/4158 4966/6119/4157 5041/6204/4175 4961/6113/4176
f 4961/6113/4176 5041/6204/4175 4975/6129/3912 4879/6007/3888
f 5041/6204/4175 4970/6123/4159 4878/6006/3920 4975/6129/3912
f 4966/6119/4157 4875/6002/3906 4970/6123/4159 5041/6204/4175
f 4873/6000/4158 4961/6113/4176 5042/6205/4177 4968/6121/4163
f 4968/6121/4163 5042/6205/4177 4969/6122/4152 4874/6001/3921
f 5042/6205/4177 4976/6130/3891 4877/6005/3893 4969/6122/4152
f 4961/6113/4176 4879/6007/3888 4976/6130/3891 5042/6205/4177
f 4818/5881/3896 4978/6133/4178 5043/6206/4179 4897/6031/3894
f 4897/6031/3894 5043/6206/4179 4906/6042/4180 4819/5882/3895
s 0
f 4914/6053/4182 5256/6634/4182 5246/6624/4182 5009/6172/4182
s 1
f 4819/5882/3895 4906/6042/4180 5044/6208/4183 4899/6033/4171
f 5098/6311/4184 5095/6305/4185 5096/6307/4186 5097/6309/4187 5094/6303/4174 4899/6033/4171 5044/6208/4183 5099/6313/4188
f 5101/6317/4189 5103/6322/4190 5104/6324/4191 5100/6315/4192 5099/6313/4188 5044/6208/4183 4979/6135/3945 4882/6012/3897 5102/6319/4193
s 0
f 5005/6165/4194 5232/6610/4194 5225/6603/4194 4980/6138/4194
s 1
f 5105/6326/4195 5108/6333/4196 5107/6331/4197 5106/6328/4198 5045/6210/4199 4898/6032/3914 5084/6282/3917
f 4898/6032/3914 5045/6210/4199 4978/6133/4178 4818/5881/3896
s 0
f 5106/6330/4200 5229/6607/4200 5233/6611/4200 5045/6211/4200
f 5219/6594/4201 5254/6632/4201 5232/6610/4201 5005/6165/4201
s 1
f 5115/6349/4202 5116/6351/4203 4981/6139/3900 4881/6010/3902 5112/6341/4204
f 5117/6353/4205 5118/6355/4206 5102/6320/4193 4882/6013/3897 4981/6139/3900 5116/6351/4203
f 4823/5888/3935 4985/6144/4207 5046/6212/4208 4908/6045/3933
f 4908/6045/3933 5046/6212/4208 4921/6062/4209 4827/5893/3934
f 5046/6212/4208 4986/6145/4210 4885/6017/4211 4921/6062/4209
f 4985/6144/4207 4886/6018/4212 4986/6145/4210 5046/6212/4208
f 4825/5890/3992 4982/6140/4213 5047/6213/4214 4910/6047/4076
f 4910/6047/4076 5047/6213/4214 4985/6144/4207 4823/5888/3935
f 5047/6213/4214 4987/6146/4215 4886/6018/4212 4985/6144/4207
f 4982/6140/4213 4883/6014/4216 4987/6146/4215 5047/6213/4214
f 4827/5893/3934 4921/6062/4209 5048/6214/4217 4907/6044/3997
f 4907/6044/3997 5048/6214/4217 4920/6061/4218 4828/5894/3993
f 5048/6214/4217 4988/6147/4219 4884/6016/4220 4920/6061/4218
f 4921/6062/4209 4885/6017/4211 4988/6147/4219 5048/6214/4217
f 4828/5894/3993 4920/6061/4218 5049/6215/4221 4909/6046/3991
f 4909/6046/3991 5049/6215/4221 4982/6141/4213 4825/5891/3992
f 5049/6215/4221 4989/6148/4222 4883/6015/4216 4982/6141/4213
f 4920/6061/4218 4884/6016/4220 4989/6148/4222 5049/6215/4221
f 4886/6018/4212 4991/6151/4223 5050/6216/4224 4986/6145/4210
f 4986/6145/4210 5050/6216/4224 4984/6143/4225 4885/6017/4211
f 5050/6216/4224 4994/6154/4019 4890/6023/4010 4984/6143/4225
f 4991/6151/4223 4888/6021/4017 4994/6154/4019 5050/6216/4224
f 4883/6014/4216 4990/6149/4226 5051/6217/4227 4987/6146/4215
f 4987/6146/4215 5051/6217/4227 4991/6151/4223 4886/6018/4212
f 5051/6217/4227 4995/6155/4015 4888/6021/4017 4991/6151/4223
f 4990/6149/4226 4887/6019/3978 4995/6155/4015 5051/6217/4227
f 4885/6017/4211 4984/6143/4225 5052/6218/4228 4988/6147/4219
f 4988/6147/4219 5052/6218/4228 4983/6142/4229 4884/6016/4220
f 5052/6218/4228 4996/6156/4013 4889/6022/3973 4983/6142/4229
f 4984/6143/4225 4890/6023/4010 4996/6156/4013 5052/6218/4228
f 4884/6016/4220 4983/6142/4229 5053/6219/4230 4989/6148/4222
f 4989/6148/4222 5053/6219/4230 4990/6150/4226 4883/6015/4216
f 5053/6219/4230 4997/6157/3976 4887/6020/3978 4990/6150/4226
f 4983/6142/4229 4889/6022/3973 4997/6157/3976 5053/6219/4230
f 5215/6588/3940 4902/6037/3928 5217/6590/4322 5220/6597/4323
f 5005/6166/3936 5215/6588/3940 5220/6597/4323 5219/6595/4324
s 0
f 5044/6209/4325 5228/6606/4325 5226/6604/4325 4979/6136/4325
s 1
f 5214/6587/3927 5004/6164/3926 5216/6589/3930 5221/6598/3929
f 4902/6037/3928 5214/6587/3927 5221/6598/3929 5217/6590/4322
s 0
f 5009/6172/4326 5246/6624/4326 5245/6623/4326 4911/6049/4326
s 1
f 5225/6603/4327 5232/6610/4328 5254/6632/4329 5242/6620/4330 5241/6619/4331
f 5260/6638/4332 5259/6637/4333 5251/6629/4334 5252/6630/4335
f 5247/6625/4336 5249/6627/4337 5227/6605/4338 5226/6604/4339
f 5237/6615/4340 5238/6616/4341 5236/6614/4342 5227/6605/4338 5249/6627/4337 5255/6633/4343 5222/6600/4344 5223/6601/4345
f 5241/6619/4331 5242/6620/4330 5235/6613/4346 5244/6622/4347
f 5244/6622/4347 5235/6613/4346 5249/6627/4337 5247/6625/4336
f 5235/6613/4346 5234/6612/4348 5255/6633/4343 5249/6627/4337
f 5242/6620/4330 5252/6630/4335 5251/6629/4334 5234/6612/4348 5235/6613/4346
f 5251/6629/4334 5253/6631/4349 5245/6623/4350 5246/6624/4351 5234/6612/4348
f 5234/6612/4348 5246/6624/4351 5256/6634/4352 5255/6633/4343
f 5257/6635/4353 5244/6622/4347 5247/6625/4336 5248/6626/4354
f 5243/6621/4355 5241/6619/4331 5244/6622/4347 5257/6635/4353
f 5248/6626/4354 5247/6625/4336 5226/6604/4339 5228/6606/4356
f 5233/6611/4357 5225/6603/4327 5241/6619/4331 5243/6621/4355
f 5230/6608/4358 5239/6617/4359 5240/6618/4360 5250/6628/4361 5258/6636/4362 5231/6609/4363 5224/6602/4364 5225/6603/4327 5233/6611/4357 5229/6607/4365
f 5254/6632/4329 5260/6638/4332 5252/6630/4335 5242/6620/4330
f 5259/6637/4333 5261/6639/4366 5253/6631/4349 5251/6629/4334
s 0
f 4906/6043/4367 5248/6626/4367 5228/6606/4367 5044/6209/4367
f 5043/6207/4368 5257/6635/4368 5248/6626/4368 4906/6043/4368
f 4822/5887/4370 5255/6633/4370 5256/6634/4370 4914/6053/4370
f 5045/6211/4371 5233/6611/4371 5243/6621/4371 4978/6134/4371
f 5221/6599/4374 5261/6639/4374 5259/6637/4374 5217/6591/4374
f 4980/6138/4375 5225/6603/4375 5224/6602/4375 4881/6011/4375
f 5218/6593/4377 5253/6631/4377 5261/6639/4377 5221/6599/4377
f 4911/6049/4379 5245/6623/4379 5253/6631/4379 5218/6593/4379
f 4881/6011/4380 5224/6602/4380 5231/6609/4380 5112/6343/4380
usemtl 
f 5114/6348/3938 5250/6628/3938 5240/6618/3938 5111/6339/3938
f 5078/6271/3968 5238/6616/3968 5237/6615/3968 5077/6269/3968
f 5111/6339/3994 5240/6618/3994 5239/6617/3994 5109/6335/3994
f 5109/6335/4181 5239/6617/4181 5230/6608/4181 5110/6338/4181
f 4811/5873/4231 4826/5892/4231 4824/5889/4231
f 4826/5892/4232 5074/6262/4232 5068/6249/4232 5069/6251/4232
f 4811/5873/4233 4824/5889/4233 4831/5897/4233
f 4811/5873/4234 4831/5897/4234 4839/5926/4234
f 4811/5873/4235 4839/5926/4235 4829/5895/4235
f 5054/6221/4236 5055/6223/4236 4816/5879/4236 4837/5919/4236
f 5071/6255/4237 5078/6270/4237 4817/5880/4237 4846/5953/4237 5070/6253/4237
f 5082/6279/4238 5081/6277/4238 5080/6275/4238 4854/5972/4238
f 5055/6223/4239 5056/6225/4239 5061/6235/4239 4816/5879/4239
f 4817/5880/4240 5078/6270/4240 5077/6268/4240
f 4854/5972/4241 5083/6281/4241 5082/6279/4241
f 5076/6266/4242 5075/6264/4242 5083/6281/4242 4854/5972/4242 4817/5880/4242 5077/6268/4242
f 5066/6245/4243 5067/6247/4243 5070/6253/4243 4846/5953/4243 5062/6237/4243
f 5061/6235/4244 5062/6237/4244 4846/5953/4244 4816/5879/4244
f 4837/5919/4245 5057/6227/4245 5054/6221/4245
f 5057/6227/4246 4837/5919/4246 5060/6233/4246
f 5080/6275/4247 5079/6273/4247 4829/5895/4247 4854/5972/4247
f 4854/5972/4248 4829/5895/4248 4839/5926/4248
f 4817/5880/4249 4854/5972/4249 4839/5926/4249
f 4817/5880/4250 4839/5926/4250 4846/5953/4250
f 4846/5953/4251 4839/5926/4251 4831/5897/4251
f 4816/5879/4252 4846/5953/4252 4831/5897/4252
f 4837/5919/4253 4816/5879/4253 4831/5897/4253
f 4837/5919/4254 4831/5897/4254 4824/5889/4254
f 4824/5889/4255 5059/6231/4255 5060/6233/4255 4837/5919/4255
f 4829/5895/4256 5079/6273/4256 5072/6258/4256 5073/6260/4256
f 4829/5895/4257 5073/6260/4257 5074/6262/4257 4826/5892/4257
f 4826/5892/4258 4811/5873/4258 4829/5895/4258
f 5065/6243/4259 5058/6229/4259 5059/6231/4259 4824/5889/4259
f 4826/5892/4260 5064/6241/4260 5065/6243/4260 4824/5889/4260
f 4826/5892/4261 5069/6251/4261 5063/6239/4261 5064/6241/4261
f 5144/6407/4237 5146/6411/4237 4841/5933/4237 5108/6334/4237 5105/6327/4237 5145/6409/4237
f 5147/6413/4262 5150/6419/4262 5148/6415/4262 4815/5878/4262 5111/6340/4262 5109/6336/4262 4851/5968/4262 5149/6417/4262
f 5119/6357/4239 5121/6361/4239 5089/6293/4239 5088/6291/4239 5092/6300/4239 4848/5960/4239 5120/6359/4239
f 5107/6332/4263 5108/6334/4263 4841/5933/4263 4853/5971/4263
f 5136/6391/4264 5135/6389/4264 5101/6318/4264 5102/6321/4264 5118/6356/4264 5123/6365/4264 5124/6367/4264
f 5152/6423/4264 5151/6421/4264 5149/6417/4264 4851/5968/4264 5101/6318/4264 5135/6389/4264 5133/6385/4264 5134/6387/4264 5137/6393/4264 5136/6391/4264 5124/6367/4264 5122/6363/4264 4815/5878/4264 5148/6415/4264
f 5103/6323/4265 5101/6318/4265 4851/5968/4265
f 4851/5968/4266 5104/6325/4266 5103/6323/4266
f 5098/6312/4267 5099/6314/4267 5100/6316/4267 4853/5971/4267
f 5098/6312/4268 4853/5971/4268 4841/5933/4268 5096/6308/4268 5095/6306/4268
f 5097/6310/4269 5096/6308/4269 4841/5933/4269
f 5093/6302/4270 4848/5960/4270 5090/6295/4270 5091/6298/4270
f 5090/6295/4271 4848/5960/4271 5092/6300/4271
f 5100/6316/4272 5104/6325/4272 4851/5968/4272 4853/5971/4272
f 5109/6336/4241 5110/6337/4241 4853/5971/4241 4851/5968/4241
f 5106/6329/4242 5107/6332/4242 4853/5971/4242 5110/6337/4242
f 5155/6429/4273 5154/6427/4273 5141/6401/4273 5140/6399/4273 5139/6397/4273 5138/6395/4273 4848/5960/4273 5093/6302/4273 5094/6304/4273 5097/6310/4273 4841/5933/4273 5153/6425/4273
f 5157/6433/4243 5145/6409/4243 5105/6327/4243 5084/6283/4243 5085/6285/4243 5087/6289/4243 5128/6375/4243 5127/6373/4243 5126/6371/4243 5125/6369/4243 4848/5960/4243 5138/6395/4243 5142/6403/4243 5143/6405/4243 5141/6401/4243 5154/6427/4243
f 5146/6411/4274 5156/6431/4274 5153/6425/4274 4841/5933/4274
f 4848/5960/4275 5125/6369/4275 5120/6359/4275
f 5129/6377/4244 5128/6375/4244 5087/6289/4244 5086/6287/4244 5089/6293/4244 5121/6361/4244
f 5116/6352/4276 5115/6350/4276 5117/6354/4276
f 5130/6379/4277 5132/6383/4277 5131/6381/4277 5123/6365/4277 5118/6356/4277 5117/6354/4277 5115/6350/4277 5112/6342/4277 5113/6344/4277 4815/5878/4277 5122/6363/4277
f 5111/6340/4247 4815/5878/4247 5114/6346/4247
f 5113/6344/4256 5114/6347/4256 4815/5878/4256
f 5126/6372/4278 5127/6374/4278 5130/6380/4278 5122/6364/4278 5124/6368/4278
f 5131/6382/4279 5132/6384/4279 5129/6378/4279 5121/6362/4279 5119/6358/4279
f 5129/6378/4280 5132/6384/4280 5130/6380/4280 5127/6374/4280 5128/6376/4280
f 5126/6372/4281 5124/6368/4281 5123/6366/4281 5131/6382/4281 5119/6358/4281 5120/6360/4281 5125/6370/4281
f 5141/6402/4278 5143/6406/4278 5134/6388/4278 5133/6386/4278 5140/6400/4278
f 5138/6396/4279 5139/6398/4279 5136/6392/4279 5137/6394/4279 5142/6404/4279
f 5143/6406/4280 5142/6404/4280 5137/6394/4280 5134/6388/4280
f 5136/6392/4281 5139/6398/4281 5140/6400/4281 5133/6386/4281 5135/6390/4281
f 5150/6420/4278 5147/6414/4278 5156/6432/4278 5146/6412/4278 5144/6408/4278
f 5157/6434/4279 5154/6428/4279 5155/6430/4279 5151/6422/4279 5152/6424/4279
f 5152/6424/4280 5148/6416/4280 5150/6420/4280 5144/6408/4280 5145/6410/4280 5157/6434/4280
f 5151/6422/4281 5155/6430/4281 5153/6426/4281 5156/6432/4281 5147/6414/4281 5149/6418/4281
f 5166/6456/4282 4832/5898/4282 5167/6459/4282
f 5160/6441/4283 5171/6471/4283 4836/5913/4283 5161/6443/4283
f 5194/6533/4284 5200/6550/4284 4840/5927/4284 5196/6538/4284
f 5197/6541/4285 5198/6544/4285 4843/5940/4285
f 5162/6446/4286 5191/6524/4286 4847/5954/4286 5164/6450/4286
f 4838/5920/4287 5169/6465/4287 5167/6460/4287 4832/5899/4287
f 4842/5934/4288 5159/6438/4288 5161/6444/4288 4836/5914/4288
f 5193/6530/4289 5196/6539/4289 4840/5928/4289 4845/5947/4289
f 5197/6542/4290 4843/5941/4290 4849/5961/4290 5189/6519/4290 5190/6522/4290
f 5168/6462/4291 5164/6451/4291 4847/5955/4291 4834/5906/4291
f 4834/5907/4292 5209/6574/4292 5206/6565/4292
f 5188/6516/4293 5187/6514/4293 5202/6555/4293 5209/6575/4293 4834/5908/4293 4847/5956/4293
f 4847/5957/4294 5186/6511/4294 5188/6517/4294
f 4849/5962/4295 5183/6503/4295 5184/6506/4295
f 5183/6504/4296 4849/5963/4296 4843/5942/4296 5182/6500/4296 5181/6498/4296
f 5176/6486/4297 5177/6489/4297 5182/6501/4297 4843/5943/4297
f 4845/5948/4298 5172/6474/4298 5174/6480/4298
f 5175/6483/4299 5172/6475/4299 4845/5949/4299 4840/5929/4299
f 4840/5930/4300 5173/6477/4300 5175/6484/4300
f 4842/5935/4301 5210/6577/4301 5179/6493/4301 5180/6495/4301
f 5212/6582/4302 5211/6580/4302 5210/6578/4302 4842/5936/4302 4836/5915/4302
f 4836/5916/4303 5213/6585/4303 5212/6583/4303
f 4838/5921/4304 5205/6562/4304 5204/6559/4304
f 4832/5900/4305 5208/6571/4305 5205/6563/4305 4838/5922/4305
f 4832/5901/4306 5207/6568/4306 5208/6572/4306
f 5184/6507/4307 5185/6509/4307 5186/6512/4307 4847/5958/4307 4849/5964/4307
f 5191/6525/4308 5192/6527/4308 4849/5965/4308 4847/5959/4308
f 5192/6528/4309 5189/6520/4309 4849/5966/4309
f 5174/6481/4310 5176/6487/4310 4843/5944/4310 4845/5950/4310
f 5198/6545/4311 5195/6535/4311 4845/5951/4311 4843/5945/4311
f 5195/6536/4312 5193/6531/4312 4845/5952/4312
f 5180/6496/4313 5178/6491/4313 5173/6478/4313 4840/5931/4313 4842/5937/4313
f 4840/5932/4314 5200/6551/4314 5199/6547/4314 4842/5938/4314
f 4842/5939/4315 5199/6548/4315 5158/6436/4315 5159/6439/4315
f 5203/6557/4316 5213/6586/4316 4836/5917/4316 4838/5923/4316 5204/6560/4316 5201/6553/4316
f 4836/5918/4317 5171/6472/4317 5170/6468/4317 4838/5924/4317
f 4838/5925/4318 5170/6469/4318 5163/6448/4318 5169/6466/4318
f 4834/5909/4319 5206/6566/4319 5207/6569/4319 4832/5902/4319
f 4832/5903/4320 5166/6457/4320 5165/6453/4320 4834/5910/4320
f 5168/6463/4321 4834/5911/4321 5165/6454/4321
f 5071/6256/4369 5236/6614/4369 5238/6616/4369 5078/6271/4369
f 5113/6345/4372 5258/6636/4372 5250/6628/4372 5114/6348/4372
f 5077/6269/4373 5237/6615/4373 5223/6601/4373 5076/6267/4373
f 5110/6338/4376 5230/6608/4376 5229/6607/4376 5106/6330/4376
f 5112/6343/4378 5231/6609/4378 5258/6636/4378 5113/6345/4378
